{"type": "FeatureCollection", "name": "AT-07_micro-regions", "crs": {"type": "name", "properties": {"name": "urn:ogc:def:crs:OGC:1.3:CRS84"}}, "features": [{"type": "Feature", "properties": {"id": "AT-07-02-02", "start_date": "2022-10-01", "end_date": null}, "geometry": {"type": "MultiPolygon", "coordinates": [[[[10.709327351346417, 47.48863393358146], [10.711500233927277, 47.48902668309411], [10.714922822004942, 47.48902668309411], [10.71682425982585, 47.488640037103686], [10.719296128993093, 47.487480081949585], [10.721197566814002, 47.48541787581353], [10.722718717070725, 47.483871167753826], [10.724620154891635, 47.48167991956557], [10.727092024058878, 47.48026200408734], [10.729944180790275, 47.47871514328943], [10.7336555863151, 47.47727451096137], [10.730387490060398, 47.47344733931781], [10.725336795848554, 47.469216981207296], [10.720286101636713, 47.464986280483224], [10.718800603339114, 47.46135969288055], [10.722959998572387, 47.45672535351329], [10.730684589719932, 47.45108299433392], [10.738706280526943, 47.44564157109688], [10.752669964524399, 47.439191743434314], [10.760988754991011, 47.43677285293848], [10.76871334613849, 47.434353850556235], [10.773169841031294, 47.43213633341601], [10.77940893388124, 47.426088081539454], [10.782517053396178, 47.42319623431264], [10.792481318900094, 47.419837486597146], [10.800503009707171, 47.41842595858774], [10.807930501195152, 47.41802265787748], [10.819220288256933, 47.41822430862114], [10.824591661465965, 47.418331535287415], [10.828430377702048, 47.418627607777374], [10.837343367487628, 47.41842595858774], [10.845067958635173, 47.416409423954825], [10.85884479872341, 47.40906357715263], [10.86497363582304, 47.40430858434776], [10.870321429694414, 47.39906401842171], [10.874480824927687, 47.39462589848937], [10.877748921182357, 47.389783884149], [10.879828618799028, 47.38413430167948], [10.881017017437133, 47.379694916604954], [10.88136913377538, 47.37369018406015], [10.87926566818594, 47.37381127706186], [10.877340462392231, 47.37366596542618], [10.876682601649938, 47.373560795393665], [10.874785606562293, 47.37325752784823], [10.872197604287317, 47.3721935259431], [10.862276001275989, 47.36507201341275], [10.853947622016234, 47.35953237410944], [10.848728653286653, 47.358704381384754], [10.838865460887993, 47.36343167226205], [10.829980630222776, 47.362284505208805], [10.827396732268653, 47.359488693181866], [10.829983554300137, 47.35114938233184], [10.81944196828183, 47.344367606783344], [10.81681599795161, 47.33513952379365], [10.81841214960467, 47.329220013198736], [10.826487009332537, 47.3211362396309], [10.835697276712411, 47.31191428547435], [10.841279058067704, 47.303104370941156], [10.838304673688278, 47.29565556224611], [10.817339484482517, 47.282681801909675], [10.78723479883812, 47.26927849502223], [10.775321711093467, 47.26022998097539], [10.7567808024189, 47.246144249570726], [10.748650043201524, 47.22555740125786], [10.751974168361452, 47.21726000216756], [10.751199036032135, 47.21705471085224], [10.750643056905325, 47.21694433454365], [10.749212566122623, 47.21666034489965], [10.747642238611595, 47.21651662321017], [10.746823884860069, 47.216441724549306], [10.743436948741557, 47.21627168587194], [10.738730890134786, 47.21629597714513], [10.735462576983263, 47.21634369528027], [10.733739615854798, 47.21636885089764], [10.729425728798567, 47.21632026840716], [10.722792157785229, 47.216099792565956], [10.722117077174394, 47.216077355283154], [10.719384303596062, 47.21595322393214], [10.716769283302984, 47.21583444103956], [10.712990175633868, 47.21554294246916], [10.709672236820772, 47.215236806233634], [10.709567587556204, 47.21522715053173], [10.707178906293684, 47.21486277286798], [10.706907374699185, 47.21477026698679], [10.705610220091426, 47.21432834773746], [10.703863274093443, 47.21347811476996], [10.701795460463154, 47.21209342029318], [10.698943303731792, 47.210417162516485], [10.698733469572197, 47.210305951605285], [10.696376362673544, 47.20905668223286], [10.694018545715616, 47.20807939816278], [10.692918122636728, 47.20762328109096], [10.690957264883865, 47.20657857434753], [10.689531186518183, 47.20563103172253], [10.688188485558706, 47.20487436927771], [10.687677284642776, 47.20458628549793], [10.686108598440518, 47.20383308351612], [10.684646868115617, 47.20337143827299], [10.68304252995424, 47.20303127603367], [10.682979613271556, 47.20302263422642], [10.681412556185487, 47.20280739347534], [10.679992148330037, 47.20275428516051], [10.678052681752657, 47.20294866487291], [10.67491530934811, 47.20346700726911], [10.674635474755986, 47.20348971085716], [10.673201086315164, 47.2036060857523], [10.673055059462323, 47.204418760903444], [10.67251089799573, 47.207447042239124], [10.667575420441253, 47.21358570180268], [10.665281120625417, 47.22108895501983], [10.663810573555836, 47.225897654372], [10.656130285909533, 47.2306164734656], [10.644082775876083, 47.232873150563194], [10.643329806498976, 47.243232109138106], [10.639564959613558, 47.24692391859755], [10.631282296465587, 47.25051292959771], [10.627517449580171, 47.257895268494025], [10.628017252985964, 47.26818277535374], [10.61983716193387, 47.279113724865006], [10.61405962627864, 47.2806931412612], [10.602217678509955, 47.28393024977304], [10.600862333631182, 47.29509879028149], [10.594253747923135, 47.30226517141798], [10.584692464215816, 47.30407770077673], [10.557525630275059, 47.31456266482464], [10.535946429140635, 47.32291168236874], [10.535110113646827, 47.32323522706822], [10.531621580601845, 47.325242145243394], [10.528263455197097, 47.33199940328476], [10.530411088796322, 47.33280286590018], [10.532312526617265, 47.333812752668585], [10.533798024914834, 47.3350245911412], [10.53522410328052, 47.33676151082255], [10.536471921850538, 47.33914463264927], [10.536932640292541, 47.34014678476969], [10.538254519807644, 47.34302202329686], [10.540750156947619, 47.34758566808598], [10.541997975517575, 47.34948370433358], [10.54354289374713, 47.35122014542471], [10.544602724716793, 47.352475439446266], [10.545622591363733, 47.353683370220196], [10.546573310274221, 47.355177401028094], [10.547167509593223, 47.35663101177502], [10.54788054877613, 47.35889210396559], [10.548890687618437, 47.36123384667248], [10.55013850618846, 47.363535112615764], [10.551208064962754, 47.366603310091826], [10.551624004486063, 47.368662131407135], [10.55164062949902, 47.368927553186694], [10.551741401527194, 47.37053637075506], [10.551742844349869, 47.37055940494804], [10.551326904826562, 47.372416244472646], [10.550613865643653, 47.37455556497867], [10.550435605847994, 47.37713877901461], [10.550616135718746, 47.37789205466672], [10.5508515453713, 47.37887430443187], [10.551802264281823, 47.38048869507821], [10.553347182511281, 47.382183751727744], [10.555961659515063, 47.38440338584867], [10.560180474680223, 47.38787389800538], [10.562838011098853, 47.39032320498937], [10.563507990866848, 47.39094067087921], [10.565785548348678, 47.39308484857539], [10.566122467870631, 47.39340202974694], [10.56903404453395, 47.397033331613954], [10.57117553887969, 47.399639644178926], [10.572183300924847, 47.40086609932502], [10.575284435314142, 47.40472609540704], [10.57539197724767, 47.40485994823568], [10.57723399513669, 47.40816775404043], [10.578059150902154, 47.40994158084508], [10.578660073502371, 47.41123333865414], [10.579194852889488, 47.413169404856596], [10.579491952549018, 47.4159120427226], [10.579432532617133, 47.41792859652095], [10.579135432957631, 47.41994507261546], [10.579313692753358, 47.421679179909475], [10.580145571800006, 47.42337290364719], [10.581928169757076, 47.42546981897943], [10.58340593764345, 47.42649401256517], [10.584720906556587, 47.42740535853856], [10.587454223424176, 47.429098896910446], [10.590633323941612, 47.4301310442629], [10.591233627183145, 47.43032594031316], [10.595000554775995, 47.43107462238415], [10.59915995000927, 47.431518142336], [10.605577302654872, 47.43200197799451], [10.606010737339838, 47.43202392631231], [10.613539573530032, 47.43240517095768], [10.61900620726518, 47.4327680419673], [10.62405690147702, 47.43325186606402], [10.62696847814034, 47.433816321853605], [10.629083679055082, 47.43429472693919], [10.630711933850305, 47.43466299411615], [10.635940887857872, 47.43651756165459], [10.642047678550588, 47.43901028605467], [10.643249539482042, 47.439500858397075], [10.645378836301571, 47.44016035889275], [10.648716173217194, 47.441194005163446], [10.654123387020487, 47.4426855414164], [10.656935871630798, 47.443594116519606], [10.657866842730455, 47.44389486390073], [10.659827700483248, 47.444902611271075], [10.661550878508466, 47.446071573885945], [10.66345231632941, 47.44780481517097], [10.664937756546818, 47.44956815948756], [10.666542152788454, 47.451472647940854], [10.669691409179352, 47.45457599773367], [10.672840665570249, 47.45715526513133], [10.677295550242599, 47.46041589549659], [10.678842078692545, 47.461547786905655], [10.688927128403883, 47.46832424130608], [10.691855043779514, 47.47029143287443], [10.698034716697537, 47.47476342339809], [10.701957500426708, 47.47796207181347], [10.702431791658457, 47.47834879688561], [10.704504153236908, 47.48049316010804], [10.704689749070786, 47.48068519994377], [10.706650606823615, 47.48330345845967], [10.707386297683618, 47.484639282227484], [10.708314364916944, 47.486324362836925], [10.709327351346417, 47.48863393358146]]]]}}, {"type": "Feature", "properties": {"id": "AT-07-02-01", "start_date": "2022-10-01", "end_date": null}, "geometry": {"type": "MultiPolygon", "coordinates": [[[[10.88136913377538, 47.37369018406015], [10.881017017437133, 47.379694916604954], [10.879828618799028, 47.38413430167948], [10.877748921182357, 47.389783884149], [10.874480824927687, 47.39462589848937], [10.870321429694414, 47.39906401842171], [10.86497363582304, 47.40430858434776], [10.85884479872341, 47.40906357715263], [10.845067958635173, 47.416409423954825], [10.837343367487628, 47.41842595858774], [10.828430377702048, 47.418627607777374], [10.824591661465965, 47.418331535287415], [10.819220288256933, 47.41822430862114], [10.807930501195152, 47.41802265787748], [10.800503009707171, 47.41842595858774], [10.792481318900094, 47.419837486597146], [10.782517053396178, 47.42319623431264], [10.77940893388124, 47.426088081539454], [10.773169841031294, 47.43213633341601], [10.76871334613849, 47.434353850556235], [10.760988754991011, 47.43677285293848], [10.752669964524399, 47.439191743434314], [10.738706280526943, 47.44564157109688], [10.730684589719932, 47.45108299433392], [10.722959998572387, 47.45672535351329], [10.718800603339114, 47.46135969288055], [10.720286101636713, 47.464986280483224], [10.725336795848554, 47.469216981207296], [10.730387490060398, 47.47344733931781], [10.7336555863151, 47.47727451096137], [10.729944180790275, 47.47871514328943], [10.727092024058878, 47.48026200408734], [10.724620154891635, 47.48167991956557], [10.722718717070725, 47.483871167753826], [10.721197566814002, 47.48541787581353], [10.719296128993093, 47.487480081949585], [10.71682425982585, 47.488640037103686], [10.714922822004942, 47.48902668309411], [10.711500233927277, 47.48902668309411], [10.709327351346417, 47.48863393358146], [10.709621603418855, 47.489304817176986], [10.710372374864827, 47.492514566383235], [10.710394062533615, 47.49260728404863], [10.710798118070539, 47.49671493905143], [10.71092884192073, 47.498043817042785], [10.711287947081287, 47.50256322599419], [10.711344781444069, 47.50327846173191], [10.711762316533344, 47.50672498067616], [10.711998400695025, 47.50867362280377], [10.712236080422638, 47.51378643213521], [10.71211724055883, 47.51708734986345], [10.712147158829692, 47.51799940303942], [10.712176660490686, 47.518898740319415], [10.711998400695025, 47.52095157344191], [10.71164188110357, 47.52159558286589], [10.710869421988809, 47.52248108283633], [10.709146243963596, 47.523970298873515], [10.7089446283781, 47.524040532630096], [10.70706654634699, 47.52469476697133], [10.698747755880378, 47.52698884953584], [10.69328112214523, 47.52855842681207], [10.691674707952698, 47.529089844476665], [10.687940007107219, 47.530325299426906], [10.685944177436907, 47.531071073086544], [10.681380726666678, 47.53334073030972], [10.676959883732989, 47.535803438045924], [10.67289556039082, 47.538555738397406], [10.668260805702289, 47.5416458673187], [10.665337345052587, 47.54357710483919], [10.662816871920699, 47.54587512467251], [10.662164320688921, 47.54695659825972], [10.661666105421435, 47.54811947425372], [10.661417164384828, 47.549868963658135], [10.66174838116558, 47.551623157362435], [10.6624020004165, 47.552749505549], [10.66370923891841, 47.553835603947455], [10.66472963606086, 47.554394801497736], [10.665967196330806, 47.554841230419164], [10.66834399360691, 47.555565269456054], [10.670067171632127, 47.5557663896244], [10.672622228704057, 47.555726165652864], [10.675117865843966, 47.555605493551845], [10.676959883732989, 47.55552504532923], [10.678304619616467, 47.555478287939856], [10.679947047170684, 47.55571853336747], [10.681454254584494, 47.55618216273446], [10.683517994434926, 47.55712311548489], [10.685589004389213, 47.557921281493115], [10.687938064141855, 47.558439994821846], [10.691129434858578, 47.55921821593266], [10.694942581461097, 47.544292551682524], [10.708156044750309, 47.543737685076394], [10.7189817249831, 47.53821545496953], [10.740460320745388, 47.53841177779812], [10.75875863266079, 47.53452299141142], [10.765028822527666, 47.524948005503205], [10.763830460498497, 47.51964577946886], [10.777273472602936, 47.51403629868887], [10.795258526193686, 47.521188214387834], [10.812525363870979, 47.52036210640118], [10.812887235379206, 47.52659390622038], [10.831418550282967, 47.52871896311227], [10.838520589373017, 47.52565675721929], [10.853744175229348, 47.534367556915434], [10.890129242694655, 47.53763346698163], [10.904253257116105, 47.51845141958974], [10.91566847964597, 47.51936583029523], [10.917873607115649, 47.513454334432836], [10.87840863609719, 47.50356486495753], [10.871478506404937, 47.49688770641998], [10.870859269291932, 47.481645050037116], [10.885426440256076, 47.47902179314103], [10.91074661365753, 47.48567954417875], [10.934901894480443, 47.48269586321263], [10.938392218031987, 47.47927768800837], [10.928297222053484, 47.47231466861235], [10.931533470660733, 47.46906576982126], [10.931533487515004, 47.46906575290062], [10.930274864252086, 47.468136093082556], [10.927824490057388, 47.46641739748831], [10.925749113329461, 47.4641825570691], [10.9246105863122, 47.46296772895855], [10.923474291342279, 47.46170530058583], [10.92317356374464, 47.46060336924412], [10.923361433750815, 47.458035056259995], [10.92375324155578, 47.455613942163694], [10.923493948351796, 47.453607823847435], [10.923186728256162, 47.45264865745677], [10.922475460849038, 47.45185026133818], [10.920773475143587, 47.450906751542306], [10.920181328370612, 47.45003683481507], [10.91928987067076, 47.44880333685687], [10.918529886481174, 47.447000988766156], [10.918381658402929, 47.44564026636654], [10.918536010429376, 47.4445717414342], [10.919328239084233, 47.443373777334244], [10.92024528658645, 47.44174972852403], [10.920646013747328, 47.439900424681845], [10.92072453446728, 47.4381872268362], [10.920532753343085, 47.436515834124926], [10.919918352160634, 47.4350977662321], [10.919030426817379, 47.433792880110225], [10.91834639755128, 47.432635197250086], [10.918021840871008, 47.43100192410918], [10.918233259528606, 47.428903763799404], [10.918554127160906, 47.42629084331918], [10.918768038915752, 47.42447623842308], [10.918768038915752, 47.423508423410276], [10.918340215406028, 47.421742114862255], [10.917425860966569, 47.42003714287351], [10.916193402696779, 47.418225989307764], [10.915951534143506, 47.41787054509356], [10.914525455777756, 47.41530547237438], [10.914270121222387, 47.41450192501555], [10.91374111267668, 47.41283707615436], [10.913108668554568, 47.41060416149102], [10.912988143276753, 47.41032458830226], [10.912172426474422, 47.40843239371561], [10.911675615220526, 47.40777713455922], [10.910924607904432, 47.40678659307675], [10.908535926641878, 47.40465665661958], [10.90696674869798, 47.40302535423183], [10.90625420125678, 47.402284579944215], [10.905006382686791, 47.400929059307416], [10.904381077994755, 47.399879638239206], [10.904341502840651, 47.39981322030968], [10.904190708520055, 47.39889529471529], [10.904079431749073, 47.39821791275765], [10.904293343503952, 47.39625708537489], [10.904583529176552, 47.395423446738704], [10.905220294441637, 47.39359411582049], [10.905790725787904, 47.39151206349362], [10.906040289501869, 47.389066756828775], [10.905505510114754, 47.38616129359398], [10.90497073072764, 47.384369510939955], [10.90400812783077, 47.38269873947256], [10.903116828852268, 47.38202073005691], [10.901904662241364, 47.38156064724249], [10.901188852715515, 47.3814351809099], [10.899694240774537, 47.38117320594963], [10.897376863430353, 47.38100369948312], [10.89584382918718, 47.380640469494146], [10.89484557433119, 47.37996243344453], [10.894096883189198, 47.37882428178036], [10.893053630161836, 47.377011017531025], [10.892884716578326, 47.37671742517042], [10.891542422721558, 47.375665572616825], [10.889212564786664, 47.374392519575586], [10.88703779527899, 47.37381127706186], [10.884542158139013, 47.37364174678107], [10.88136913377538, 47.37369018406015]]]]}}, {"type": "Feature", "properties": {"id": "AT-07-25", "start_date": "2022-10-01", "end_date": null}, "geometry": {"type": "MultiPolygon", "coordinates": [[[[12.354361694507187, 46.975326361089984], [12.35493007885205, 46.975861649010405], [12.354979155815009, 46.97736258612756], [12.354979155815009, 46.97880217704103], [12.35504459176562, 46.98056894770756], [12.354946437839702, 46.981877666719804], [12.354357514284194, 46.98318638573205], [12.353245103123786, 46.9845932586702], [12.35229628183991, 46.986000131608364], [12.35128202460542, 46.987177978719394], [12.350823972951135, 46.988683005583475], [12.350823972951135, 46.99005716054633], [12.351674640309092, 46.99071152005245], [12.352787051469498, 46.991758495262246], [12.353048795271947, 46.993525265928774], [12.352590743617663, 46.99660075560754], [12.352525307667051, 46.999152757681415], [12.352394435765826, 47.00033060479242], [12.351216588654808, 47.001181272150376], [12.34977699774134, 47.00157388785405], [12.347224995667467, 47.002882606866294], [12.345327353099714, 47.004322197779764], [12.343756890285023, 47.00700507175486], [12.341335760112374, 47.00942620192751], [12.34061596465564, 47.010734920939754], [12.340943144408701, 47.01184733210016], [12.341139452260537, 47.014006718470355], [12.341008580359313, 47.01577348913688], [12.343421215733148, 47.01689603328295], [12.345927293110254, 47.016917904178385], [12.354410387450105, 47.01563442930324], [12.361626994027382, 47.015053728366034], [12.368663257686553, 47.01474708139062], [12.377711046394442, 47.01497628404348], [12.389729159349969, 47.014505634184864], [12.395796662158487, 47.0139131883477], [12.402921962797096, 47.01254343209946], [12.405743596345927, 47.01242372571321], [12.409292364095649, 47.01252416112185], [12.413158104043987, 47.01241278477243], [12.414938063535246, 47.0121415308646], [12.415885188751295, 47.01172065441835], [12.416163534335425, 47.011396369991424], [12.416782770592402, 47.01067493913137], [12.417503199652293, 47.008733879704096], [12.417432125749384, 47.00680481637367], [12.417782348638326, 47.00466488349909], [12.41832899766774, 47.0032407921355], [12.421399448665765, 47.00076567110555], [12.42767868854176, 46.99988754140557], [12.43386545657988, 46.99829407819095], [12.436489581115648, 46.99745779222678], [12.439523922303222, 46.99705323744341], [12.442241469596372, 46.99686038458192], [12.445788070860925, 46.99703109576248], [12.44943669533303, 46.9973453429897], [12.4535052698695, 46.99751988699698], [12.456016388558513, 46.99718224998513], [12.462094089469325, 46.99580068791384], [12.469934259676327, 46.99514650996333], [12.476823291269328, 46.995198847877184], [12.485809067036774, 46.994695088725294], [12.489140078328688, 46.99529138027017], [12.498058370836619, 46.99561753265391], [12.505753278075575, 46.99487410383534], [12.508933517765685, 46.99444019662992], [12.510939356276333, 46.99434051070438], [12.512525904971927, 46.99435202847764], [12.513607902807818, 46.994588429179565], [12.514352364179473, 46.995050935895605], [12.515258554087682, 46.99585744445898], [12.516582302782359, 46.99666695970925], [12.517744354150556, 46.99713245656622], [12.519330109768063, 46.997201012535605], [12.52075498932026, 46.99686841442342], [12.52243736554874, 46.996080527396465], [12.524619844931584, 46.995353330181324], [12.527049296018022, 46.99485640939867], [12.52930649352804, 46.99470105027962], [12.531872228129478, 46.99436883107331], [12.5322351597052, 46.99432183818301], [12.53407191010328, 46.993749200358565], [12.536017722297098, 46.992691508107995], [12.537629970965822, 46.99098867323855], [12.541272474000497, 46.987528724390906], [12.54423724893776, 46.984692470265415], [12.545516750436448, 46.98287292655792], [12.545701555526794, 46.9816742860596], [12.545801172819054, 46.980589331085554], [12.545901635074836, 46.979447242520145], [12.546249980394734, 46.97847829703758], [12.547098324439338, 46.97756996623982], [12.549119520116616, 46.97638406951983], [12.551232530923777, 46.97462737870368], [12.552003996867954, 46.97326136577879], [12.551939060710316, 46.97200385137804], [12.551459326604293, 46.970572052131644], [12.551311785954109, 46.969256826772835], [12.551672605742285, 46.96743086149381], [12.55212191140628, 46.96526267030904], [12.552828272952324, 46.96263913713506], [12.553601205006865, 46.96115884604919], [12.554709567056095, 46.959566581438146], [12.55673332246932, 46.958226796801156], [12.558922893411953, 46.956795688446554], [12.562797869136181, 46.954308033008054], [12.565168971276005, 46.95192431811288], [12.567034308664637, 46.94987996350035], [12.568319613592838, 46.94754595918261], [12.569356174080735, 46.945095981697136], [12.570311683743288, 46.94247403055035], [12.571088764843486, 46.94065081805188], [12.572026882603494, 46.93922865996251], [12.573636359447988, 46.93752531299596], [12.575247366934194, 46.935707675738854], [12.576264616923956, 46.934571710675115], [12.577205747990966, 46.93292097480941], [12.57814600703588, 46.93132736487547], [12.578940426910894, 46.93033154496561], [12.579687348067745, 46.92974132911209], [12.578232220770388, 46.92846393969134], [12.576601129615407, 46.927084068671], [12.575028890027474, 46.92584741660286], [12.57223170561077, 46.92461440201912], [12.569712316602953, 46.92379365423688], [12.568077472001677, 46.92351498324705], [12.56495027016575, 46.9234937612676], [12.561089232169765, 46.92375313684895], [12.556803873985372, 46.92450943539981], [12.554508455596682, 46.9246364870252], [12.552128267626223, 46.9244462089297], [12.54774647424218, 46.92366116671122], [12.544002333672442, 46.92306368234119], [12.539837053350531, 46.92274881479878], [12.53881198022021, 46.922741612524526], [12.533687003314038, 46.92270546490101], [12.530039754724529, 46.92260817452551], [12.527751946095398, 46.922234767475054], [12.525364284021814, 46.92157490233316], [12.521839934503296, 46.92026400965746], [12.518935660285342, 46.919314599076216], [12.516493414338226, 46.91877097639728], [12.511341173869248, 46.91833109625438], [12.506233947968079, 46.91829383395712], [12.498839310561099, 46.917882351397644], [12.49425553508795, 46.91770556356719], [12.491960261553878, 46.91783134926573], [12.489868892567522, 46.91824430975], [12.487356018866032, 46.91893977711083], [12.480859343952247, 46.92103371112201], [12.474364470280046, 46.922984440576066], [12.47100131855092, 46.924219061922486], [12.468181845076538, 46.924937191823], [12.464570595927569, 46.925761361410906], [12.462325570272325, 46.9260350232036], [12.45804451937321, 46.926430509329], [12.454083240258791, 46.92639977064904], [12.45012790929257, 46.92601181393895], [12.4461809939233, 46.92512380803239], [12.442864442178088, 46.923954929356185], [12.439448611083392, 46.922499466268036], [12.435819668896498, 46.92132790861277], [12.431769107398905, 46.920438573630975], [12.428957275557046, 46.92027326377174], [12.426143019689256, 46.920250715559604], [12.423019746339975, 46.9200113331417], [12.419274807283037, 46.919552563245134], [12.414497531470378, 46.91851387879396], [12.409930136432248, 46.917405280423075], [12.405979539242644, 46.91680153767584], [12.402997294369223, 46.91660446449856], [12.39868885670264, 46.91645579539084], [12.39514903657815, 46.91621219808377], [12.390676317409072, 46.91567501187633], [12.386935782056378, 46.91500092825053], [12.384076186006729, 46.91470671626246], [12.379440879925088, 46.91443795767097], [12.375999061800968, 46.9145517177152], [12.374113586383489, 46.914770034996074], [12.370262501707925, 46.9152866420395], [12.366593383659616, 46.91552090827378], [12.366287132270491, 46.91554045638328], [12.361694855902671, 46.915858215810495], [12.358460041080077, 46.916044649572136], [12.356064243356052, 46.915952541131496], [12.352945495013708, 46.915496984275286], [12.349281548679231, 46.91468752319576], [12.347237213520724, 46.91416167038594], [12.344531525459265, 46.91392376148737], [12.341095005081227, 46.91375080306538], [12.336142991140365, 46.91382636263507], [12.327748427636017, 46.91399002533261], [12.320977003631622, 46.91378674918781], [12.314940627592986, 46.913303983738224], [12.310261910306611, 46.91269033427279], [12.30756336058959, 46.91209447155731], [12.304143688949159, 46.91106342148715], [12.301958019811245, 46.910900652572295], [12.297578363926629, 46.91100347353378], [12.2932931116765, 46.91160698289045], [12.288382480779985, 46.91220455388071], [12.284920875340312, 46.91331534661787], [12.28124644502184, 46.914638336705], [12.279253541013478, 46.915262623101455], [12.277477551743264, 46.91546033707987], [12.27424531695502, 46.91550154055059], [12.268617454881085, 46.9154486960237], [12.26413745509389, 46.915335002585756], [12.260935630743216, 46.91559039646011], [12.256745128127472, 46.91662199519553], [12.252733013403681, 46.91741705341008], [12.251287345488976, 46.91764947112683], [12.250250432595672, 46.91781616135367], [12.24940035124964, 46.91788388680637], [12.248044768102995, 46.91685309504505], [12.243535218186958, 46.913095495265985], [12.23778907828709, 46.908682887760726], [12.233473074083314, 46.90571245469206], [12.2277122142013, 46.90208488390555], [12.219575338950092, 46.897505069895], [12.211903806355414, 46.89351075712378], [12.200533912182873, 46.890312010544974], [12.197813393051554, 46.893115206410066], [12.200275790678297, 46.89643178055857], [12.194805163406086, 46.903780617612185], [12.170543858874991, 46.910129923879076], [12.163243867006727, 46.90721267937628], [12.145267847168611, 46.9146462349926], [12.153171372672713, 46.91639236226628], [12.168908679904428, 46.937081292650106], [12.158217055307233, 46.9503119044098], [12.138487273205383, 46.95675471741749], [12.132307018774684, 46.96286061543182], [12.137099955582855, 46.966517953922875], [12.138267850665136, 46.98189424508471], [12.147563574953514, 46.98219709670393], [12.152119780106718, 46.98069708032672], [12.1589391143303, 46.97910132612541], [12.165929318780442, 46.977625975797174], [12.17082718656208, 46.976366834830486], [12.172825036697537, 46.97560227965841], [12.183485950415408, 46.980209860838556], [12.192426363154775, 46.979603515902106], [12.200029258839244, 46.982819987657564], [12.214019154021733, 46.97764156234863], [12.224013499118342, 46.97721742994249], [12.238703673975536, 46.969873143141946], [12.245384135402062, 46.96989809827059], [12.25077627506184, 46.98653242919131], [12.256277617558252, 46.98773323314319], [12.2603419913866, 46.9841885318377], [12.263750108855973, 46.9767334281807], [12.283688241503564, 46.97337676202388], [12.293020393858109, 46.978054973099695], [12.303162591148551, 46.97438761061016], [12.311464702387303, 46.97193302232922], [12.32080894514091, 46.974519555688644], [12.336756629198764, 46.9674832606203], [12.344376631781529, 46.96918948336602], [12.354361694507187, 46.975326361089984]]]]}}, {"type": "Feature", "properties": {"id": "AT-07-27", "start_date": null, "end_date": null}, "geometry": {"type": "MultiPolygon", "coordinates": [[[[12.3702442818326, 46.74155585750015], [12.357481075461466, 46.77485302403243], [12.31362033157522, 46.78372593406503], [12.283745077267687, 46.78328403491331], [12.280348810929041, 46.79223050459891], [12.287731388574699, 46.79514976790416], [12.289761180851578, 46.80531537725254], [12.283069731688647, 46.81523000568103], [12.303587226267014, 46.83244558376179], [12.306203511136749, 46.84025013773763], [12.29591133222724, 46.843728236432455], [12.291933483483522, 46.850087696911295], [12.29181142348838, 46.86241571676016], [12.291782706742316, 46.865315684940285], [12.275776488548537, 46.872904738998265], [12.278066066680783, 46.877891162836065], [12.27372706170679, 46.88369802740718], [12.24229689266523, 46.89056228067447], [12.236592275952578, 46.88847477383377], [12.232230983866181, 46.88040885659848], [12.222767463952, 46.87999343875915], [12.216091086439189, 46.87427922065355], [12.200533912182873, 46.890312010544974], [12.211903806355414, 46.89351075712378], [12.219575338950092, 46.897505069895], [12.2277122142013, 46.90208488390555], [12.233473074083314, 46.90571245469206], [12.23778907828709, 46.908682887760726], [12.243535218186958, 46.913095495265985], [12.248044768102995, 46.91685309504505], [12.24940035124964, 46.91788388680637], [12.250250432595672, 46.91781616135367], [12.251287345488976, 46.91764947112683], [12.252733013403681, 46.91741705341008], [12.256745128127472, 46.91662199519553], [12.260935630743216, 46.91559039646011], [12.26413745509389, 46.915335002585756], [12.268617454881085, 46.9154486960237], [12.27424531695502, 46.91550154055059], [12.277477551743264, 46.91546033707987], [12.279253541013478, 46.915262623101455], [12.28124644502184, 46.914638336705], [12.284920875340312, 46.91331534661787], [12.288382480779985, 46.91220455388071], [12.2932931116765, 46.91160698289045], [12.297578363926629, 46.91100347353378], [12.301958019811245, 46.910900652572295], [12.304143688949159, 46.91106342148715], [12.30756336058959, 46.91209447155731], [12.310261910306611, 46.91269033427279], [12.314940627592986, 46.913303983738224], [12.320977003631622, 46.91378674918781], [12.327748427636017, 46.91399002533261], [12.336142991140365, 46.91382636263507], [12.341095005081227, 46.91375080306538], [12.344531525459265, 46.91392376148737], [12.347237213520724, 46.91416167038594], [12.349281548679231, 46.91468752319576], [12.352945495013708, 46.915496984275286], [12.356064243356052, 46.915952541131496], [12.358460041080077, 46.916044649572136], [12.361694855902671, 46.915858215810495], [12.366287132270491, 46.91554045638328], [12.366593383659616, 46.91552090827378], [12.370262501707925, 46.9152866420395], [12.374113586383489, 46.914770034996074], [12.375999061800968, 46.9145517177152], [12.379440879925088, 46.91443795767097], [12.384076186006729, 46.91470671626246], [12.386935782056378, 46.91500092825053], [12.390676317409072, 46.91567501187633], [12.39514903657815, 46.91621219808377], [12.39868885670264, 46.91645579539084], [12.402997294369223, 46.91660446449856], [12.405979539242644, 46.91680153767584], [12.409930136432248, 46.917405280423075], [12.414497531470378, 46.91851387879396], [12.419274807283037, 46.919552563245134], [12.423019746339975, 46.9200113331417], [12.426143019689256, 46.920250715559604], [12.428957275557046, 46.92027326377174], [12.431769107398905, 46.920438573630975], [12.435819668896498, 46.92132790861277], [12.439448611083392, 46.922499466268036], [12.442864442178088, 46.923954929356185], [12.4461809939233, 46.92512380803239], [12.45012790929257, 46.92601181393895], [12.454083240258791, 46.92639977064904], [12.45804451937321, 46.926430509329], [12.462325570272325, 46.9260350232036], [12.464570595927569, 46.925761361410906], [12.468181845076538, 46.924937191823], [12.47100131855092, 46.924219061922486], [12.474364470280046, 46.922984440576066], [12.480859343952247, 46.92103371112201], [12.487356018866032, 46.91893977711083], [12.489868892567522, 46.91824430975], [12.491960261553878, 46.91783134926573], [12.49425553508795, 46.91770556356719], [12.498839310561099, 46.917882351397644], [12.506233947968079, 46.91829383395712], [12.511341173869248, 46.91833109625438], [12.516493414338226, 46.91877097639728], [12.518935660285342, 46.919314599076216], [12.521839934503296, 46.92026400965746], [12.525364284021814, 46.92157490233316], [12.527751946095398, 46.922234767475054], [12.530039754724529, 46.92260817452551], [12.533687003314038, 46.92270546490101], [12.53881198022021, 46.922741612524526], [12.539837053350531, 46.92274881479878], [12.544002333672442, 46.92306368234119], [12.54774647424218, 46.92366116671122], [12.552128267626223, 46.9244462089297], [12.554508455596682, 46.9246364870252], [12.556803873985372, 46.92450943539981], [12.561089232169765, 46.92375313684895], [12.56495027016575, 46.9234937612676], [12.568077472001677, 46.92351498324705], [12.569712316602953, 46.92379365423688], [12.57223170561077, 46.92461440201912], [12.575028890027474, 46.92584741660286], [12.576601129615407, 46.927084068671], [12.578232220770388, 46.92846393969134], [12.579687348067745, 46.92974132911209], [12.580910804520142, 46.9292435624483], [12.583219760348515, 46.92878275376297], [12.585830221228235, 46.92850245306973], [12.588617329211674, 46.92801493719087], [12.590443322450064, 46.92738121529606], [12.591535997700273, 46.92676966189096], [12.591720512154804, 46.92666638987307], [12.593914722444806, 46.925073734175356], [12.596323487638164, 46.92366099626132], [12.599427868804145, 46.92219320917308], [12.60248946767578, 46.92066554165595], [12.60630711033081, 46.91808240831154], [12.608937681998885, 46.916034773304595], [12.612364267337446, 46.91316998946781], [12.615342559477863, 46.9113140904927], [12.6188393050284, 46.90963995486651], [12.620973049241705, 46.90843684839151], [12.624186567037693, 46.90595368034004], [12.62715849715737, 46.904514073626075], [12.629126934131241, 46.90342525381207], [12.632016478605856, 46.90162789011916], [12.63512329182026, 46.899802038029115], [12.638664410943392, 46.897949015477224], [12.642725833175595, 46.89612882769071], [12.646006755082084, 46.89421446739492], [12.649119565017548, 46.8918525987391], [12.65258736657422, 46.88886783374614], [12.655226552063775, 46.88667537826454], [12.657891730584508, 46.88479286232557], [12.663104350071569, 46.881044459350015], [12.668444933118824, 46.87741561391063], [12.673390917120445, 46.87405205062809], [12.67466189203202, 46.87304764994527], [12.675802643102207, 46.87204247640822], [12.677392345677182, 46.86981975799908], [12.67818916801508, 46.868544724246924], [12.67932902262643, 46.867599030268714], [12.681907569288233, 46.8660962098153], [12.684743740161121, 46.864803130433394], [12.686931534670904, 46.863297949789825], [12.688573271883973, 46.86216634451242], [12.690130376557086, 46.86069739333286], [12.692901922690059, 46.857528890854056], [12.694309799164627, 46.85590010086328], [12.695052967477986, 46.8554281565675], [12.69618616881853, 46.854988171426456], [12.697448415263532, 46.8546381814877], [12.699837753191453, 46.85435403418628], [12.701403602522275, 46.85400570561182], [12.702970491818856, 46.85356808270207], [12.704959035800526, 46.85262660435235], [12.707293961260348, 46.851122129162015], [12.713160827397077, 46.8464823101297], [12.715919188001127, 46.84426548843967], [12.720228580077295, 46.84126901682768], [12.72291211491029, 46.8396265740666], [12.725342432460518, 46.838268393827676], [12.727146825373252, 46.83719734508773], [12.730359471780028, 46.83640978790179], [12.734612690926149, 46.8358039444944], [12.741948180694472, 46.83504274532701], [12.746035914768294, 46.83432132944409], [12.750623684654986, 46.83354521561022], [12.754960942537343, 46.83282476890565], [12.75821086774452, 46.83255571519743], [12.76154401136699, 46.83228699075312], [12.764736010898828, 46.83191389358259], [12.768167768717836, 46.831335975146466], [12.771600712268874, 46.83063892170633], [12.774472730872136, 46.82967114935383], [12.776302511571233, 46.82884695197623], [12.776724109631315, 46.82846031699647], [12.775964933361902, 46.828456563009304], [12.77529505073113, 46.82833436638244], [12.773714643103663, 46.82806403444616], [12.770791182453959, 46.82723205923772], [12.767439898294565, 46.82586171888139], [12.76494426115459, 46.82458922850246], [12.762805143606032, 46.82243571419431], [12.76038081038436, 46.818617907304144], [12.758653260567048, 46.815615197509594], [12.757029526224967, 46.81279277889899], [12.754961712594746, 46.80858262697183], [12.752751291127918, 46.805694075123384], [12.749471310886763, 46.803050178994894], [12.746619154155367, 46.80123854504637], [12.74398090917888, 46.80021029306446], [12.739877466043138, 46.7987404681264], [12.739153588521235, 46.798493557497345], [12.7367523905178, 46.79745237816516], [12.734943169555288, 46.79648411457558], [12.733362627121325, 46.79554881439683], [12.731544018848675, 46.79451062581171], [12.729637745416369, 46.79387190411385], [12.726731932597557, 46.793342046499895], [12.72340891883177, 46.79292413133256], [12.71958814445031, 46.792389130454985], [12.713860790783517, 46.79127214761007], [12.709877881364456, 46.79039309672783], [12.705731434713623, 46.78928444097828], [12.701337653391427, 46.78800283004734], [12.698499253792718, 46.78729116898004], [12.694705787792566, 46.7860798580085], [12.689559793306795, 46.785136348457726], [12.684741801853594, 46.784594461272505], [12.67942626252041, 46.783935204122784], [12.673944506468988, 46.78327472349034], [12.669457393324656, 46.78290553523095], [12.665799917575287, 46.78271250365454], [12.66255688993943, 46.78263609935573], [12.660395117790959, 46.782566066794054], [12.658318700676853, 46.78232508902589], [12.6550005553043, 46.781619494415125], [12.649194012006403, 46.78038446969421], [12.645463224279773, 46.77944753281284], [12.641896670867284, 46.778682896009904], [12.637501557410154, 46.777684476733725], [12.631118988429156, 46.77604498912586], [12.626640373655782, 46.77510276340033], [12.618098639088146, 46.773277554586706], [12.614365031736995, 46.77262526145535], [12.610137242697864, 46.7716268405244], [12.606535983038496, 46.77071167565248], [12.602569646086684, 46.76968988234124], [12.600533388695, 46.76916523989555], [12.596152628856414, 46.76833642171421], [12.592258291355893, 46.76807279193798], [12.588013367977284, 46.76810430732373], [12.58351027519258, 46.768014905955624], [12.581089294346134, 46.767701167966024], [12.578326959019261, 46.76702797230819], [12.575570627968236, 46.76593811070381], [12.572561392486506, 46.76437031531674], [12.569295936723787, 46.762562622113734], [12.566455991036195, 46.76129340915998], [12.562486921650127, 46.76025448287138], [12.55591741739825, 46.75937606056768], [12.549093598107396, 46.75813836531012], [12.541063961921553, 46.75647514246316], [12.536938508177721, 46.75535647880045], [12.534077504946035, 46.75458067153988], [12.531402135035322, 46.75396645821397], [12.529304918074251, 46.753768924583795], [12.524653503433079, 46.7535610963515], [12.52060203910645, 46.753136860893605], [12.516445191120203, 46.75241627127346], [12.51421764879505, 46.75191437060829], [12.51188568364418, 46.75116965810173], [12.509372483381688, 46.750004079780815], [12.506966615302789, 46.74879605283829], [12.503865991116554, 46.7477257093686], [12.498619841971138, 46.74654417073145], [12.490876764966309, 46.745581823760446], [12.484241365724763, 46.74467491461961], [12.481534913141958, 46.74449944904512], [12.479671738823383, 46.744545148560775], [12.477431993486123, 46.74476816490514], [12.475159114252977, 46.74517749435209], [12.47286736193298, 46.745540945764375], [12.469461988101061, 46.74622913289256], [12.466680665744434, 46.746874403567965], [12.463602194506294, 46.74717316993717], [12.461341988696267, 46.74716652804141], [12.459264100683344, 46.74715042781152], [12.457237564120843, 46.747013775782925], [12.454284249560487, 46.74668313760901], [12.45020251730616, 46.74636552001167], [12.44660566309007, 46.746051571544314], [12.444321628939894, 46.74593834052459], [12.443074927758673, 46.74592849725484], [12.44143705252909, 46.74604341472987], [12.437749812023812, 46.746801133525096], [12.437183032562166, 46.74689885606106], [12.436013899980507, 46.747100424539205], [12.435769819184493, 46.747142504443126], [12.432961059484525, 46.747334371771345], [12.43025980815073, 46.74731275583455], [12.42631912872688, 46.7468525551587], [12.41958077889325, 46.74594101432755], [12.412632410443628, 46.745170204794206], [12.405167291255756, 46.74425186075146], [12.399354584818095, 46.7439181325327], [12.393847310832422, 46.74394377895021], [12.390223616076934, 46.74375088039859], [12.38907230627108, 46.74368959308382], [12.387822278195609, 46.74358520525166], [12.383366195333304, 46.74321308329073], [12.381542913268417, 46.743000281195926], [12.377673346438288, 46.74242199591468], [12.372938766264149, 46.74132398709903], [12.370530364302075, 46.740808882478994], [12.3702442818326, 46.74155585750015]]]]}}, {"type": "Feature", "properties": {"id": "AT-07-29", "start_date": null, "end_date": "2025-08-01"}, "geometry": {"type": "MultiPolygon", "coordinates": [[[[12.370530364302075, 46.740808882478994], [12.372938766264149, 46.74132398709903], [12.377673346438288, 46.74242199591468], [12.381542913268417, 46.743000281195926], [12.383366195333304, 46.74321308329073], [12.387822278195609, 46.74358520525166], [12.38907230627108, 46.74368959308382], [12.390223616076934, 46.74375088039859], [12.393847310832422, 46.74394377895021], [12.399354584818095, 46.7439181325327], [12.405167291255756, 46.74425186075146], [12.412632410443628, 46.745170204794206], [12.41958077889325, 46.74594101432755], [12.42631912872688, 46.7468525551587], [12.43025980815073, 46.74731275583455], [12.432961059484525, 46.747334371771345], [12.435769819184493, 46.747142504443126], [12.436013899980507, 46.747100424539205], [12.437183032562166, 46.74689885606106], [12.437749812023812, 46.746801133525096], [12.44143705252909, 46.74604341472987], [12.443074927758673, 46.74592849725484], [12.444321628939894, 46.74593834052459], [12.44660566309007, 46.746051571544314], [12.45020251730616, 46.74636552001167], [12.454284249560487, 46.74668313760901], [12.457237564120843, 46.747013775782925], [12.459264100683344, 46.74715042781152], [12.461341988696267, 46.74716652804141], [12.463602194506294, 46.74717316993717], [12.466680665744434, 46.746874403567965], [12.469461988101061, 46.74622913289256], [12.47286736193298, 46.745540945764375], [12.475159114252977, 46.74517749435209], [12.477431993486123, 46.74476816490514], [12.479671738823383, 46.744545148560775], [12.481534913141958, 46.74449944904512], [12.484241365724763, 46.74467491461961], [12.490876764966309, 46.745581823760446], [12.498619841971138, 46.74654417073145], [12.503865991116554, 46.7477257093686], [12.506966615302789, 46.74879605283829], [12.509372483381688, 46.750004079780815], [12.51188568364418, 46.75116965810173], [12.51421764879505, 46.75191437060829], [12.516445191120203, 46.75241627127346], [12.52060203910645, 46.753136860893605], [12.524653503433079, 46.7535610963515], [12.529304918074251, 46.753768924583795], [12.531402135035322, 46.75396645821397], [12.534077504946035, 46.75458067153988], [12.536938508177656, 46.75535647880045], [12.541063961921553, 46.75647514246316], [12.549093598107396, 46.75813836531012], [12.55591741739825, 46.75937606056768], [12.562486921650127, 46.76025448287138], [12.566455991036195, 46.76129340915998], [12.569295936723787, 46.762562622113734], [12.572561392486506, 46.76437031531674], [12.575570627968236, 46.76593811070381], [12.578326959019261, 46.76702797230819], [12.581089294346134, 46.767701167966024], [12.58351027519258, 46.768014905955624], [12.588013367977284, 46.76810430732373], [12.592258291355893, 46.76807279193798], [12.596152628856414, 46.76833642171421], [12.600533388695, 46.76916523989555], [12.602569646086684, 46.76968988234124], [12.606535983038496, 46.77071167565248], [12.610137242697864, 46.7716268405244], [12.614365031736995, 46.77262526145535], [12.618098639088146, 46.773277554586706], [12.626640373655782, 46.77510276340033], [12.631118988429156, 46.77604498912586], [12.637501557410154, 46.777684476733725], [12.641896670867284, 46.778682896009904], [12.645463224279773, 46.77944753281284], [12.649194012006403, 46.78038446969421], [12.6550005553043, 46.781619494415125], [12.658318700676853, 46.78232508902589], [12.660395117790959, 46.782566066794054], [12.66255688993943, 46.78263609935573], [12.665799917575287, 46.78271250365454], [12.669457393324656, 46.78290553523095], [12.673944506468988, 46.78327472349034], [12.67942626252041, 46.783935204122784], [12.684741801853594, 46.784594461272505], [12.689559793306795, 46.785136348457726], [12.694705787792566, 46.7860798580085], [12.698499253792718, 46.78729116898004], [12.701337653391427, 46.78800283004734], [12.705731434713623, 46.78928444097828], [12.709877881364456, 46.79039309672783], [12.713860790783517, 46.79127214761007], [12.71958814445031, 46.792389130454985], [12.72340891883177, 46.79292413133256], [12.726731932597557, 46.793342046499895], [12.729637745416369, 46.79387190411385], [12.731544018848675, 46.79451062581171], [12.733362627121325, 46.79554881439683], [12.734943169555288, 46.79648411457558], [12.7367523905178, 46.79745237816516], [12.739153588521235, 46.798493557497345], [12.739877466043138, 46.7987404681264], [12.74398090917888, 46.80021029306446], [12.746619154155367, 46.80123854504637], [12.749471310886763, 46.803050178994894], [12.752751291127918, 46.805694075123384], [12.754961712594746, 46.80858262697183], [12.757029526224967, 46.81279277889899], [12.758653260567048, 46.815615197509594], [12.76038081038436, 46.818617907304144], [12.762805143606032, 46.82243571419431], [12.76494426115459, 46.82458922850246], [12.767439898294565, 46.82586171888139], [12.770791182453959, 46.82723205923772], [12.773714643103663, 46.82806403444616], [12.77529505073113, 46.82833436638244], [12.775964933361902, 46.828456563009304], [12.776724109631315, 46.82846031699647], [12.77678871551606, 46.82846063622571], [12.777832086475739, 46.828197952892566], [12.777878244072685, 46.82817756230488], [12.778964647466806, 46.82769762462092], [12.779919996210337, 46.82723926025522], [12.782103617814562, 46.82604651017655], [12.784980734058147, 46.82454283148079], [12.788160239018262, 46.82312982257393], [12.790163804253826, 46.822544471321635], [12.790464933607891, 46.8224564929522], [12.790706518446784, 46.82240673959237], [12.792724096075693, 46.82199121290799], [12.796241313368654, 46.82144261774879], [12.79703936347883, 46.82135521868856], [12.798845391570145, 46.821157416055826], [12.800365669841145, 46.82086702982719], [12.801068772870028, 46.82065179872184], [12.801507796420793, 46.82051740431258], [12.808854603547486, 46.8182225749094], [12.815243227029557, 46.816226961118964], [12.821103271492683, 46.81483289700994], [12.828752339791551, 46.81304642344068], [12.832542101616882, 46.81224295097444], [12.83622704324494, 46.81125938121014], [12.836285066955094, 46.81123521807622], [12.838942310136384, 46.81012859231734], [12.839543521792406, 46.809766374987404], [12.840721227943522, 46.81304486438173], [12.832467784791481, 46.81949575628812], [12.833083339456454, 46.82196778758458], [12.833655520500834, 46.82426553040472], [12.838386700679262, 46.826808715734316], [12.843947768838733, 46.82979784193101], [12.847726823304495, 46.831829023626504], [12.84990076263583, 46.83779658946687], [12.850801759677175, 46.84026967331421], [12.855125122815252, 46.849636462236774], [12.856982474741427, 46.85366000616179], [12.858809760049155, 46.852805688074085], [12.866402978302665, 46.84925499107066], [12.875745537824406, 46.844884929873594], [12.878965359117768, 46.8442256718121], [12.88677712606382, 46.84262576515723], [12.888632821465688, 46.8391538970129], [12.895790198987596, 46.825758457551494], [12.898346729304665, 46.824962123827085], [12.90429052675706, 46.82311037512754], [12.907519479997935, 46.822483781737034], [12.963390872700462, 46.798922514145474], [12.963395345919803, 46.79674700083589], [12.96341638165308, 46.78651406337962], [12.963418703445392, 46.78538437523073], [12.960307087281118, 46.784302875453854], [12.953803946927316, 46.7820421709353], [12.950518124745866, 46.77733965967556], [12.945016505936731, 46.76946393955657], [12.9320491878836, 46.7641948376528], [12.93050453073524, 46.76356701785207], [12.92889422428749, 46.764102246813756], [12.927324528382641, 46.76455882545763], [12.924894854223078, 46.765173375575365], [12.92292105700912, 46.765787846420004], [12.921810853149765, 46.766133447156776], [12.919891741094398, 46.76698345496408], [12.917803578226437, 46.768175627665784], [12.915462708167565, 46.76976678206585], [12.912035661635384, 46.77198232868606], [12.90752677062492, 46.774250814980455], [12.903773387977383, 46.77560781946572], [12.899914156886338, 46.77704657327826], [12.876706954190679, 46.76280527392395], [12.85689829878507, 46.760205296453606], [12.841366624501216, 46.74953342151114], [12.832717544677244, 46.747993416005556], [12.826650623082347, 46.75159186028027], [12.813647708163119, 46.7482496383777], [12.81012724831031, 46.756302563699684], [12.79588620878436, 46.755066789343665], [12.791357559280609, 46.756349776103434], [12.786948982772413, 46.752262737402376], [12.748331379389247, 46.74704227775732], [12.73846164350361, 46.74131498677115], [12.724075172213922, 46.74301118105366], [12.712151560405726, 46.735282420736446], [12.714121300453755, 46.730111781075365], [12.712812604284329, 46.726128251703734], [12.70984474368905, 46.71709215160713], [12.709107577137829, 46.714847251493765], [12.71475111706068, 46.71015066356709], [12.719917574160702, 46.70410207284078], [12.72083842617487, 46.70302382397112], [12.721054171588534, 46.70277119485623], [12.719350494114707, 46.70290281112905], [12.717477750768067, 46.7032496800183], [12.71466817501376, 46.703805634029365], [12.711134344803376, 46.70414324595727], [12.708224196878183, 46.704412794213155], [12.70469450423193, 46.70439311605786], [12.700855917474739, 46.7041573232654], [12.696397902915756, 46.70363220310075], [12.69225313195187, 46.70296584772639], [12.690124150724944, 46.70251229105219], [12.690381811105604, 46.70114822031543], [12.692614816053212, 46.68932361163732], [12.68652319994509, 46.686041830363244], [12.685325865737617, 46.68014287873032], [12.690312976977385, 46.67515142782125], [12.690602425411496, 46.65743166890885], [12.658881474031304, 46.657392256105254], [12.658134373812697, 46.65715716699647], [12.641925854716693, 46.652055126796256], [12.632427447442076, 46.65617114003915], [12.631118371904478, 46.661425461386955], [12.618766256716293, 46.66178037886048], [12.612571341520777, 46.65797229133993], [12.601354099531305, 46.6565964836219], [12.576595558254505, 46.656668481759866], [12.56920971578403, 46.65141082118688], [12.55701870683802, 46.65648053357945], [12.551243955735579, 46.658881208156934], [12.520264838751775, 46.67719564214406], [12.506348302111682, 46.677869187491375], [12.502265742901804, 46.6807452686519], [12.49597404744646, 46.676822056127705], [12.479931117430375, 46.67724280857982], [12.474185018159279, 46.68681603731548], [12.44644436198772, 46.69011190707473], [12.442498170175734, 46.68841717099426], [12.428165233715808, 46.694988064967994], [12.427311539323293, 46.699119328248436], [12.414841173731851, 46.70046787200124], [12.377689795981706, 46.72211187210104], [12.370530364302075, 46.740808882478994]]]]}}, {"type": "Feature", "properties": {"id": "AT-07-23", "start_date": null, "end_date": "2025-08-01"}, "geometry": {"type": "MultiPolygon", "coordinates": [[[[12.102295295925792, 47.23534975869207], [12.09434143313549, 47.221469858702385], [12.086167600429691, 47.215336398999426], [12.089373285806385, 47.20585459436222], [12.08180950027353, 47.194123651354005], [12.086801798721323, 47.16920814807329], [12.098266644119448, 47.14411944251836], [12.110936706205411, 47.13950616587411], [12.114603093032832, 47.12793275616125], [12.128239695829537, 47.10950258523776], [12.12589887346996, 47.09245910613191], [12.13646376551302, 47.08065170090887], [12.134153818012448, 47.077380399200656], [12.11915989462173, 47.07317424506365], [12.098304282101719, 47.077727034807715], [12.081792822173407, 47.06928955690232], [12.076829448926414, 47.05754161504431], [12.04315054022365, 47.060098680059305], [12.035550157060198, 47.05707097601656], [12.030353598919119, 47.04941110839376], [12.021021382989256, 47.046263794693864], [11.998342685684678, 47.048546747243776], [11.98619495268978, 47.046488273288496], [11.979369993786484, 47.049411898863816], [11.968616660386177, 47.040180885989095], [11.955987714074709, 47.042620000834134], [11.946378002857184, 47.03314872731878], [11.932910471058102, 47.037473029000154], [11.915617527036005, 47.032663190361426], [11.914236583398269, 47.028688176134466], [11.895285838834765, 47.020616320009346], [11.892688871040615, 47.016454892968696], [11.879713930618871, 47.01620941632894], [11.873932206393187, 47.01022587513337], [11.867247329179095, 47.01133684646141], [11.852284785906345, 47.0002864536264], [11.84507710140083, 47.00180296118514], [11.83616146648942, 46.992998491675976], [11.81344154031337, 46.989768975942916], [11.789336964825173, 46.98995134581367], [11.781634864266335, 46.99243270952094], [11.770365281207212, 46.9829854243153], [11.76511516635524, 46.97340809985379], [11.746891075406412, 46.96905558465654], [11.727391269066011, 46.97264034971331], [11.72433554257989, 46.98050331477342], [11.711467734114002, 46.99330603363367], [11.688345876352749, 46.99551560030164], [11.664393210949262, 46.991883039254915], [11.63500536047094, 47.00304135782645], [11.62708806154433, 47.0133405685431], [11.614618048663324, 47.01269803714799], [11.602201053048562, 47.00649429811264], [11.589868545715278, 47.00545146316379], [11.58110557211909, 47.001832204156585], [11.577856136061301, 46.99551669935974], [11.537764367252372, 46.984115786484594], [11.53296856910484, 46.991263272256674], [11.516310075089764, 46.99952303388222], [11.512505329635575, 47.00528295526714], [11.508027425035017, 47.006058333431874], [11.508027869322392, 47.006058873124275], [11.50658016677801, 47.01331013658322], [11.49868996451642, 47.02611852648161], [11.490294116306737, 47.028820141345314], [11.47987875584363, 47.03692914510523], [11.480703432221912, 47.03762728516832], [11.480984749900351, 47.03786542825246], [11.48265761114753, 47.040235982713426], [11.48390286370066, 47.04288530445252], [11.485498379836265, 47.04748350073852], [11.486093270295989, 47.05200823520917], [11.485981811566733, 47.05520696228858], [11.486584789645164, 47.05950321240149], [11.487179873012192, 47.061627534353114], [11.487605829456372, 47.06380625500088], [11.487654278760795, 47.064082848990786], [11.501334204616116, 47.06312724753551], [11.523581027120999, 47.06910366798114], [11.541275435691619, 47.07074291344773], [11.555798477873944, 47.074384619877236], [11.568567804435613, 47.08313423831169], [11.581530884785023, 47.08830731391866], [11.595663293383875, 47.102028469731614], [11.602508469539202, 47.10582598034151], [11.612348410262538, 47.10387857305327], [11.62962640982622, 47.08834331481475], [11.629863015610942, 47.088138352373], [11.632170899545747, 47.08381610622869], [11.643129903994316, 47.08277785830189], [11.65441772205063, 47.087225314086055], [11.67435423397572, 47.09825364440463], [11.676521936718938, 47.10894168289999], [11.693349661434139, 47.12101329702553], [11.702761778647753, 47.13444459571924], [11.713179137681859, 47.13792463914661], [11.717141782326689, 47.14052723365193], [11.722156444421268, 47.15069385008049], [11.735846796731924, 47.158865238733604], [11.746120202623894, 47.16044072810338], [11.757749526514498, 47.15986341395796], [11.778201324193166, 47.151472132043246], [11.81096477481801, 47.14870057959439], [11.83750708922558, 47.15536009202297], [11.841267533689793, 47.158666863894005], [11.843907342020652, 47.160130141177945], [11.848038851584272, 47.16218431680109], [11.856810194436415, 47.16612736815942], [11.862101067441342, 47.16860090236316], [11.863894368318972, 47.17342437206385], [11.86513612828744, 47.180012219509194], [11.867605899429858, 47.19178446467208], [11.868199298330769, 47.19348104887529], [11.869057866947767, 47.195777944200614], [11.870346543705285, 47.19858420452509], [11.87013947910746, 47.20213506553763], [11.869579725091416, 47.20644562548591], [11.869664940942014, 47.210186543241285], [11.870134713324124, 47.21442138323016], [11.871511062684954, 47.21923932495077], [11.873342848704473, 47.222621074220584], [11.875854425258934, 47.22598108486419], [11.877959184958199, 47.228751010182236], [11.879405811028777, 47.23105532415929], [11.88043478621229, 47.233297142770475], [11.882397438799453, 47.23515083376985], [11.886278409948815, 47.237428905477934], [11.889578200431995, 47.23977352702712], [11.892225536343748, 47.24087592001025], [11.893381614041392, 47.24110413306868], [11.896906408642174, 47.241799931542936], [11.897086198406335, 47.24185724470433], [11.897467734798756, 47.23909566580916], [11.897001754710447, 47.23694683477446], [11.896191202430655, 47.23461507223374], [11.894426215960207, 47.232033136771385], [11.892169725291131, 47.228254417742185], [11.892038853018063, 47.22664554217261], [11.892415861395325, 47.225638362636005], [11.893753706507104, 47.22464333787054], [11.897635930331951, 47.223263733634575], [11.9074150977675, 47.22029128906043], [11.91594648071942, 47.218195380488446], [11.924726505402491, 47.21657812931935], [11.93314561415866, 47.21537245120934], [11.939541533714886, 47.214677128143386], [11.945672158501797, 47.2140972654753], [11.948828652463131, 47.21365950582922], [11.95147043813127, 47.21285825498543], [11.954820104497179, 47.211708366752084], [11.959736892254073, 47.210755887705986], [11.964998188039791, 47.209985919294084], [11.96930181512026, 47.209085181996386], [11.972558933567349, 47.20811224712815], [11.976241847932847, 47.20756097904249], [11.979564721741827, 47.20742198807078], [11.983570962562407, 47.207886264149636], [11.991565519910631, 47.20952848422982], [11.997476691010116, 47.210669494640335], [12.003827767737677, 47.21169628620066], [12.007911425493102, 47.212577280989976], [12.012593167695638, 47.214000797082036], [12.019430573010114, 47.21677708881655], [12.026591994667744, 47.21994443222305], [12.034028391713138, 47.22335487205832], [12.037410252337633, 47.224405352909635], [12.041317829268914, 47.225402176866986], [12.044436444766104, 47.22650898180086], [12.047802779250139, 47.22821374343265], [12.050465687853062, 47.23063392641243], [12.052928902932576, 47.23303348483962], [12.0549037697412, 47.23448426936001], [12.058796619626076, 47.23613508380703], [12.063143767162275, 47.23707654157615], [12.068377656959747, 47.23749197184572], [12.074152912743248, 47.237198861565155], [12.079843556110983, 47.23678547973443], [12.085446737337367, 47.23637085615331], [12.090773708133925, 47.23654818260119], [12.094784521194107, 47.236949041010206], [12.098806526830284, 47.23687368850107], [12.102754329351216, 47.23615055604344], [12.102295295925792, 47.23534975869207]]]]}}, {"type": "Feature", "properties": {"id": "AT-07-15", "start_date": null, "end_date": null}, "geometry": {"type": "MultiPolygon", "coordinates": [[[[11.415341324288239, 47.27672155349896], [11.41766578906608, 47.27855992859676], [11.41803707043035, 47.2784476300324], [11.421088377143743, 47.2775247161201], [11.422595521003451, 47.276995324770574], [11.426246027233006, 47.27571304524866], [11.43351902689806, 47.27309248231404], [11.438771748878429, 47.271167417712064], [11.443881863022126, 47.269274638445545], [11.44647257205314, 47.26841720320076], [11.448587921628965, 47.267883321365446], [11.450132839858451, 47.26764064601288], [11.452271957406975, 47.267495040263825], [11.454648754683179, 47.26759211080795], [11.457310767632432, 47.26789949968249], [11.457946292855146, 47.26799965530439], [11.462135666103075, 47.2686598749711], [11.463972503120308, 47.26897244274369], [11.46698657444789, 47.26957999317222], [11.472428197864984, 47.27085203236747], [11.47719224018783, 47.27185600580038], [11.481016442048182, 47.27266174593079], [11.481673609713175, 47.272772406869464], [11.48418296530807, 47.27305127993665], [11.486209452195512, 47.273131767278045], [11.489358255296318, 47.27313512965526], [11.492085779590596, 47.27317922632195], [11.49425381496484, 47.27321423103557], [11.496628351573323, 47.273347774988345], [11.498719843505363, 47.27357196584997], [11.500666520958637, 47.273936668005994], [11.502466745702991, 47.27448948844032], [11.504401939607487, 47.27518732399318], [11.506956768314899, 47.27618081291334], [11.508688838794672, 47.276684814703515], [11.510842239268817, 47.277147901417194], [11.51244434382573, 47.27736401120841], [11.5146792270994, 47.27749494483116], [11.517405359819579, 47.277586036335514], [11.519558357559353, 47.27755781719892], [11.522790975245004, 47.27767171331667], [11.52743182937292, 47.277936885946275], [11.528866279654682, 47.27805381123734], [11.531369634836876, 47.27852204676551], [11.535729135308891, 47.27997202737748], [11.539955446765642, 47.28122923996674], [11.542738247638155, 47.281918624377774], [11.544114782376061, 47.282255476680696], [11.54608877095764, 47.282655601735186], [11.549226143362151, 47.28336724305818], [11.55207830009355, 47.28453172626435], [11.554360025478713, 47.28582556624383], [11.557497397883228, 47.288413150678345], [11.56072984217878, 47.29158276803592], [11.564627789711674, 47.295334313004176], [11.568050377789403, 47.29772740006691], [11.56995181561028, 47.298891565181506], [11.570750625381873, 47.29921203741465], [11.572025952383315, 47.29958869937016], [11.576474129525048, 47.30056219725769], [11.578651521114255, 47.300926005845824], [11.58044370855083, 47.30119478889529], [11.582889694115389, 47.30132761396899], [11.585270447114445, 47.30131651205361], [11.589551558462256, 47.30100106530198], [11.592288455413414, 47.3008047645201], [11.595273032366475, 47.30049458656851], [11.597553829849062, 47.30036116989931], [11.599443148668566, 47.300389915676654], [11.601466169669306, 47.300611159363676], [11.603898138872257, 47.301171942216264], [11.605974042521048, 47.30191777703449], [11.607790641964217, 47.30311853364226], [11.6098209720379, 47.30434518623018], [11.61249611204314, 47.305873970682704], [11.614982919374594, 47.306911582940806], [11.617054559111667, 47.30780001888698], [11.620643309969891, 47.308746653195946], [11.622966253434415, 47.309031820064575], [11.626521718947583, 47.30951370768905], [11.629929587730505, 47.31023139984605], [11.631874417998597, 47.31105785689911], [11.632163376240023, 47.311225659969885], [11.632184590693479, 47.31121212791209], [11.643260124744097, 47.2995441879559], [11.649534869553188, 47.29631037245218], [11.653622960868123, 47.28693118212246], [11.664746372120566, 47.28123816776076], [11.677200789847685, 47.26803835440045], [11.692032004850907, 47.26085471126723], [11.697546174531624, 47.24227624029012], [11.697831390204774, 47.22880760527147], [11.711046383060202, 47.22006409976202], [11.716370408958843, 47.200240114962654], [11.7133281084453, 47.19589857432447], [11.712187245752801, 47.187797729548876], [11.724261375915697, 47.18014939044291], [11.724261375915697, 47.17457447869474], [11.73110655207106, 47.166924222701105], [11.745272263836942, 47.16277446752808], [11.746120202623894, 47.16044072810338], [11.735846796731924, 47.158865238733604], [11.722156444421268, 47.15069385008049], [11.717141782326689, 47.14052723365193], [11.713179137681859, 47.13792463914661], [11.702761778647753, 47.13444459571924], [11.693349661434139, 47.12101329702553], [11.676521936718938, 47.10894168289999], [11.67435423397572, 47.09825364440463], [11.65441772205063, 47.087225314086055], [11.643129903994316, 47.08277785830189], [11.632170899545747, 47.08381610622869], [11.629863015610942, 47.088138352373], [11.62962640982622, 47.08834331481475], [11.612348410262538, 47.10387857305327], [11.602508469539202, 47.10582598034151], [11.595663293383875, 47.102028469731614], [11.581530884785023, 47.08830731391866], [11.568567804435613, 47.08313423831169], [11.555798477873944, 47.074384619877236], [11.541275435691619, 47.07074291344773], [11.523581027120999, 47.06910366798114], [11.501334204616116, 47.06312724753551], [11.487654278760795, 47.064082848990786], [11.487866909726467, 47.06529671126684], [11.487661632843162, 47.067007700353685], [11.48700282523607, 47.06911162930958], [11.48484499113957, 47.07342010681663], [11.482917863120436, 47.07590342741994], [11.480321629858238, 47.07837580117829], [11.478300689002054, 47.079553442795095], [11.477175160442245, 47.080209271970254], [11.4748480389921, 47.0817726601592], [11.47286258892138, 47.08351188277602], [11.470954611655543, 47.085423801341044], [11.469609800913364, 47.08797361291761], [11.46904260238509, 47.090062417322244], [11.468744553930375, 47.09115996427573], [11.468662713929422, 47.091577303936205], [11.46831359015907, 47.09335757150509], [11.467836962506622, 47.095545822280044], [11.466112864243083, 47.09934672914016], [11.464061965487897, 47.10291362540597], [11.46221979354868, 47.10503436859543], [11.462055190014883, 47.105223853583595], [11.460074503817557, 47.1067914922378], [11.457344272576824, 47.1090095070605], [11.456971688668046, 47.109312171330416], [11.45523359554932, 47.11111234790354], [11.454944694466063, 47.11148646431246], [11.454421935970846, 47.11216340227802], [11.454086644121073, 47.11276510730646], [11.454070174940545, 47.11322920244637], [11.454204253873304, 47.1138743902039], [11.454532316737314, 47.11495143207798], [11.454930175739465, 47.11572680444092], [11.4551041477204, 47.11653258997105], [11.454914330997918, 47.11745818701713], [11.454381579116552, 47.11919968710678], [11.453889688919926, 47.121263345946346], [11.453770222299797, 47.123154560010285], [11.45408312825023, 47.12465999778746], [11.454708623775659, 47.126206322015264], [11.455159500991108, 47.12824984420936], [11.455188129326615, 47.1303935491695], [11.454486916161704, 47.13245375161919], [11.453916894947916, 47.13376598825546], [11.453566624269818, 47.135209476571376], [11.453678825203948, 47.136048166193284], [11.453918858208176, 47.136659383868974], [11.4543694334967, 47.13723836052743], [11.455549936794629, 47.137900835439424], [11.456306856240026, 47.13869918658846], [11.456592921987886, 47.139489760319876], [11.456459833665583, 47.14021472003922], [11.455970556363951, 47.14080114293826], [11.454903867483404, 47.141355051569576], [11.453846030266204, 47.141659053260156], [11.452993664008234, 47.142073605380446], [11.452507541884435, 47.142494210751465], [11.452174574207895, 47.143024509954714], [11.451615805506796, 47.144015438350266], [11.450468053545475, 47.1449332963886], [11.449830738121799, 47.14547028299735], [11.44944406265669, 47.14619414889132], [11.449475019066632, 47.14702150691082], [11.44959237470575, 47.14791119273889], [11.450066639271666, 47.14860558127362], [11.450585589064197, 47.14942790567423], [11.45077585700583, 47.14996686395766], [11.450725211951784, 47.15036880701175], [11.450240101690426, 47.15177974012234], [11.449420812508672, 47.15273062427663], [11.448323294343227, 47.15414125843516], [11.447797589886044, 47.15566852686348], [11.447329281911372, 47.157053862868274], [11.44645242897833, 47.158146655153274], [11.445421363692727, 47.15919858168471], [11.444351714575046, 47.1608946136364], [11.443270186266625, 47.16220168081076], [11.440928830779994, 47.16469891115805], [11.438100787702378, 47.16761663607905], [11.435991394750564, 47.169474664835164], [11.434503654830054, 47.1715216385251], [11.43397555671556, 47.17265847744996], [11.433379705555495, 47.17364611212231], [11.432291591287676, 47.17477099567955], [11.430582874481985, 47.17567116734795], [11.428205047143141, 47.176238624961876], [11.425035390103721, 47.17697135846129], [11.423656087758928, 47.177448305048436], [11.422533386896198, 47.1780724284107], [11.421582870390273, 47.17869772218439], [11.420691281264576, 47.17975607329345], [11.420078064551086, 47.18060105518823], [11.418894957933128, 47.18161906455215], [11.417711993277456, 47.182456453594874], [11.416898113883548, 47.183228606375955], [11.416402270006897, 47.183898949628336], [11.416064860144012, 47.18457440358429], [11.416241900128375, 47.18543224353129], [11.416689890809645, 47.18608276526614], [11.417429134662314, 47.186966340156815], [11.418514279533701, 47.1877923581387], [11.419165326460204, 47.188624889838984], [11.419348955047761, 47.18934239427951], [11.419271058151239, 47.189947935682326], [11.419245086690303, 47.19014982658174], [11.418506554780645, 47.19089993718946], [11.416959370327364, 47.19165975078164], [11.415525947109792, 47.192171415517876], [11.414155233038006, 47.19239835355271], [11.411889005454492, 47.1927530424166], [11.409556089104122, 47.19349948914626], [11.406634898723441, 47.19491696654384], [11.404641500570163, 47.19605965523587], [11.40398565035439, 47.19679867869302], [11.403869175294433, 47.19711819259194], [11.403905918660406, 47.19754746673696], [11.404085463655106, 47.19837209178749], [11.404048990138687, 47.19937165959409], [11.403325074152383, 47.20053817734118], [11.402449200903286, 47.2015592294659], [11.400938197598173, 47.202748099350465], [11.40027829698644, 47.203594197473706], [11.399930061196603, 47.20451702809949], [11.399848954907181, 47.205301511610884], [11.399805868240936, 47.20647957138111], [11.399439321865644, 47.20790218313782], [11.398547572746498, 47.209351589856794], [11.397184273068273, 47.210792971473616], [11.395790753776357, 47.211626566808064], [11.394249185640296, 47.21220757724814], [11.393298017828132, 47.212567319039145], [11.391433151508393, 47.2132312093533], [11.390526146718248, 47.21356580128584], [11.389765042935396, 47.214137849828795], [11.389509659660654, 47.214596268195045], [11.389429266969886, 47.21526168853244], [11.389466818365866, 47.21728175944288], [11.389894964917431, 47.21856549997125], [11.39022324980059, 47.21952366362596], [11.390133758276814, 47.22043659464718], [11.389824193662124, 47.221250513433176], [11.389368381418697, 47.22280440895332], [11.38931262233204, 47.22299449239712], [11.388888291152911, 47.225406751524666], [11.38883995258827, 47.22672045971821], [11.389019413735577, 47.22792375004451], [11.389265991214433, 47.22882336630065], [11.389325960591034, 47.23023417900347], [11.389204844183615, 47.232765921083924], [11.389101160953116, 47.235583728134934], [11.389063327835887, 47.23661184671673], [11.389171855125886, 47.237521009060295], [11.38949022000191, 47.23793366497402], [11.390063971800947, 47.23830542760853], [11.391060563937856, 47.238589142346804], [11.392088620222443, 47.238778128586766], [11.392695950029687, 47.238998040424505], [11.393076142312582, 47.23930933590329], [11.393341019327634, 47.23971392188419], [11.393349399876104, 47.240247497080944], [11.393359178866733, 47.240742993748505], [11.393232669584608, 47.24114091341444], [11.393189330304839, 47.24155930072292], [11.39317045150778, 47.24207336041598], [11.39343324568235, 47.24253506381662], [11.393859597411291, 47.24311385826017], [11.395601413938694, 47.24443897842215], [11.396420373316063, 47.24499653960436], [11.397000085628127, 47.24520575555979], [11.397613788623733, 47.24525428770128], [11.398793646685947, 47.245121921179674], [11.399995883333924, 47.24514233123369], [11.400967484163893, 47.24534932761022], [11.402125758690133, 47.24580714458712], [11.403000282593055, 47.24637444824836], [11.40384408348002, 47.24701742883293], [11.404350989863929, 47.24769280099128], [11.404640479794121, 47.24819303037029], [11.404593053759038, 47.2487256575553], [11.404235967393966, 47.249310194892544], [11.403600648819758, 47.24985191660779], [11.403161049877438, 47.2503969510308], [11.403052812320574, 47.25106190503103], [11.40319206018376, 47.25184535839363], [11.403524032675634, 47.25357899928217], [11.404505277892062, 47.257259049625276], [11.4056150773684, 47.263269385133604], [11.406311708388985, 47.267186629217704], [11.406731728718228, 47.26909883303452], [11.407046646154818, 47.27005670718177], [11.407510119259335, 47.270778952771124], [11.4081134700719, 47.27150355908488], [11.409334097512987, 47.27257197622786], [11.412065640529642, 47.27442789732405], [11.41449845770611, 47.27613138211084], [11.415341324288239, 47.27672155349896]]]]}}, {"type": "Feature", "properties": {"id": "AT-07-17-01", "start_date": "2022-10-01", "end_date": null}, "geometry": {"type": "MultiPolygon", "coordinates": [[[[11.988454695674012, 47.48027796324964], [11.997021956913601, 47.48174742148072], [12.010051557116832, 47.48386318030076], [12.018884846699729, 47.48527454444831], [12.026229342423978, 47.48595161829154], [12.032203343152453, 47.486274476322926], [12.034748961597739, 47.486467651065276], [12.038077541775243, 47.48680300816675], [12.041397386697323, 47.4874953049902], [12.045148976229143, 47.48848998070862], [12.048275973895205, 47.48989417354026], [12.052680900566097, 47.491824414378954], [12.054261281533119, 47.492937381967565], [12.055646488398787, 47.49407890758609], [12.057349768129995, 47.49594799225699], [12.058190252495509, 47.497504943791775], [12.058753422617778, 47.49894918835127], [12.05893489647375, 47.499313922441644], [12.063159232654261, 47.49741297225464], [12.066476790310197, 47.49600858248839], [12.070102495519537, 47.49497728117874], [12.074070702796478, 47.494306770431635], [12.078285151430963, 47.494353090218574], [12.08337620436386, 47.49446835978801], [12.089789938682925, 47.494359703090474], [12.096486662694966, 47.49342044265172], [12.11343197367304, 47.486043179320525], [12.125457333530697, 47.482420967711946], [12.12933672618477, 47.48120698799657], [12.132450602733739, 47.4799351997092], [12.134506152338803, 47.47834968880495], [12.135531211401346, 47.47715490067231], [12.136426691845527, 47.47497708254209], [12.136451086079115, 47.47390595002282], [12.136035292363623, 47.472889729731904], [12.134503006856637, 47.47079041621981], [12.134089990837378, 47.46965517357959], [12.134106283796086, 47.468941084961656], [12.134921900932996, 47.46781872730846], [12.135640235727976, 47.467111996207876], [12.137148351395416, 47.46641352801295], [12.13839451655163, 47.4656527806591], [12.139388199724431, 47.46441321022009], [12.141457777038621, 47.46217298794947], [12.14298453938045, 47.46064133666266], [12.149639885327824, 47.455067812506336], [12.151719251927446, 47.45313702345873], [12.15509592593923, 47.4496958291775], [12.159447178989396, 47.44345513690048], [12.160828257764873, 47.44132654156904], [12.161129106316574, 47.44042490062799], [12.161071671053907, 47.43985290406717], [12.160489950913338, 47.43908188270768], [12.158555014345168, 47.437728717699514], [12.155663456049414, 47.43522284470739], [12.151394652483843, 47.43155983519175], [12.149050005751624, 47.429726088117214], [12.14697325072605, 47.42846648341669], [12.14477350124142, 47.42644367969367], [12.14245517780726, 47.423467243848506], [12.13710276834479, 47.41817337128988], [12.13548226871077, 47.41539456061627], [12.135562467326015, 47.41187169197679], [12.135765574576823, 47.409111994439904], [12.136542649128943, 47.40578690032182], [12.136879427965246, 47.40331430683317], [12.136784648365623, 47.40131336734821], [12.135447306861446, 47.39844227562775], [12.135236208392056, 47.395392520033], [12.13601528000778, 47.39197221001692], [12.136768279610356, 47.389694449342365], [12.136805071555772, 47.38807582788], [12.136567962463614, 47.386168627157005], [12.135360371389607, 47.38377506372889], [12.133870355419262, 47.381473753531715], [12.132667336623925, 47.378889733930706], [12.131352522291339, 47.37506645415232], [12.130188931057832, 47.37076856955312], [12.129255744321652, 47.3686635379752], [12.130101013667119, 47.365830945618356], [12.132522143839772, 47.36465309850734], [12.134452504382832, 47.36331166151979], [12.136219275049362, 47.36239555821121], [12.138084199641812, 47.362002942507544], [12.139883688283648, 47.36036704374224], [12.141225125271198, 47.35951637638428], [12.143384511641402, 47.35863299105101], [12.14466051267834, 47.35653904063142], [12.146689027147323, 47.353627140829175], [12.147834156283036, 47.352809191446525], [12.14806318211018, 47.352023960039176], [12.14789959223365, 47.350747959002234], [12.148586669715078, 47.34940652201469], [12.149339183147118, 47.3484249827555], [12.150713338109975, 47.34737800754571], [12.150811492035894, 47.34656005816306], [12.150451594307526, 47.34534949307673], [12.150157132529772, 47.34417164596571], [12.150746056085282, 47.34312467075591], [12.151400415591404, 47.342143131496734], [12.1524473908012, 47.34116159223755], [12.153494366010996, 47.339787437274694], [12.154312315393648, 47.33834784636122], [12.154083289566506, 47.337366307102045], [12.154508623245485, 47.33631933189225], [12.155686470356505, 47.33478158705286], [12.156897035442832, 47.334290817423266], [12.158532934208138, 47.33334199613939], [12.158860113961198, 47.33249132878143], [12.159517815398436, 47.332100684029136], [12.163963328337013, 47.33214456172976], [12.167221932481308, 47.33139863586108], [12.169444688950595, 47.331793539103955], [12.172509071655828, 47.331588774828106], [12.177860951310036, 47.33059419419525], [12.180839013375683, 47.32924855529142], [12.183396409284656, 47.3279881429205], [12.185760287773862, 47.32695139035252], [12.188019877506195, 47.325796801043325], [12.1899074054748, 47.325270495628416], [12.192400005295019, 47.324830696718216], [12.194451017513595, 47.32428872801917], [12.197869691949693, 47.324474252272005], [12.198849474864831, 47.32475167779022], [12.201340165276882, 47.32506515452984], [12.205440395657119, 47.32459706110772], [12.20910902283944, 47.324216732148045], [12.212561848422807, 47.32436301284119], [12.212130245224886, 47.322695388926874], [12.211180718189462, 47.32096919644707], [12.210490153072787, 47.31982812299691], [12.209972229235284, 47.318072577258796], [12.209109022839444, 47.3161414095751], [12.209036637321471, 47.315225709563435], [12.208966390120105, 47.31462884629378], [12.210237255578248, 47.313745247822006], [12.212480722152323, 47.31298912197619], [12.21481496483055, 47.313710079417916], [12.217356695746844, 47.31371887152114], [12.218510849071075, 47.31307044998466], [12.21920718201136, 47.31105756411703], [12.200252847854747, 47.29943004873426], [12.164826277989896, 47.301393887795], [12.165117135756866, 47.299013344009055], [12.14447831889166, 47.287781775770554], [12.135636371308042, 47.293257012180405], [12.114384112238838, 47.30641713799508], [12.078573687831936, 47.27517735752378], [12.07663897098688, 47.26814000336469], [12.091866099995636, 47.25951850834129], [12.102059759220547, 47.257524021107294], [12.1104667205259, 47.24074883663715], [12.102754329351216, 47.23615055604344], [12.098806526830284, 47.23687368850107], [12.094784521194107, 47.236949041010206], [12.090773708133925, 47.23654818260119], [12.085446737337367, 47.23637085615331], [12.079843556110983, 47.23678547973443], [12.074152912743248, 47.237198861565155], [12.068377656959747, 47.23749197184572], [12.063143767162275, 47.23707654157615], [12.058796619626076, 47.23613508380703], [12.0549037697412, 47.23448426936001], [12.052928902932576, 47.23303348483962], [12.050465687853062, 47.23063392641243], [12.047802779250139, 47.22821374343265], [12.044436444766104, 47.22650898180086], [12.041317829268914, 47.225402176866986], [12.037410252337633, 47.224405352909635], [12.034028391713138, 47.22335487205832], [12.026591994667744, 47.21994443222305], [12.019430573010114, 47.21677708881655], [12.012593167695638, 47.214000797082036], [12.007911425493102, 47.212577280989976], [12.003827767737677, 47.21169628620066], [11.997476691010116, 47.210669494640335], [11.991565519910631, 47.20952848422982], [11.983570962562407, 47.207886264149636], [11.979564721741827, 47.20742198807078], [11.976241847932847, 47.20756097904249], [11.972558933567349, 47.20811224712815], [11.96930181512026, 47.209085181996386], [11.964998188039791, 47.209985919294084], [11.959736892254073, 47.210755887705986], [11.954820104497179, 47.211708366752084], [11.95147043813127, 47.21285825498543], [11.948828652463131, 47.21365950582922], [11.945672158501797, 47.2140972654753], [11.939541533714886, 47.214677128143386], [11.93314561415866, 47.21537245120934], [11.924726505402491, 47.21657812931935], [11.91594648071942, 47.218195380488446], [11.9074150977675, 47.22029128906043], [11.897635930331951, 47.223263733634575], [11.893753706507104, 47.22464333787054], [11.892415861395325, 47.225638362636005], [11.892038853018063, 47.22664554217261], [11.892169725291131, 47.228254417742185], [11.894426215960207, 47.232033136771385], [11.896191202430655, 47.23461507223374], [11.897001754710447, 47.23694683477446], [11.897467734798756, 47.23909566580916], [11.897086198406335, 47.24185724470433], [11.897814567078148, 47.24208942956918], [11.898986484510997, 47.242960034338005], [11.8992835841705, 47.243263520644724], [11.900228066790941, 47.244478418618534], [11.900341840240449, 47.24471601560743], [11.900652138401252, 47.2457960125435], [11.900738980251324, 47.24802916032935], [11.901660381446703, 47.25428900335638], [11.901584994215412, 47.257471220604884], [11.90151183161692, 47.260559348508295], [11.900917632297952, 47.26510993754772], [11.899729233659782, 47.26834567252586], [11.898243735362218, 47.270469015445705], [11.896015487915829, 47.27269337800324], [11.893952937963904, 47.27397509515462], [11.892598841831338, 47.27481654542114], [11.888142346938531, 47.276737432564374], [11.88492572748532, 47.27860219801761], [11.884131501534977, 47.27906262312937], [11.883682622324637, 47.2795819313824], [11.881160504939805, 47.28249967303121], [11.879229357152955, 47.2867451303787], [11.877298209366066, 47.29210200395946], [11.87727929215149, 47.29225130258232], [11.87682852025428, 47.29580876343872], [11.876555460217213, 47.29796361738773], [11.87617812960863, 47.30100106911482], [11.875664161238713, 47.30513815075415], [11.87447576260061, 47.311402434992786], [11.8741538162545, 47.31247532909313], [11.87299026430301, 47.3163527117993], [11.870613467026871, 47.32190858917756], [11.869564574755021, 47.32409915886909], [11.868386028344975, 47.325890013743155], [11.866213820921672, 47.32946126541008], [11.865089717147287, 47.33259077148253], [11.86457381757095, 47.33563950408685], [11.864385332597418, 47.336753307687054], [11.863414379432612, 47.341426711690374], [11.863377142663667, 47.345004993171734], [11.863806773082548, 47.3484606280567], [11.864570432622408, 47.351688369402964], [11.865747412408629, 47.35425726503014], [11.866610078597754, 47.356497015389266], [11.866740050795775, 47.35787016782771], [11.866289496840391, 47.35895013316812], [11.864803012027526, 47.36098823769523], [11.860984124030294, 47.36522491761106], [11.858708541816881, 47.368395666735715], [11.857627936194305, 47.369728665972865], [11.857115001000794, 47.371232324523895], [11.856787483699344, 47.37391390842413], [11.856209244751588, 47.37653510195397], [11.854880454764434, 47.37891799488565], [11.85278176103334, 47.3817480525309], [11.848630401045847, 47.38575144805865], [11.844051361899266, 47.38997770251564], [11.841377357580846, 47.392285749181575], [11.839437431796489, 47.39447083977415], [11.839092946048932, 47.39568459218952], [11.839159242459042, 47.39631405644371], [11.839490735397643, 47.39704226745799], [11.839510170924047, 47.39797979727807], [11.839154216829696, 47.39945697414207], [11.837717224811867, 47.4026382940743], [11.836354017705586, 47.406527085034405], [11.839778999084226, 47.407969600902675], [11.842375149228465, 47.409442173385145], [11.847402838175892, 47.41274589578666], [11.851928168012124, 47.41647146092121], [11.856762093195336, 47.42172468437879], [11.859364776948967, 47.42399645518452], [11.861017594916506, 47.42511303607585], [11.862132755651633, 47.42567375772518], [11.864694110202684, 47.42663658339136], [11.869218723139728, 47.42815691751377], [11.870088614687024, 47.4286344149974], [11.870978737329022, 47.42943154558973], [11.871729954859367, 47.43060699104413], [11.872648425897662, 47.43216725963496], [11.873838172916075, 47.433551544335835], [11.874309303370085, 47.43399161464371], [11.875291901285966, 47.43490942106108], [11.877441544641986, 47.43648448389254], [11.879602825815464, 47.43764297556238], [11.880543542806969, 47.43796093817443], [11.881341279968375, 47.43823056449107], [11.883042481845864, 47.43857955297535], [11.885972394749162, 47.43891431984061], [11.888209370241405, 47.439126098338626], [11.888789517120774, 47.43924443898187], [11.889267814577083, 47.439399295931], [11.889962115052793, 47.439675929061686], [11.890697012750323, 47.44007212047316], [11.891380728259303, 47.44073552410118], [11.892726785543662, 47.44195988736271], [11.893909838201353, 47.4434991768334], [11.89520088598949, 47.4455726111395], [11.896830439163619, 47.447593139411424], [11.89767481840408, 47.448336940609686], [11.898850890539821, 47.44888174327291], [11.903188545568819, 47.45061489138866], [11.904150343606716, 47.45107053154824], [11.906932001278818, 47.45238828579126], [11.91067545698872, 47.45480645392265], [11.913824713379682, 47.456861808869235], [11.914399381507778, 47.457156290532595], [11.91649861031532, 47.458232000593405], [11.9183350697508, 47.458868588811825], [11.919172507250991, 47.459158874623895], [11.919769068851862, 47.45929373686035], [11.920776845412403, 47.45952155998684], [11.925055080509512, 47.46048870864805], [11.926096513637365, 47.46068329576909], [11.930878233836083, 47.46157672949542], [11.934827323831096, 47.46236885038479], [11.935097049001275, 47.46242295226948], [11.93818688546032, 47.46318857058921], [11.939826067294135, 47.46371610931217], [11.941561907128392, 47.46427474972181], [11.944735247558482, 47.465524719599834], [11.946852128981485, 47.4663585366151], [11.95053508921849, 47.46822584011278], [11.956396554824057, 47.47061078087265], [11.960908775542165, 47.47262931022707], [11.968567019903688, 47.47522095817779], [11.977895212744246, 47.47777236507298], [11.984339793337451, 47.47930170620185], [11.988454695674012, 47.48027796324964]]]]}}, {"type": "Feature", "properties": {"id": "AT-07-06", "start_date": null, "end_date": null}, "geometry": {"type": "MultiPolygon", "coordinates": [[[[12.177860273752767, 47.60108153408816], [12.180337151802002, 47.60289204990144], [12.182422121690404, 47.60412720766318], [12.18431167021777, 47.60464613249364], [12.186628285482838, 47.60495502945562], [12.189267731621527, 47.60493658950053], [12.194224233393925, 47.60531647551509], [12.197809526273494, 47.60556632596997], [12.201179051392577, 47.60602820250566], [12.20381872785321, 47.60661727521226], [12.205892106313499, 47.60786024466713], [12.207339707189417, 47.6093029385662], [12.208126207690034, 47.61202473945469], [12.208058746422635, 47.61516669008758], [12.206287653846944, 47.61893470765327], [12.20406304271428, 47.62412668943332], [12.202670740515178, 47.6298982205204], [12.202276753505446, 47.633465475916616], [12.201541455334732, 47.636039031021575], [12.199933643887176, 47.639617076903285], [12.19914863910636, 47.64136394686155], [12.19580425761368, 47.645485489780626], [12.192855701546504, 47.6487994853551], [12.18980953196711, 47.65276882742202], [12.186670328687521, 47.657213698208636], [12.185219060553633, 47.65965097322523], [12.184176499624925, 47.662679487201316], [12.182635858708121, 47.666553085212044], [12.180995215011803, 47.6690364092755], [12.178486610836764, 47.67251089364139], [12.175341726811615, 47.67605032792659], [12.170564390904985, 47.68164440283877], [12.168253269661372, 47.68569204707317], [12.167149716994821, 47.68823493546873], [12.165671333377622, 47.6923795186438], [12.164619020733213, 47.696868418008485], [12.164073899649502, 47.70038358948149], [12.181112908324565, 47.700585370909714], [12.184319899983356, 47.7005060356721], [12.196367225615838, 47.70831644623145], [12.203612328886589, 47.70727304134441], [12.226617411263623, 47.71829065871309], [12.249482857880952, 47.7416334974728], [12.25690337806196, 47.743232331879625], [12.265256602923293, 47.73254468686158], [12.246995131220482, 47.71129957556279], [12.243279261091205, 47.69207066106919], [12.256971429536003, 47.67927574339868], [12.26322765385253, 47.67813809127479], [12.2847664321552, 47.689859029962825], [12.30575120808893, 47.69261045400918], [12.312358718683688, 47.693475947251216], [12.333862699501774, 47.696474581178016], [12.335084301810078, 47.69307936521759], [12.339044893925717, 47.690898591453525], [12.353226211876272, 47.690969345200564], [12.364016145770028, 47.68389323788985], [12.369125751481388, 47.68513654197527], [12.393125315435478, 47.69097245156641], [12.400591650708368, 47.692786733339425], [12.429322627236512, 47.69682187840295], [12.44004237019917, 47.69554804494778], [12.44281678271094, 47.69223289403384], [12.439099008421904, 47.67596935412766], [12.452402884128086, 47.66809477007491], [12.46578626063245, 47.64956118563741], [12.491429299436756, 47.63675639760738], [12.499140609728608, 47.62468868734747], [12.512696955991245, 47.624714627713644], [12.524949242640728, 47.630783238897735], [12.535877780298149, 47.6365983834546], [12.575435733216798, 47.632298419300234], [12.56957376706981, 47.61640256206088], [12.573949357405281, 47.605476753792466], [12.62543037180407, 47.59666912013383], [12.653374790551451, 47.587907656685516], [12.666266726591497, 47.57884538929833], [12.652267397829062, 47.5698406020733], [12.639381057156937, 47.55341125886835], [12.62820791868787, 47.5494572919269], [12.644351450872437, 47.53816015816163], [12.654066110131906, 47.53674326115875], [12.659593758899412, 47.5127881002801], [12.664343999233111, 47.50778798655685], [12.669212002490115, 47.508095326968316], [12.672916718163709, 47.49955407820506], [12.697537764219003, 47.4874884498706], [12.699374273488768, 47.47825237153494], [12.684529804485164, 47.474913152793285], [12.677653923983888, 47.468856584619004], [12.664917411975704, 47.4648970501662], [12.641399247736212, 47.468030937384015], [12.632800971978877, 47.465271265240034], [12.619602673616333, 47.46968979542607], [12.609917612552646, 47.470156001621014], [12.596524699531223, 47.46408487274746], [12.588537747168195, 47.46561329825725], [12.583488715463535, 47.46273999481724], [12.576159589706242, 47.46268807105494], [12.569277944794905, 47.46742959872699], [12.560649049134627, 47.469126897378615], [12.557071521970599, 47.472309727380974], [12.550821930618003, 47.47423751143579], [12.550629255318817, 47.47435624726147], [12.53386210206722, 47.48273574625671], [12.532126152660071, 47.4852255294363], [12.520313400282989, 47.49137534294257], [12.506759703391065, 47.49200544410473], [12.49093192392496, 47.49648922861047], [12.482665729178354, 47.50368051471839], [12.462599720470752, 47.51032263964612], [12.448770297105845, 47.517775240241065], [12.437378237337906, 47.52119809681044], [12.428010488696003, 47.52590452088062], [12.427520393219096, 47.52527518138598], [12.426574212805598, 47.524304688000136], [12.425024756079186, 47.52271537754969], [12.421887383674672, 47.520928270188854], [12.418607403433516, 47.51962412616091], [12.416552699158819, 47.51896386914762], [12.413045697807263, 47.517836912852324], [12.41125767288447, 47.517183205500054], [12.394144137475921, 47.522185209041645], [12.371557250597338, 47.52024861962825], [12.341228775875516, 47.51424040402908], [12.320931377863795, 47.51415399034105], [12.29638457617075, 47.51619445083534], [12.283484272402587, 47.52155319850536], [12.25738737800557, 47.52244107356928], [12.245544090815214, 47.520205682349264], [12.23753970282674, 47.52207508756535], [12.223657835876226, 47.51925214520492], [12.209376943007943, 47.51750168386228], [12.20580092721352, 47.517063349310334], [12.194511486677635, 47.5199426061731], [12.181553339722683, 47.530669435390294], [12.181060298480281, 47.531718502634675], [12.178212278551456, 47.54195114514687], [12.171685060593282, 47.54391778693211], [12.166840427992637, 47.551051992541396], [12.151345838742932, 47.5576933177971], [12.154481389057663, 47.562153961355584], [12.159157817872412, 47.56540730668524], [12.152758890291306, 47.57568196143766], [12.154173026070604, 47.57638771665986], [12.158099636131412, 47.57779703458492], [12.162544823643328, 47.579628157810305], [12.165066067482442, 47.58096334006204], [12.16661999461902, 47.5822886177703], [12.167555692258617, 47.583726623837755], [12.168135657072492, 47.58533956378377], [12.168252872353495, 47.58734814537604], [12.168326810972825, 47.588615105393444], [12.168360567267506, 47.591055765439776], [12.168599345018583, 47.59218907104966], [12.16893006562939, 47.59314475055401], [12.170032603763937, 47.59456632671715], [12.172108433830614, 47.596629155343095], [12.177860273752767, 47.60108153408816]]]]}}, {"type": "Feature", "properties": {"id": "AT-07-04-01", "start_date": "2022-10-01", "end_date": null}, "geometry": {"type": "MultiPolygon", "coordinates": [[[[11.449486896542766, 47.50720455772533], [11.453364639887424, 47.50331913629956], [11.455340233782207, 47.50113698728113], [11.45721795453676, 47.49873888817085], [11.45968840466374, 47.494493078320076], [11.462188946988013, 47.489390455452984], [11.463073587865958, 47.48526151490177], [11.463403573018061, 47.48190932230226], [11.463585050101125, 47.47976914742264], [11.463974596758575, 47.47770380936977], [11.464893185053311, 47.47557567244583], [11.4679608043982, 47.472268141171426], [11.471822381589055, 47.470330775592565], [11.479163381342836, 47.46830685596289], [11.484375448785713, 47.4668910233228], [11.492126636620503, 47.465158667351744], [11.49851079245123, 47.463282331972344], [11.509006036226966, 47.461428627800515], [11.518545319424835, 47.45972301544145], [11.526181697123164, 47.45820087746152], [11.529903014127695, 47.45718806365878], [11.533320591123076, 47.45581316700877], [11.535690198543778, 47.45427882942123], [11.538069413097652, 47.452458848541674], [11.543464144628304, 47.449813717222476], [11.548630972288372, 47.44848084431322], [11.555743412308873, 47.44680572071695], [11.560831613803972, 47.445813163549374], [11.564764287274802, 47.444731079409145], [11.570828037375248, 47.44289593556689], [11.573497371912364, 47.4417940755297], [11.574580028624741, 47.440905877966465], [11.575373545568468, 47.43958149742585], [11.577971745678685, 47.43908807147807], [11.58001701516062, 47.439386443767376], [11.582102387965723, 47.43944069309273], [11.58507003388068, 47.4392236954557], [11.587636646563887, 47.43857269717475], [11.589601709399465, 47.43786743994742], [11.593010491869348, 47.43697229216077], [11.596218757723356, 47.436050002755714], [11.598304130528462, 47.435236204561775], [11.60143218973612, 47.43431388472719], [11.603838389126624, 47.433174526142096], [11.607447688212382, 47.431275540348565], [11.61089657400544, 47.42899666694556], [11.613382980042296, 47.42774867064951], [11.614826699676598, 47.42655490737269], [11.613703806627694, 47.424709947237154], [11.614024633213097, 47.42096556465492], [11.615548559493748, 47.4180892638495], [11.62052137156746, 47.41575554585004], [11.625654596933876, 47.414778609929975], [11.62822120961708, 47.41439868551074], [11.635239932237553, 47.41278829244834], [11.641693338896895, 47.40773141276422], [11.645866671814124, 47.401371047335154], [11.658336335018339, 47.40359360460243], [11.667682879621374, 47.40028526537217], [11.68414996165568, 47.398305932274845], [11.695755205843938, 47.3981136343151], [11.706906711454387, 47.398995658761734], [11.719813524773063, 47.396236698640514], [11.732720338091731, 47.39784610960086], [11.744608192464195, 47.39715636806576], [11.755477087890442, 47.39807602143948], [11.770177360497602, 47.38545333996563], [11.769641767031478, 47.3855112739038], [11.766489093371616, 47.385420436721475], [11.764466387644555, 47.38505931103412], [11.762840096397387, 47.38441836801591], [11.761213352851092, 47.383633533169075], [11.758146692575217, 47.38166139257736], [11.757429710601881, 47.38120027497193], [11.752067403830644, 47.37764972428532], [11.749822979657853, 47.37620734225478], [11.745327269394817, 47.37331779794875], [11.738924178449686, 47.36946638814573], [11.737992356502989, 47.36891824895849], [11.734692388415544, 47.36716995245185], [11.73155501601103, 47.36561974450422], [11.72716269464471, 47.36395321983489], [11.721287251778003, 47.36178278270819], [11.71495546383434, 47.35903084932442], [11.710506099333315, 47.356627634440876], [11.70845254648673, 47.35542598569913], [11.707311683794165, 47.35437936597446], [11.706284907370872, 47.35279001460123], [11.705771519159242, 47.35054158162079], [11.705808814026923, 47.34990793141368], [11.705885605428483, 47.34860319996894], [11.706456036774748, 47.3457342636711], [11.706513079909385, 47.34375693246273], [11.70594264856312, 47.34181830010849], [11.704801785870554, 47.33987959612405], [11.703090491831754, 47.33821225340705], [11.701208068389047, 47.336350971053], [11.700187721596137, 47.33506646930303], [11.699897017744933, 47.334590386866516], [11.697670464170258, 47.33184396884375], [11.69663084448986, 47.3308081607403], [11.695887583059982, 47.330067611812844], [11.694329825363047, 47.328891009071135], [11.692811723017325, 47.32815483915701], [11.690803576175986, 47.327411593299644], [11.687947923273368, 47.32689420621991], [11.685507929438886, 47.326525622114346], [11.68370402130118, 47.325975692568804], [11.681886208335701, 47.325180265808974], [11.67637716634028, 47.3228692226535], [11.674289780950854, 47.32234253105875], [11.67297234799211, 47.32201011206878], [11.669344112454592, 47.32157625121244], [11.666572530938527, 47.32138220581159], [11.666173168032312, 47.321338331292985], [11.661101741905586, 47.32088422598559], [11.657408216505312, 47.32030615515291], [11.652334465623696, 47.31908852109373], [11.646366187828177, 47.31738119213673], [11.641582118888774, 47.31588161297237], [11.63798975118614, 47.31435192608956], [11.635094446301752, 47.312927752978446], [11.632163376240023, 47.311225659969885], [11.631874417998597, 47.31105785689911], [11.629929587730505, 47.31023139984605], [11.626521718947583, 47.30951370768905], [11.622966253434415, 47.309031820064575], [11.620643309969891, 47.308746653195946], [11.617054559111667, 47.30780001888698], [11.614982919374594, 47.306911582940806], [11.61249611204314, 47.305873970682704], [11.6098209720379, 47.30434518623018], [11.607790641964217, 47.30311853364226], [11.605974042521048, 47.30191777703449], [11.603898138872257, 47.301171942216264], [11.601466169669306, 47.300611159363676], [11.599443148668566, 47.300389915676654], [11.597553829849062, 47.30036116989931], [11.595273032366475, 47.30049458656851], [11.592288455413414, 47.3008047645201], [11.589551558462256, 47.30100106530198], [11.585270447114445, 47.30131651205361], [11.582889694115389, 47.30132761396899], [11.58044370855083, 47.30119478889529], [11.578651521114255, 47.300926005845824], [11.576474129525048, 47.30056219725769], [11.572025952383315, 47.29958869937016], [11.570750625381873, 47.29921203741465], [11.56995181561028, 47.298891565181506], [11.568050377789403, 47.29772740006691], [11.564627789711674, 47.295334313004176], [11.56072984217878, 47.29158276803592], [11.557497397883228, 47.288413150678345], [11.554360025478713, 47.28582556624383], [11.55207830009355, 47.28453172626435], [11.549226143362151, 47.28336724305818], [11.54608877095764, 47.282655601735186], [11.544114782376061, 47.282255476680696], [11.542738247638155, 47.281918624377774], [11.539955446765642, 47.28122923996674], [11.535729135308891, 47.27997202737748], [11.531369634836876, 47.27852204676551], [11.528866279654682, 47.27805381123734], [11.52743182937292, 47.277936885946275], [11.522790975245004, 47.27767171331667], [11.519558357559353, 47.27755781719892], [11.517405359819579, 47.277586036335514], [11.5146792270994, 47.27749494483116], [11.51244434382573, 47.27736401120841], [11.510842239268817, 47.277147901417194], [11.508688838794672, 47.276684814703515], [11.506956768314899, 47.27618081291334], [11.504401939607487, 47.27518732399318], [11.502466745702991, 47.27448948844032], [11.500666520958637, 47.273936668005994], [11.498719843505363, 47.27357196584997], [11.496628351573323, 47.273347774988345], [11.49425381496484, 47.27321423103557], [11.492085779590596, 47.27317922632195], [11.489358255296318, 47.27313512965526], [11.486209452195512, 47.273131767278045], [11.48418296530807, 47.27305127993665], [11.481673609713175, 47.272772406869464], [11.481016442048182, 47.27266174593079], [11.47719224018783, 47.27185600580038], [11.472428197864984, 47.27085203236747], [11.46698657444789, 47.26957999317222], [11.463972503120308, 47.26897244274369], [11.462135666103075, 47.2686598749711], [11.457946292855146, 47.26799965530439], [11.457310767632432, 47.26789949968249], [11.454648754683179, 47.26759211080795], [11.452271957406975, 47.267495040263825], [11.450132839858451, 47.26764064601288], [11.448587921628965, 47.267883321365446], [11.44647257205314, 47.26841720320076], [11.443881863022126, 47.269274638445545], [11.438771748878429, 47.271167417712064], [11.43351902689806, 47.27309248231404], [11.426246027233006, 47.27571304524866], [11.422595521003451, 47.276995324770574], [11.421088377143743, 47.2775247161201], [11.41803707043035, 47.2784476300324], [11.41766578906608, 47.27855992859676], [11.414980008144058, 47.27933632458045], [11.41307045773481, 47.279797988663766], [11.411367276284281, 47.280209756359945], [11.40925192670846, 47.28048472262131], [11.407635704560734, 47.28061411801138], [11.406254225239296, 47.280534950455184], [11.403998070713884, 47.280048131877415], [11.402058604136538, 47.27934938546668], [11.39989096502068, 47.27795186478964], [11.398923711868504, 47.2770910545848], [11.39726698082783, 47.27511788940013], [11.393445090807708, 47.27057544592227], [11.391505624230364, 47.26882824781589], [11.390333111402846, 47.26786166504971], [11.38963189994133, 47.2673927491228], [11.385677984533231, 47.264562828115636], [11.382084639389033, 47.26145316894145], [11.378265512995155, 47.25782688089664], [11.377691518768797, 47.257281847638424], [11.377199473356367, 47.25697745192688], [11.37633360133992, 47.25628671824191], [11.37447019227545, 47.254966259806466], [11.372625797589142, 47.25415066598618], [11.37062928787716, 47.253619875917096], [11.368366576870232, 47.253477467914585], [11.366370067158249, 47.25363282207997], [11.363194665997332, 47.25433191014966], [11.361480765981728, 47.254684924763296], [11.3609319549904, 47.254797963703986], [11.358612200848901, 47.2550050972922], [11.356026245412453, 47.25504393474921], [11.354008534434609, 47.25492447850607], [11.353402261219568, 47.254888584749025], [11.35209899251392, 47.25469642494412], [11.350417003840693, 47.25444842392512], [11.347469775218226, 47.25374933740316], [11.345035934807484, 47.25320559702169], [11.343229568877582, 47.25312791936577], [11.341385174191307, 47.25320559702169], [11.339540779505002, 47.253516306498916], [11.336441435856889, 47.25450020774259], [11.333037862157394, 47.25629966374878], [11.329824432240006, 47.258086113163785], [11.326972275508645, 47.26057150711901], [11.325457986623675, 47.26222445245932], [11.32476660763635, 47.2629791205682], [11.32271305478973, 47.26458413499699], [11.321534163340797, 47.26515364447645], [11.31993695557117, 47.26547722666144], [11.318541724897862, 47.26553895573166], [11.31546331770971, 47.26553212058675], [11.310646951496162, 47.26521527290119], [11.310507943561475, 47.26520612814826], [11.308205996275408, 47.265022359267874], [11.306614706305375, 47.26479261485898], [11.304915817261989, 47.26454733459668], [11.300547611322285, 47.26402868855962], [11.299463720594789, 47.263985875146375], [11.297366888636803, 47.263794577566216], [11.294742904443886, 47.26372985921853], [11.292347092789514, 47.26384635218691], [11.290825942532793, 47.264040506561074], [11.288943519090084, 47.264467643662186], [11.28876176477938, 47.26451522982008], [11.286471649922875, 47.26511481448044], [11.284094852646673, 47.26551605638988], [11.280577192678003, 47.26600789713637], [11.278067294754324, 47.26617615738873], [11.276348353296429, 47.26608128575716], [11.275253166779397, 47.26602084025182], [11.272458053182602, 47.26574903415879], [11.270594644118127, 47.2657231477909], [11.268959407592137, 47.26583963634575], [11.267951645547008, 47.26605966957903], [11.265993164591428, 47.266629163085746], [11.264633636549483, 47.26695111833468], [11.264033495237241, 47.26704414523821], [11.261965681606986, 47.2670198773662], [11.259862216017583, 47.266680125982504], [11.257972662183057, 47.26595207991451], [11.256111534408253, 47.26518605753906], [11.25490659369678, 47.264690109528935], [11.250877922313698, 47.2631854129673], [11.248204025378028, 47.26265147803667], [11.244924045136905, 47.26262720813838], [11.242464059956115, 47.26286990661771], [11.240289290448372, 47.2635009174249], [11.23909909132777, 47.26419357496714], [11.237982261125207, 47.26524132018712], [11.236815218888994, 47.266661068580795], [11.23479888874049, 47.26925247472937], [11.233158898619928, 47.27097539269773], [11.23062760952083, 47.27277104995667], [11.22731197732059, 47.274057091128206], [11.224979994186846, 47.274784526036186], [11.223889389242858, 47.275124724060355], [11.220038977655504, 47.275901170761834], [11.216402477822962, 47.2767746595988], [11.212409458399032, 47.278060602872934], [11.209878169299902, 47.27898258058195], [11.207826626194583, 47.27946125640054], [11.207382532159992, 47.279564873964226], [11.204352115632867, 47.28014716089839], [11.200109532494904, 47.28055961024218], [11.196366076784939, 47.28055961024218], [11.193371312217, 47.28068091825702], [11.19208784168786, 47.28089927197843], [11.18948524867046, 47.28201528794915], [11.187339028493398, 47.28307221149827], [11.192428339184024, 47.288758750759484], [11.199338305187684, 47.29084056390269], [11.201654071349564, 47.29350974972613], [11.196216790947, 47.30243409316967], [11.19988983380728, 47.31092631860227], [11.197215548914784, 47.32046567906929], [11.188945355796916, 47.32626354969766], [11.188273893934138, 47.33253008424073], [11.19315260846011, 47.338709514226316], [11.197138228297506, 47.343757201300356], [11.214474293000798, 47.351209044950515], [11.223733728134844, 47.358958173429116], [11.234317754934997, 47.37310921463616], [11.241035514380721, 47.383530704086084], [11.246050962064212, 47.38687147947864], [11.264277757929818, 47.3898276738604], [11.264196444189336, 47.39189806701895], [11.2649758438558, 47.393483940120234], [11.265857627919504, 47.39514310307872], [11.266005974850216, 47.3961707047828], [11.266105807973807, 47.39686223917249], [11.265851014139134, 47.39793409224452], [11.271114150591945, 47.397904455443665], [11.281073626692427, 47.40074601885906], [11.290098712580013, 47.40754321644335], [11.291698656508263, 47.427875564225594], [11.30122926218927, 47.43135421785619], [11.311316277902105, 47.430140503906244], [11.321749010703, 47.437640009103696], [11.329704967240783, 47.438031146152476], [11.331783621394182, 47.44562233205348], [11.33797257424588, 47.44965215935197], [11.357487148086571, 47.44876045077061], [11.364864004274102, 47.44490752006307], [11.38100642487619, 47.449249876901476], [11.393614105021097, 47.445824352510506], [11.401677608293005, 47.44854702456392], [11.4211666951625, 47.444550508621006], [11.412324964732925, 47.45504060476431], [11.409146793206482, 47.466988137884606], [11.393888667704987, 47.466122399836046], [11.383296317543742, 47.47242591679687], [11.390286651359231, 47.48213912667007], [11.407185021478508, 47.490562954905926], [11.409967581582084, 47.49453701808348], [11.413404808833645, 47.499445154565194], [11.436608050547047, 47.516098490432334], [11.441897328750546, 47.51823322738037], [11.44280054551075, 47.51564683320632], [11.443802931613877, 47.51416318020291], [11.445563441430384, 47.512120516854], [11.447331500580002, 47.509863638307515], [11.448526117333857, 47.50838987376298], [11.449486896527002, 47.50720455772437], [11.449486896542766, 47.50720455772533]]]]}}, {"type": "Feature", "properties": {"id": "AT-07-08", "start_date": null, "end_date": null}, "geometry": {"type": "MultiPolygon", "coordinates": [[[[10.526233154544274, 47.33120058007785], [10.527017497645417, 47.331491438338254], [10.528184361774258, 47.331969812989286], [10.528263455197097, 47.33199940328476], [10.531621580601845, 47.325242145243394], [10.535110113646827, 47.32323522706822], [10.535946429140635, 47.32291168236874], [10.557525630275059, 47.31456266482464], [10.584692464215816, 47.30407770077673], [10.594253747923135, 47.30226517141798], [10.600862333631182, 47.29509879028149], [10.602217678509955, 47.28393024977304], [10.61405962627864, 47.2806931412612], [10.61983716193387, 47.279113724865006], [10.628017252985964, 47.26818277535374], [10.627517449580171, 47.257895268494025], [10.631282296465587, 47.25051292959771], [10.639564959613558, 47.24692391859755], [10.643329806498976, 47.243232109138106], [10.644082775876083, 47.232873150563194], [10.656130285909533, 47.2306164734656], [10.663810573555836, 47.225897654372], [10.665281120625417, 47.22108895501983], [10.667575420441253, 47.21358570180268], [10.67251089799573, 47.207447042239124], [10.673201086315164, 47.2036060857523], [10.672682898974646, 47.203648127297676], [10.672519497693772, 47.203661384353914], [10.67046594484712, 47.203700259684936], [10.668697607673652, 47.20346700726911], [10.666510954179591, 47.202909788987746], [10.663560588351489, 47.201624465428], [10.66080664071683, 47.20069381615077], [10.656794606914666, 47.19929420637348], [10.655171634959641, 47.19881178206035], [10.652478343061116, 47.19801119810872], [10.6508948710979, 47.19720174370643], [10.649892387624668, 47.19668927815582], [10.648580395528224, 47.19558765288163], [10.647822751595113, 47.1944753532787], [10.647591647861335, 47.194136064441615], [10.646755015220085, 47.192334483940186], [10.64603056741035, 47.191082414051934], [10.644909871436987, 47.18967387103532], [10.64450941715363, 47.18917055227623], [10.642750587169262, 47.18771230603412], [10.641324508803512, 47.18677252598433], [10.639493538219902, 47.18601820799696], [10.636238162632552, 47.185281806048096], [10.630010953768995, 47.184341982699934], [10.624829535706995, 47.18324009952252], [10.621406947629264, 47.182138193332136], [10.619600581699427, 47.18126313378713], [10.61698610469561, 47.179642614825816], [10.613658588508985, 47.17695244348724], [10.60904760179325, 47.174164892351136], [10.607626697208158, 47.17329572553156], [10.605815157497632, 47.17218758658969], [10.603295752384955, 47.17115028181289], [10.60068127538117, 47.170242623410324], [10.59691414711533, 47.16915931824345], [10.59673579190271, 47.16910802845816], [10.59561869718291, 47.168670392459084], [10.594430298544843, 47.16802203616155], [10.593996566789372, 47.16770052283169], [10.593063640111014, 47.16700896350437], [10.591667271711307, 47.16544879358778], [10.590092643515842, 47.164111468389166], [10.588072365831092, 47.1631185838305], [10.584655719746603, 47.161598826404926], [10.580644874343115, 47.160099289537634], [10.579475090177862, 47.1596046043542], [10.577673877747877, 47.1588428880235], [10.575267370505761, 47.157566191347065], [10.574108681833604, 47.15675557426211], [10.57369274231033, 47.15626919803831], [10.57357390244649, 47.15553962530359], [10.573579660752598, 47.15552565939447], [10.57384129214008, 47.15489110774453], [10.574702881152707, 47.1541209827998], [10.576336929280057, 47.15351298148969], [10.578149237203137, 47.15258069921992], [10.578981116249786, 47.15162813294742], [10.578921696317831, 47.15055394186055], [10.578446336862603, 47.14982429017265], [10.57699054853098, 47.14885140557677], [10.573781872208128, 47.14769608184589], [10.573486309911885, 47.147595260872926], [10.569563057042933, 47.1462569590519], [10.56635438072015, 47.1447772567105], [10.565581921605387, 47.14410833657001], [10.565344241877808, 47.14364211449387], [10.563115994431387, 47.14333805440161], [10.561363106440194, 47.14295290910598], [10.557946460355707, 47.141898812887334], [10.555005173726444, 47.141209584758435], [10.552034177131272, 47.1407636088253], [10.549063180536036, 47.14052034763885], [10.545497984621797, 47.140439260327845], [10.543299447141353, 47.14056089124772], [10.541279169456606, 47.14037844476298], [10.538219042963572, 47.139648652523995], [10.535426306164057, 47.13873639805104], [10.531742270385978, 47.137438942339465], [10.52799881467608, 47.13642528289909], [10.524998108114897, 47.13579680428134], [10.522086531451613, 47.13533050886423], [10.520452483324194, 47.13482366135295], [10.51846696833815, 47.134227497646386], [10.51822423587784, 47.13415461519505], [10.517910269342211, 47.13410592140034], [10.516916997375969, 47.13395187226288], [10.515461209044274, 47.13387077487222], [10.513559771223331, 47.134032969529095], [10.512460502483158, 47.134032969529095], [10.511301813811, 47.1337288541392], [10.510291674968624, 47.133201716651364], [10.50901414643266, 47.132106875838424], [10.507588068066978, 47.13101201234612], [10.506233080312356, 47.130379314611005], [10.505894600007704, 47.130221263497035], [10.504988025124185, 47.12988461790433], [10.503874322322954, 47.12947105493556], [10.501467815080842, 47.12866000667519], [10.499863476919431, 47.127707009067905], [10.498942467974924, 47.12671344007779], [10.497516389609238, 47.12503041326363], [10.496714220528533, 47.1232662192069], [10.495496111924489, 47.121035544747706], [10.49463452291193, 47.12000129102103], [10.493772933899272, 47.11914953746759], [10.493089604682375, 47.118520853425174], [10.492317145567647, 47.11791244239628], [10.492039070670824, 47.11765359870228], [10.491972041557016, 47.11760145489778], [10.491787179060863, 47.117144202694895], [10.489740855773462, 47.117115764890606], [10.487673042143177, 47.117115764890606], [10.4840365423107, 47.11731046011462], [10.481006125783544, 47.11779719503863], [10.478082665133904, 47.11855162531699], [10.476264415217585, 47.11942772439093], [10.474160949628214, 47.120547163195184], [10.471023577223699, 47.121617908570826], [10.467565337186883, 47.12273730100656], [10.464142749109152, 47.124002672613614], [10.462207793412594, 47.124803503625955], [10.460791464949759, 47.12538967977467], [10.456869749444099, 47.12658199017764], [10.454160200549277, 47.12731196286669], [10.450951524226525, 47.12787160176868], [10.446530681292804, 47.128674551583636], [10.44260896578711, 47.12928283877808], [10.440792136480166, 47.12951842480407], [10.439043769872905, 47.129745132364434], [10.436548132732895, 47.12998844315428], [10.43219859371751, 47.130499392167394], [10.430344691842137, 47.13084002209892], [10.429132525231267, 47.13122931076127], [10.42727862335586, 47.132153859843314], [10.425103853848185, 47.13351632374973], [10.423463863727658, 47.13446516179428], [10.421217790301643, 47.13551129681633], [10.419613452140235, 47.136654723036976], [10.418508241406855, 47.1378467793511], [10.417795202224012, 47.13896582815459], [10.416262167980841, 47.14057137852292], [10.415121305288276, 47.142176880106234], [10.413944790636625, 47.14344178638804], [10.412661320107452, 47.14431747299707], [10.410985678027771, 47.14514449702299], [10.409702207498663, 47.145849889638036], [10.407242222317839, 47.14704173851682], [10.405103104769315, 47.14794168821958], [10.40207268824219, 47.14869568832881], [10.398257928613921, 47.14969289774972], [10.396047507147063, 47.14996043853773], [10.393801433721114, 47.14988747300266], [10.391769272050015, 47.14969289774972], [10.389986674092844, 47.14971721969551], [10.388302541265737, 47.14995169338321], [10.38823972809486, 47.14996043853773], [10.386421478178638, 47.15051983762466], [10.384496272384927, 47.150860338516225], [10.382678022468673, 47.15083601709674], [10.3804751742379, 47.15054977594708], [10.379802338589162, 47.157017734311644], [10.376607923049946, 47.162776059711234], [10.379859381723731, 47.168028038615724], [10.379588426834284, 47.17450475969856], [10.386219691234764, 47.1799500362186], [10.39128226943299, 47.1877280280229], [10.402263072848855, 47.19108193311384], [10.407641148355301, 47.19685394594709], [10.412245621408697, 47.2072165819053], [10.41323901627612, 47.21039299442607], [10.41409952328414, 47.213144338967496], [10.421657738622306, 47.22052880855268], [10.42257447360922, 47.221572474532785], [10.427076836411988, 47.226697933756626], [10.436631561462171, 47.23071314419087], [10.441860515469672, 47.232267337031686], [10.443476737617464, 47.23459854030592], [10.442430946816005, 47.236605882665295], [10.434254764185967, 47.23790090164752], [10.423842829394346, 47.24221525388992], [10.418472830272291, 47.24444026101587], [10.409821288187025, 47.25667509820925], [10.40468740607053, 47.266318547169746], [10.404471344123772, 47.271480985711634], [10.406252428043654, 47.2719935621172], [10.408914440993009, 47.27251122534292], [10.410007767740005, 47.272802408668525], [10.411353069062256, 47.27347386670525], [10.411433846105686, 47.27351418334439], [10.412669780689324, 47.274484769651785], [10.413382819872165, 47.27548769001899], [10.414000787164003, 47.27726701779682], [10.414761362292312, 47.278852186380625], [10.415807153093839, 47.27998442039968], [10.417803662805822, 47.28105193300261], [10.419657564681227, 47.2816665516398], [10.421463930611132, 47.28179594412163], [10.422358524645693, 47.28178144962474], [10.42346044032308, 47.28176359603102], [10.425029126525338, 47.2816342034696], [10.42693056434628, 47.28147246232002], [10.42792881920227, 47.28144011403038], [10.428974610003799, 47.28156950706947], [10.430067936750795, 47.28176359603102], [10.43387081239268, 47.28312219870153], [10.43715079263377, 47.28422199419871], [10.440383236929389, 47.28548349599867], [10.44380582500702, 47.287068416892154], [10.446657981738417, 47.288653290003566], [10.44730785939074, 47.289095470425856], [10.450793608998923, 47.29146713065211], [10.45369330167589, 47.2936016679073], [10.455357059769186, 47.29505698451623], [10.456878210025906, 47.296027173200905], [10.458874719737855, 47.2967386335201], [10.461251517014063, 47.29709436006772], [10.462544753081929, 47.29718109961018], [10.46462656914622, 47.297320730253425], [10.467193510204469, 47.29728839171516], [10.47023581071791, 47.29680331125324], [10.473135503394877, 47.296253547983575], [10.475417228779976, 47.295897815744446], [10.47717605876431, 47.29580079744312], [10.479125032530789, 47.2960595125153], [10.48064618278751, 47.29660927781491], [10.482119797098727, 47.29735306877176], [10.484924417884624, 47.29951970416911], [10.487871646507026, 47.301718586066826], [10.490105835946656, 47.30375570335504], [10.491912201876493, 47.30563107483948], [10.493005528623524, 47.30740938251236], [10.493861175643005, 47.30909063622434], [10.494137879761356, 47.30949269538727], [10.494906966444466, 47.31061018462944], [10.49661826048333, 47.31225900657453], [10.49937534532369, 47.314618994981096], [10.502370109891663, 47.316493978666394], [10.504841979058805, 47.31778703186105], [10.506886024716323, 47.31865982476899], [10.510498756576064, 47.320017473792284], [10.51439670410899, 47.32150438244753], [10.516393213821004, 47.32239327512057], [10.518080739887072, 47.32331447528429], [10.519744497980364, 47.32434878603106], [10.521289416209886, 47.32564164581067], [10.52245404687522, 47.32670823116135], [10.523571141594951, 47.327823274495145], [10.524355484696096, 47.328647421737166], [10.524925916042363, 47.32943923729184], [10.525425043470392, 47.33029567740477], [10.525524834688056, 47.33043589019221], [10.525781563061779, 47.33079660759787], [10.526233154544274, 47.33120058007785]]]]}}, {"type": "Feature", "properties": {"id": "AT-07-13", "start_date": null, "end_date": null}, "geometry": {"type": "MultiPolygon", "coordinates": [[[[10.26283016592487, 46.92904079088324], [10.264533448099112, 46.93383226841821], [10.272481417953705, 46.94933920902462], [10.280562528692636, 46.957346417403805], [10.282982906551606, 46.962925357515935], [10.286266842155465, 46.97049385132897], [10.28710062870849, 46.97870276416169], [10.295298671804918, 46.983052471260216], [10.295735343870412, 46.984189025246906], [10.301098057158788, 46.998144915293274], [10.29764219998777, 47.00672987588615], [10.293492305875015, 47.01193253676194], [10.291439894791191, 47.01433560924382], [10.292335958001697, 47.01492370757393], [10.294271693494364, 47.016070028713095], [10.295259418651332, 47.01665493908074], [10.296756800935352, 47.01753272502708], [10.298254183219338, 47.0179959950894], [10.300286344890472, 47.018605554798796], [10.301631108989405, 47.01911296169411], [10.302354158520691, 47.01938578100928], [10.303341134610516, 47.01990193930837], [10.304172408436983, 47.020336666192], [10.30538457504785, 47.02126315331263], [10.306988913209224, 47.02284789641011], [10.308842815084663, 47.02472514621512], [10.31066106500092, 47.02611475588258], [10.311919709409544, 47.02676988156566], [10.31304974626344, 47.027358059994256], [10.315965458705708, 47.02932908396617], [10.316187118667955, 47.02947892328458], [10.318825363644509, 47.031380314831615], [10.321855780171663, 47.033427891040866], [10.32545662804499, 47.035914127308345], [10.32855834849042, 47.0382052614511], [10.331660068935781, 47.0403013187435], [10.334940049176904, 47.042421664488174], [10.338612200968564, 47.0444931847603], [10.341585565379656, 47.04599078126146], [10.34199913708711, 47.04619908185682], [10.344601730104511, 47.047758711165244], [10.347168671162759, 47.04887966638824], [10.349878220057581, 47.04983002290028], [10.353158200298704, 47.05063415740955], [10.356652092294706, 47.05177941883176], [10.359397293148646, 47.052924655507816], [10.36182162637032, 47.0541916970378], [10.362202359973967, 47.054448806391804], [10.364816390938293, 47.05621402748781], [10.365642553799235, 47.05669640991756], [10.36664797867545, 47.05728345446283], [10.368488542729988, 47.0583581007872], [10.369643705192942, 47.058826816529695], [10.370770268115084, 47.05928392380293], [10.374513723825018, 47.06030718305314], [10.3769366537786, 47.060993701016635], [10.380360645124421, 47.06196384660984], [10.383747581242934, 47.06298705410618], [10.38741973303463, 47.06405896457469], [10.387628762536908, 47.06413413927747], [10.391484056376864, 47.06552062571768], [10.39522751208683, 47.06698224653353], [10.398792708001036, 47.06812715467198], [10.402108340201275, 47.06895537066625], [10.404853541055251, 47.06939383271488], [10.409702207498663, 47.07012459473051], [10.41676129540887, 47.07097713767338], [10.425139505807337, 47.072316820287675], [10.430808167310982, 47.07346161312564], [10.439685505137444, 47.0748012328981], [10.443909643018548, 47.07583928463649], [10.444641127458244, 47.07601903965038], [10.450274137002769, 47.07730988423304], [10.455907146547261, 47.079233914922796], [10.458167240977126, 47.08000586112909], [10.459507698717221, 47.08058034878267], [10.461254940418636, 47.08142576343232], [10.464285356945727, 47.08337399704858], [10.467422729350309, 47.08524910419742], [10.468647167038117, 47.08602533063226], [10.47039460852209, 47.087133093118595], [10.47302008693568, 47.089291317066575], [10.476620934809038, 47.09155579539875], [10.480257434641581, 47.09394191504646], [10.482966983536404, 47.09671746989561], [10.484792668307634, 47.09872971408143], [10.484999145207507, 47.0989572852125], [10.486551944345319, 47.10100036982465], [10.486677237743987, 47.10116207931777], [10.4867534036457, 47.10136621498452], [10.48710261079691, 47.102000360633625], [10.487388561727332, 47.10306850012382], [10.487708694102329, 47.104264295204715], [10.488350429366932, 47.107185357958194], [10.489313032263738, 47.110179279893366], [10.490097375364916, 47.11200475888516], [10.491166934139144, 47.11365980538132], [10.4918443213629, 47.11504708386636], [10.4918443213629, 47.116239627512], [10.491773017444562, 47.116750709413644], [10.491787179060863, 47.117144202694895], [10.491972041557016, 47.11760145489778], [10.492039070670824, 47.11765359870228], [10.492317145567647, 47.11791244239628], [10.493089604682375, 47.118520853425174], [10.493772933899272, 47.11914953746759], [10.49463452291193, 47.12000129102103], [10.495496111924489, 47.121035544747706], [10.496714220528533, 47.1232662192069], [10.497516389609238, 47.12503041326363], [10.498942467974924, 47.12671344007779], [10.499863476919431, 47.127707009067905], [10.501467815080842, 47.12866000667519], [10.503874322322954, 47.12947105493556], [10.504988025124185, 47.12988461790433], [10.505894600007704, 47.130221263497035], [10.506233080312356, 47.130379314611005], [10.507588068066978, 47.13101201234612], [10.50901414643266, 47.132106875838424], [10.510291674968624, 47.133201716651364], [10.511301813811, 47.1337288541392], [10.512460502483158, 47.134032969529095], [10.513559771223331, 47.134032969529095], [10.515461209044274, 47.13387077487222], [10.516916997375969, 47.13395187226288], [10.517910269342211, 47.13410592140034], [10.51822423587784, 47.13415461519505], [10.51846696833815, 47.134227497646386], [10.520452483324194, 47.13482366135295], [10.522086531451613, 47.13533050886423], [10.524998108114897, 47.13579680428134], [10.52799881467608, 47.13642528289909], [10.531742270385978, 47.137438942339465], [10.535426306164057, 47.13873639805104], [10.538219042963572, 47.139648652523995], [10.541279169456606, 47.14037844476298], [10.543299447141353, 47.14056089124772], [10.545497984621797, 47.140439260327845], [10.549063180536036, 47.14052034763885], [10.552034177131272, 47.1407636088253], [10.555005173726444, 47.141209584758435], [10.557946460355707, 47.141898812887334], [10.561363106440194, 47.14295290910598], [10.563115994431387, 47.14333805440161], [10.565344241877808, 47.14364211449387], [10.56522359060633, 47.14255574703953], [10.56517605466076, 47.14028534275469], [10.565794021952597, 47.13756072883403], [10.567172564372743, 47.13516035731767], [10.568403523614066, 47.13373748476138], [10.569501825703375, 47.13246791899852], [10.571973694870588, 47.13039172832175], [10.574207884310216, 47.128834531794155], [10.577725544278886, 47.126952858117406], [10.57988592278667, 47.12567171372616], [10.580005286339068, 47.125625551412426], [10.582193923158076, 47.124779117216995], [10.583769332833503, 47.124389828882116], [10.58661476609173, 47.12400044201723], [10.589989818223893, 47.12367599063241], [10.593887765756783, 47.123156864275266], [10.597452961671088, 47.12234571913766], [10.599877294892766, 47.12133988188411], [10.601873804604711, 47.12017178880244], [10.60339495486143, 47.1191983581888], [10.604615916999764, 47.11847931784832], [10.605819288083172, 47.117770627539606], [10.607815797795153, 47.11721899401014], [10.608740865381458, 47.117079698138625], [10.611048242090739, 47.11673225376415], [10.61485111773256, 47.11605080989328], [10.61870152931998, 47.115077303416726], [10.622598860607457, 47.11441216885594], [10.62326498009021, 47.11429848533266], [10.626307280603687, 47.11397397441271], [10.627225764142139, 47.11395406908118], [10.629302045171626, 47.11390907198977], [10.634530999179193, 47.1138441694871], [10.638666626439699, 47.11368191288222], [10.644941371248793, 47.1134223012789], [10.650027717419754, 47.11316268840132], [10.652594658478035, 47.112675910820904], [10.654781311972128, 47.11186460489765], [10.656825357629579, 47.110761208870535], [10.658394043831903, 47.10943061245844], [10.659109071708725, 47.10841202395419], [10.659758721193938, 47.107486552823964], [10.660573480803345, 47.10607863629775], [10.661864167855102, 47.10384823349167], [10.662862422711093, 47.10118665940828], [10.664003285403625, 47.09858987273286], [10.665334291878303, 47.09579818491995], [10.66566704349692, 47.09423996954292], [10.66566704349692, 47.092908957577144], [10.665429363769308, 47.091253261830694], [10.665001540259619, 47.089305318171185], [10.664003285403625, 47.086415736374654], [10.663005030547636, 47.083980573067485], [10.661864167855102, 47.0816102398755], [10.661341272454306, 47.07943463519456], [10.661246200563268, 47.077518730186995], [10.661769095963997, 47.074108897273824], [10.661973364211837, 47.072976962245804], [10.662196919473722, 47.071738122152055], [10.662196919473722, 47.07027663256072], [10.661864167855102, 47.06875014482159], [10.660675769217, 47.06689881343063], [10.659107083014742, 47.06456019708502], [10.658052809913523, 47.06265391404954], [10.65681793041212, 47.060720905863555], [10.656635213847533, 47.060434886044845], [10.655399279263895, 47.059265448107105], [10.654628082059984, 47.05884383462047], [10.65444856035344, 47.058745689627884], [10.652071763077338, 47.05767367166318], [10.648506567163032, 47.0559194136675], [10.646224841777935, 47.05442499994024], [10.643943116392835, 47.05244321239521], [10.642754717754734, 47.0507537612224], [10.641376175334521, 47.04841443223395], [10.640092704805417, 47.04675734506827], [10.638238802930006, 47.04490524517064], [10.635529254035184, 47.04318305914081], [10.632436629018748, 47.041293188012475], [10.632391881630669, 47.041265842852425], [10.631005608740198, 47.04016487095992], [10.629159437335083, 47.03869861417473], [10.627733358969367, 47.03704122330983], [10.627115391677568, 47.035676274289195], [10.626592496276833, 47.034051289171224], [10.625926993039464, 47.03281626718108], [10.624405842782743, 47.03125619829619], [10.622361797125224, 47.029533568928834], [10.621458614160273, 47.02816842667736], [10.620714642966549, 47.0264157314692], [10.61979485606701, 47.02530801470193], [10.618226169864753, 47.02410529542696], [10.61603951637066, 47.02300006989108], [10.614307229465423, 47.022416603656765], [10.612854608020614, 47.02192732897022], [10.608861588596612, 47.02056199097402], [10.606579863211515, 47.01932665489352], [10.604630889445069, 47.01776618926143], [10.602729451624127, 47.015848054052334], [10.601636124877128, 47.01477516853111], [10.600590334075603, 47.013214569053005], [10.600486639180227, 47.01280836769357], [10.600067438674806, 47.011166212595505], [10.599601781305635, 47.00919613019201], [10.599467868308045, 47.0086295635238], [10.598783968145698, 47.00677661112681], [10.597262817888977, 47.004760524368244], [10.594648340885195, 47.0026142833616], [10.591986327935874, 47.000695600527884], [10.588611275803746, 46.998939457163175], [10.585467756859543, 46.997475172739094], [10.584142896924556, 46.99685802685174], [10.581053060465543, 46.9952969005767], [10.578295975625183, 46.99360562865656], [10.57582410645794, 46.99136135776505], [10.57444402790283, 46.98972486530331], [10.573067021617616, 46.98817367958853], [10.571022975960101, 46.986644827282305], [10.568753564052543, 46.98528343134099], [10.566602133026443, 46.98443279286984], [10.564082727913698, 46.983619521767864], [10.562181290092822, 46.98254598485025], [10.561040427400256, 46.981179633763695], [10.559614349034574, 46.97939031134812], [10.558140734723288, 46.97818655145619], [10.555811473392687, 46.97721050990285], [10.552721636933644, 46.97597416486549], [10.549013833182864, 46.97441242475629], [10.544973277813396, 46.972622874457834], [10.542363735957995, 46.971579908845975], [10.54036229109763, 46.97063803001317], [10.539268964350567, 46.96979200821208], [10.538841140840876, 46.96927137271808], [10.538365781385615, 46.96832770788735], [10.538033029766995, 46.96712369740127], [10.537462598420731, 46.966342703044745], [10.536369271673701, 46.96585457574526], [10.534990729253488, 46.965496612876926], [10.533399511378795, 46.96526199024324], [10.531900892794475, 46.9650410202858], [10.529048736063078, 46.964455252645706], [10.526719474732444, 46.96344641546937], [10.525531076094342, 46.96260027920541], [10.52453282123835, 46.961103235903686], [10.523201814763707, 46.95986651616517], [10.52163312856145, 46.959020322927934], [10.519874298577115, 46.95843448895194], [10.51735489346437, 46.957425537530064], [10.515500991588963, 46.95599344457777], [10.513789697550132, 46.95378013415587], [10.50989175001724, 46.95049254718841], [10.507847704359726, 46.94844177121602], [10.505851194647708, 46.94655368533695], [10.503510049330721, 46.944828306882755], [10.501263975904775, 46.94311915041315], [10.498910946601308, 46.94153202738235], [10.495987485951673, 46.93992043863037], [10.493955324280542, 46.938430896528544], [10.49235098611913, 46.936868053433315], [10.491643709691948, 46.93600907878149], [10.478439563981524, 46.94013919699435], [10.456598760944996, 46.95193880761113], [10.424032203786142, 46.9590208966373], [10.426845285724086, 46.97552482086217], [10.40220958783226, 46.990806396464016], [10.398719652169746, 46.996826100341], [10.389270363724423, 47.0005278929247], [10.372184176347911, 46.990657733468865], [10.349599673587784, 46.990851651657756], [10.329818324787576, 46.964622464292425], [10.32794092104963, 46.954160852353475], [10.307936807050563, 46.947861032487495], [10.30614112387279, 46.9406374573794], [10.31743970497305, 46.93062820832699], [10.316286086842783, 46.925329766935114], [10.303418639501096, 46.92541679732414], [10.296897040768904, 46.92008945472239], [10.270209936993584, 46.928118972213525], [10.26283016592487, 46.92904079088324]]]]}}, {"type": "Feature", "properties": {"id": "AT-07-20", "start_date": null, "end_date": null}, "geometry": {"type": "MultiPolygon", "coordinates": [[[[10.74073483460262, 46.93091758493512], [10.740986066000511, 46.932810651202175], [10.749756056451373, 46.93238477521054], [10.767433486192816, 46.93096014885431], [10.792862902782588, 46.94266053020799], [10.810380400703737, 46.9459340223207], [10.813074040250237, 46.94809355587533], [10.813186833758987, 46.94998593964679], [10.82668973729684, 46.959008134629784], [10.832795411287318, 46.96605590440484], [10.847353294603812, 46.9665643683189], [10.848271407878135, 46.96699339724898], [10.854838410317878, 46.97006201788504], [10.868297988093593, 46.971009600148804], [10.869212561108597, 46.97116527539415], [10.868663356860784, 46.973501388497844], [10.868187997405588, 46.97716170735454], [10.868544516996979, 46.98013044747288], [10.868544516996979, 46.981675753399706], [10.86812857747367, 46.98354632675803], [10.867356118358877, 46.98627073969854], [10.867177858563215, 46.987612563374505], [10.86738240248554, 46.98868564473257], [10.867534378154602, 46.98948292770426], [10.867622011617422, 46.99012255157846], [10.878083746860119, 46.993183665283844], [10.889054059102936, 46.99117630087139], [10.902019631955527, 46.988220414621004], [10.9182115633994, 46.98750885382315], [10.942753071575318, 46.98010398528076], [10.95632274085314, 46.99730198357949], [10.97825540458847, 46.99423780476981], [10.995308925044972, 46.99822191768182], [11.004637854353925, 46.996595785248964], [11.011552078634061, 46.997267069454715], [11.011918109016337, 46.9948856578493], [11.012714760596111, 46.99003840492345], [11.0133670826146, 46.98562649266778], [11.013161937188029, 46.98076352691508], [11.011882609464655, 46.976593091323586], [11.01019879654765, 46.97212853729955], [11.009489398268332, 46.96925589225079], [11.009633075623075, 46.96597201924413], [11.00979946099453, 46.96216890851892], [11.011909528757524, 46.956872747413186], [11.013493924604758, 46.95404709552886], [11.015249280144795, 46.952082351970404], [11.017598895229286, 46.95084425513673], [11.020352969379793, 46.949900178708404], [11.02396576066789, 46.94840192638482], [11.02656689300413, 46.94616844804316], [11.028156385962069, 46.94319981322297], [11.028249293507939, 46.94105814111473], [11.027470545112779, 46.938702743981956], [11.027184683501487, 46.93808614558532], [11.026559034326809, 46.936736606543796], [11.024328121713028, 46.93526210835712], [11.01961472500339, 46.93330816654311], [11.011983685015823, 46.931294260577104], [11.006431164205257, 46.92946545774659], [10.998453342274988, 46.92587153043983], [10.993141678470154, 46.92333249097372], [10.987280981093106, 46.91906694170259], [10.983290157950458, 46.914982801834434], [10.979325232036135, 46.91032741982165], [10.975922674872248, 46.90711266751142], [10.971851193919527, 46.90488420353043], [10.966953159761422, 46.902495403306126], [10.962926954811161, 46.89926719571482], [10.959128644137797, 46.89561489152741], [10.954952622263836, 46.89109706322097], [10.948739636189392, 46.885535803212385], [10.94067964265251, 46.87936349946497], [10.93137235401427, 46.87316411024135], [10.925313943657493, 46.868890941605855], [10.920492514124609, 46.864929639924824], [10.915951282078444, 46.85940209248444], [10.911918431199602, 46.85645761942467], [10.909459924206004, 46.855547495100225], [10.904484527721303, 46.855012026347225], [10.897408451254119, 46.8548598469781], [10.88952616353383, 46.85411816009557], [10.883738359693176, 46.85313547909417], [10.87739232110372, 46.85071125108828], [10.870690119836734, 46.84699268324119], [10.86304786682256, 46.84110946574387], [10.853970971011567, 46.834765503108514], [10.846560329245461, 46.828457432628966], [10.840720384322353, 46.82406440677072], [10.811817822948083, 46.82245871150475], [10.777933263684407, 46.81001336355955], [10.762018620014748, 46.79525874179658], [10.729928742817387, 46.78891433952151], [10.7263788688715, 46.79789501842849], [10.745895012953262, 46.80463633915002], [10.749912799148964, 46.812654968376876], [10.76397339081855, 46.82278598333773], [10.7557281004615, 46.83258546856785], [10.722616933897127, 46.837784522768786], [10.716733173942753, 46.84732134829386], [10.725343259357118, 46.85132603883192], [10.731760417718974, 46.863086768944974], [10.745435492079105, 46.87306730045575], [10.74093534546445, 46.88478716552135], [10.73732293011016, 46.887003443998104], [10.736100079914053, 46.89109400191199], [10.736135419689639, 46.89115456879288], [10.736420304812272, 46.891949237244134], [10.736694279233154, 46.89311786303042], [10.736741172444507, 46.893317881383055], [10.737026388117656, 46.89519970968576], [10.736883780281081, 46.89730141339259], [10.736812476362777, 46.89986733460572], [10.736883780281081, 46.90123577539661], [10.737204647913384, 46.90226208292509], [10.73777507925965, 46.9029951476273], [10.737969226471739, 46.903277911294815], [10.73852337393775, 46.90408498529559], [10.738595717054029, 46.90420893985256], [10.738833396781676, 46.90502342580151], [10.738833396781676, 46.90640802333623], [10.738714556917836, 46.90771114108297], [10.73870740863802, 46.90989406173394], [10.739071076509289, 46.914063383597494], [10.739189916373064, 46.91658778242261], [10.739308756236868, 46.92017059465166], [10.739189916373064, 46.92212475425983], [10.73954643596455, 46.92513727647019], [10.740192366019286, 46.92816112382883], [10.740259475147392, 46.9284752776542], [10.740410696522401, 46.92925223672996], [10.740459987765727, 46.929505487358384], [10.74073483460262, 46.93091758493512]]]]}}, {"type": "Feature", "properties": {"id": "AT-07-14-04", "start_date": "2022-10-01", "end_date": null}, "geometry": {"type": "MultiPolygon", "coordinates": [[[[11.291924593741198, 47.10100920136879], [11.292376360058215, 47.102978032164565], [11.29056566581416, 47.10303021164027], [11.28879825012937, 47.10290832090338], [11.286665162233932, 47.10254264869273], [11.28410545675941, 47.10284737553494], [11.28416640212785, 47.10461479121973], [11.284288292864732, 47.10869813090528], [11.283983566022526, 47.111379727116685], [11.283617893811881, 47.114061323328094], [11.283800729917203, 47.11753520932923], [11.282642767916823, 47.12027775090908], [11.281180079074238, 47.121923275856986], [11.280022117073859, 47.12509243501592], [11.279778335600097, 47.127164577542935], [11.279229827284128, 47.12929766543837], [11.278650846283938, 47.13121744454426], [11.27807186528375, 47.13283249680795], [11.277767138441543, 47.13429518565054], [11.277797611125761, 47.13612354670378], [11.27709673938869, 47.13770812628324], [11.27663964912538, 47.13932317854693], [11.275298851019677, 47.140816340073734], [11.273988525598195, 47.14133437570548], [11.27246489138717, 47.14206572012678], [11.270392748860173, 47.142979900653394], [11.269448095649338, 47.14377219044313], [11.267802570701429, 47.144625425601305], [11.263993485173865, 47.14438164412754], [11.261616615804664, 47.14340651823249], [11.259971090856755, 47.14279706454808], [11.259300691803904, 47.14133437570549], [11.259178801067021, 47.13962790538914], [11.258874074224817, 47.138043325809676], [11.256862877066261, 47.13786048970435], [11.25436411696018, 47.13767765359903], [11.25210913832786, 47.13664158233553], [11.249671323590219, 47.13651969159865], [11.248513361589838, 47.136154019388], [11.245587983904668, 47.13539220228249], [11.243729150167216, 47.135270311545604], [11.242022679850868, 47.13560551107203], [11.240346682218737, 47.13597118328268], [11.23931061095524, 47.13664158233553], [11.238335485060183, 47.13679394575664], [11.236598542059614, 47.136550164282866], [11.233825527795545, 47.13606260133534], [11.230839204741933, 47.13609307401956], [11.22888895295182, 47.135879765230015], [11.227456736793457, 47.13557503838781], [11.226359720161517, 47.13508747544029], [11.225780739161326, 47.134630385176976], [11.22488179497682, 47.1340666405189], [11.22363241492378, 47.13350289586082], [11.222733470739275, 47.13286296949219], [11.222139253396973, 47.13216209775512], [11.221468854344122, 47.13140028064961], [11.220828927975491, 47.130958426728405], [11.219396711817128, 47.13013566425445], [11.217873077606102, 47.129526210570035], [11.217019842447927, 47.12914530201728], [11.215724753368555, 47.129160538359386], [11.215176245052586, 47.12881010249085], [11.214292537210191, 47.12801781270112], [11.213774501578442, 47.12731694096404], [11.21254035786751, 47.125229562094944], [11.210437742656294, 47.12422396351567], [11.20839607281352, 47.12312694688373], [11.206567711760288, 47.121542367304265], [11.204769823391276, 47.119835896987915], [11.203093825759147, 47.11910455256662], [11.201935863758766, 47.11825131740844], [11.200838847126828, 47.11718477346073], [11.198766704599834, 47.11651437440788], [11.197090706967703, 47.11578302998658], [11.194165329282528, 47.11514310361795], [11.192794058492606, 47.11355852403849], [11.19197129601865, 47.112126307880125], [11.190051516912757, 47.11105976393239], [11.188893554912378, 47.11032841951109], [11.187705120227776, 47.109779911195126], [11.186608103595837, 47.10981038387935], [11.184139816173975, 47.109688493142464], [11.18100112969926, 47.10871336724741], [11.17920324133025, 47.108500058457864], [11.177892915908766, 47.10822580429988], [11.175576991908006, 47.107982022826114], [11.173169649854586, 47.10773824135235], [11.170914671222267, 47.107403041825926], [11.169512927748123, 47.107403041825926], [11.167197003747363, 47.10712878766794], [11.165338170009914, 47.10654980666774], [11.164149735325314, 47.10703736961528], [11.16277846453539, 47.10734209645748], [11.162077592798317, 47.108134386247215], [11.161803338640333, 47.10910951214227], [11.160858685429497, 47.11002369266889], [11.159974977587101, 47.11060267366908], [11.159182687797367, 47.11200441714322], [11.15872559753406, 47.11313190645938], [11.159578832692235, 47.11499074019683], [11.160980576166379, 47.11675815588162], [11.16393642653577, 47.11669721051318], [11.16689227690516, 47.118007535934666], [11.16750173058957, 47.118586516934855], [11.167745512063336, 47.12059771409341], [11.167775984747557, 47.123035528831046], [11.169543400432346, 47.124010654726106], [11.171219398064476, 47.12498578062116], [11.17088419853805, 47.12672272362173], [11.169695763853449, 47.12818541246432], [11.168080711589765, 47.13141551699167], [11.168446383800411, 47.13421900393996], [11.168568274537293, 47.136108310361635], [11.169116782853262, 47.1373881630989], [11.169421509695468, 47.13878990657304], [11.169177728221703, 47.14043543152095], [11.168933946747936, 47.141776229626664], [11.169482455063905, 47.14345222725879], [11.169939545327212, 47.14555484247001], [11.170305217537859, 47.146895640575714], [11.169177728221694, 47.14912014652379], [11.169939545327207, 47.1504609446295], [11.1706708897485, 47.15174079736676], [11.171402234169792, 47.15289875936714], [11.172194523959526, 47.15399577599908], [11.172925868380819, 47.15466617505193], [11.173779103538994, 47.15579366436809], [11.173961939644316, 47.15838384252683], [11.174571393328726, 47.16030362163273], [11.174297139170742, 47.162040564633294], [11.175516046539558, 47.16438696131827], [11.17734440759279, 47.16554492331865], [11.177953861277201, 47.167251393635], [11.177588189066554, 47.16883597321447], [11.178380478856289, 47.170420552793935], [11.179782222330433, 47.17243174995249], [11.181001129699252, 47.17493051005857], [11.181671528752105, 47.17572279984831], [11.176734953908381, 47.17816061458594], [11.172712559591274, 47.180049921007615], [11.169238673590133, 47.18218300890305], [11.16497249779926, 47.184498932903814], [11.161376721061238, 47.18547405879887], [11.159548360008007, 47.18736336522054], [11.157659053586334, 47.18980117995818], [11.155282184217132, 47.191629541011416], [11.15339287779546, 47.193336011327766], [11.151879484103969, 47.19488466822325], [11.159472374144478, 47.19405915342754], [11.164426536820224, 47.195939859293766], [11.171731805819018, 47.19929396530937], [11.176992412868763, 47.20139426743968], [11.180828498212389, 47.20294553880264], [11.183074065481176, 47.203938513091074], [11.184948088744292, 47.204259683800274], [11.187462275497051, 47.20430710380908], [11.190188876767492, 47.20428702041373], [11.193104762394752, 47.20477055903859], [11.196099487727595, 47.2058985237113], [11.199178931019528, 47.2075281226012], [11.201848127084206, 47.208935614664], [11.20409550785777, 47.21040660009846], [11.206348758499118, 47.21173475530757], [11.208616469707428, 47.212705901224076], [11.210066119162146, 47.21316162292669], [11.212552108926886, 47.21392241921109], [11.215140088770404, 47.21475650361964], [11.218659757968458, 47.2158936197917], [11.222674992506835, 47.21775427239735], [11.225240540041423, 47.21915927321879], [11.226540188653662, 47.220755137888155], [11.229403316681084, 47.22259422050344], [11.231657720947211, 47.22392187414568], [11.235393693338574, 47.225562159702456], [11.236694679874795, 47.226095708678876], [11.238552831428951, 47.22724015448938], [11.239706683476797, 47.2281187192384], [11.241383755536715, 47.22991186021642], [11.243206341154458, 47.231564753610606], [11.244917500627574, 47.23250111815537], [11.248147265984946, 47.233941569687445], [11.25237481451018, 47.236686173844745], [11.255900192557174, 47.23951306941389], [11.259150122349102, 47.24223957348627], [11.260814025740864, 47.24436757175913], [11.262947361261283, 47.247071643171864], [11.264049847571387, 47.24928264873794], [11.265176021869987, 47.252166422961174], [11.265636229398536, 47.25521755303287], [11.266188150655118, 47.25899032374041], [11.265932813363328, 47.26193874046616], [11.264902729826588, 47.26501598719055], [11.264033495237241, 47.26704414523821], [11.264633636549483, 47.26695111833468], [11.265993164591428, 47.266629163085746], [11.267951645547008, 47.26605966957903], [11.268959407592137, 47.26583963634575], [11.270594644118127, 47.2657231477909], [11.272458053182602, 47.26574903415879], [11.275253166779397, 47.26602084025182], [11.276348353296429, 47.26608128575716], [11.278067294754324, 47.26617615738873], [11.280577192678003, 47.26600789713637], [11.284094852646673, 47.26551605638988], [11.286471649922875, 47.26511481448044], [11.28876176477938, 47.26451522982008], [11.288943519090084, 47.264467643662186], [11.290825942532793, 47.264040506561074], [11.292347092789514, 47.26384635218691], [11.294742904443886, 47.26372985921853], [11.297366888636803, 47.263794577566216], [11.299463720594789, 47.263985875146375], [11.300547611322285, 47.26402868855962], [11.304915817261989, 47.26454733459668], [11.306614706305375, 47.26479261485898], [11.308205996275408, 47.265022359267874], [11.310507943561475, 47.26520612814826], [11.310646951496162, 47.26521527290119], [11.31546331770971, 47.26553212058675], [11.318541724897862, 47.26553895573166], [11.31993695557117, 47.26547722666144], [11.321534163340797, 47.26515364447645], [11.32271305478973, 47.26458413499699], [11.32476660763635, 47.2629791205682], [11.325457986623675, 47.26222445245932], [11.326972275508645, 47.26057150711901], [11.329824432240006, 47.258086113163785], [11.333037862157394, 47.25629966374878], [11.336441435856889, 47.25450020774259], [11.339540779505002, 47.253516306498916], [11.341385174191307, 47.25320559702169], [11.343229568877582, 47.25312791936577], [11.345035934807484, 47.25320559702169], [11.347469775218226, 47.25374933740316], [11.350417003840693, 47.25444842392512], [11.35209899251392, 47.25469642494412], [11.353402261219568, 47.254888584749025], [11.354008534434609, 47.25492447850607], [11.356026245412453, 47.25504393474921], [11.358612200848901, 47.2550050972922], [11.3609319549904, 47.254797963703986], [11.361480765981728, 47.254684924763296], [11.363194665997332, 47.25433191014966], [11.366370067158249, 47.25363282207997], [11.368366576870232, 47.253477467914585], [11.37062928787716, 47.253619875917096], [11.372625797589142, 47.25415066598618], [11.37447019227545, 47.254966259806466], [11.37633360133992, 47.25628671824191], [11.377199473356367, 47.25697745192688], [11.377691518768797, 47.257281847638424], [11.378265512995155, 47.25782688089664], [11.382084639389033, 47.26145316894145], [11.385677984533231, 47.264562828115636], [11.38963189994133, 47.2673927491228], [11.390333111402846, 47.26786166504971], [11.391505624230364, 47.26882824781589], [11.393445090807708, 47.27057544592227], [11.39726698082783, 47.27511788940013], [11.398923711868504, 47.2770910545848], [11.39989096502068, 47.27795186478964], [11.402058604136538, 47.27934938546668], [11.403998070713884, 47.280048131877415], [11.406254225239296, 47.280534950455184], [11.407635704560734, 47.28061411801138], [11.40925192670846, 47.28048472262131], [11.411367276284281, 47.280209756359945], [11.41307045773481, 47.279797988663766], [11.414980008144058, 47.27933632458045], [11.41766578906608, 47.27855992859676], [11.415341324288239, 47.27672155349896], [11.41449845770611, 47.27613138211084], [11.412065640529642, 47.27442789732405], [11.409334097512987, 47.27257197622786], [11.4081134700719, 47.27150355908488], [11.407510119259335, 47.270778952771124], [11.407046646154818, 47.27005670718177], [11.406731728718228, 47.26909883303452], [11.406311708388985, 47.267186629217704], [11.4056150773684, 47.263269385133604], [11.404505277892062, 47.257259049625276], [11.403524032675634, 47.25357899928217], [11.40319206018376, 47.25184535839363], [11.403052812320574, 47.25106190503103], [11.403161049877438, 47.2503969510308], [11.403600648819758, 47.24985191660779], [11.404235967393966, 47.249310194892544], [11.404593053759038, 47.2487256575553], [11.404640479794121, 47.24819303037029], [11.404350989863929, 47.24769280099128], [11.40384408348002, 47.24701742883293], [11.403000282593055, 47.24637444824836], [11.402125758690133, 47.24580714458712], [11.400967484163893, 47.24534932761022], [11.399995883333924, 47.24514233123369], [11.398793646685947, 47.245121921179674], [11.397613788623733, 47.24525428770128], [11.397000085628127, 47.24520575555979], [11.396420373316063, 47.24499653960436], [11.395601413938694, 47.24443897842215], [11.393859597411291, 47.24311385826017], [11.39343324568235, 47.24253506381662], [11.39317045150778, 47.24207336041598], [11.393189330304839, 47.24155930072292], [11.393232669584608, 47.24114091341444], [11.393359178866733, 47.240742993748505], [11.393349399876104, 47.240247497080944], [11.393341019327634, 47.23971392188419], [11.393076142312582, 47.23930933590329], [11.392695950029687, 47.238998040424505], [11.392088620222443, 47.238778128586766], [11.391060563937856, 47.238589142346804], [11.390063971800947, 47.23830542760853], [11.38949022000191, 47.23793366497402], [11.389171855125886, 47.237521009060295], [11.389063327835887, 47.23661184671673], [11.389101160953116, 47.235583728134934], [11.389204844183615, 47.232765921083924], [11.389325960591034, 47.23023417900347], [11.389265991214433, 47.22882336630065], [11.389019413735577, 47.22792375004451], [11.38883995258827, 47.22672045971821], [11.388888291152911, 47.225406751524666], [11.38931262233204, 47.22299449239712], [11.389368381418697, 47.22280440895332], [11.389824193662124, 47.221250513433176], [11.390133758276814, 47.22043659464718], [11.39022324980059, 47.21952366362596], [11.389894964917431, 47.21856549997125], [11.389466818365866, 47.21728175944288], [11.389429266969886, 47.21526168853244], [11.389509659660654, 47.214596268195045], [11.389765042935396, 47.214137849828795], [11.390526146718248, 47.21356580128584], [11.391433151508393, 47.2132312093533], [11.393298017828132, 47.212567319039145], [11.394249185640296, 47.21220757724814], [11.395790753776357, 47.211626566808064], [11.397184273068273, 47.210792971473616], [11.398547572746498, 47.209351589856794], [11.399439321865644, 47.20790218313782], [11.399805868240936, 47.20647957138111], [11.399848954907181, 47.205301511610884], [11.399930061196603, 47.20451702809949], [11.40027829698644, 47.203594197473706], [11.400938197598173, 47.202748099350465], [11.402449200903286, 47.2015592294659], [11.403325074152383, 47.20053817734118], [11.404048990138687, 47.19937165959409], [11.404085463655106, 47.19837209178749], [11.403905918660406, 47.19754746673696], [11.403869175294433, 47.19711819259194], [11.40398565035439, 47.19679867869302], [11.404641500570163, 47.19605965523587], [11.406634898723441, 47.19491696654384], [11.409556089104122, 47.19349948914626], [11.411889005454492, 47.1927530424166], [11.408854408204807, 47.18874296791727], [11.404912547624198, 47.186557806073694], [11.401227764907539, 47.1841584126768], [11.385026708807802, 47.17923040442086], [11.380320535595581, 47.176149131902584], [11.37496446865557, 47.17177050094598], [11.369376050838982, 47.16614924764534], [11.361997460786277, 47.15987751040369], [11.361028054715863, 47.15871990117372], [11.353929739969713, 47.15132345757082], [11.341718048422047, 47.14209197629192], [11.339432263343053, 47.13976571654728], [11.336103013859512, 47.131800837082785], [11.3335686995891, 47.12926777747268], [11.332770367479293, 47.12764611992173], [11.329034243505404, 47.123103146000055], [11.317193987643032, 47.11517774915118], [11.3050503, 47.1082356], [11.291924593741198, 47.10100920136879]]]]}}, {"type": "Feature", "properties": {"id": "AT-07-01", "start_date": null, "end_date": null}, "geometry": {"type": "MultiPolygon", "coordinates": [[[[10.528184361774258, 47.331969812989286], [10.527017497645417, 47.331491438338254], [10.526233154544274, 47.33120058007785], [10.525781563061779, 47.33079660759787], [10.525524834688056, 47.33043589019221], [10.525425043470392, 47.33029567740477], [10.524925916042363, 47.32943923729184], [10.524355484696096, 47.328647421737166], [10.523571141594951, 47.327823274495145], [10.52245404687522, 47.32670823116135], [10.521289416209886, 47.32564164581067], [10.519744497980364, 47.32434878603106], [10.518080739887072, 47.32331447528429], [10.516393213821004, 47.32239327512057], [10.51439670410899, 47.32150438244753], [10.510498756576064, 47.320017473792284], [10.506886024716323, 47.31865982476899], [10.504841979058805, 47.31778703186105], [10.502370109891663, 47.316493978666394], [10.49937534532369, 47.314618994981096], [10.49661826048333, 47.31225900657453], [10.494906966444466, 47.31061018462944], [10.494137879761356, 47.30949269538727], [10.493861175643005, 47.30909063622434], [10.493005528623524, 47.30740938251236], [10.491912201876493, 47.30563107483948], [10.490105835946656, 47.30375570335504], [10.487871646507026, 47.301718586066826], [10.484924417884624, 47.29951970416911], [10.482119797098727, 47.29735306877176], [10.48064618278751, 47.29660927781491], [10.479125032530789, 47.2960595125153], [10.47717605876431, 47.29580079744312], [10.475417228779976, 47.295897815744446], [10.473135503394877, 47.296253547983575], [10.47023581071791, 47.29680331125324], [10.467193510204469, 47.29728839171516], [10.46462656914622, 47.297320730253425], [10.462544753081929, 47.29718109961018], [10.461251517014063, 47.29709436006772], [10.458874719737855, 47.2967386335201], [10.456878210025906, 47.296027173200905], [10.455357059769186, 47.29505698451623], [10.45369330167589, 47.2936016679073], [10.450793608998923, 47.29146713065211], [10.44730785939074, 47.289095470425856], [10.446657981738417, 47.288653290003566], [10.44380582500702, 47.287068416892154], [10.440383236929389, 47.28548349599867], [10.43715079263377, 47.28422199419871], [10.43387081239268, 47.28312219870153], [10.430067936750795, 47.28176359603102], [10.428974610003799, 47.28156950706947], [10.42792881920227, 47.28144011403038], [10.42693056434628, 47.28147246232002], [10.425029126525338, 47.2816342034696], [10.42346044032308, 47.28176359603102], [10.422358524645693, 47.28178144962474], [10.421463930611132, 47.28179594412163], [10.419657564681227, 47.2816665516398], [10.417803662805822, 47.28105193300261], [10.415807153093839, 47.27998442039968], [10.414761362292312, 47.278852186380625], [10.414000787164003, 47.27726701779682], [10.413382819872165, 47.27548769001899], [10.412669780689324, 47.274484769651785], [10.411433846105686, 47.27351418334439], [10.411353069062256, 47.27347386670525], [10.410007767740005, 47.272802408668525], [10.408914440993009, 47.27251122534292], [10.406252428043654, 47.2719935621172], [10.404471344123772, 47.271480985711634], [10.40145129754581, 47.27034347658269], [10.398599140814413, 47.268855119738646], [10.39622234353831, 47.26772264610259], [10.393893082207642, 47.26691372143596], [10.392039180332272, 47.26662250551093], [10.389900062783711, 47.26633128797384], [10.386905298215705, 47.26591063757423], [10.385098932285869, 47.26552234191233], [10.383013694691298, 47.26484100745344], [10.382722135009665, 47.264745741990765], [10.380012586114843, 47.26361317988921], [10.377825932620784, 47.26238351343162], [10.376566669858057, 47.26166403822975], [10.37409761678389, 47.2605722076119], [10.372787122395325, 47.26021534730185], [10.370474675769081, 47.25964013401041], [10.370315253228117, 47.25960047795983], [10.366987737041525, 47.259017963534596], [10.362757037889947, 47.25814417980576], [10.359667201430904, 47.25752928626214], [10.356577364971958, 47.2570762022113], [10.352917097166614, 47.2566554778141], [10.349637116925557, 47.25617002240687], [10.347545535322503, 47.25578165485683], [10.343552515898574, 47.254843088112025], [10.341223254567906, 47.254519440525875], [10.340272535657485, 47.254519440525875], [10.338931183123533, 47.25461310814963], [10.338189486147481, 47.25472690715615], [10.33718269919844, 47.25506964023814], [10.335614012996183, 47.25552274156466], [10.33437807841261, 47.25584638298088], [10.332714320319248, 47.25587874701306], [10.331552485885867, 47.255765744780504], [10.330590796971935, 47.255569620967584], [10.329434340078159, 47.25519909815798], [10.32797118955125, 47.254632042513855], [10.326344503619149, 47.25400160024815], [10.323634954724326, 47.25260987925477], [10.321733516903382, 47.25128285519718], [10.319309183681709, 47.249761591337275], [10.317908125571773, 47.24860460362117], [10.31512237623777, 47.24691802245869], [10.313979025303404, 47.24622884478423], [10.312691445051884, 47.24580161418872], [10.311135763161722, 47.24547446822403], [10.308880523108169, 47.24545036562158], [10.306195864989595, 47.24559349537876], [10.304418357924291, 47.24547478475528], [10.302913089757466, 47.24518460215292], [10.300285781008785, 47.244328481804274], [10.297412970198137, 47.24317986091156], [10.293974188630555, 47.24183738213489], [10.291653345186901, 47.24113217821167], [10.288794228530898, 47.24066270341841], [10.286224836481514, 47.24062975201826], [10.282530443959201, 47.240995472067354], [10.278980810630719, 47.24157937909116], [10.275940108162152, 47.24241792447685], [10.273250547940332, 47.24356986948212], [10.270803752449348, 47.24504084388677], [10.268719481034923, 47.24659299522426], [10.266387578810658, 47.247888283526436], [10.263353028806797, 47.248628534131335], [10.260768740488253, 47.24884478217748], [10.258305849291052, 47.24877834621328], [10.256540810527452, 47.24844479952959], [10.255004108899582, 47.24779575327027], [10.25369160396017, 47.24690257988135], [10.252425300544173, 47.24611785298627], [10.250368897038435, 47.245383211759], [10.248916326234912, 47.245093734646225], [10.246853098812688, 47.245016421749995], [10.244257506973957, 47.24488890172277], [10.239961814537025, 47.24511544629127], [10.237604363312183, 47.2452229637094], [10.236330085692176, 47.245474240929994], [10.234874730225565, 47.24594930483598], [10.233486439829713, 47.24671208114367], [10.231735939393984, 47.24792243259377], [10.230609134907146, 47.248520749760836], [10.229582916154694, 47.24883588993322], [10.228144184382565, 47.249025418310104], [10.226125261188708, 47.24908474702325], [10.224770352609953, 47.24927651902661], [10.223998972700699, 47.249541380493234], [10.22331484110186, 47.25004012558425], [10.22295960304916, 47.250613757980275], [10.22275197611753, 47.251465812320944], [10.222269713403701, 47.2525247995969], [10.220902842135954, 47.25345241349064], [10.219611462843284, 47.253988951924256], [10.21715238226038, 47.25474372243982], [10.213494184707683, 47.255358406111185], [10.210493960238283, 47.255839487674436], [10.174552515300485, 47.26381513300044], [10.178814632110637, 47.270207204237174], [10.20157958190878, 47.27716203340699], [10.223125365378959, 47.27589905652449], [10.23339122589788, 47.2707008888521], [10.245231407581883, 47.27864424873539], [10.259884853238304, 47.28171318895374], [10.266062163021438, 47.28816621750771], [10.28191199168037, 47.28838179971997], [10.2957573842064, 47.299513855473236], [10.303055999295578, 47.29975891806194], [10.314609605833361, 47.3062648578339], [10.33029330669773, 47.30460273040744], [10.34880936657499, 47.317482533556856], [10.345794217381666, 47.32131459233409], [10.356554174196074, 47.33654988799374], [10.386277610107737, 47.35641888239268], [10.394253826580798, 47.375582469175406], [10.414663434352804, 47.37899718137893], [10.419426019644268, 47.38439956977146], [10.430271252040889, 47.38386953159351], [10.436740717747156, 47.38038296587196], [10.42917130631081, 47.390894969775815], [10.434168040582781, 47.39991230198994], [10.43112646998381, 47.40286517340211], [10.437122765046169, 47.40709628937161], [10.435262284391984, 47.41116359289797], [10.45469032771874, 47.418556428867056], [10.458171359154434, 47.4281949735868], [10.476698131273187, 47.432086339227176], [10.473133964215585, 47.442929025695065], [10.465707304119286, 47.452885360800515], [10.468092508221233, 47.46802924572456], [10.463393255541213, 47.48300122050212], [10.451537713525452, 47.48591876844616], [10.444408431664947, 47.48394705597078], [10.435632797653266, 47.495305958009936], [10.431255619972871, 47.50392613066427], [10.4409664328415, 47.51461182267936], [10.439405878490788, 47.52440802160594], [10.451130908815555, 47.5548514405804], [10.445203807533971, 47.56695464806069], [10.433155490398894, 47.56971761762518], [10.42938155962514, 47.57746477339749], [10.435255481700015, 47.58386380609322], [10.456749031970176, 47.58289882820574], [10.469535144811255, 47.58726473322678], [10.48198432400922, 47.58447945633908], [10.478982455633641, 47.580525743466644], [10.471084938711313, 47.57986972059072], [10.471870690269709, 47.57016398092665], [10.46995749579407, 47.56858731117125], [10.468060734824386, 47.56702405904039], [10.46596247167253, 47.56529458966348], [10.463457566251707, 47.5643937579293], [10.453795884552903, 47.55637136254766], [10.453905591990047, 47.554370146830756], [10.456423907172068, 47.552900936597524], [10.484038365272514, 47.54367453236216], [10.48587449050887, 47.54245084086128], [10.486046812826704, 47.542335991660345], [10.489034596640106, 47.540344575342374], [10.497717597406533, 47.53910038821327], [10.498199647536397, 47.539030890551146], [10.524427706775226, 47.53524623331326], [10.563013418540262, 47.53600365475322], [10.56378779561214, 47.53387965127226], [10.572937237922055, 47.53358221104547], [10.58143164135771, 47.54667799950971], [10.580101952421774, 47.555018558590426], [10.59034356121147, 47.56003312860703], [10.598178550963214, 47.5697740950183], [10.611419860887239, 47.56551578125506], [10.618472252652342, 47.567252593809044], [10.6262388104653, 47.56102711657183], [10.634866119367864, 47.55927806084636], [10.676905421692803, 47.558936055946106], [10.678304619616467, 47.555478287939856], [10.676959883732989, 47.55552504532923], [10.675117865843966, 47.555605493551845], [10.672622228704057, 47.555726165652864], [10.670067171632127, 47.5557663896244], [10.66834399360691, 47.555565269456054], [10.665967196330806, 47.554841230419164], [10.66472963606086, 47.554394801497736], [10.66370923891841, 47.553835603947455], [10.6624020004165, 47.552749505549], [10.66174838116558, 47.551623157362435], [10.661417164384828, 47.549868963658135], [10.661666105421435, 47.54811947425372], [10.662164320688921, 47.54695659825972], [10.662816871920699, 47.54587512467251], [10.665337345052587, 47.54357710483919], [10.668260805702289, 47.5416458673187], [10.67289556039082, 47.538555738397406], [10.676959883732989, 47.535803438045924], [10.681380726666678, 47.53334073030972], [10.685944177436907, 47.531071073086544], [10.687940007107219, 47.530325299426906], [10.691674707952698, 47.529089844476665], [10.69328112214523, 47.52855842681207], [10.698747755880378, 47.52698884953584], [10.70706654634699, 47.52469476697133], [10.7089446283781, 47.524040532630096], [10.709146243963596, 47.523970298873515], [10.710869421988809, 47.52248108283633], [10.71164188110357, 47.52159558286589], [10.711998400695025, 47.52095157344191], [10.712176660490686, 47.518898740319415], [10.712147158829692, 47.51799940303942], [10.71211724055883, 47.51708734986345], [10.712236080422638, 47.51378643213521], [10.711998400695025, 47.50867362280377], [10.711762316533344, 47.50672498067616], [10.711344781444069, 47.50327846173191], [10.711287947081287, 47.50256322599419], [10.71092884192073, 47.498043817042785], [10.710798118070539, 47.49671493905143], [10.710394062533615, 47.49260728404863], [10.710372374864827, 47.492514566383235], [10.709621603418855, 47.489304817176986], [10.708314364916944, 47.486324362836925], [10.707386297683618, 47.484639282227484], [10.706650606823615, 47.48330345845967], [10.704689749070786, 47.48068519994377], [10.704504153236908, 47.48049316010804], [10.702431791658457, 47.47834879688561], [10.701957500426708, 47.47796207181347], [10.698034716697537, 47.47476342339809], [10.696245257394281, 47.47346850022389], [10.691855043779514, 47.47029143287443], [10.688927128403883, 47.46832424130608], [10.678842078692545, 47.461547786905655], [10.677295550242599, 47.46041589549659], [10.672840665570249, 47.45715526513133], [10.669691409179352, 47.45457599773367], [10.666542152788454, 47.451472647940854], [10.664937756546818, 47.44956815948756], [10.66345231632941, 47.44780481517097], [10.661550878508466, 47.446071573885945], [10.659827700483248, 47.444902611271075], [10.657866842730455, 47.44389486390073], [10.656935871630798, 47.443594116519606], [10.654123387020487, 47.4426855414164], [10.648716173217194, 47.441194005163446], [10.645378836301571, 47.44016035889275], [10.643249539482042, 47.439500858397075], [10.642047678550588, 47.43901028605467], [10.635940887857872, 47.43651756165459], [10.630711933850305, 47.43466299411615], [10.629083679055082, 47.43429472693919], [10.62696847814034, 47.433816321853605], [10.62405690147702, 47.43325186606402], [10.61900620726518, 47.4327680419673], [10.613539573530032, 47.43240517095768], [10.606010737339838, 47.43202392631231], [10.605577302654872, 47.43200197799451], [10.59915995000927, 47.431518142336], [10.595000554775995, 47.43107462238415], [10.591233627183145, 47.43032594031316], [10.590633323941612, 47.4301310442629], [10.587454223424176, 47.429098896910446], [10.584720906556587, 47.42740535853856], [10.58340593764345, 47.42649401256517], [10.581928169757076, 47.42546981897943], [10.580145571800006, 47.42337290364719], [10.579677714523541, 47.42242034285623], [10.579313692753358, 47.421679179909475], [10.579135432957631, 47.41994507261546], [10.579432532617133, 47.41792859652095], [10.579491952549018, 47.4159120427226], [10.579194852889488, 47.413169404856596], [10.578660073502371, 47.41123333865414], [10.578059150902154, 47.40994158084508], [10.57723399513669, 47.40816775404043], [10.57539197724767, 47.40485994823568], [10.575284435314142, 47.40472609540704], [10.572183300924847, 47.40086609932502], [10.57117553887969, 47.399639644178926], [10.56903404453395, 47.397033331613954], [10.566122467870631, 47.39340202974694], [10.565785548348678, 47.39308484857539], [10.563507990866848, 47.39094067087921], [10.562838011098853, 47.39032320498937], [10.560180474680223, 47.38787389800538], [10.555961659515063, 47.38440338584867], [10.553347182511281, 47.382183751727744], [10.551802264281823, 47.38048869507821], [10.5508515453713, 47.37887430443187], [10.550616135718746, 47.37789205466672], [10.550435605847994, 47.37713877901461], [10.550613865643653, 47.37455556497867], [10.551326904826562, 47.372416244472646], [10.551742844349869, 47.37055940494804], [10.551741401527194, 47.37053637075506], [10.55164062949902, 47.368927553186694], [10.551624004486063, 47.368662131407135], [10.551208064962754, 47.366603310091826], [10.55013850618846, 47.363535112615764], [10.548890687618437, 47.36123384667248], [10.54788054877613, 47.35889210396559], [10.547167509593223, 47.35663101177502], [10.546573310274221, 47.355177401028094], [10.545622591363733, 47.353683370220196], [10.544602724716793, 47.352475439446266], [10.54354289374713, 47.35122014542471], [10.541997975517575, 47.34948370433358], [10.540750156947619, 47.34758566808598], [10.538254519807644, 47.34302202329686], [10.536932640292541, 47.34014678476969], [10.536471921850538, 47.33914463264927], [10.53522410328052, 47.33676151082255], [10.533798024914834, 47.3350245911412], [10.532312526617265, 47.333812752668585], [10.530411088796322, 47.33280286590018], [10.528263455197097, 47.33199940328476], [10.528184361774258, 47.331969812989286]]]]}}, {"type": "Feature", "properties": {"id": "AT-07-12", "start_date": null, "end_date": null}, "geometry": {"type": "MultiPolygon", "coordinates": [[[[10.140250650543127, 46.97714192760002], [10.14025082688824, 46.97714181233314], [10.147010563707758, 46.97272316903702], [10.155007969084364, 46.96749502336159], [10.167634704613967, 46.965461174131754], [10.189201861984676, 46.96804598715298], [10.189340158540903, 46.968178440881516], [10.190679659841468, 46.96946132898793], [10.191023000977133, 46.969708305781424], [10.19158352146512, 46.97011150504674], [10.19464958995133, 46.97152694850843], [10.197786962355844, 46.97272272481741], [10.201316506310965, 46.97379646021019], [10.205808653162926, 46.97494338087235], [10.209017329485743, 46.975626640991], [10.211299054870874, 46.97650510537829], [10.214115559643153, 46.97809118485294], [10.216682500701403, 46.979433215124764], [10.219926828983374, 46.980848410329386], [10.222351162205046, 46.981824385060996], [10.22743291881386, 46.98305489175082], [10.232939794070374, 46.984166651272105], [10.235720646883433, 46.98475220169015], [10.240070185898816, 46.98524015544177], [10.24210234756995, 46.98555732297695], [10.243777989649631, 46.985947680420786], [10.24659449442191, 46.98697235506359], [10.24948230311243, 46.988509329968714], [10.252797935312701, 46.990680536190105], [10.254901400902073, 46.991949065041545], [10.256790954736632, 46.992754077252314], [10.259072680121795, 46.99343710834744], [10.261033537874592, 46.99424209800388], [10.263030047586573, 46.995339791507966], [10.265062209257675, 46.99685213206013], [10.267593498356838, 46.99834003798994], [10.269554356109634, 46.99936447357572], [10.272156949127037, 47.001193773677734], [10.274509978430471, 47.0028278951375], [10.276185620510116, 47.003803466062195], [10.279251688996393, 47.0053399539171], [10.281569066340642, 47.00697394776301], [10.284706438745223, 47.00946142391715], [10.288806414046578, 47.01260718270979], [10.291439894791191, 47.01433560924382], [10.293492305875015, 47.01193253676194], [10.29764219998777, 47.00672987588615], [10.301098057158788, 46.998144915293274], [10.295735343870412, 46.984189025246906], [10.295298671804918, 46.983052471260216], [10.28710062870849, 46.97870276416169], [10.286266842155465, 46.97049385132897], [10.282982906551606, 46.962925357515935], [10.280562528692636, 46.957346417403805], [10.272481417953705, 46.94933920902462], [10.264533448099112, 46.93383226841821], [10.26283016592487, 46.92904079088324], [10.241565963714752, 46.93169684614836], [10.24200766832684, 46.91945479691998], [10.237025599679553, 46.91576255781251], [10.232210875204327, 46.90063714226877], [10.225762656283889, 46.89633149317506], [10.234431737985624, 46.885158380212424], [10.232513050591665, 46.86634750972227], [10.20333591567095, 46.86443722794845], [10.193534047729106, 46.866314479204576], [10.179115859357225, 46.85427773429313], [10.145140214914786, 46.85089788191335], [10.138667272087835, 46.86760920272855], [10.14072706567576, 46.87466514298617], [10.119744750028163, 46.88303788557561], [10.10830425587684, 46.89550124521628], [10.10872239180973, 46.908320269488165], [10.099005884366928, 46.918033495411244], [10.097855353318936, 46.92582993152549], [10.112447750569272, 46.937256333500144], [10.12444988394331, 46.94090422944294], [10.135021949192852, 46.95507277301587], [10.136757468272721, 46.972364699579], [10.140250650543127, 46.97714192760002]]]]}}, {"type": "Feature", "properties": {"id": "AT-07-10", "start_date": null, "end_date": null}, "geometry": {"type": "MultiPolygon", "coordinates": [[[[10.209301677601275, 47.13171608310328], [10.217896087921815, 47.120586164375354], [10.221820704253822, 47.112304952842095], [10.224490279753601, 47.10843893125994], [10.225767808289534, 47.10890546390032], [10.227520696280692, 47.109290857325696], [10.228530835123069, 47.1095951133098], [10.229867783590887, 47.110325320531146], [10.231798931377773, 47.11190740159603], [10.234859057870874, 47.11373282094563], [10.236790205657728, 47.11494973217753], [10.238899613240342, 47.116470831841134], [10.241454670312205, 47.11776880229112], [10.245643775511454, 47.11914786098679], [10.250545919893513, 47.120242970212956], [10.25339807662491, 47.12105414760992], [10.254883574922513, 47.12168280153307], [10.255864003798944, 47.12225061155527], [10.257379212062489, 47.123406491687135], [10.25832398897977, 47.12397833882994], [10.261354405506895, 47.12526801393584], [10.265561336685703, 47.12750662054809], [10.26941174827306, 47.12952615169591], [10.271729125617341, 47.1308643527243], [10.273262159860481, 47.13208086971431], [10.274474326471283, 47.1331270519318], [10.276185620510116, 47.134075896964994], [10.27821778218125, 47.134927410055234], [10.280036032097538, 47.13558428220789], [10.280857447767279, 47.136110832140304], [10.28121254674926, 47.13633845868514], [10.282175149646095, 47.13721426302294], [10.283316012338627, 47.13799274358248], [10.285490781846336, 47.138722558691555], [10.288460610183117, 47.13929830471501], [10.29326290893935, 47.14015783233501], [10.294243615748874, 47.140297441913056], [10.298218531260186, 47.14086329153027], [10.302175898724965, 47.14125250636482], [10.30805847198352, 47.14212822925985], [10.313334961936556, 47.142590410491735], [10.31629407454541, 47.1427606867685], [10.320215790051105, 47.1427606867685], [10.323353162455618, 47.14300393764058], [10.326633142696707, 47.143563410396006], [10.328594000449572, 47.144171526236896], [10.330804421916365, 47.14487693184309], [10.333121799260681, 47.145266117111355], [10.336572476747207, 47.14559044608214], [10.340703807341967, 47.145730659967604], [10.340896777333947, 47.142834170482416], [10.344962811970232, 47.13605228397865], [10.343456873216057, 47.124130495302346], [10.34029440183231, 47.11672941193906], [10.33848727532727, 47.107065327304625], [10.324331451038038, 47.09338865889918], [10.317404132768841, 47.08865755982839], [10.309723845122573, 47.08022281264656], [10.297826928964518, 47.077136593769616], [10.292254955574094, 47.06921447532064], [10.291652580072423, 47.05954171140962], [10.288941890314911, 47.05357252924253], [10.30038702484663, 47.04966132118232], [10.306109592112522, 47.041014468661864], [10.315965458705708, 47.02932908396617], [10.31304974626344, 47.027358059994256], [10.311919709409544, 47.02676988156566], [10.31066106500092, 47.02611475588258], [10.308842815084663, 47.02472514621512], [10.306988913209224, 47.02284789641011], [10.30538457504785, 47.02126315331263], [10.304172408436983, 47.020336666192], [10.303341134610516, 47.01990193930837], [10.302354158520691, 47.01938578100928], [10.301631108989405, 47.01911296169411], [10.300286344890472, 47.018605554798796], [10.298254183219338, 47.0179959950894], [10.296756800935352, 47.01753272502708], [10.295259418651332, 47.01665493908074], [10.294271693494364, 47.016070028713095], [10.292335958001697, 47.01492370757393], [10.291439894791191, 47.01433560924382], [10.288806414046578, 47.01260718270979], [10.284706438745223, 47.00946142391715], [10.281569066340642, 47.00697394776301], [10.279251688996393, 47.0053399539171], [10.276185620510116, 47.003803466062195], [10.274509978430471, 47.0028278951375], [10.272156949127037, 47.001193773677734], [10.269554356109634, 46.99936447357572], [10.267593498356838, 46.99834003798994], [10.265062209257675, 46.99685213206013], [10.263030047586573, 46.995339791507966], [10.261033537874592, 46.99424209800388], [10.259072680121795, 46.99343710834744], [10.256790954736632, 46.992754077252314], [10.254901400902073, 46.991949065041545], [10.252797935312701, 46.990680536190105], [10.24948230311243, 46.988509329968714], [10.24659449442191, 46.98697235506359], [10.243777989649631, 46.985947680420786], [10.24210234756995, 46.98555732297695], [10.240070185898816, 46.98524015544177], [10.235720646883433, 46.98475220169015], [10.232939794070374, 46.984166651272105], [10.22743291881386, 46.98305489175082], [10.222351162205046, 46.981824385060996], [10.219926828983374, 46.980848410329386], [10.216682500701403, 46.979433215124764], [10.214115559643153, 46.97809118485294], [10.211299054870874, 46.97650510537829], [10.209017329485743, 46.975626640991], [10.205808653162926, 46.97494338087235], [10.201316506310965, 46.97379646021019], [10.197786962355844, 46.97272272481741], [10.19464958995133, 46.97152694850843], [10.19158352146512, 46.97011150504674], [10.191023000977133, 46.969708305781424], [10.190679659841468, 46.96946132898793], [10.189340158540903, 46.968178440881516], [10.189201861984676, 46.96804598715298], [10.167634704613967, 46.965461174131754], [10.155007969084364, 46.96749502336159], [10.147010563707758, 46.97272316903702], [10.14025082688824, 46.97714181233314], [10.141264870514204, 46.97852842056613], [10.144891768727465, 46.98348756285135], [10.159230856100901, 46.98380743672941], [10.155420955031682, 46.9910963892971], [10.159325601178612, 46.998946421430134], [10.154228925118726, 47.005288961908825], [10.131372575337457, 47.01286918779472], [10.12286531259324, 47.0223884921735], [10.134572258905829, 47.029299892891444], [10.144540804549539, 47.0338414312352], [10.156896154282771, 47.04912613728422], [10.150982318565452, 47.061997496179806], [10.13471506013746, 47.06474073177068], [10.133771516534946, 47.07752977478936], [10.133884610621282, 47.082450228489385], [10.158336225354194, 47.11471099354213], [10.162686331738602, 47.1141328229863], [10.171970814313067, 47.119948253546454], [10.186678238293544, 47.119563593353405], [10.186611999056357, 47.1290712431929], [10.209301677601275, 47.13171608310328]]]]}}, {"type": "Feature", "properties": {"id": "AT-07-28", "start_date": null, "end_date": null}, "geometry": {"type": "MultiPolygon", "coordinates": [[[[12.591535997700273, 46.92676966189096], [12.598769839941195, 46.93279011036049], [12.614880881366274, 46.95092040570145], [12.618659458228489, 46.95823319466458], [12.630488906842846, 46.96947437995877], [12.634049739010843, 46.97795299996768], [12.63365771262521, 46.98235026047172], [12.64470012589659, 46.99995962444226], [12.652088655302876, 47.00343268366282], [12.67924721381693, 47.009135431488865], [12.6897732281538, 47.01593814285149], [12.703056335149688, 47.022983811081396], [12.719150852502242, 47.03290011317098], [12.736492633906328, 47.04264004771766], [12.739820863100148, 47.042515474772344], [12.745266665369636, 47.042555901982226], [12.751564563469364, 47.04346925985776], [12.755906423164946, 47.04453308367915], [12.758857145776124, 47.0454153463493], [12.765919272185943, 47.04256126596724], [12.769081755225033, 47.041283133564356], [12.771869552779663, 47.04015619116153], [12.764558855737377, 47.037359281545776], [12.756053533136939, 47.0341043719922], [12.754412598052548, 47.028554105953546], [12.753731189698687, 47.0262489759196], [12.745920947354305, 47.02074738935164], [12.743268732112073, 47.01887876986808], [12.735159293422695, 47.01316406103454], [12.735362522328831, 47.012011632470994], [12.736872206318731, 47.00344925057633], [12.736449763966933, 47.003166433286815], [12.724618875192297, 46.9952440119777], [12.72653472155544, 46.99313537773863], [12.737889402673401, 46.9806339976118], [12.738413547098201, 46.978957355894515], [12.741555243786868, 46.968905377299315], [12.745177435689858, 46.95977574229168], [12.750986495936143, 46.9560007592734], [12.75265153419667, 46.95599308154856], [12.760261655608529, 46.95595767919521], [12.768855602376783, 46.94712968436446], [12.769611916750081, 46.94635260103027], [12.77226338367318, 46.945265005507615], [12.786403552587652, 46.93946310387218], [12.78448283156602, 46.93429954997809], [12.783668456470407, 46.93210991934738], [12.78699714809467, 46.93026918241516], [12.791432415828153, 46.92781616905953], [12.793730858911534, 46.92654481205817], [12.800493024170827, 46.92483501487039], [12.806167049352434, 46.92339995544072], [12.808433804110907, 46.92282655284341], [12.820441231903981, 46.920722533999836], [12.82136361316143, 46.917964072995424], [12.821738654989842, 46.91684239405456], [12.825878487327108, 46.91553479199188], [12.834255481355235, 46.91288818671333], [12.837828034537928, 46.91175921545943], [12.832287310341536, 46.90373814360033], [12.831184465734735, 46.902141281509834], [12.831493084363348, 46.90188790267095], [12.831829934014236, 46.901611342183124], [12.842265815602412, 46.89304135007589], [12.84207179831835, 46.88849762654607], [12.840905773648027, 46.861173961446816], [12.843435507632302, 46.859991901794125], [12.856982474741427, 46.85366000616179], [12.856492341024934, 46.852598268861854], [12.855125122815252, 46.849636462236774], [12.850801759677175, 46.84026967331421], [12.84990076263583, 46.83779658946687], [12.847726823304495, 46.831829023626504], [12.843947768838733, 46.82979784193101], [12.838386700679262, 46.826808715734316], [12.833655520500834, 46.82426553040472], [12.833083339456454, 46.82196778758458], [12.832467784791481, 46.81949575628812], [12.840721227943522, 46.81304486438173], [12.839543521792406, 46.809766374987404], [12.838942310136384, 46.81012859231734], [12.836285066955094, 46.81123521807622], [12.83622704324494, 46.81125938121014], [12.832542101616882, 46.81224295097444], [12.828752339791551, 46.81304642344068], [12.821103271492683, 46.81483289700994], [12.815243227029557, 46.816226961118964], [12.808854603547486, 46.8182225749094], [12.801507796420793, 46.82051740431258], [12.801068772870028, 46.82065179872184], [12.800365669841145, 46.82086702982719], [12.798845391570145, 46.821157416055826], [12.79703936347883, 46.82135521868856], [12.796241313368654, 46.82144261774879], [12.792724096075693, 46.82199121290799], [12.790706518446784, 46.82240673959237], [12.790464933607891, 46.8224564929522], [12.790163804253826, 46.822544471321635], [12.788160239018262, 46.82312982257393], [12.784980734058147, 46.82454283148079], [12.782103617814562, 46.82604651017655], [12.779919996210337, 46.82723926025522], [12.778964647466806, 46.82769762462092], [12.777878244072685, 46.82817756230488], [12.777832086475739, 46.828197952892566], [12.77678871551606, 46.82846063622571], [12.776724109631315, 46.82846031699647], [12.776302511571233, 46.82884695197623], [12.774472730872136, 46.82967114935383], [12.771600712268874, 46.83063892170633], [12.768167768717836, 46.831335975146466], [12.764736010898828, 46.83191389358259], [12.76154401136699, 46.83228699075312], [12.75821086774452, 46.83255571519743], [12.754960942537343, 46.83282476890565], [12.750623684654986, 46.83354521561022], [12.746035914768294, 46.83432132944409], [12.741948180694472, 46.83504274532701], [12.734612690926149, 46.8358039444944], [12.730359471780028, 46.83640978790179], [12.727146825373252, 46.83719734508773], [12.725342432460518, 46.838268393827676], [12.72291211491029, 46.8396265740666], [12.720228580077295, 46.84126901682768], [12.715919188001127, 46.84426548843967], [12.713160827397077, 46.8464823101297], [12.707293961260348, 46.851122129162015], [12.704959035800526, 46.85262660435235], [12.702970491818856, 46.85356808270207], [12.701403602522275, 46.85400570561182], [12.699837753191453, 46.85435403418628], [12.697448415263532, 46.8546381814877], [12.69618616881853, 46.854988171426456], [12.695052967477986, 46.8554281565675], [12.694309799164627, 46.85590010086328], [12.692901922690059, 46.857528890854056], [12.690130376557086, 46.86069739333286], [12.688573271883973, 46.86216634451242], [12.686931534670904, 46.863297949789825], [12.684743740161121, 46.864803130433394], [12.681907569288233, 46.8660962098153], [12.67932902262643, 46.867599030268714], [12.67818916801508, 46.868544724246924], [12.677392345677182, 46.86981975799908], [12.675802643102207, 46.87204247640822], [12.67466189203202, 46.87304764994527], [12.673390917120445, 46.87405205062809], [12.668444933118824, 46.87741561391063], [12.663104350071569, 46.881044459350015], [12.657891730584508, 46.88479286232557], [12.655226552063775, 46.88667537826454], [12.65258736657422, 46.88886783374614], [12.649119565017548, 46.8918525987391], [12.646006755082084, 46.89421446739492], [12.642725833175595, 46.89612882769071], [12.638664410943392, 46.897949015477224], [12.63512329182026, 46.899802038029115], [12.632016478605856, 46.90162789011916], [12.629126934131241, 46.90342525381207], [12.62715849715737, 46.904514073626075], [12.624186567037693, 46.90595368034004], [12.620973049241705, 46.90843684839151], [12.6188393050284, 46.90963995486651], [12.615342559477863, 46.9113140904927], [12.612364267337446, 46.91316998946781], [12.608937681998885, 46.916034773304595], [12.60630711033081, 46.91808240831154], [12.60248946767578, 46.92066554165595], [12.599427868804145, 46.92219320917308], [12.596323487638164, 46.92366099626132], [12.593914722444806, 46.925073734175356], [12.591720512154804, 46.92666638987307], [12.591535997700273, 46.92676966189096]]]]}}, {"type": "Feature", "properties": {"id": "AT-07-26", "start_date": null, "end_date": "2025-08-01"}, "geometry": {"type": "MultiPolygon", "coordinates": [[[[12.525467853723638, 47.021938498154896], [12.5184325337862, 47.02681441745081], [12.5161508084011, 47.03435495673774], [12.513964154907042, 47.045403810398106], [12.525848141287861, 47.05924412468052], [12.528129866672959, 47.06931344297083], [12.527559435326692, 47.08477099346389], [12.535099015353817, 47.088610837599596], [12.549455755271067, 47.089023505688196], [12.560895939097428, 47.095883060380146], [12.571240480829545, 47.120706270224495], [12.584985462808106, 47.12673668830776], [12.58976599499494, 47.12883391854356], [12.59229338011574, 47.12493440844351], [12.617468899282988, 47.121739808746675], [12.634404279420465, 47.10987213846582], [12.641261608052728, 47.105066025857916], [12.656133716531496, 47.09999233515465], [12.66538790468032, 47.09315664406683], [12.67620831724166, 47.09048504972824], [12.678396578949494, 47.08825896707852], [12.68820954972856, 47.07827524204829], [12.699935838317947, 47.073231908761265], [12.706958370862028, 47.05677104113389], [12.709445412642447, 47.05261907641229], [12.710777885087404, 47.050394453689336], [12.712547353348546, 47.048023416499184], [12.715401535475632, 47.04595587564713], [12.718246840772062, 47.04463220228687], [12.72064978662568, 47.04390125289362], [12.726024949277539, 47.04308379335409], [12.726319274958644, 47.04303902792337], [12.732852443742706, 47.04277629677603], [12.736492633906328, 47.04264004771766], [12.719150852502242, 47.03290011317098], [12.703056335149688, 47.022983811081396], [12.6897732281538, 47.01593814285149], [12.67924721381693, 47.009135431488865], [12.652088655302876, 47.00343268366282], [12.64470012589659, 46.99995962444226], [12.63365771262521, 46.98235026047172], [12.634049739010843, 46.97795299996768], [12.630488906842846, 46.96947437995877], [12.618659458228489, 46.95823319466458], [12.614880881366274, 46.95092040570145], [12.598769839941195, 46.93279011036049], [12.591535997700273, 46.92676966189096], [12.590443322450064, 46.92738121529606], [12.588617329211674, 46.92801493719087], [12.585830221228235, 46.92850245306973], [12.583219760348515, 46.92878275376297], [12.580910804520142, 46.9292435624483], [12.579687348067745, 46.92974132911209], [12.578940426910894, 46.93033154496561], [12.57814600703588, 46.93132736487547], [12.577205747990966, 46.93292097480941], [12.576264616923956, 46.934571710675115], [12.575247366934194, 46.935707675738854], [12.573636359447988, 46.93752531299596], [12.572026882603494, 46.93922865996251], [12.571088764843486, 46.94065081805188], [12.570311683743288, 46.94247403055035], [12.569356174080735, 46.945095981697136], [12.568319613592838, 46.94754595918261], [12.567034308664637, 46.94987996350035], [12.565168971276005, 46.95192431811288], [12.562797869136181, 46.954308033008054], [12.558922893411953, 46.956795688446554], [12.55673332246932, 46.958226796801156], [12.554709567056095, 46.959566581438146], [12.553601205006865, 46.96115884604919], [12.552828272952324, 46.96263913713506], [12.55212191140628, 46.96526267030904], [12.551672605742285, 46.96743086149381], [12.551311785954109, 46.969256826772835], [12.551459326604293, 46.970572052131644], [12.551939060710316, 46.97200385137804], [12.552003996867954, 46.97326136577879], [12.551232530923777, 46.97462737870368], [12.549119520116616, 46.97638406951983], [12.547098324439338, 46.97756996623982], [12.546249980394734, 46.97847829703758], [12.545901635074836, 46.979447242520145], [12.545801172819054, 46.980589331085554], [12.545701555526794, 46.9816742860596], [12.545516750436448, 46.98287292655792], [12.54423724893776, 46.984692470265415], [12.541272474000497, 46.987528724390906], [12.537629970965822, 46.99098867323855], [12.536017722297098, 46.992691508107995], [12.53407191010328, 46.993749200358565], [12.5322351597052, 46.99432183818301], [12.531872228129478, 46.99436883107331], [12.52841508234611, 47.00808844372852], [12.531932742314778, 47.02057316044612], [12.525467853723638, 47.021938498154896]]]]}}, {"type": "Feature", "properties": {"id": "AT-07-16", "start_date": null, "end_date": null}, "geometry": {"type": "MultiPolygon", "coordinates": [[[[11.687947923273368, 47.32689420621991], [11.690803576175986, 47.327411593299644], [11.692811723017325, 47.32815483915701], [11.694329825363047, 47.328891009071135], [11.695887583059982, 47.330067611812844], [11.69663084448986, 47.3308081607403], [11.697670464170258, 47.33184396884375], [11.699897017744933, 47.334590386866516], [11.700187721596137, 47.33506646930303], [11.701208068389047, 47.336350971053], [11.703090491831754, 47.33821225340705], [11.704801785870554, 47.33987959612405], [11.70594264856312, 47.34181830010849], [11.706513079909385, 47.34375693246273], [11.706456036774748, 47.3457342636711], [11.705885605428483, 47.34860319996894], [11.705808814026923, 47.34990793141368], [11.705771519159242, 47.35054158162079], [11.706284907370872, 47.35279001460123], [11.707311683794165, 47.35437936597446], [11.70845254648673, 47.35542598569913], [11.710506099333315, 47.356627634440876], [11.71495546383434, 47.35903084932442], [11.721287251778003, 47.36178278270819], [11.72716269464471, 47.36395321983489], [11.73155501601103, 47.36561974450422], [11.734692388415544, 47.36716995245185], [11.737992356502989, 47.36891824895849], [11.738924178449686, 47.36946638814573], [11.745327269394817, 47.37331779794875], [11.749822979657853, 47.37620734225478], [11.752067403830644, 47.37764972428532], [11.757429710601881, 47.38120027497193], [11.758146692575217, 47.38166139257736], [11.761213352851092, 47.383633533169075], [11.762840096397387, 47.38441836801591], [11.764466387644555, 47.38505931103412], [11.766489093371616, 47.385420436721475], [11.769641767031478, 47.3855112739038], [11.770177360497604, 47.38545333996563], [11.773159007824196, 47.38513078728651], [11.775982334927564, 47.384502622345686], [11.778086497437807, 47.384183293240234], [11.77898521230715, 47.38420304203405], [11.779807520727655, 47.384371552861104], [11.780292019612332, 47.38447083752297], [11.782317965314785, 47.385319849032236], [11.78568979057087, 47.38690139778867], [11.791766273619233, 47.38951944092706], [11.793024392031224, 47.390016052502695], [11.793264279051426, 47.390131663216216], [11.794571517553335, 47.390793427189166], [11.79616397172836, 47.39182640789943], [11.797756425903383, 47.393214443649796], [11.79942018399668, 47.395344845568886], [11.80084626236243, 47.39741060709619], [11.802224804782577, 47.39904056453635], [11.803745955039298, 47.40012179544222], [11.80536217718709, 47.4007511583762], [11.807382454871908, 47.401170729463004], [11.809640412284205, 47.401428925383854], [11.810624585852223, 47.40152130348208], [11.810876908571469, 47.401585908105716], [11.8122064771165, 47.40166978518809], [11.813747423571892, 47.40176699707674], [11.817320465254683, 47.401909719138864], [11.819525851606853, 47.402058239679285], [11.823212183187335, 47.4025235037559], [11.828436761645074, 47.403782984910734], [11.832882151195111, 47.40531771731458], [11.836354017705586, 47.406527085034405], [11.837717224811867, 47.4026382940743], [11.839154216829696, 47.39945697414207], [11.839510170924047, 47.39797979727807], [11.839490735397643, 47.39704226745799], [11.839159242459042, 47.39631405644371], [11.839092946048932, 47.39568459218952], [11.839437431796489, 47.39447083977415], [11.841377357580846, 47.392285749181575], [11.844051361899266, 47.38997770251564], [11.848630401045847, 47.38575144805865], [11.85278176103334, 47.3817480525309], [11.854880454764434, 47.37891799488565], [11.856209244751588, 47.37653510195397], [11.856787483699344, 47.37391390842413], [11.857115001000794, 47.371232324523895], [11.857627936194305, 47.369728665972865], [11.858708541816881, 47.368395666735715], [11.860984124030294, 47.36522491761106], [11.864803012027526, 47.36098823769523], [11.866289496840391, 47.35895013316812], [11.866740050795775, 47.35787016782771], [11.866610078597754, 47.356497015389266], [11.865747412408629, 47.35425726503014], [11.864570432622408, 47.351688369402964], [11.863806773082548, 47.3484606280567], [11.863377142663667, 47.345004993171734], [11.863414379432612, 47.341426711690374], [11.864385332597418, 47.336753307687054], [11.86457381757095, 47.33563950408685], [11.865089717147287, 47.33259077148253], [11.866213820921672, 47.32946126541008], [11.868386028344975, 47.325890013743155], [11.869564574755021, 47.32409915886909], [11.870613467026871, 47.32190858917756], [11.87299026430301, 47.3163527117993], [11.8741538162545, 47.31247532909313], [11.87447576260061, 47.311402434992786], [11.875664161238713, 47.30513815075415], [11.87617812960863, 47.30100106911482], [11.876555460217213, 47.29796361738773], [11.87682852025428, 47.29580876343872], [11.87727929215149, 47.29225130258232], [11.877298209366066, 47.29210200395946], [11.879229357152955, 47.2867451303787], [11.881160504939805, 47.28249967303121], [11.883682622324637, 47.2795819313824], [11.884131501534977, 47.27906262312937], [11.88492572748532, 47.27860219801761], [11.888142346938531, 47.276737432564374], [11.892598841831338, 47.27481654542114], [11.893952937963904, 47.27397509515462], [11.896015487915829, 47.27269337800324], [11.898243735362218, 47.270469015445705], [11.899729233659782, 47.26834567252586], [11.900917632297952, 47.26510993754772], [11.90151183161692, 47.260559348508295], [11.901584994215412, 47.257471220604884], [11.901660381446703, 47.25428900335638], [11.900738980251324, 47.24802916032935], [11.900652138401252, 47.2457960125435], [11.900341840240449, 47.24471601560743], [11.900228066790941, 47.244478418618534], [11.8992835841705, 47.243263520644724], [11.898986484510997, 47.242960034338005], [11.897814567078148, 47.24208942956918], [11.897086198406335, 47.24185724470433], [11.896906408642174, 47.241799931542936], [11.893381614041392, 47.24110413306868], [11.892225536343748, 47.24087592001025], [11.889578200431995, 47.23977352702712], [11.886278409948815, 47.237428905477934], [11.882397438799453, 47.23515083376985], [11.88043478621229, 47.233297142770475], [11.879405811028777, 47.23105532415929], [11.877959184958199, 47.228751010182236], [11.875854425258934, 47.22598108486419], [11.873342848704473, 47.222621074220584], [11.871511062684954, 47.21923932495077], [11.870134713324124, 47.21442138323016], [11.869664940942014, 47.210186543241285], [11.869579725091416, 47.20644562548591], [11.87013947910746, 47.20213506553763], [11.870346543705285, 47.19858420452509], [11.869057866947767, 47.195777944200614], [11.868199298330769, 47.19348104887529], [11.867605899429858, 47.19178446467208], [11.86513612828744, 47.180012219509194], [11.863894368318972, 47.17342437206385], [11.862101067441342, 47.16860090236316], [11.856810194436415, 47.16612736815942], [11.848038851584272, 47.16218431680109], [11.843907342020652, 47.160130141177945], [11.841267533689793, 47.158666863894005], [11.83750708922558, 47.15536009202297], [11.81096477481801, 47.14870057959439], [11.778201324193166, 47.151472132043246], [11.757749526514498, 47.15986341395796], [11.746120202623894, 47.16044072810338], [11.745272263836942, 47.16277446752808], [11.73110655207106, 47.166924222701105], [11.724261375915697, 47.17457447869474], [11.724261375915697, 47.18014939044291], [11.712187245752801, 47.187797729548876], [11.7133281084453, 47.19589857432447], [11.716370408958843, 47.200240114962654], [11.711046383060202, 47.22006409976202], [11.697831390204774, 47.22880760527147], [11.697546174531624, 47.24227624029012], [11.692032004850907, 47.26085471126723], [11.677200789847685, 47.26803835440045], [11.664746372120566, 47.28123816776076], [11.653622960868123, 47.28693118212246], [11.649534869553188, 47.29631037245218], [11.643260124744097, 47.2995441879559], [11.632184590693479, 47.31121212791209], [11.632163376240023, 47.311225659969885], [11.635094446301752, 47.312927752978446], [11.63798975118614, 47.31435192608956], [11.641582118888774, 47.31588161297237], [11.646366187828177, 47.31738119213673], [11.652334465623696, 47.31908852109373], [11.657408216505312, 47.32030615515291], [11.661101741905586, 47.32088422598559], [11.666173168032312, 47.321338331292985], [11.666572530938527, 47.32138220581159], [11.669344112454592, 47.32157625121244], [11.67297234799211, 47.32201011206878], [11.674289780950854, 47.32234253105875], [11.67637716634028, 47.3228692226535], [11.681886208335701, 47.325180265808974], [11.68370402130118, 47.325975692568804], [11.685507929438886, 47.326525622114346], [11.687947923273368, 47.32689420621991]]]]}}, {"type": "Feature", "properties": {"id": "AT-07-05", "start_date": null, "end_date": null}, "geometry": {"type": "MultiPolygon", "coordinates": [[[[12.181316270030576, 47.61081218367827], [12.177860273752767, 47.60108153408816], [12.172108433830614, 47.596629155343095], [12.170032603763937, 47.59456632671715], [12.16893006562939, 47.59314475055401], [12.168599345018583, 47.59218907104966], [12.168360567267506, 47.591055765439776], [12.168326810972825, 47.588615105393444], [12.168252872353495, 47.58734814537604], [12.168135657072492, 47.58533956378377], [12.167555692258617, 47.583726623837755], [12.16661999461902, 47.5822886177703], [12.165066067482442, 47.58096334006204], [12.162544823643328, 47.579628157810305], [12.158099636131412, 47.57779703458492], [12.154173026070604, 47.57638771665986], [12.152758890291306, 47.57568196143766], [12.151737534379938, 47.57517221414619], [12.148617489453477, 47.573116295483054], [12.145399805958824, 47.570083222822326], [12.14491453125416, 47.56962575184224], [12.144692906711212, 47.569365631241105], [12.142786930099058, 47.56712846313017], [12.141230995079786, 47.565301996190826], [12.137097643961583, 47.56144957958413], [12.136491817937161, 47.561038738094815], [12.131036384952875, 47.557338696431195], [12.127386053683756, 47.55432462678345], [12.126290470400042, 47.55341991594916], [12.123332794294662, 47.55013827371709], [12.119625541665153, 47.54507604958082], [12.119062037524639, 47.54435453120459], [12.118156314049804, 47.54319480736723], [12.117720143724947, 47.54263629407565], [12.117235038871176, 47.54201510827774], [12.11447949222116, 47.53954543764544], [12.11422686444472, 47.53940191614618], [12.111703431909573, 47.53796829587551], [12.10916317631935, 47.5368781957063], [12.104306560019511, 47.534794011931886], [12.099002519463651, 47.53235608445956], [12.095449170032776, 47.530234460175734], [12.09442572697547, 47.52891391424671], [12.0935211049602, 47.52628517195032], [12.092901209908824, 47.52276668312616], [12.092347677825366, 47.520846273791996], [12.091305274460092, 47.519654249904406], [12.089998893055995, 47.51916389050188], [12.088895053148471, 47.51919340733269], [12.088416314502766, 47.51920620659764], [12.086914514300208, 47.51954698917524], [12.085669157101814, 47.52018815693294], [12.083783364833728, 47.52189371111272], [12.081976791845273, 47.52395723151955], [12.080375604076655, 47.524773017105225], [12.079253791939234, 47.52497571054134], [12.076857259971359, 47.524913010609986], [12.07574437259235, 47.52464808377834], [12.074498095041154, 47.52435139054145], [12.072588231777168, 47.52337801890802], [12.071490490946267, 47.522682577628316], [12.07139617759162, 47.52262282714304], [12.071378715184789, 47.52254936047167], [12.071218397528101, 47.5218748745935], [12.071192714756364, 47.52114093338003], [12.0711663069164, 47.52038625352243], [12.071867501950186, 47.51917969206444], [12.071991209166736, 47.51896682348444], [12.073877278631054, 47.51726146228913], [12.075090844227216, 47.516414269602585], [12.076647285672975, 47.515327694422105], [12.077911129362139, 47.51391304285796], [12.077853167638594, 47.51266244777597], [12.07691549004754, 47.51146171774682], [12.075446614527545, 47.510433706482345], [12.072500516213518, 47.50852848368875], [12.069116828071976, 47.50697118874343], [12.065023682210247, 47.505497357523986], [12.063467387592466, 47.504468218199285], [12.06113522134253, 47.50283521003093], [12.060246918256794, 47.50154631704837], [12.059523011226387, 47.50049590433567], [12.05893489647375, 47.499313922441644], [12.058753422617778, 47.49894918835127], [12.058190252495509, 47.497504943791775], [12.057349768129995, 47.49594799225699], [12.055646488398787, 47.49407890758609], [12.054261281533119, 47.492937381967565], [12.052680900566097, 47.491824414378954], [12.048275973895205, 47.48989417354026], [12.045148976229143, 47.48848998070862], [12.041397386697323, 47.4874953049902], [12.038077541775243, 47.48680300816675], [12.034748961597739, 47.486467651065276], [12.032203343152453, 47.486274476322926], [12.026229342423978, 47.48595161829154], [12.018884846699729, 47.48527454444831], [12.010051557116832, 47.48386318030076], [11.997021956913601, 47.48174742148072], [11.988454695674012, 47.48027796324964], [11.984339793337451, 47.47930170620185], [11.977895212744246, 47.47777236507298], [11.968567019903688, 47.47522095817779], [11.960908775542165, 47.47262931022707], [11.956396554824057, 47.47061078087265], [11.95053508921849, 47.46822584011278], [11.946852128981485, 47.4663585366151], [11.944735247558482, 47.465524719599834], [11.941561907128392, 47.46427474972181], [11.939826067294135, 47.46371610931217], [11.93818688546032, 47.46318857058921], [11.935097049001275, 47.46242295226948], [11.934827323831096, 47.46236885038479], [11.930878233836083, 47.46157672949542], [11.926096513637365, 47.46068329576909], [11.925055080509512, 47.46048870864805], [11.920776845412403, 47.45952155998684], [11.919769068851862, 47.45929373686035], [11.919172507250991, 47.459158874623895], [11.9183350697508, 47.458868588811825], [11.91649861031532, 47.458232000593405], [11.914399381507778, 47.457156290532595], [11.913824713379682, 47.456861808869235], [11.91067545698872, 47.45480645392265], [11.906932001278818, 47.45238828579126], [11.904150343606716, 47.45107053154824], [11.903188545568819, 47.45061489138866], [11.898850890539821, 47.44888174327291], [11.89767481840408, 47.448336940609686], [11.896830439163619, 47.447593139411424], [11.89520088598949, 47.4455726111395], [11.893909838201353, 47.4434991768334], [11.892726785543662, 47.44195988736271], [11.891380728259303, 47.44073552410118], [11.890697012750323, 47.44007212047316], [11.889962115052793, 47.439675929061686], [11.889267814577083, 47.439399295931], [11.888789517120774, 47.43924443898187], [11.888209370241405, 47.439126098338626], [11.885972394749162, 47.43891431984061], [11.883042481845864, 47.43857955297535], [11.881341279968375, 47.43823056449107], [11.880543542806969, 47.43796093817443], [11.879602825815464, 47.43764297556238], [11.877441544641986, 47.43648448389254], [11.875291901285966, 47.43490942106108], [11.873838172916075, 47.433551544335835], [11.872648425897662, 47.43216725963496], [11.871729954859367, 47.43060699104413], [11.870978737329022, 47.42943154558973], [11.870088614687024, 47.4286344149974], [11.869218723139728, 47.42815691751377], [11.864694110202684, 47.42663658339136], [11.862132755651633, 47.42567375772518], [11.861017594916506, 47.42511303607585], [11.859364776948967, 47.42399645518452], [11.856762093195336, 47.42172468437879], [11.851928168012124, 47.41647146092121], [11.847402838175892, 47.41274589578666], [11.842375149228465, 47.409442173385145], [11.839778999084226, 47.407969600902675], [11.836354017705586, 47.406527085034405], [11.832882151195111, 47.40531771731458], [11.828436761645074, 47.403782984910734], [11.823212183187335, 47.4025235037559], [11.819525851606853, 47.402058239679285], [11.817320465254683, 47.401909719138864], [11.813747423571892, 47.40176699707674], [11.8122064771165, 47.40166978518809], [11.810876908571469, 47.401585908105716], [11.810624585852223, 47.40152130348208], [11.809640412284205, 47.401428925383854], [11.807382454871908, 47.401170729463004], [11.80536217718709, 47.4007511583762], [11.803745955039298, 47.40012179544222], [11.802224804782577, 47.39904056453635], [11.80084626236243, 47.39741060709619], [11.79942018399668, 47.395344845568886], [11.797756425903383, 47.393214443649796], [11.79616397172836, 47.39182640789943], [11.794571517553335, 47.390793427189166], [11.793264279051426, 47.390131663216216], [11.793024392031224, 47.390016052502695], [11.791766273619233, 47.38951944092706], [11.78568979057087, 47.38690139778867], [11.782317965314785, 47.385319849032236], [11.780292019612332, 47.38447083752297], [11.779807520727655, 47.384371552861104], [11.77898521230715, 47.38420304203405], [11.778086497437807, 47.384183293240234], [11.775982334927564, 47.384502622345686], [11.773159007824196, 47.38513078728651], [11.770177360497604, 47.38545333996563], [11.772336088408347, 47.39402455023283], [11.768696309851963, 47.399689362458965], [11.750751911165562, 47.41215721647835], [11.749094474052514, 47.41827747583245], [11.744391934946686, 47.424141113183275], [11.727375548236614, 47.43026193581831], [11.71162551498511, 47.43882471939765], [11.710623136094359, 47.44137585603635], [11.707968878346325, 47.448130558963655], [11.709130053793086, 47.46850551977945], [11.707135464443237, 47.4819065889699], [11.708202355504197, 47.49170805258384], [11.707597541216526, 47.49902436985047], [11.70749190388744, 47.499930768407104], [11.7073397888618, 47.500816636235236], [11.707111616323285, 47.50175402908724], [11.706926226135707, 47.50255611475587], [11.706911965352042, 47.503541793510365], [11.706911965352042, 47.504459810896684], [11.706812139866468, 47.50525219186296], [11.706569706544322, 47.50580298617625], [11.70604205754899, 47.50656635815375], [11.705257714447846, 47.50751331040084], [11.704958237991061, 47.50795779226265], [11.704829890938122, 47.508402270337385], [11.704829890938122, 47.50882283736332], [11.705214932096977, 47.51012533121143], [11.70521493209691, 47.51049899627121], [11.705100845827635, 47.51113669343549], [11.705100845827635, 47.51155215860588], [11.705229192880578, 47.51185167795497], [11.705542930121029, 47.512267137430534], [11.706227447736572, 47.51295312141459], [11.70685492221747, 47.51371638876463], [11.707596482967647, 47.5143733694376], [11.708140952217947, 47.51472822852811], [11.708723084876478, 47.515107632161104], [11.709250733871842, 47.51553272690782], [11.709664296597833, 47.515957818189705], [11.70980690443441, 47.51630561757045], [11.709906729920046, 47.516885278050665], [11.709906729920046, 47.517861025308164], [11.709821165218107, 47.51917487396099], [11.709488413599423, 47.52018921976242], [11.70889421428039, 47.521219646087665], [11.707848423478861, 47.522716948048725], [11.707526276858161, 47.52305710330328], [11.707040312404981, 47.52357022993266], [11.706232201331101, 47.52485817614076], [11.705471626202725, 47.5263875709397], [11.705186410529574, 47.52703151322237], [11.704948730801995, 47.52788472449555], [11.70503781860365, 47.528684219603655], [11.705043802693, 47.52873792180466], [11.70532901836615, 47.5299774477319], [11.705424090257187, 47.53100768061838], [11.705400322284454, 47.53179643890965], [11.705217416597641, 47.5324825049535], [11.705091338638502, 47.53295540903057], [11.704639747156076, 47.5340338719675], [11.704568443237772, 47.53480648841129], [11.704473371346733, 47.535836625853555], [11.70414061972805, 47.53718865034673], [11.70378410013666, 47.53810607556263], [11.70304729298105, 47.53907176886815], [11.702643237444061, 47.5400696331504], [11.70261946947133, 47.54055246384648], [11.702785845280669, 47.54175952101362], [11.702762328154979, 47.54207402013343], [11.702690773389598, 47.54303092432503], [11.702310485825441, 47.54396433991837], [11.701763822451944, 47.54483336699049], [11.70078162337278, 47.54556422726566], [11.699648472876156, 47.54575065761917], [11.69857891410186, 47.546072510152634], [11.698271021435856, 47.54622752223227], [11.69765196316414, 47.54653919279427], [11.69662994033538, 47.54735990040302], [11.694916863051494, 47.54872948572915], [11.6925871358519, 47.550241470976346], [11.691233919877712, 47.55093345078913], [11.68781862727733, 47.55232854135074], [11.68455322714099, 47.55416741069274], [11.681704106911553, 47.556183629427686], [11.67917790362235, 47.55866161031558], [11.678202860241225, 47.56013332615861], [11.6770535786583, 47.56177395373611], [11.67540689616841, 47.56312164473551], [11.67342616898146, 47.56435018265349], [11.672074212502059, 47.56529620193407], [11.67125123971442, 47.56637591569739], [11.670446437998073, 47.567792891656424], [11.669654265814584, 47.56881002322309], [11.668788529601823, 47.56948320480605], [11.667761216941823, 47.5699254477393], [11.666231100637754, 47.57024607665518], [11.664113779582639, 47.57044384220044], [11.659958029756458, 47.57101184729438], [11.655106867790632, 47.57219813114941], [11.650583958295982, 47.57367476429948], [11.645726829416107, 47.57503200942645], [11.641207095918677, 47.57639403379598], [11.637784505618578, 47.57777211769325], [11.635046304203835, 47.578874511092266], [11.632691798535602, 47.57976626132168], [11.630445972738013, 47.58443152802146], [11.636168333494012, 47.594941689908765], [11.660031799286893, 47.583704352356406], [11.681222645991316, 47.58371866459296], [11.700361175273946, 47.58915902822498], [11.721141750025405, 47.58866439897201], [11.747542671773783, 47.58803055542609], [11.775022466884456, 47.59042346655915], [11.817072797218607, 47.58462620725183], [11.828537322938143, 47.5857280889375], [11.830253051505094, 47.582018010983816], [11.844196248073976, 47.58127030942014], [11.847817137139105, 47.582504600593964], [11.855344885431595, 47.602164931798384], [11.86562718373241, 47.60160467187519], [11.894551455175803, 47.608393882555895], [11.903021233751813, 47.608482137060875], [11.914499445402445, 47.61387774317605], [11.933750248288264, 47.61275636479501], [11.968909535253637, 47.61719236487879], [11.976717410243975, 47.61465882752622], [11.981315986067756, 47.61892278452279], [12.008534790723113, 47.625186229216055], [12.021418326542438, 47.61120446023534], [12.028003216984997, 47.611153926446654], [12.035103637002937, 47.617153006470375], [12.049658868047073, 47.614879711322644], [12.059835198818428, 47.61760162134887], [12.077652710078809, 47.61349015435713], [12.082813163276917, 47.60961623603046], [12.115383428535585, 47.611442638558884], [12.129183383324659, 47.60594029914158], [12.14025830488833, 47.60550750829615], [12.149339582659382, 47.608542991245386], [12.16199036732765, 47.613188411072244], [12.178770191426208, 47.61469910268932], [12.181316270030576, 47.61081218367827]]]]}}, {"type": "Feature", "properties": {"id": "AT-07-03", "start_date": null, "end_date": null}, "geometry": {"type": "MultiPolygon", "coordinates": [[[[10.862276001275989, 47.36507201341275], [10.872197604287317, 47.3721935259431], [10.874785606562293, 47.37325752784823], [10.876682601649938, 47.373560795393665], [10.877340462392231, 47.37366596542618], [10.87926566818594, 47.37381127706186], [10.88136913377538, 47.37369018406015], [10.884542158139013, 47.37364174678107], [10.88703779527899, 47.37381127706186], [10.889212564786664, 47.374392519575586], [10.891542422721558, 47.375665572616825], [10.892884716578326, 47.37671742517042], [10.893053630161836, 47.377011017531025], [10.894096883189198, 47.37882428178036], [10.89484557433119, 47.37996243344453], [10.89584382918718, 47.380640469494146], [10.897376863430353, 47.38100369948312], [10.899694240774537, 47.38117320594963], [10.901188852715515, 47.3814351809099], [10.901904662241364, 47.38156064724249], [10.903116828852268, 47.38202073005691], [10.90400812783077, 47.38269873947256], [10.90497073072764, 47.384369510939955], [10.905505510114754, 47.38616129359398], [10.906040289501869, 47.389066756828775], [10.905790725787904, 47.39151206349362], [10.905220294441637, 47.39359411582049], [10.904583529176552, 47.395423446738704], [10.904293343503952, 47.39625708537489], [10.904079431749073, 47.39821791275765], [10.904190708520055, 47.39889529471529], [10.904341502840651, 47.39981322030968], [10.904381077994755, 47.399879638239206], [10.905006382686791, 47.400929059307416], [10.90625420125678, 47.402284579944215], [10.90696674869798, 47.40302535423183], [10.908535926641878, 47.40465665661958], [10.910924607904432, 47.40678659307675], [10.911675615220526, 47.40777713455922], [10.912172426474422, 47.40843239371561], [10.912988143276753, 47.41032458830226], [10.913108668554568, 47.41060416149102], [10.91374111267668, 47.41283707615436], [10.914270121222387, 47.41450192501555], [10.914525455777756, 47.41530547237438], [10.915951534143506, 47.41787054509356], [10.916193402696779, 47.418225989307764], [10.917425860966569, 47.42003714287351], [10.918340215406028, 47.421742114862255], [10.918768038915752, 47.423508423410276], [10.918768038915752, 47.42447623842308], [10.918554127160906, 47.42629084331918], [10.918233259528606, 47.428903763799404], [10.918021840871008, 47.43100192410918], [10.91834639755128, 47.432635197250086], [10.919030426817379, 47.433792880110225], [10.919918352160634, 47.4350977662321], [10.920532753343085, 47.436515834124926], [10.92072453446728, 47.4381872268362], [10.920646013747328, 47.439900424681845], [10.92024528658645, 47.44174972852403], [10.919328239084233, 47.443373777334244], [10.918536010429376, 47.4445717414342], [10.918381658402929, 47.44564026636654], [10.918529886481174, 47.447000988766156], [10.91928987067076, 47.44880333685687], [10.920181328370612, 47.45003683481507], [10.920773475143587, 47.450906751542306], [10.922470573143972, 47.45184755182305], [10.922475460849038, 47.45185026133818], [10.923186728256162, 47.45264865745677], [10.923493948351796, 47.453607823847435], [10.92375324155578, 47.455613942163694], [10.923361433750815, 47.458035056259995], [10.92317356374464, 47.46060336924412], [10.923474291342279, 47.46170530058583], [10.9246105863122, 47.46296772895855], [10.925749113329461, 47.4641825570691], [10.927824490057388, 47.46641739748831], [10.930274864252086, 47.468136093082556], [10.931533487515004, 47.46906575290062], [10.931533516785139, 47.46906577452026], [10.93266507150082, 47.46792969798004], [10.98354470688218, 47.429886014843724], [10.984776164198301, 47.42116341348825], [10.971667400627474, 47.41659560636373], [10.970198926034477, 47.403561737136215], [10.977813009357176, 47.39779890789431], [10.99155936471928, 47.39640771211334], [11.005998157822175, 47.3943364186203], [11.015865391090314, 47.39632013238626], [11.023929482295534, 47.39710872307561], [11.028558186734136, 47.39348286843106], [11.055332777466802, 47.39579170069723], [11.116026200269614, 47.395700697125804], [11.12399340320271, 47.398776201212605], [11.122489639663089, 47.40721441607679], [11.129208185111448, 47.41259187919347], [11.13898778189817, 47.413504082662385], [11.157449183821091, 47.42136954358924], [11.159696352360562, 47.421711861284734], [11.19844932052886, 47.427607573895024], [11.206149378328604, 47.43399827885721], [11.221388534095311, 47.430526872547404], [11.249604767258598, 47.43259893791663], [11.254011301125129, 47.42758979965722], [11.240537591098455, 47.41943084235464], [11.222377883330232, 47.397077423391956], [11.226742187916761, 47.3950737029066], [11.235218163004953, 47.39810178139746], [11.261424784064504, 47.39795882900761], [11.265851014139134, 47.39793409224452], [11.266105807973807, 47.39686223917249], [11.266005974850216, 47.3961707047828], [11.265857627919504, 47.39514310307872], [11.2649758438558, 47.393483940120234], [11.264196444189336, 47.39189806701895], [11.264277757929818, 47.3898276738604], [11.246050962064212, 47.38687147947864], [11.241035514380721, 47.383530704086084], [11.234317754934997, 47.37310921463616], [11.223733728134844, 47.358958173429116], [11.214474293000798, 47.351209044950515], [11.197138228297506, 47.343757201300356], [11.19315260846011, 47.338709514226316], [11.188273893934138, 47.33253008424073], [11.188945355796916, 47.32626354969766], [11.197215548914784, 47.32046567906929], [11.19988983380728, 47.31092631860227], [11.196216790947, 47.30243409316967], [11.201654071349564, 47.29350974972613], [11.199338305187684, 47.29084056390269], [11.192428339184024, 47.288758750759484], [11.187339028493398, 47.28307221149827], [11.18677569977567, 47.283349623778186], [11.18417310675827, 47.284320028566306], [11.181107038271993, 47.28482948391006], [11.177969665867481, 47.28482948391006], [11.173584474892946, 47.284417068060044], [11.169826945175451, 47.283745697093636], [11.168051329201242, 47.28359369093053], [11.166275823268773, 47.28361648688036], [11.163708882210525, 47.28407742904839], [11.159858470623101, 47.285120599032865], [11.151979387652664, 47.288055919779865], [11.139608157830233, 47.293271168012794], [11.130873427840314, 47.29705493116962], [11.12584650160124, 47.29955303573895], [11.12374303601187, 47.30076566504361], [11.121960438054733, 47.30268156230739], [11.120070884220173, 47.30571290260043], [11.118502198017918, 47.30813784890713], [11.11693351181566, 47.309326031735594], [11.1147230903488, 47.31019896525916], [11.112976144350883, 47.31056268327908], [11.110480507210905, 47.31056268327908], [11.10709357109233, 47.30995648517999], [11.103849242810423, 47.30918054140465], [11.101455237768306, 47.30854086189196], [11.101095486814547, 47.30850060600638], [11.096530162432014, 47.30716082272671], [11.096144009742446, 47.307022588314574], [11.091356567569607, 47.30530875609626], [11.088413960654545, 47.30410769616673], [11.086297404694832, 47.30324435511744], [11.084685888150265, 47.30285535029908], [11.083435367150203, 47.30253549133217], [11.077344704790933, 47.30127243684258], [11.069265272010675, 47.29994238306762], [11.060670003660997, 47.29864698477344], [11.05014579185983, 47.29759635827772], [11.03698896186409, 47.2958317450601], [11.029765202586628, 47.2946065972553], [11.015028413950164, 47.29159002353744], [11.000464101785667, 47.289074663532105], [10.998653826723212, 47.28876186963341], [10.997977486790976, 47.28864208155608], [10.997439687571276, 47.28853882588658], [10.990131035947039, 47.287103544307215], [10.984783242075729, 47.286072543213805], [10.980292235177687, 47.28529889972234], [10.979845902051942, 47.28519139467813], [10.978166284431524, 47.284690570341574], [10.974800693515787, 47.283687012190896], [10.970047098963514, 47.281928119147146], [10.966452193083297, 47.28067461923132], [10.963897136011434, 47.279946766857286], [10.961460918803311, 47.27909759302036], [10.959708030812184, 47.27802599694105], [10.959641408873463, 47.27795893252109], [10.958281952446471, 47.27659042834929], [10.95667761428506, 47.27511438034526], [10.95554863557891, 47.274608874930294], [10.953142128336765, 47.27400226201859], [10.950735621094651, 47.273638290913226], [10.94821027398873, 47.273638290913226], [10.946401051599073, 47.27370378884479], [10.945417537189218, 47.273739394250754], [10.943337839572616, 47.273739394250754], [10.941674081479253, 47.273638290913226], [10.93959438386265, 47.27325409645822], [10.936534257369548, 47.27252614137344], [10.934576733674891, 47.27226992453021], [10.934216880025298, 47.27222282378122], [10.931407933539955, 47.272260948882874], [10.928364016732752, 47.27248569912881], [10.926521998843732, 47.27252614137344], [10.92491766068232, 47.27248569912881], [10.923105352759242, 47.272162160052794], [10.92176840429142, 47.27163640480946], [10.920550295687377, 47.270888205594794], [10.920292919068078, 47.27065620939852], [10.919451026947138, 47.269897330795104], [10.918203208377184, 47.26908843956947], [10.916361190488127, 47.26825931315402], [10.9140141031779, 47.267389727507336], [10.910508327195547, 47.26649990405869], [10.90715110104298, 47.2654887227792], [10.904744593800869, 47.264962900832856], [10.902159826763025, 47.264639315484374], [10.901060558022854, 47.2645988671759], [10.89889173050832, 47.264619091334], [10.897168552483103, 47.26441684940294], [10.896326641849473, 47.26411521315974], [10.89547508442383, 47.26381011894477], [10.894677984951379, 47.26335502511561], [10.893633066534807, 47.26275843624244], [10.892296118066989, 47.26192921005912], [10.889949030756728, 47.26087748975975], [10.888820052050548, 47.2605538792845], [10.88659180460416, 47.26031117012191], [10.884155587396103, 47.260250492656304], [10.88202944323832, 47.26018022911236], [10.881095460903069, 47.26014936339155], [10.878629533729, 47.259805522437546], [10.875717957065717, 47.25891557071147], [10.872984640198128, 47.257722202728715], [10.870934652547433, 47.256326534653866], [10.869781648478828, 47.255417583953495], [10.868676695135136, 47.254546498474866], [10.86739916659917, 47.25351485904135], [10.866032508165341, 47.252685487186746], [10.86579192935115, 47.25258519902461], [10.86457671983372, 47.252078621452185], [10.862615862080853, 47.251431290289474], [10.861397753476808, 47.25090532785769], [10.860952103987557, 47.2504400490178], [10.86071442425991, 47.24957016884992], [10.86053616446425, 47.24878119533569], [10.860239064804716, 47.248234975975485], [10.859585445553728, 47.24772921225498], [10.858545596745444, 47.24720321283098], [10.857802847596659, 47.246495128383756], [10.85741661803926, 47.24554425714394], [10.85741661803926, 47.24473499149679], [10.857743427664705, 47.24350083743445], [10.857661493816599, 47.24268248453051], [10.857090891618641, 47.2416514941303], [10.856079669571443, 47.240648009945204], [10.85468330117167, 47.23975773426193], [10.852484763691228, 47.238584166044866], [10.850434776040535, 47.23749151005526], [10.84829565849201, 47.23637859638982], [10.846661610364592, 47.23565013107321], [10.84535273781458, 47.23532424075758], [10.843056751645847, 47.235081415243535], [10.841816063467677, 47.234877440946484], [10.840767895868902, 47.23448891629053], [10.839705467486453, 47.23378470804604], [10.838935385168975, 47.23320190789539], [10.838605252841958, 47.232809094992156], [10.838245473604974, 47.23222122577248], [10.838151956250588, 47.232049155017826], [10.837815438292406, 47.231429961560956], [10.837031095191293, 47.2306285738638], [10.8362824040493, 47.22980288893848], [10.835177193315918, 47.22905004728511], [10.83389372278678, 47.22837005202735], [10.831005914096263, 47.22732575650465], [10.828938100465976, 47.22674288488547], [10.827012894672265, 47.22633001358652], [10.82676075595586, 47.22632428823211], [10.825943335898003, 47.22630572693867], [10.82476682124632, 47.226451446657386], [10.823519002676331, 47.22684003060319], [10.822734659575184, 47.226985748843816], [10.822057272351497, 47.226985748843816], [10.821522492964382, 47.2267914577667], [10.821130321413778, 47.22642716006556], [10.820738149863203, 47.22552854829865], [10.820417282230935, 47.22399844434538], [10.819739895007245, 47.22244400752518], [10.81820686076414, 47.220306582014615], [10.817172953948997, 47.218436263566105], [10.816317732817414, 47.2170335049792], [10.81621035105216, 47.216857371644494], [10.81506948835956, 47.215691390321375], [10.81296602277019, 47.214403922642155], [10.810898209139904, 47.21321359435406], [10.809472130774221, 47.212630566608496], [10.80818866024508, 47.21231475722013], [10.805693023105103, 47.21197465268569], [10.803398248276073, 47.21178318370537], [10.802199131109136, 47.21168313276654], [10.799204366541197, 47.21134302415638], [10.796708729401253, 47.211124381748064], [10.794248744220427, 47.210954325914706], [10.791976902963588, 47.21104625110458], [10.791267817452608, 47.21107666745708], [10.789316264965674, 47.21134319001205], [10.787040377074831, 47.21175634102336], [10.783585599776075, 47.21272113271155], [10.780430501252024, 47.2138116386178], [10.776831572938647, 47.215040968597094], [10.772732138246084, 47.21667577709782], [10.772377278614368, 47.21681601091935], [10.769712442629523, 47.21782630478471], [10.766980009310997, 47.21877104475276], [10.764899428145293, 47.21935658798435], [10.763651609575305, 47.21959948599275], [10.762261183168775, 47.21972093457712], [10.761970034541909, 47.21970440460503], [10.761405536149327, 47.21967235517695], [10.75983684994707, 47.21935658798435], [10.75816120786739, 47.21904081889956], [10.75627165403283, 47.218433565341165], [10.755803175358603, 47.21830337234367], [10.753562105138007, 47.217680561209875], [10.751974168361452, 47.21726000216756], [10.748650043201524, 47.22555740125786], [10.7567808024189, 47.246144249570726], [10.775321711093467, 47.26022998097539], [10.78723479883812, 47.26927849502223], [10.797079498333469, 47.27366196031498], [10.817339484482517, 47.282681801909675], [10.838304673688278, 47.29565556224611], [10.841279058067704, 47.303104370941156], [10.835697276712411, 47.31191428547435], [10.826487009332537, 47.3211362396309], [10.81841214960467, 47.329220013198736], [10.81681599795161, 47.33513952379365], [10.81944196828183, 47.344367606783344], [10.829983554300137, 47.35114938233184], [10.827396732268653, 47.359488693181866], [10.829980630222776, 47.362284505208805], [10.838865460887993, 47.36343167226205], [10.848728653286653, 47.358704381384754], [10.853947622016234, 47.35953237410944], [10.862276001275989, 47.36507201341275]]]]}}, {"type": "Feature", "properties": {"id": "AT-07-22", "start_date": null, "end_date": null}, "geometry": {"type": "MultiPolygon", "coordinates": [[[[11.223987460989871, 47.04684480727776], [11.230930059026234, 47.046365909943525], [11.231348175228415, 47.04690892442182], [11.23408624569054, 47.04909236336783], [11.236253884806365, 47.05018404911494], [11.236478784183465, 47.0503083302571], [11.238255774097635, 47.051290298435084], [11.238934912133885, 47.051665586666154], [11.240418033634205, 47.05299113779383], [11.240988464980537, 47.05419969963476], [11.241241809310477, 47.054892275242494], [11.24173002573068, 47.05622690277088], [11.243327233500272, 47.058526904731124], [11.245723045154609, 47.061177630617635], [11.248232943078222, 47.06324354560427], [11.250971013540411, 47.064997561133], [11.252967523252329, 47.0667904947633], [11.25462177415659, 47.06897311467264], [11.256276025060785, 47.07111667169053], [11.258500707311248, 47.07357191222905], [11.262094424792787, 47.077040232673475], [11.265459969735883, 47.07949519860806], [11.268369169601883, 47.08109281371407], [11.272248102756572, 47.082612451641715], [11.272403898900354, 47.08269629751069], [11.274130526199281, 47.083625519362585], [11.275442518295723, 47.08479441956836], [11.27601294964199, 47.08580744553772], [11.276099381617497, 47.085941410814705], [11.282353876440112, 47.08293941729382], [11.290767738797731, 47.07495113831371], [11.29788367145828, 47.07388624102457], [11.30445809110842, 47.07631507613373], [11.318005835582532, 47.07534083841821], [11.327115007229224, 47.072867138590944], [11.330555325200658, 47.07475628718608], [11.332582594721627, 47.08075613860164], [11.345376741278573, 47.07920895998478], [11.349522167464484, 47.0762176531687], [11.35450078913626, 47.07870870582147], [11.36072188725116, 47.0762505740878], [11.372072261101241, 47.076907362267896], [11.382179362038967, 47.08362128771993], [11.39344538112795, 47.08362128771993], [11.400012054647418, 47.08068298314392], [11.40387974208536, 47.079357395815144], [11.420908313639405, 47.080836146704684], [11.421921215800046, 47.081073800950065], [11.434516438060019, 47.084790188019184], [11.443216679938306, 47.085500833368364], [11.461469319171739, 47.087225314086055], [11.464321475903102, 47.09151086390794], [11.468662713929422, 47.091577303936205], [11.468744553930375, 47.09115996427573], [11.46904260238509, 47.090062417322244], [11.469609800913364, 47.08797361291761], [11.470954611655543, 47.085423801341044], [11.47286258892138, 47.08351188277602], [11.4748480389921, 47.0817726601592], [11.477175160442245, 47.080209271970254], [11.478300689002054, 47.079553442795095], [11.480321629858238, 47.07837580117829], [11.482917863120436, 47.07590342741994], [11.48484499113957, 47.07342010681663], [11.48700282523607, 47.06911162930958], [11.487661632843162, 47.067007700353685], [11.487866909726467, 47.06529671126684], [11.487654278760795, 47.064082848990786], [11.487605829456372, 47.06380625500088], [11.487179873012192, 47.061627534353114], [11.486584789645164, 47.05950321240149], [11.485981811566733, 47.05520696228858], [11.486093270295989, 47.05200823520917], [11.485498379836265, 47.04748350073852], [11.48390286370066, 47.04288530445252], [11.48265761114753, 47.040235982713426], [11.480984749900351, 47.03786542825246], [11.480703432221912, 47.03762728516832], [11.47987875584363, 47.03692914510523], [11.490294116306737, 47.028820141345314], [11.49868996451642, 47.02611852648161], [11.50658016677801, 47.01331013658322], [11.508027869322392, 47.006058873124275], [11.478625474141552, 47.01114919022889], [11.470635575279346, 47.00335775260959], [11.46946330516892, 46.99518381144821], [11.452924188214398, 46.992656635680426], [11.442758413773294, 46.97719372280432], [11.434822499280035, 46.974103549675995], [11.425057290246242, 46.9695284245818], [11.40119895856746, 46.96517428872267], [11.382327882830328, 46.970439528624105], [11.375895688524245, 46.979610317908616], [11.358444378063895, 46.99079566363534], [11.345677974277502, 46.99071095236813], [11.336961700404181, 46.98485212665059], [11.320718734768159, 46.99280802341403], [11.307727593533722, 46.984302031500846], [11.289573617289385, 46.98568693181513], [11.2711867913143, 46.97981156749275], [11.262564478967056, 46.98055646628676], [11.256611242778918, 46.97446972737125], [11.249225905651272, 46.97449281484196], [11.241412087928143, 46.9701563128017], [11.221267609687828, 46.96939621187307], [11.20685874193753, 46.96250834381068], [11.202838361499536, 46.96804538145413], [11.195349584607492, 46.97076310777775], [11.186517304994403, 46.96983947623548], [11.17535396915052, 46.96268069772694], [11.164457410468941, 46.96581836512611], [11.16240422511315, 46.95023537723597], [11.168260511611058, 46.9449938832139], [11.166816003193944, 46.942458546954285], [11.138476109562532, 46.92775567895152], [11.114841509448212, 46.931399856282475], [11.109512805083998, 46.9261107387337], [11.109090982546206, 46.91595798758], [11.097692874092749, 46.91386652108949], [11.097535934110484, 46.908400231160535], [11.087579478103207, 46.91048946587792], [11.067043949637158, 46.92084757753562], [11.044702055241169, 46.92475577533604], [11.035575153700643, 46.93517623358111], [11.027184683501487, 46.93808614558532], [11.027470545112779, 46.938702743981956], [11.028249293507939, 46.94105814111473], [11.028156385962069, 46.94319981322297], [11.02656689300413, 46.94616844804316], [11.02396576066789, 46.94840192638482], [11.020352969379793, 46.949900178708404], [11.017598895229286, 46.95084425513673], [11.015249280144795, 46.952082351970404], [11.013493924604758, 46.95404709552886], [11.011909528757524, 46.956872747413186], [11.00979946099453, 46.96216890851892], [11.009633075623075, 46.96597201924413], [11.009489398268332, 46.96925589225079], [11.01019879654765, 46.97212853729955], [11.011882609464655, 46.976593091323586], [11.013161937188029, 46.98076352691508], [11.0133670826146, 46.98562649266778], [11.012714760596111, 46.99003840492345], [11.011918109016337, 46.9948856578493], [11.011552078634061, 46.997267069454715], [11.01116160608061, 46.99980739165467], [11.011042235849999, 47.00058392433444], [11.010650605693, 47.00149083256381], [11.019313976306494, 47.004343921184955], [11.030907739000314, 47.005861146523124], [11.042974753661882, 47.00814576012735], [11.062231265087156, 47.00658224907707], [11.074429368996013, 47.01162969268931], [11.075628027582871, 47.015398473060486], [11.082937415901526, 47.02878336134927], [11.09204885241986, 47.029446420284216], [11.114998179075668, 47.03734768640151], [11.115563946612326, 47.0375424606855], [11.118402780617945, 47.04561017990169], [11.127036937746464, 47.0475444485593], [11.134919184586222, 47.0460405328566], [11.151132257282134, 47.04902282506332], [11.153224123894962, 47.045384784693205], [11.163362749255581, 47.043935044428856], [11.171562418640386, 47.04694835950911], [11.179845081788354, 47.04838943823237], [11.18828035907856, 47.051290298435084], [11.203789507979765, 47.05662342225661], [11.213728703757344, 47.057035087878866], [11.22050949736532, 47.05299266651182], [11.221472600506047, 47.051290298435084], [11.223987460989871, 47.04684480727776]]]]}}, {"type": "Feature", "properties": {"id": "AT-07-02", "start_date": null, "end_date": "2022-10-01"}, "geometry": {"type": "MultiPolygon", "coordinates": [[[[10.67251089799573, 47.207447042239124], [10.667575420441253, 47.21358570180268], [10.665281120625417, 47.22108895501983], [10.663810573555836, 47.225897654372], [10.656130285909533, 47.2306164734656], [10.644082775876083, 47.232873150563194], [10.643329806498976, 47.243232109138106], [10.639564959613558, 47.24692391859755], [10.631282296465587, 47.25051292959771], [10.627517449580171, 47.257895268494025], [10.628017252985964, 47.26818277535374], [10.61983716193387, 47.279113724865006], [10.61405962627864, 47.2806931412612], [10.602217678509955, 47.28393024977304], [10.600862333631182, 47.29509879028149], [10.594253747923135, 47.30226517141798], [10.584692464215816, 47.30407770077673], [10.557525630275059, 47.31456266482464], [10.535946429140635, 47.32291168236874], [10.535110113646827, 47.32323522706822], [10.531621580601845, 47.325242145243394], [10.528263455197097, 47.33199940328476], [10.530411088796322, 47.33280286590018], [10.532312526617265, 47.333812752668585], [10.533798024914834, 47.3350245911412], [10.53522410328052, 47.33676151082255], [10.536471921850538, 47.33914463264927], [10.536932640292541, 47.34014678476969], [10.538254519807644, 47.34302202329686], [10.540750156947619, 47.34758566808598], [10.541997975517575, 47.34948370433358], [10.54354289374713, 47.35122014542471], [10.544602724716793, 47.352475439446266], [10.545622591363733, 47.353683370220196], [10.546573310274221, 47.355177401028094], [10.547167509593223, 47.35663101177502], [10.54788054877613, 47.35889210396559], [10.548890687618437, 47.36123384667248], [10.55013850618846, 47.363535112615764], [10.551208064962754, 47.366603310091826], [10.551624004486063, 47.368662131407135], [10.55164062949902, 47.368927553186694], [10.551741401527194, 47.37053637075506], [10.551742844349869, 47.37055940494804], [10.551326904826562, 47.372416244472646], [10.550613865643653, 47.37455556497867], [10.550435605847994, 47.37713877901461], [10.550616135718746, 47.37789205466672], [10.5508515453713, 47.37887430443187], [10.551802264281823, 47.38048869507821], [10.553347182511281, 47.382183751727744], [10.555961659515063, 47.38440338584867], [10.560180474680223, 47.38787389800538], [10.562838011098853, 47.39032320498937], [10.563507990866848, 47.39094067087921], [10.565785548348678, 47.39308484857539], [10.566122467870631, 47.39340202974694], [10.56903404453395, 47.397033331613954], [10.57117553887969, 47.399639644178926], [10.572183300924847, 47.40086609932502], [10.575284435314142, 47.40472609540704], [10.57539197724767, 47.40485994823568], [10.57723399513669, 47.40816775404043], [10.578059150902154, 47.40994158084508], [10.578660073502371, 47.41123333865414], [10.579194852889488, 47.413169404856596], [10.579491952549018, 47.4159120427226], [10.579432532617133, 47.41792859652095], [10.579135432957631, 47.41994507261546], [10.579313692753358, 47.421679179909475], [10.580145571800006, 47.42337290364719], [10.581928169757076, 47.42546981897943], [10.58340593764345, 47.42649401256517], [10.584720906556587, 47.42740535853856], [10.587454223424176, 47.429098896910446], [10.590633323941612, 47.4301310442629], [10.591233627183145, 47.43032594031316], [10.595000554775995, 47.43107462238415], [10.59915995000927, 47.431518142336], [10.605577302654872, 47.43200197799451], [10.606010737339838, 47.43202392631231], [10.613539573530032, 47.43240517095768], [10.61900620726518, 47.4327680419673], [10.62405690147702, 47.43325186606402], [10.62696847814034, 47.433816321853605], [10.629083679055082, 47.43429472693919], [10.630711933850305, 47.43466299411615], [10.635940887857872, 47.43651756165459], [10.642047678550588, 47.43901028605467], [10.643249539482042, 47.439500858397075], [10.645378836301571, 47.44016035889275], [10.648716173217194, 47.441194005163446], [10.654123387020487, 47.4426855414164], [10.656935871630798, 47.443594116519606], [10.657866842730455, 47.44389486390073], [10.659827700483248, 47.444902611271075], [10.661550878508466, 47.446071573885945], [10.66345231632941, 47.44780481517097], [10.664937756546818, 47.44956815948756], [10.666542152788454, 47.451472647940854], [10.669691409179352, 47.45457599773367], [10.672840665570249, 47.45715526513133], [10.677295550242599, 47.46041589549659], [10.678842078692545, 47.461547786905655], [10.688927128403883, 47.46832424130608], [10.691855043779514, 47.47029143287443], [10.698034716697537, 47.47476342339809], [10.701957500426708, 47.47796207181347], [10.702431791658457, 47.47834879688561], [10.704504153236908, 47.48049316010804], [10.704689749070786, 47.48068519994377], [10.706650606823615, 47.48330345845967], [10.707386297683618, 47.484639282227484], [10.708314364916944, 47.486324362836925], [10.709621603418855, 47.489304817176986], [10.710372374864827, 47.492514566383235], [10.710394062533615, 47.49260728404863], [10.710798118070539, 47.49671493905143], [10.71092884192073, 47.498043817042785], [10.711287947081287, 47.50256322599419], [10.711344781444069, 47.50327846173191], [10.711762316533344, 47.50672498067616], [10.711998400695025, 47.50867362280377], [10.712236080422638, 47.51378643213521], [10.71211724055883, 47.51708734986345], [10.712147158829692, 47.51799940303942], [10.712176660490686, 47.518898740319415], [10.711998400695025, 47.52095157344191], [10.71164188110357, 47.52159558286589], [10.710869421988809, 47.52248108283633], [10.709146243963596, 47.523970298873515], [10.7089446283781, 47.524040532630096], [10.70706654634699, 47.52469476697133], [10.698747755880378, 47.52698884953584], [10.69328112214523, 47.52855842681207], [10.691674707952698, 47.529089844476665], [10.687940007107219, 47.530325299426906], [10.685944177436907, 47.531071073086544], [10.681380726666678, 47.53334073030972], [10.676959883732989, 47.535803438045924], [10.67289556039082, 47.538555738397406], [10.668260805702289, 47.5416458673187], [10.665337345052587, 47.54357710483919], [10.662816871920699, 47.54587512467251], [10.662164320688921, 47.54695659825972], [10.661666105421435, 47.54811947425372], [10.661417164384828, 47.549868963658135], [10.66174838116558, 47.551623157362435], [10.6624020004165, 47.552749505549], [10.66370923891841, 47.553835603947455], [10.66472963606086, 47.554394801497736], [10.665967196330806, 47.554841230419164], [10.66834399360691, 47.555565269456054], [10.670067171632127, 47.5557663896244], [10.672622228704057, 47.555726165652864], [10.675117865843966, 47.555605493551845], [10.676959883732989, 47.55552504532923], [10.678304619616467, 47.555478287939856], [10.679947047170684, 47.55571853336747], [10.681454254584494, 47.55618216273446], [10.683517994434926, 47.55712311548489], [10.685589004389213, 47.557921281493115], [10.687938064141855, 47.558439994821846], [10.691129434858578, 47.55921821593266], [10.694942581461097, 47.544292551682524], [10.708156044750309, 47.543737685076394], [10.7189817249831, 47.53821545496953], [10.740460320745388, 47.53841177779812], [10.75875863266079, 47.53452299141142], [10.765028822527666, 47.524948005503205], [10.763830460498497, 47.51964577946886], [10.777273472602936, 47.51403629868887], [10.795258526193686, 47.521188214387834], [10.812525363870979, 47.52036210640118], [10.812887235379206, 47.52659390622038], [10.831418550282967, 47.52871896311227], [10.838520589373017, 47.52565675721929], [10.853744175229348, 47.534367556915434], [10.890129242694655, 47.53763346698163], [10.904253257116105, 47.51845141958974], [10.91566847964597, 47.51936583029523], [10.917873607115649, 47.513454334432836], [10.87840863609719, 47.50356486495753], [10.871478506404937, 47.49688770641998], [10.870859269291932, 47.481645050037116], [10.885426440256076, 47.47902179314103], [10.91074661365753, 47.48567954417875], [10.934901894480443, 47.48269586321263], [10.938392218031987, 47.47927768800837], [10.928297222053484, 47.47231466861235], [10.931533470660733, 47.46906576982126], [10.931533487515004, 47.46906575290062], [10.930274864252086, 47.468136093082556], [10.927824490057388, 47.46641739748831], [10.925749113329461, 47.4641825570691], [10.9246105863122, 47.46296772895855], [10.923474291342279, 47.46170530058583], [10.92317356374464, 47.46060336924412], [10.923361433750815, 47.458035056259995], [10.92375324155578, 47.455613942163694], [10.923493948351796, 47.453607823847435], [10.923186728256162, 47.45264865745677], [10.922475460849038, 47.45185026133818], [10.920773475143587, 47.450906751542306], [10.920181328370612, 47.45003683481507], [10.91928987067076, 47.44880333685687], [10.918529886481174, 47.447000988766156], [10.918381658402929, 47.44564026636654], [10.918536010429376, 47.4445717414342], [10.919328239084233, 47.443373777334244], [10.92024528658645, 47.44174972852403], [10.920646013747328, 47.439900424681845], [10.92072453446728, 47.4381872268362], [10.920532753343085, 47.436515834124926], [10.919918352160634, 47.4350977662321], [10.919030426817379, 47.433792880110225], [10.91834639755128, 47.432635197250086], [10.918021840871008, 47.43100192410918], [10.918233259528606, 47.428903763799404], [10.918554127160906, 47.42629084331918], [10.918768038915752, 47.42447623842308], [10.918768038915752, 47.423508423410276], [10.918340215406028, 47.421742114862255], [10.917425860966569, 47.42003714287351], [10.916193402696779, 47.418225989307764], [10.915951534143506, 47.41787054509356], [10.914525455777756, 47.41530547237438], [10.914270121222387, 47.41450192501555], [10.91374111267668, 47.41283707615436], [10.913108668554568, 47.41060416149102], [10.912988143276753, 47.41032458830226], [10.912172426474422, 47.40843239371561], [10.911675615220526, 47.40777713455922], [10.910924607904432, 47.40678659307675], [10.908535926641878, 47.40465665661958], [10.90696674869798, 47.40302535423183], [10.90625420125678, 47.402284579944215], [10.905006382686791, 47.400929059307416], [10.904381077994755, 47.399879638239206], [10.904341502840651, 47.39981322030968], [10.904190708520055, 47.39889529471529], [10.904079431749073, 47.39821791275765], [10.904293343503952, 47.39625708537489], [10.904583529176552, 47.395423446738704], [10.905220294441637, 47.39359411582049], [10.905790725787904, 47.39151206349362], [10.906040289501869, 47.389066756828775], [10.905505510114754, 47.38616129359398], [10.90497073072764, 47.384369510939955], [10.90400812783077, 47.38269873947256], [10.903116828852268, 47.38202073005691], [10.901904662241364, 47.38156064724249], [10.901188852715515, 47.3814351809099], [10.899694240774537, 47.38117320594963], [10.897376863430353, 47.38100369948312], [10.89584382918718, 47.380640469494146], [10.89484557433119, 47.37996243344453], [10.894096883189198, 47.37882428178036], [10.893053630161836, 47.377011017531025], [10.892884716578326, 47.37671742517042], [10.891542422721558, 47.375665572616825], [10.889212564786664, 47.374392519575586], [10.88703779527899, 47.37381127706186], [10.884542158139013, 47.37364174678107], [10.88136913377538, 47.37369018406015], [10.87926566818594, 47.37381127706186], [10.877340462392231, 47.37366596542618], [10.876682601649938, 47.373560795393665], [10.874785606562293, 47.37325752784823], [10.872197604287317, 47.3721935259431], [10.862276001275989, 47.36507201341275], [10.853947622016234, 47.35953237410944], [10.848728653286653, 47.358704381384754], [10.838865460887993, 47.36343167226205], [10.829980630222776, 47.362284505208805], [10.827396732268653, 47.359488693181866], [10.829983554300137, 47.35114938233184], [10.81944196828183, 47.344367606783344], [10.81681599795161, 47.33513952379365], [10.81841214960467, 47.329220013198736], [10.826487009332537, 47.3211362396309], [10.835697276712411, 47.31191428547435], [10.841279058067704, 47.303104370941156], [10.838304673688278, 47.29565556224611], [10.817339484482517, 47.282681801909675], [10.78723479883812, 47.26927849502223], [10.775321711093467, 47.26022998097539], [10.7567808024189, 47.246144249570726], [10.748650043201524, 47.22555740125786], [10.751974168361452, 47.21726000216756], [10.751199036032135, 47.21705471085224], [10.750643056905325, 47.21694433454365], [10.749212566122623, 47.21666034489965], [10.747642238611595, 47.21651662321017], [10.746823884860069, 47.216441724549306], [10.743436948741557, 47.21627168587194], [10.738730890134786, 47.21629597714513], [10.735462576983263, 47.21634369528027], [10.733739615854798, 47.21636885089764], [10.729425728798567, 47.21632026840716], [10.722792157785229, 47.216099792565956], [10.722117077174394, 47.216077355283154], [10.719384303596062, 47.21595322393214], [10.716769283302984, 47.21583444103956], [10.712990175633868, 47.21554294246916], [10.709672236820772, 47.215236806233634], [10.709567587556204, 47.21522715053173], [10.707178906293684, 47.21486277286798], [10.706907374699185, 47.21477026698679], [10.705610220091426, 47.21432834773746], [10.703863274093443, 47.21347811476996], [10.701795460463154, 47.21209342029318], [10.698943303731792, 47.210417162516485], [10.698733469572197, 47.210305951605285], [10.696376362673544, 47.20905668223286], [10.694018545715616, 47.20807939816278], [10.692918122636728, 47.20762328109096], [10.690957264883865, 47.20657857434753], [10.689531186518183, 47.20563103172253], [10.688188485558706, 47.20487436927771], [10.687677284642776, 47.20458628549793], [10.686108598440518, 47.20383308351612], [10.684646868115617, 47.20337143827299], [10.68304252995424, 47.20303127603367], [10.682979613271556, 47.20302263422642], [10.681412556185487, 47.20280739347534], [10.679992148330037, 47.20275428516051], [10.678052681752657, 47.20294866487291], [10.67491530934811, 47.20346700726911], [10.674635474755986, 47.20348971085716], [10.673201086315164, 47.2036060857523], [10.673055059462323, 47.204418760903444], [10.67251089799573, 47.207447042239124]]]]}}, {"type": "Feature", "properties": {"id": "AT-07-24", "start_date": "2022-10-01", "end_date": null}, "geometry": {"type": "MultiPolygon", "coordinates": [[[[12.416163534335425, 47.011396369991424], [12.415885188751295, 47.01172065441835], [12.414938063535246, 47.0121415308646], [12.413158104043987, 47.01241278477243], [12.409292364095649, 47.01252416112185], [12.405743596345927, 47.01242372571321], [12.402921962797096, 47.01254343209946], [12.395796662158487, 47.0139131883477], [12.389729159349969, 47.014505634184864], [12.377711046394442, 47.01497628404348], [12.368663257686553, 47.01474708139062], [12.361626994027382, 47.015053728366034], [12.354410387450105, 47.01563442930324], [12.345927293110254, 47.016917904178385], [12.343421215733148, 47.01689603328295], [12.341008580359313, 47.01577348913688], [12.341139452260537, 47.014006718470355], [12.340943144408701, 47.01184733210016], [12.34061596465564, 47.010734920939754], [12.341335760112374, 47.00942620192751], [12.343756890285023, 47.00700507175486], [12.345327353099714, 47.004322197779764], [12.347224995667467, 47.002882606866294], [12.34977699774134, 47.00157388785405], [12.351216588654808, 47.001181272150376], [12.352394435765826, 47.00033060479242], [12.352525307667051, 46.999152757681415], [12.352590743617663, 46.99660075560754], [12.353048795271947, 46.993525265928774], [12.352787051469498, 46.991758495262246], [12.351674640309092, 46.99071152005245], [12.350823972951135, 46.99005716054633], [12.350823972951135, 46.988683005583475], [12.35128202460542, 46.987177978719394], [12.35229628183991, 46.986000131608364], [12.353245103123786, 46.9845932586702], [12.354357514284194, 46.98318638573205], [12.354946437839702, 46.981877666719804], [12.35504459176562, 46.98056894770756], [12.354979155815009, 46.97880217704103], [12.354979155815009, 46.97736258612756], [12.35493007885205, 46.975861649010405], [12.354361694507187, 46.975326361089984], [12.344376631781529, 46.96918948336602], [12.336756629198764, 46.9674832606203], [12.32080894514091, 46.974519555688644], [12.311464702387303, 46.97193302232922], [12.303162591148551, 46.97438761061016], [12.293020393858109, 46.978054973099695], [12.283688241503564, 46.97337676202388], [12.263750108855973, 46.9767334281807], [12.2603419913866, 46.9841885318377], [12.256277617558252, 46.98773323314319], [12.25077627506184, 46.98653242919131], [12.245384135402062, 46.96989809827059], [12.238703673975536, 46.969873143141946], [12.224013499118342, 46.97721742994249], [12.214019154021733, 46.97764156234863], [12.200029258839244, 46.982819987657564], [12.192426363154775, 46.979603515902106], [12.183485950415408, 46.980209860838556], [12.172825036697537, 46.97560227965841], [12.17082718656208, 46.976366834830486], [12.165929318780442, 46.977625975797174], [12.1589391143303, 46.97910132612541], [12.152119780106718, 46.98069708032672], [12.147563574953514, 46.98219709670393], [12.138267850665136, 46.98189424508471], [12.131302173223881, 46.98432466256927], [12.127656098220333, 46.985596782292056], [12.130849670223606, 46.993222426112524], [12.121225009683789, 47.006613502518704], [12.12588691135817, 47.012716746918436], [12.147292368901883, 47.02478785763058], [12.164453412036732, 47.018434075481096], [12.173498946552735, 47.02344655690716], [12.204845121049532, 47.02656723574349], [12.216495595629128, 47.04502296732639], [12.216883457508073, 47.05855530485293], [12.240688061769884, 47.069175046583396], [12.260851960133069, 47.0727211985181], [12.284097334263198, 47.09241166790129], [12.308987319050392, 47.09327632270886], [12.312788757470614, 47.10247620729763], [12.326424303367578, 47.10729274003492], [12.345790216621669, 47.109485621667545], [12.35912987352197, 47.1170480367108], [12.363713050377049, 47.14104971749249], [12.399669277968528, 47.15271020450554], [12.417243262695743, 47.14215733036587], [12.434662754940508, 47.15048115208537], [12.450198976526023, 47.143892246397655], [12.464851062492249, 47.144400381509236], [12.481521773294668, 47.151398048763056], [12.483370553648333, 47.15782546041891], [12.497507623681726, 47.156958321614624], [12.521333230746526, 47.15025796558648], [12.527549796801534, 47.137673187679], [12.544650278639802, 47.128572650153295], [12.553140598298985, 47.12749786406226], [12.565536310434515, 47.13524557456711], [12.58749800773573, 47.13233295802448], [12.58976599499494, 47.12883391854356], [12.584985462808106, 47.12673668830776], [12.571240480829545, 47.120706270224495], [12.560895939097428, 47.095883060380146], [12.549455755271067, 47.089023505688196], [12.535099015353817, 47.088610837599596], [12.527559435326692, 47.08477099346389], [12.528129866672959, 47.06931344297083], [12.525848141287861, 47.05924412468052], [12.513964154907042, 47.045403810398106], [12.5161508084011, 47.03435495673774], [12.5184325337862, 47.02681441745081], [12.525467853723638, 47.021938498154896], [12.531932742314778, 47.02057316044612], [12.52841508234611, 47.00808844372852], [12.531872228129478, 46.99436883107331], [12.52930649352804, 46.99470105027962], [12.527049296018022, 46.99485640939867], [12.524619844931584, 46.995353330181324], [12.52243736554874, 46.996080527396465], [12.52075498932026, 46.99686841442342], [12.519330109768063, 46.997201012535605], [12.517744354150556, 46.99713245656622], [12.516582302782359, 46.99666695970925], [12.515258554087682, 46.99585744445898], [12.514352364179473, 46.995050935895605], [12.513607902807818, 46.994588429179565], [12.512525904971927, 46.99435202847764], [12.510939356276333, 46.99434051070438], [12.508933517765685, 46.99444019662992], [12.505753278075575, 46.99487410383534], [12.498058370836619, 46.99561753265391], [12.489140078328688, 46.99529138027017], [12.485809067036774, 46.994695088725294], [12.476823291269328, 46.995198847877184], [12.469934259676327, 46.99514650996333], [12.462094089469325, 46.99580068791384], [12.456016388558513, 46.99718224998513], [12.4535052698695, 46.99751988699698], [12.44943669533303, 46.9973453429897], [12.445788070860925, 46.99703109576248], [12.442241469596372, 46.99686038458192], [12.439523922303222, 46.99705323744341], [12.436489581115648, 46.99745779222678], [12.43386545657988, 46.99829407819095], [12.42767868854176, 46.99988754140557], [12.421399448665765, 47.00076567110555], [12.4197132118234, 47.001680608652556], [12.41832899766774, 47.0032407921355], [12.417782348638326, 47.00466488349909], [12.417432125749384, 47.00680481637367], [12.417503199652293, 47.008733879704096], [12.416782770592402, 47.01067493913137], [12.416163534335425, 47.011396369991424]]]]}}, {"type": "Feature", "properties": {"id": "AT-07-18", "start_date": null, "end_date": null}, "geometry": {"type": "MultiPolygon", "coordinates": [[[[12.41125767288447, 47.517183205500054], [12.413045697807263, 47.517836912852324], [12.416552699158819, 47.51896386914762], [12.418607403433516, 47.51962412616091], [12.421887383674672, 47.520928270188854], [12.425024756079186, 47.52271537754969], [12.426574212805598, 47.524304688000136], [12.427520393219096, 47.52527518138598], [12.428010488696003, 47.52590452088062], [12.437378237337906, 47.52119809681044], [12.448770297105845, 47.517775240241065], [12.462599720470752, 47.51032263964612], [12.482665729178354, 47.50368051471839], [12.49093192392496, 47.49648922861047], [12.506759703391065, 47.49200544410473], [12.520313400282989, 47.49137534294257], [12.532126152660071, 47.4852255294363], [12.53386210206722, 47.48273574625671], [12.550629255318817, 47.47435624726147], [12.550821930618003, 47.47423751143579], [12.557071521970599, 47.472309727380974], [12.560649049134627, 47.469126897378615], [12.569277944794905, 47.46742959872699], [12.576159589706242, 47.46268807105494], [12.583488715463535, 47.46273999481724], [12.588537747168195, 47.46561329825725], [12.596524699531223, 47.46408487274746], [12.609917612552646, 47.470156001621014], [12.619602673616333, 47.46968979542607], [12.632800971978877, 47.465271265240034], [12.63293341635189, 47.451339492329794], [12.638266858485776, 47.449150489742536], [12.63822676944611, 47.44112725799343], [12.632394558646482, 47.43208807711115], [12.625174396429642, 47.42294999056452], [12.619955195249718, 47.416882396452856], [12.6030928265266, 47.41449103168651], [12.591875788253544, 47.405532334039236], [12.590984349806927, 47.4001747090805], [12.577599575934995, 47.39220763488982], [12.554829955131366, 47.39907701746475], [12.554209685092099, 47.399264058658076], [12.545248517062008, 47.39788932977703], [12.542816242666769, 47.39489555105659], [12.52638204346539, 47.391155626260414], [12.506156292859734, 47.39454581279197], [12.497461953855112, 47.38151252348074], [12.482170765627568, 47.37796352507979], [12.477659107055326, 47.368737314172634], [12.48803733320136, 47.35976601019281], [12.485909920224078, 47.35295043166165], [12.494768141457662, 47.34864678092569], [12.49738058787526, 47.34737729259659], [12.495060212216325, 47.33767290124788], [12.486920568314526, 47.33778396954144], [12.478548478698153, 47.326936863872795], [12.469875090487758, 47.32420910884091], [12.441689175779045, 47.328669911834986], [12.418276405308495, 47.32159496841442], [12.410118878790483, 47.313793721074255], [12.406882162041075, 47.31403026080672], [12.406757893427468, 47.32345707901003], [12.404173285953021, 47.331389072848225], [12.406238935958003, 47.33340576864903], [12.408282999136576, 47.33666026379366], [12.412627081296073, 47.34459967747828], [12.414922273047464, 47.349570239391646], [12.4156982894409, 47.35215733293464], [12.417041314211843, 47.35663442487074], [12.418106473576906, 47.36184739344683], [12.419116264020754, 47.36626945195081], [12.419909233888555, 47.36903751445199], [12.420832544125076, 47.37237800010708], [12.42161249679374, 47.375907792055905], [12.421706878921098, 47.37732168354903], [12.42183511484205, 47.37924266068712], [12.422062708897691, 47.38229187376282], [12.42272246728109, 47.384677919146874], [12.423816069987458, 47.386305572170535], [12.425031111795851, 47.388714741548675], [12.42542455388217, 47.39060377893126], [12.425390039574387, 47.39260335262818], [12.42423372360589, 47.39459399106504], [12.42265168404299, 47.396866912723844], [12.422054466064784, 47.398957222073605], [12.422789785354796, 47.40101232498008], [12.423390934152247, 47.40277712107394], [12.424876077392755, 47.406122031265085], [12.425367392877263, 47.40720804558593], [12.425957046720415, 47.40851139938708], [12.426204717988993, 47.41041798113577], [12.425594336560572, 47.41327004499806], [12.424861705176617, 47.41507359568134], [12.423858338235405, 47.41630360097529], [12.422053552011235, 47.418306184590534], [12.419712380588686, 47.4207463224332], [12.416553355908183, 47.42254168682597], [12.413469465313126, 47.424695863533714], [12.40976132434988, 47.42809422211836], [12.407325673636077, 47.43093140817154], [12.403746924295493, 47.434902008518826], [12.400744210405126, 47.438020130237156], [12.3998126675656, 47.439332935238376], [12.39872865791436, 47.440860567228434], [12.397133952920353, 47.44370442043751], [12.394828761240902, 47.44701856748329], [12.39152190016311, 47.45137194862389], [12.389347850931461, 47.45516322085771], [12.387858330671582, 47.45991242474045], [12.386106606107658, 47.463611899547324], [12.385216044590354, 47.466270963214285], [12.384887080540901, 47.468934683087326], [12.384679596136579, 47.472646943208936], [12.384431118761022, 47.47657983969106], [12.383848349301024, 47.479782307585666], [12.383507176910955, 47.48311252847673], [12.383318487966106, 47.48577740373566], [12.383969180022984, 47.48863971315268], [12.385459397256476, 47.49169944213971], [12.38736611333337, 47.49504828607517], [12.390518767264496, 47.49945490505082], [12.394093494486858, 47.503864898062545], [12.396643875665493, 47.50713388507921], [12.398140532784808, 47.50873167620341], [12.399854472924602, 47.51030096156966], [12.404774443286252, 47.51406907331762], [12.408553550955373, 47.51619455472739], [12.41125767288447, 47.517183205500054]]]]}}, {"type": "Feature", "properties": {"id": "AT-07-09", "start_date": null, "end_date": null}, "geometry": {"type": "MultiPolygon", "coordinates": [[[[10.966452193083297, 47.28067461923132], [10.970047098963514, 47.281928119147146], [10.974800693515787, 47.283687012190896], [10.978166284431524, 47.284690570341574], [10.979845902051942, 47.28519139467813], [10.980292235177687, 47.28529889972234], [10.984783242075729, 47.286072543213805], [10.990131035947039, 47.287103544307215], [10.997439687571276, 47.28853882588658], [10.997977486790976, 47.28864208155608], [10.998653826723212, 47.28876186963341], [11.000464101785667, 47.289074663532105], [11.015028413950164, 47.29159002353744], [11.029765202586628, 47.2946065972553], [11.03698896186409, 47.2958317450601], [11.05014579185983, 47.29759635827772], [11.060670003660997, 47.29864698477344], [11.069265272010675, 47.29994238306762], [11.077344704790933, 47.30127243684258], [11.083435367150203, 47.30253549133217], [11.084685888150265, 47.30285535029908], [11.086297404694832, 47.30324435511744], [11.088413960654545, 47.30410769616673], [11.091356567569607, 47.30530875609626], [11.096144009742446, 47.307022588314574], [11.096530162432014, 47.30716082272671], [11.101095486814547, 47.30850060600638], [11.101455237768306, 47.30854086189196], [11.103849242810423, 47.30918054140465], [11.10709357109233, 47.30995648517999], [11.110480507210905, 47.31056268327908], [11.112976144350883, 47.31056268327908], [11.1147230903488, 47.31019896525916], [11.11693351181566, 47.309326031735594], [11.118502198017918, 47.30813784890713], [11.120070884220173, 47.30571290260043], [11.121960438054733, 47.30268156230739], [11.12374303601187, 47.30076566504361], [11.12584650160124, 47.29955303573895], [11.130873427840314, 47.29705493116962], [11.139608157830233, 47.293271168012794], [11.151979387652664, 47.288055919779865], [11.159858470623101, 47.285120599032865], [11.163708882210525, 47.28407742904839], [11.166275823268773, 47.28361648688036], [11.168051329201242, 47.28359369093053], [11.169826945175451, 47.283745697093636], [11.173584474892946, 47.284417068060044], [11.177969665867481, 47.28482948391006], [11.181107038271993, 47.28482948391006], [11.18417310675827, 47.284320028566306], [11.18677569977567, 47.283349623778186], [11.187339028493398, 47.28307221149827], [11.18948524867046, 47.28201528794915], [11.19208784168786, 47.28089927197843], [11.193371312217, 47.28068091825702], [11.196366076784939, 47.28055961024218], [11.200109532494904, 47.28055961024218], [11.204352115632867, 47.28014716089839], [11.207382532159992, 47.279564873964226], [11.207826626194583, 47.27946125640054], [11.209878169299902, 47.27898258058195], [11.212409458399032, 47.278060602872934], [11.216402477822962, 47.2767746595988], [11.220038977655504, 47.275901170761834], [11.223889389242858, 47.275124724060355], [11.224979994186846, 47.274784526036186], [11.22731197732059, 47.274057091128206], [11.23062760952083, 47.27277104995667], [11.233158898619928, 47.27097539269773], [11.23479888874049, 47.26925247472937], [11.236815218888994, 47.266661068580795], [11.237982261125207, 47.26524132018712], [11.23909909132777, 47.26419357496714], [11.240289290448372, 47.2635009174249], [11.242464059956115, 47.26286990661771], [11.244924045136905, 47.26262720813838], [11.248204025378028, 47.26265147803667], [11.250877922313698, 47.2631854129673], [11.25490659369678, 47.264690109528935], [11.256111534408253, 47.26518605753906], [11.257972662183057, 47.26595207991451], [11.259862216017583, 47.266680125982504], [11.261965681606986, 47.2670198773662], [11.264033495237241, 47.26704414523821], [11.264902729826588, 47.26501598719055], [11.265932813363328, 47.26193874046616], [11.266188150655118, 47.25899032374041], [11.265636229398536, 47.25521755303287], [11.265176021869987, 47.252166422961174], [11.264049847571387, 47.24928264873794], [11.262947361261283, 47.247071643171864], [11.260814025740864, 47.24436757175913], [11.259150122349102, 47.24223957348627], [11.255900192557174, 47.23951306941389], [11.25237481451018, 47.236686173844745], [11.248147265984946, 47.233941569687445], [11.244917500627574, 47.23250111815537], [11.243206341154458, 47.231564753610606], [11.241383755536715, 47.22991186021642], [11.239706683476797, 47.2281187192384], [11.238552831428951, 47.22724015448938], [11.236694679874795, 47.226095708678876], [11.235393693338574, 47.225562159702456], [11.231657720947211, 47.22392187414568], [11.229403316681084, 47.22259422050344], [11.226540188653662, 47.220755137888155], [11.225240540041423, 47.21915927321879], [11.222674992506835, 47.21775427239735], [11.218659757968458, 47.2158936197917], [11.215140088770404, 47.21475650361964], [11.212552108926886, 47.21392241921109], [11.210066119162146, 47.21316162292669], [11.208616469707428, 47.212705901224076], [11.206348758499118, 47.21173475530757], [11.20409550785777, 47.21040660009846], [11.201848127084206, 47.208935614664], [11.199178931019528, 47.2075281226012], [11.196099487727595, 47.2058985237113], [11.193104762394752, 47.20477055903859], [11.190188876767492, 47.20428702041373], [11.187462275497051, 47.20430710380908], [11.184948088744292, 47.204259683800274], [11.183074065481176, 47.203938513091074], [11.180828498212389, 47.20294553880264], [11.176992412868763, 47.20139426743968], [11.171731805819018, 47.19929396530937], [11.164426536820224, 47.195939859293766], [11.159472374144478, 47.19405915342754], [11.151879484103969, 47.19488466822325], [11.14524557927458, 47.198079958121426], [11.12652700348181, 47.20171481027148], [11.106452263513653, 47.201515008312434], [11.092513025786918, 47.20684199910043], [11.08464899652358, 47.20819907723217], [11.078266935371751, 47.215206441862804], [11.074476305759664, 47.21881238586791], [11.056161590860222, 47.2223569407408], [11.041805300538442, 47.21982806307929], [11.019786887502859, 47.212790540061405], [11.002759572547186, 47.2115895583596], [10.993320562174379, 47.21575359140073], [10.978359431677152, 47.225012964627304], [10.958804498085819, 47.22927761197773], [10.937545499199729, 47.228496980590684], [10.923664703844308, 47.22315892899554], [10.91098319810292, 47.22329978397193], [10.897519664401427, 47.22209505934797], [10.885933109190026, 47.21757280006734], [10.879191783387228, 47.21811216951595], [10.866539851270087, 47.212676232237655], [10.864226816532831, 47.21351680250978], [10.862943346003725, 47.214196989481735], [10.861588571556279, 47.21529012872446], [10.859638716135782, 47.2167839662827], [10.85834424327431, 47.21835079798098], [10.857702508009773, 47.219978224320045], [10.857845115846347, 47.22107124364561], [10.858522503070036, 47.2220913745599], [10.859413802048607, 47.222965756766364], [10.859770321639992, 47.22347580635233], [10.85985568313515, 47.22370841649537], [10.859934054074518, 47.22419169463573], [10.8598133966515, 47.22478690515551], [10.859500449875016, 47.22533562887336], [10.85827705833359, 47.225977824384366], [10.856680159942776, 47.22647903138264], [10.854837994813858, 47.2266175996441], [10.854265556022819, 47.22659625921117], [10.853132194781988, 47.22663915133528], [10.850679072058751, 47.226341707441485], [10.849538209366118, 47.22629313414558], [10.848575606469279, 47.2264631404854], [10.84789821924559, 47.226876010740924], [10.847006920267022, 47.227726027549025], [10.845723449737916, 47.228721744080154], [10.844546935086196, 47.22928030852786], [10.842479121455979, 47.22988743707924], [10.840981739171992, 47.23034885009823], [10.839555660806276, 47.23112595762572], [10.838378668974611, 47.232132360865265], [10.838245473604974, 47.23222122577248], [10.838605252841958, 47.232809094992156], [10.838935385168975, 47.23320190789539], [10.839705467486453, 47.23378470804604], [10.840767895868902, 47.23448891629053], [10.841816063467677, 47.234877440946484], [10.843056751645847, 47.235081415243535], [10.84535273781458, 47.23532424075758], [10.846661610364592, 47.23565013107321], [10.84829565849201, 47.23637859638982], [10.850434776040535, 47.23749151005526], [10.852484763691228, 47.238584166044866], [10.85468330117167, 47.23975773426193], [10.856079669571443, 47.240648009945204], [10.857090891618641, 47.2416514941303], [10.857661493816599, 47.24268248453051], [10.857743427664705, 47.24350083743445], [10.85741661803926, 47.24473499149679], [10.85741661803926, 47.24554425714394], [10.857802847596659, 47.246495128383756], [10.858545596745444, 47.24720321283098], [10.859585445553728, 47.24772921225498], [10.860239064804716, 47.248234975975485], [10.86053616446425, 47.24878119533569], [10.86071442425991, 47.24957016884992], [10.860952103987557, 47.2504400490178], [10.861397753476808, 47.25090532785769], [10.862615862080853, 47.251431290289474], [10.86457671983372, 47.252078621452185], [10.86579192935115, 47.25258519902461], [10.866032508165341, 47.252685487186746], [10.86739916659917, 47.25351485904135], [10.868676695135136, 47.254546498474866], [10.869781648478828, 47.255417583953495], [10.870934652547433, 47.256326534653866], [10.872984640198128, 47.257722202728715], [10.875717957065717, 47.25891557071147], [10.878629533729, 47.259805522437546], [10.881095460903069, 47.26014936339155], [10.88202944323832, 47.26018022911236], [10.884155587396103, 47.260250492656304], [10.88659180460416, 47.26031117012191], [10.888820052050548, 47.2605538792845], [10.889949030756728, 47.26087748975975], [10.892296118066989, 47.26192921005912], [10.893633066534807, 47.26275843624244], [10.894677984951379, 47.26335502511561], [10.89547508442383, 47.26381011894477], [10.896326641849473, 47.26411521315974], [10.897168552483103, 47.26441684940294], [10.89889173050832, 47.264619091334], [10.901060558022854, 47.2645988671759], [10.902159826763025, 47.264639315484374], [10.904744593800869, 47.264962900832856], [10.90715110104298, 47.2654887227792], [10.910508327195547, 47.26649990405869], [10.9140141031779, 47.267389727507336], [10.916361190488127, 47.26825931315402], [10.918203208377184, 47.26908843956947], [10.919451026947138, 47.269897330795104], [10.920292919068078, 47.27065620939852], [10.920550295687377, 47.270888205594794], [10.92176840429142, 47.27163640480946], [10.923105352759242, 47.272162160052794], [10.92491766068232, 47.27248569912881], [10.926521998843732, 47.27252614137344], [10.928364016732752, 47.27248569912881], [10.931407933539955, 47.272260948882874], [10.934216880025298, 47.27222282378122], [10.934576733674891, 47.27226992453021], [10.936534257369548, 47.27252614137344], [10.93959438386265, 47.27325409645822], [10.941674081479253, 47.273638290913226], [10.943337839572616, 47.273739394250754], [10.945417537189218, 47.273739394250754], [10.946401051599073, 47.27370378884479], [10.94821027398873, 47.273638290913226], [10.950735621094651, 47.273638290913226], [10.953142128336765, 47.27400226201859], [10.95554863557891, 47.274608874930294], [10.95667761428506, 47.27511438034526], [10.958281952446471, 47.27659042834929], [10.959641408873463, 47.27795893252109], [10.959708030812184, 47.27802599694105], [10.961460918803311, 47.27909759302036], [10.963897136011434, 47.279946766857286], [10.966452193083297, 47.28067461923132]]]]}}, {"type": "Feature", "properties": {"id": "AT-07-21", "start_date": null, "end_date": null}, "geometry": {"type": "MultiPolygon", "coordinates": [[[[10.77891786411753, 46.79144304753695], [10.757809479205932, 46.78529793481478], [10.729928742817387, 46.78891433952151], [10.762018620014748, 46.79525874179658], [10.777933263684407, 46.81001336355955], [10.811817822948083, 46.82245871150475], [10.840720384322353, 46.82406440677072], [10.846560329245461, 46.828457432628966], [10.853970971011567, 46.834765503108514], [10.86304786682256, 46.84110946574387], [10.870690119836734, 46.84699268324119], [10.87739232110372, 46.85071125108828], [10.883738359693176, 46.85313547909417], [10.88952616353383, 46.85411816009557], [10.897408451254119, 46.8548598469781], [10.904484527721303, 46.855012026347225], [10.909459924206004, 46.855547495100225], [10.911918431199602, 46.85645761942467], [10.915951282078444, 46.85940209248444], [10.920492514124609, 46.864929639924824], [10.925313943657493, 46.868890941605855], [10.93137235401427, 46.87316411024135], [10.94067964265251, 46.87936349946497], [10.948739636189392, 46.885535803212385], [10.954952622263836, 46.89109706322097], [10.959128644137797, 46.89561489152741], [10.962926954811161, 46.89926719571482], [10.966953159761422, 46.902495403306126], [10.971851193919527, 46.90488420353043], [10.975922674872248, 46.90711266751142], [10.979325232036135, 46.91032741982165], [10.983290157950458, 46.914982801834434], [10.987280981093106, 46.91906694170259], [10.993141678470154, 46.92333249097372], [10.998453342274988, 46.92587153043983], [11.006431164205257, 46.92946545774659], [11.011983685015823, 46.931294260577104], [11.01961472500339, 46.93330816654311], [11.024328121713028, 46.93526210835712], [11.026559034326809, 46.936736606543796], [11.027184683501487, 46.93808614558532], [11.035575153700643, 46.93517623358111], [11.044702055241169, 46.92475577533604], [11.067043949637158, 46.92084757753562], [11.087579478103207, 46.91048946587792], [11.097535934110484, 46.908400231160535], [11.097045387928679, 46.89131067040013], [11.101618418875253, 46.889930870422454], [11.089050221977242, 46.87882384382693], [11.077641603596232, 46.85914442251025], [11.071880754216162, 46.85695084862842], [11.07483161113983, 46.8435827213508], [11.070277182004311, 46.83838575090058], [11.07675177331272, 46.835447562473725], [11.083392771427528, 46.8228015642245], [11.057542409803002, 46.809519335764314], [11.039484110543958, 46.80517007827307], [11.044412088760472, 46.80134356804953], [11.035752265359527, 46.79319279494835], [11.022419538528931, 46.765414395190774], [11.014206560999485, 46.772336071309184], [10.996337483571866, 46.76717810959854], [10.950477242675587, 46.77515163135866], [10.918269203511427, 46.7752931160392], [10.907146371667194, 46.76848533537404], [10.894775650369294, 46.769841798108885], [10.889520413476307, 46.764200231263395], [10.883579891491888, 46.76317633246905], [10.868828236290469, 46.76597152222036], [10.867504834230111, 46.772490442622626], [10.853102267244612, 46.77380672630997], [10.840294714226633, 46.781950750133774], [10.833150290892666, 46.78110946815228], [10.825991209656298, 46.77402896300159], [10.814059836490687, 46.775397670319684], [10.786359959331726, 46.79649643787095], [10.77891786411753, 46.79144304753695]]]]}}, {"type": "Feature", "properties": {"id": "AT-07-19", "start_date": null, "end_date": null}, "geometry": {"type": "MultiPolygon", "coordinates": [[[[10.466861915845547, 46.863489382959926], [10.469452468876305, 46.879701371158454], [10.464817543658349, 46.884141685545835], [10.471388505006429, 46.89050403595778], [10.474002825349963, 46.89413724287207], [10.475050007042674, 46.89614006205037], [10.476364608891894, 46.89952684113786], [10.478161521851279, 46.9075147654333], [10.479686733196411, 46.910561814770254], [10.481482216395458, 46.91216081098583], [10.482746367141972, 46.912878767994584], [10.484365415991098, 46.914599557858246], [10.485622149227673, 46.91717004924757], [10.485790530785488, 46.91807664478049], [10.486350193063902, 46.92013895254746], [10.487114031946016, 46.92301689710206], [10.487208145687237, 46.92593518137744], [10.487329784099503, 46.92833958301208], [10.487475890318052, 46.93028719998082], [10.487973762289197, 46.931900604161186], [10.488903722213406, 46.93323898220715], [10.490244407913833, 46.934702010481985], [10.491643709691948, 46.93600907878149], [10.49235098611913, 46.936868053433315], [10.493955324280542, 46.938430896528544], [10.495987485951673, 46.93992043863037], [10.498910946601308, 46.94153202738235], [10.501263975904775, 46.94311915041315], [10.503510049330721, 46.944828306882755], [10.505851194647708, 46.94655368533695], [10.507847704359726, 46.94844177121602], [10.50989175001724, 46.95049254718841], [10.513789697550132, 46.95378013415587], [10.515500991588963, 46.95599344457777], [10.51735489346437, 46.957425537530064], [10.519874298577115, 46.95843448895194], [10.52163312856145, 46.959020322927934], [10.523201814763707, 46.95986651616517], [10.52453282123835, 46.961103235903686], [10.525531076094342, 46.96260027920541], [10.526719474732444, 46.96344641546937], [10.529048736063078, 46.964455252645706], [10.531900892794475, 46.9650410202858], [10.533399511378795, 46.96526199024324], [10.534990729253488, 46.965496612876926], [10.536369271673701, 46.96585457574526], [10.537462598420731, 46.966342703044745], [10.538033029766995, 46.96712369740127], [10.538365781385615, 46.96832770788735], [10.538841140840876, 46.96927137271808], [10.539268964350567, 46.96979200821208], [10.54036229109763, 46.97063803001317], [10.542363735957995, 46.971579908845975], [10.545945690020389, 46.96453048348213], [10.566594116357104, 46.95558046575702], [10.577904101956705, 46.9423142652669], [10.58188773790102, 46.93814174397618], [10.583426711663412, 46.93778180836685], [10.595975430272524, 46.93603442164639], [10.614278611710095, 46.93971082270557], [10.623191601495742, 46.93971082270557], [10.63518326506732, 46.935615314157836], [10.644582776981208, 46.936047925028014], [10.65141606915012, 46.932893561096456], [10.66330005553097, 46.93441988957097], [10.6702818975297, 46.93045134448572], [10.690239077378019, 46.929109667882265], [10.703500323742164, 46.923127168819384], [10.71484684645777, 46.92709311366652], [10.740192366019286, 46.92816112382883], [10.73954643596455, 46.92513727647019], [10.739189916373064, 46.92212475425983], [10.739308756236868, 46.92017059465166], [10.739189916373064, 46.91658778242261], [10.739071076509289, 46.914063383597494], [10.73870740863802, 46.90989406173394], [10.738714556917836, 46.90771114108297], [10.738833396781676, 46.90640802333623], [10.738833396781676, 46.90502342580151], [10.738595717054029, 46.90420893985256], [10.73852337393775, 46.90408498529559], [10.737969226471739, 46.903277911294815], [10.73777507925965, 46.9029951476273], [10.737204647913384, 46.90226208292509], [10.736883780281081, 46.90123577539661], [10.736812476362777, 46.89986733460572], [10.736883780281081, 46.89730141339259], [10.737026388117656, 46.89519970968576], [10.736741172444507, 46.893317881383055], [10.736694279233154, 46.89311786303042], [10.736420304812272, 46.891949237244134], [10.736135419689639, 46.89115456879288], [10.736100079914053, 46.89109400191199], [10.73732293011016, 46.887003443998104], [10.74093534546445, 46.88478716552135], [10.745435492079105, 46.87306730045575], [10.731760417718974, 46.863086768944974], [10.725343259357118, 46.85132603883192], [10.716733173942753, 46.84732134829386], [10.716407147469209, 46.847321743599316], [10.70356983754431, 46.847337308772005], [10.693258748527724, 46.852353440135786], [10.696854054490622, 46.86254293532113], [10.69089507108723, 46.867769716636175], [10.671776963644675, 46.870625152948534], [10.66741294276841, 46.87552224451765], [10.651158342332556, 46.866248835738986], [10.624970923647576, 46.86457294054936], [10.607850021792366, 46.8582279606271], [10.595598738692427, 46.8575277870345], [10.589715860346862, 46.850245774973146], [10.564161658042849, 46.841025405430955], [10.551786531613798, 46.841031443586694], [10.556633993562645, 46.84668920564979], [10.552411545680666, 46.84978257881124], [10.520732006676528, 46.84527752295497], [10.50506286695559, 46.846697847803405], [10.49852919286819, 46.847290079724985], [10.481267227225842, 46.85889035464449], [10.469690604775934, 46.85470365770582], [10.466861915845547, 46.863489382959926]]]]}}, {"type": "Feature", "properties": {"id": "AT-07-07", "start_date": null, "end_date": null}, "geometry": {"type": "MultiPolygon", "coordinates": [[[[10.220407057681003, 47.24761350468926], [10.22331484110186, 47.25004012558425], [10.223998972700699, 47.249541380493234], [10.224770352609953, 47.24927651902661], [10.226125261188708, 47.24908474702325], [10.228144184382565, 47.249025418310104], [10.229582916154694, 47.24883588993322], [10.230609134907146, 47.248520749760836], [10.231735939393984, 47.24792243259377], [10.233486439829713, 47.24671208114367], [10.234874730225565, 47.24594930483598], [10.236330085692176, 47.245474240929994], [10.237604363312183, 47.2452229637094], [10.239961814537025, 47.24511544629127], [10.244257506973957, 47.24488890172277], [10.246853098812688, 47.245016421749995], [10.248916326234912, 47.245093734646225], [10.250368897038435, 47.245383211759], [10.252425300544173, 47.24611785298627], [10.25369160396017, 47.24690257988135], [10.255004108899582, 47.24779575327027], [10.256540810527452, 47.24844479952959], [10.258305849291052, 47.24877834621328], [10.260768740488253, 47.24884478217748], [10.263353028806797, 47.248628534131335], [10.266387578810658, 47.247888283526436], [10.268719481034923, 47.24659299522426], [10.270803752449348, 47.24504084388677], [10.273250547940332, 47.24356986948212], [10.275940108162152, 47.24241792447685], [10.278980810630719, 47.24157937909116], [10.282530443959201, 47.240995472067354], [10.286224836481514, 47.24062975201826], [10.288794228530898, 47.24066270341841], [10.291653345186901, 47.24113217821167], [10.293974188630555, 47.24183738213489], [10.297412970198137, 47.24317986091156], [10.300285781008785, 47.244328481804274], [10.302913089757466, 47.24518460215292], [10.304418357924291, 47.24547478475528], [10.306195864989595, 47.24559349537876], [10.308880523108169, 47.24545036562158], [10.311135763161722, 47.24547446822403], [10.312691445051884, 47.24580161418872], [10.313979025303404, 47.24622884478423], [10.31512237623777, 47.24691802245869], [10.317908125571773, 47.24860460362117], [10.319309183681709, 47.249761591337275], [10.321733516903382, 47.25128285519718], [10.323634954724326, 47.25260987925477], [10.326344503619149, 47.25400160024815], [10.32797118955125, 47.254632042513855], [10.329434340078159, 47.25519909815798], [10.330590796971935, 47.255569620967584], [10.331552485885867, 47.255765744780504], [10.332714320319248, 47.25587874701306], [10.33437807841261, 47.25584638298088], [10.335614012996183, 47.25552274156466], [10.33718269919844, 47.25506964023814], [10.338189486147481, 47.25472690715615], [10.338931183123533, 47.25461310814963], [10.340272535657485, 47.254519440525875], [10.341223254567906, 47.254519440525875], [10.343552515898574, 47.254843088112025], [10.347545535322503, 47.25578165485683], [10.349637116925557, 47.25617002240687], [10.352917097166614, 47.2566554778141], [10.356577364971958, 47.2570762022113], [10.359667201430904, 47.25752928626214], [10.362757037889947, 47.25814417980576], [10.366987737041525, 47.259017963534596], [10.370315253228117, 47.25960047795983], [10.370474675769081, 47.25964013401041], [10.372787122395325, 47.26021534730185], [10.37409761678389, 47.2605722076119], [10.376566669858057, 47.26166403822975], [10.377825932620784, 47.26238351343162], [10.380012586114843, 47.26361317988921], [10.382722135009665, 47.264745741990765], [10.383013694691298, 47.26484100745344], [10.385098932285869, 47.26552234191233], [10.386905298215705, 47.26591063757423], [10.389900062783711, 47.26633128797384], [10.392039180332272, 47.26662250551093], [10.393893082207642, 47.26691372143596], [10.39622234353831, 47.26772264610259], [10.398599140814413, 47.268855119738646], [10.40145129754581, 47.27034347658269], [10.404471344123772, 47.271480985711634], [10.40468740607053, 47.266318547169746], [10.409821288187025, 47.25667509820925], [10.418472830272291, 47.24444026101587], [10.423842829394346, 47.24221525388992], [10.434254764185967, 47.23790090164752], [10.442430946816005, 47.236605882665295], [10.443476737617464, 47.23459854030592], [10.441860515469672, 47.232267337031686], [10.436631561462171, 47.23071314419087], [10.427076836411988, 47.226697933756626], [10.42257447360922, 47.221572474532785], [10.421657738622306, 47.22052880855268], [10.41409952328414, 47.213144338967496], [10.41323901627612, 47.21039299442607], [10.412245621408697, 47.2072165819053], [10.407641148355301, 47.19685394594709], [10.402263072848855, 47.19108193311384], [10.39128226943299, 47.1877280280229], [10.386219691234764, 47.1799500362186], [10.379588426834284, 47.17450475969856], [10.379859381723731, 47.168028038615724], [10.376607923049946, 47.162776059711234], [10.379802338589162, 47.157017734311644], [10.3804751742379, 47.15054977594708], [10.38043194904266, 47.15054415918979], [10.377793704066175, 47.15044687286233], [10.374442419906782, 47.15054415918979], [10.370592008319358, 47.150641445337925], [10.368203327056838, 47.15054415918979], [10.365208562488831, 47.15027662135834], [10.363639876286575, 47.14976586355356], [10.361465106778933, 47.14869568832881], [10.358256430456114, 47.14769846008217], [10.353443415971851, 47.14687147603764], [10.347811827036706, 47.146121791814096], [10.347596494672517, 47.14609312628698], [10.342783480188222, 47.145801242173846], [10.340703807341967, 47.145730659967604], [10.336572476747207, 47.14559044608214], [10.333121799260681, 47.145266117111355], [10.330804421916365, 47.14487693184309], [10.328594000449572, 47.144171526236896], [10.326633142696707, 47.143563410396006], [10.323353162455618, 47.14300393764058], [10.320215790051105, 47.1427606867685], [10.31629407454541, 47.1427606867685], [10.313334961936556, 47.142590410491735], [10.30805847198352, 47.14212822925985], [10.302175898724965, 47.14125250636482], [10.298218531260186, 47.14086329153027], [10.294243615748874, 47.140297441913056], [10.29326290893935, 47.14015783233501], [10.288460610183117, 47.13929830471501], [10.285490781846336, 47.138722558691555], [10.283316012338627, 47.13799274358248], [10.282175149646095, 47.13721426302294], [10.28121254674926, 47.13633845868514], [10.280857447767279, 47.136110832140304], [10.280036032097538, 47.13558428220789], [10.27821778218125, 47.134927410055234], [10.276185620510116, 47.134075896964994], [10.274474326471283, 47.1331270519318], [10.273262159860481, 47.13208086971431], [10.271729125617341, 47.1308643527243], [10.26941174827306, 47.12952615169591], [10.265561336685703, 47.12750662054809], [10.261354405506895, 47.12526801393584], [10.25832398897977, 47.12397833882994], [10.257379212062489, 47.123406491687135], [10.255864003798944, 47.12225061155527], [10.254883574922513, 47.12168280153307], [10.25339807662491, 47.12105414760992], [10.250545919893513, 47.120242970212956], [10.245643775511454, 47.11914786098679], [10.241454670312205, 47.11776880229112], [10.238899613240342, 47.116470831841134], [10.236790205657728, 47.11494973217753], [10.234859057870874, 47.11373282094563], [10.231798931377773, 47.11190740159603], [10.229867783590887, 47.110325320531146], [10.228530835123069, 47.1095951133098], [10.227520696280692, 47.109290857325696], [10.225767808289534, 47.10890546390032], [10.224490279753601, 47.10843893125994], [10.221820704253822, 47.112304952842095], [10.217896087921815, 47.120586164375354], [10.209301677601275, 47.13171608310328], [10.203409418844151, 47.13721429896477], [10.203462345930113, 47.14239539312459], [10.214717554862391, 47.1438291001737], [10.22198301513212, 47.149395378568016], [10.225707617673715, 47.152673152952275], [10.212774062229483, 47.157589257625496], [10.206881123656208, 47.16240387780266], [10.211871916880186, 47.17122432582122], [10.203892716353756, 47.176144798292555], [10.196989057015886, 47.19304670323551], [10.211603409061064, 47.204423703758984], [10.212129716859312, 47.20483329824896], [10.213941676143353, 47.206243372740104], [10.21257770566853, 47.22204205157793], [10.209302656148354, 47.22538318456932], [10.209429440091082, 47.22563136033615], [10.210551276411074, 47.22782721353602], [10.20820610561536, 47.23139025345701], [10.207862027572409, 47.231912969940545], [10.207516345784413, 47.23243811133375], [10.198013395333318, 47.23563827373522], [10.20032713329803, 47.23774733053838], [10.21144183091254, 47.24787760660943], [10.220407057681003, 47.24761350468926]]]]}}, {"type": "Feature", "properties": {"id": "AT-07-11", "start_date": null, "end_date": null}, "geometry": {"type": "MultiPolygon", "coordinates": [[[[10.43219859371751, 47.130499392167394], [10.436548132732895, 47.12998844315428], [10.439043769872905, 47.129745132364434], [10.440792136480166, 47.12951842480407], [10.44260896578711, 47.12928283877808], [10.446530681292804, 47.128674551583636], [10.450951524226525, 47.12787160176868], [10.454160200549277, 47.12731196286669], [10.456869749444099, 47.12658199017764], [10.460791464949759, 47.12538967977467], [10.462207793412594, 47.124803503625955], [10.464142749109152, 47.124002672613614], [10.467565337186883, 47.12273730100656], [10.471023577223699, 47.121617908570826], [10.474160949628214, 47.120547163195184], [10.476264415217585, 47.11942772439093], [10.478082665133904, 47.11855162531699], [10.481006125783544, 47.11779719503863], [10.4840365423107, 47.11731046011462], [10.487673042143177, 47.117115764890606], [10.489740855773462, 47.117115764890606], [10.491787179060863, 47.117144202694895], [10.491773017444562, 47.116750709413644], [10.4918443213629, 47.116239627512], [10.4918443213629, 47.11504708386636], [10.491166934139144, 47.11365980538132], [10.490097375364916, 47.11200475888516], [10.489313032263738, 47.110179279893366], [10.488350429366932, 47.107185357958194], [10.487708694102329, 47.104264295204715], [10.487388561727332, 47.10306850012382], [10.48710261079691, 47.102000360633625], [10.4867534036457, 47.10136621498452], [10.486677237743987, 47.10116207931777], [10.486551944345319, 47.10100036982465], [10.484999145207507, 47.0989572852125], [10.484792668307634, 47.09872971408143], [10.482966983536404, 47.09671746989561], [10.480257434641581, 47.09394191504646], [10.476620934809038, 47.09155579539875], [10.47302008693568, 47.089291317066575], [10.47039460852209, 47.087133093118595], [10.468647167038117, 47.08602533063226], [10.467422729350309, 47.08524910419742], [10.464285356945727, 47.08337399704858], [10.461254940418636, 47.08142576343232], [10.459507698717221, 47.08058034878267], [10.458167240977126, 47.08000586112909], [10.455907146547261, 47.079233914922796], [10.450274137002769, 47.07730988423304], [10.444641127458244, 47.07601903965038], [10.443909643018548, 47.07583928463649], [10.439685505137444, 47.0748012328981], [10.430808167310982, 47.07346161312564], [10.425139505807337, 47.072316820287675], [10.41676129540887, 47.07097713767338], [10.409702207498663, 47.07012459473051], [10.404853541055251, 47.06939383271488], [10.402108340201275, 47.06895537066625], [10.398792708001036, 47.06812715467198], [10.39522751208683, 47.06698224653353], [10.391484056376864, 47.06552062571768], [10.387628762536908, 47.06413413927747], [10.38741973303463, 47.06405896457469], [10.383747581242934, 47.06298705410618], [10.380360645124421, 47.06196384660984], [10.3769366537786, 47.060993701016635], [10.374513723825018, 47.06030718305314], [10.370770268115084, 47.05928392380293], [10.369643705192942, 47.058826816529695], [10.368488542729988, 47.0583581007872], [10.36664797867545, 47.05728345446283], [10.365642553799235, 47.05669640991756], [10.364816390938293, 47.05621402748781], [10.362202359973967, 47.054448806391804], [10.36182162637032, 47.0541916970378], [10.359397293148646, 47.052924655507816], [10.356652092294706, 47.05177941883176], [10.353158200298704, 47.05063415740955], [10.349878220057581, 47.04983002290028], [10.347168671162759, 47.04887966638824], [10.344601730104511, 47.047758711165244], [10.34199913708711, 47.04619908185682], [10.341585565379656, 47.04599078126146], [10.338612200968564, 47.0444931847603], [10.334940049176904, 47.042421664488174], [10.331660068935781, 47.0403013187435], [10.32855834849042, 47.0382052614511], [10.32545662804499, 47.035914127308345], [10.321855780171663, 47.033427891040866], [10.318825363644509, 47.031380314831615], [10.316187118667955, 47.02947892328458], [10.315965458705708, 47.02932908396617], [10.306109592112522, 47.041014468661864], [10.30038702484663, 47.04966132118232], [10.288941890314911, 47.05357252924253], [10.291652580072423, 47.05954171140962], [10.292254955574094, 47.06921447532064], [10.297826928964518, 47.077136593769616], [10.309723845122573, 47.08022281264656], [10.317404132768841, 47.08865755982839], [10.324331451038038, 47.09338865889918], [10.33848727532727, 47.107065327304625], [10.34029440183231, 47.11672941193906], [10.343456873216057, 47.124130495302346], [10.34359247360332, 47.12520408813602], [10.344962811970232, 47.13605228397865], [10.340896777333947, 47.142834170482416], [10.340703807341967, 47.145730659967604], [10.342783480188222, 47.145801242173846], [10.347596494672517, 47.14609312628698], [10.347811827036706, 47.146121791814096], [10.353443415971851, 47.14687147603764], [10.358256430456114, 47.14769846008217], [10.361465106778933, 47.14869568832881], [10.363639876286575, 47.14976586355356], [10.365208562488831, 47.15027662135834], [10.368203327056838, 47.15054415918979], [10.370592008319358, 47.150641445337925], [10.374442419906782, 47.15054415918979], [10.377793704066175, 47.15044687286233], [10.38043194904266, 47.15054415918979], [10.3804751742379, 47.15054977594708], [10.382678022468673, 47.15083601709674], [10.384496272384927, 47.150860338516225], [10.386421478178638, 47.15051983762466], [10.38823972809486, 47.14996043853773], [10.388302541265737, 47.14995169338321], [10.389986674092844, 47.14971721969551], [10.391769272050015, 47.14969289774972], [10.393801433721114, 47.14988747300266], [10.396047507147063, 47.14996043853773], [10.398257928613921, 47.14969289774972], [10.40207268824219, 47.14869568832881], [10.405103104769315, 47.14794168821958], [10.407242222317839, 47.14704173851682], [10.409702207498663, 47.145849889638036], [10.410985678027771, 47.14514449702299], [10.412661320107452, 47.14431747299707], [10.413944790636625, 47.14344178638804], [10.415121305288276, 47.142176880106234], [10.416262167980841, 47.14057137852292], [10.417795202224012, 47.13896582815459], [10.418508241406855, 47.1378467793511], [10.419613452140235, 47.136654723036976], [10.421217790301643, 47.13551129681633], [10.423463863727658, 47.13446516179428], [10.425103853848185, 47.13351632374973], [10.42727862335586, 47.132153859843314], [10.429132525231267, 47.13122931076127], [10.430344691842137, 47.13084002209892], [10.43219859371751, 47.130499392167394]]]]}}, {"type": "Feature", "properties": {"id": "AT-07-14-05", "start_date": "2022-10-01", "end_date": null}, "geometry": {"type": "MultiPolygon", "coordinates": [[[[11.276099381617497, 47.085941410814705], [11.276450624156107, 47.0863457735973], [11.279497502730997, 47.090497107675205], [11.283241823876184, 47.09466093936623], [11.291924593741198, 47.10100920136879], [11.3050503, 47.1082356], [11.317193987643032, 47.11517774915118], [11.329034243505404, 47.123103146000055], [11.332770367479293, 47.12764611992173], [11.3335686995891, 47.12926777747268], [11.336103013859512, 47.131800837082785], [11.339432263343053, 47.13976571654728], [11.341718048422047, 47.14209197629192], [11.353929739969713, 47.15132345757082], [11.361028054715863, 47.15871990117372], [11.361997460786277, 47.15987751040369], [11.369376050838982, 47.16614924764534], [11.37496446865557, 47.17177050094598], [11.380320535595581, 47.176149131902584], [11.385026708807802, 47.17923040442086], [11.401227764907539, 47.1841584126768], [11.404912547624198, 47.186557806073694], [11.408854408204807, 47.18874296791727], [11.411889005454492, 47.1927530424166], [11.414155233038006, 47.19239835355271], [11.415525947109792, 47.192171415517876], [11.416959370327364, 47.19165975078164], [11.418506554780645, 47.19089993718946], [11.419245086690303, 47.19014982658174], [11.419271058151239, 47.189947935682326], [11.419348955047761, 47.18934239427951], [11.419165326460204, 47.188624889838984], [11.418514279533701, 47.1877923581387], [11.417429134662314, 47.186966340156815], [11.416689890809645, 47.18608276526614], [11.416241900128375, 47.18543224353129], [11.416064860144012, 47.18457440358429], [11.416402270006897, 47.183898949628336], [11.416898113883548, 47.183228606375955], [11.417711993277456, 47.182456453594874], [11.418894957933128, 47.18161906455215], [11.420078064551086, 47.18060105518823], [11.420691281264576, 47.17975607329345], [11.421582870390273, 47.17869772218439], [11.422533386896198, 47.1780724284107], [11.423656087758928, 47.177448305048436], [11.425035390103721, 47.17697135846129], [11.428205047143141, 47.176238624961876], [11.430582874481985, 47.17567116734795], [11.432291591287676, 47.17477099567955], [11.433379705555495, 47.17364611212231], [11.43397555671556, 47.17265847744996], [11.434503654830054, 47.1715216385251], [11.435991394750564, 47.169474664835164], [11.438100787702378, 47.16761663607905], [11.440928830779994, 47.16469891115805], [11.443270186266625, 47.16220168081076], [11.444351714575046, 47.1608946136364], [11.445421363692727, 47.15919858168471], [11.44645242897833, 47.158146655153274], [11.447329281911372, 47.157053862868274], [11.447797589886044, 47.15566852686348], [11.448323294343227, 47.15414125843516], [11.449420812508672, 47.15273062427663], [11.450240101690426, 47.15177974012234], [11.450725211951784, 47.15036880701175], [11.45077585700583, 47.14996686395766], [11.450585589064197, 47.14942790567423], [11.450066639271666, 47.14860558127362], [11.44959237470575, 47.14791119273889], [11.449475019066632, 47.14702150691082], [11.44944406265669, 47.14619414889132], [11.449830738121799, 47.14547028299735], [11.450468053545475, 47.1449332963886], [11.451615805506796, 47.144015438350266], [11.452174574207895, 47.143024509954714], [11.452507541884435, 47.142494210751465], [11.452993664008234, 47.142073605380446], [11.453846030266204, 47.141659053260156], [11.454903867483404, 47.141355051569576], [11.455970556363951, 47.14080114293826], [11.456459833665583, 47.14021472003922], [11.456592921987886, 47.139489760319876], [11.456306856240026, 47.13869918658846], [11.455549936794629, 47.137900835439424], [11.4543694334967, 47.13723836052743], [11.453918858208176, 47.136659383868974], [11.453678825203948, 47.136048166193284], [11.453566624269818, 47.135209476571376], [11.453916894947916, 47.13376598825546], [11.454486916161704, 47.13245375161919], [11.455188129326615, 47.1303935491695], [11.455159500991108, 47.12824984420936], [11.454708623775659, 47.126206322015264], [11.45408312825023, 47.12465999778746], [11.453770222299797, 47.123154560010285], [11.453889688919926, 47.121263345946346], [11.454381579116552, 47.11919968710678], [11.454914330997918, 47.11745818701713], [11.4551041477204, 47.11653258997105], [11.454930175739465, 47.11572680444092], [11.454532316737314, 47.11495143207798], [11.454204253873304, 47.1138743902039], [11.454070174940545, 47.11322920244637], [11.454086644121073, 47.11276510730646], [11.454421935970846, 47.11216340227802], [11.454944694466063, 47.11148646431246], [11.45523359554932, 47.11111234790354], [11.456971688668046, 47.109312171330416], [11.457344272576824, 47.1090095070605], [11.460074503817557, 47.1067914922378], [11.462055190014883, 47.105223853583595], [11.46221979354868, 47.10503436859543], [11.464061965487897, 47.10291362540597], [11.466112864243083, 47.09934672914016], [11.467836962506622, 47.095545822280044], [11.46831359015907, 47.09335757150509], [11.468662713929422, 47.091577303936205], [11.464321475903102, 47.09151086390794], [11.461469319171739, 47.087225314086055], [11.443216679938306, 47.085500833368364], [11.434516438060019, 47.084790188019184], [11.421921215800046, 47.081073800950065], [11.420908313639405, 47.080836146704684], [11.40387974208536, 47.079357395815144], [11.400012054647418, 47.08068298314392], [11.39344538112795, 47.08362128771993], [11.382179362038967, 47.08362128771993], [11.372072261101241, 47.076907362267896], [11.36072188725116, 47.0762505740878], [11.35450078913626, 47.07870870582147], [11.349522167464484, 47.0762176531687], [11.345376741278573, 47.07920895998478], [11.332582594721627, 47.08075613860164], [11.330555325200658, 47.07475628718608], [11.327115007229224, 47.072867138590944], [11.318005835582532, 47.07534083841821], [11.30445809110842, 47.07631507613373], [11.29788367145828, 47.07388624102457], [11.290767738797731, 47.07495113831371], [11.282353876440112, 47.08293941729382], [11.276099381617497, 47.085941410814705]]]]}}, {"type": "Feature", "properties": {"id": "AT-07-14-01", "start_date": "2022-10-01", "end_date": null}, "geometry": {"type": "MultiPolygon", "coordinates": [[[[10.776831572938647, 47.215040968597094], [10.782597428748591, 47.21306269561018], [10.77919324295687, 47.2119011781747], [10.774723053658093, 47.21065748448742], [10.772007358217403, 47.20956742507777], [10.77087012299086, 47.2087986675443], [10.770149145162128, 47.208096436265805], [10.769930971568154, 47.20740552117167], [10.769098632265889, 47.20604110694686], [10.768444082877014, 47.20519968992792], [10.76539025896371, 47.20244399977661], [10.763571329800019, 47.20017343924418], [10.760785613838715, 47.1953656441095], [10.756414025335841, 47.188692519011184], [10.753964827380008, 47.1856071670494], [10.749620173253575, 47.18184989530769], [10.744871353805586, 47.177797411698826], [10.74279172740538, 47.175749216541575], [10.742096742644318, 47.17453286909129], [10.741658611983063, 47.17320803158996], [10.741357394660843, 47.170800122279175], [10.739412793159804, 47.16429583616068], [10.738037313398403, 47.161577573434485], [10.737721873436676, 47.15928845300928], [10.737895659907245, 47.15762975326418], [10.739668199352275, 47.153954268180335], [10.74065377795954, 47.14923180108583], [10.741499389553157, 47.14736453375567], [10.745838037103523, 47.142604062587814], [10.748279031923488, 47.13894367249645], [10.749511984310521, 47.137714004754585], [10.752633263931731, 47.135555348029044], [10.755991431486018, 47.133687819279096], [10.759488960069847, 47.132395026804495], [10.767571278466937, 47.12983367311001], [10.776329508754655, 47.125400452033226], [10.781191070382398, 47.12185100794108], [10.782986489268986, 47.12109096563582], [10.785364732965839, 47.120401128798484], [10.787753893685577, 47.11948282059836], [10.79025130733952, 47.11805238465366], [10.793236303289886, 47.11605636272887], [10.79699872050224, 47.113996632560706], [10.809587559485777, 47.10975119243389], [10.82521, 47.093018], [10.835852816680045, 47.07805656035656], [10.842626517451956, 47.071178687350255], [10.853998564665487, 47.05633729074616], [10.861363322629153, 47.04598477174939], [10.865538379936591, 47.035831530468336], [10.86462634045385, 47.01425561647732], [10.86717010977297, 47.00073419655591], [10.867622011617422, 46.99012255157846], [10.867534378154602, 46.98948292770426], [10.86738240248554, 46.98868564473257], [10.867177858563215, 46.987612563374505], [10.867356118358877, 46.98627073969854], [10.86812857747367, 46.98354632675803], [10.868544516996979, 46.981675753399706], [10.868544516996979, 46.98013044747288], [10.868187997405588, 46.97716170735454], [10.868663356860784, 46.973501388497844], [10.869212561108597, 46.97116527539415], [10.868297988093593, 46.971009600148804], [10.854838410317878, 46.97006201788504], [10.848271407878135, 46.96699339724898], [10.847353294603812, 46.9665643683189], [10.832795411287318, 46.96605590440484], [10.82668973729684, 46.959008134629784], [10.813186833758987, 46.94998593964679], [10.813074040250237, 46.94809355587533], [10.810380400703737, 46.9459340223207], [10.792862902782588, 46.94266053020799], [10.767433486192816, 46.93096014885431], [10.749756056451373, 46.93238477521054], [10.740986066000511, 46.932810651202175], [10.74073483460262, 46.93091758493512], [10.740459987765727, 46.929505487358384], [10.740410696522401, 46.92925223672996], [10.740259475147392, 46.9284752776542], [10.740192366019286, 46.92816112382883], [10.71484684645777, 46.92709311366652], [10.703500323742164, 46.923127168819384], [10.690239077378019, 46.929109667882265], [10.6702818975297, 46.93045134448572], [10.66330005553097, 46.93441988957097], [10.65141606915012, 46.932893561096456], [10.644582776981208, 46.936047925028014], [10.63518326506732, 46.935615314157836], [10.623191601495742, 46.93971082270557], [10.614278611710095, 46.93971082270557], [10.595975430272524, 46.93603442164639], [10.583426711663412, 46.93778180836685], [10.58188773790102, 46.93814174397618], [10.577904101956705, 46.9423142652669], [10.566594116357104, 46.95558046575702], [10.545945690020389, 46.96453048348213], [10.542363735957995, 46.971579908845975], [10.544973277813396, 46.972622874457834], [10.549013833182864, 46.97441242475629], [10.552721636933644, 46.97597416486549], [10.555811473392687, 46.97721050990285], [10.558140734723288, 46.97818655145619], [10.559614349034574, 46.97939031134812], [10.561040427400256, 46.981179633763695], [10.562181290092822, 46.98254598485025], [10.564082727913698, 46.983619521767864], [10.566602133026443, 46.98443279286984], [10.568753564052543, 46.98528343134099], [10.571022975960101, 46.986644827282305], [10.573067021617616, 46.98817367958853], [10.57444402790283, 46.98972486530331], [10.57582410645794, 46.99136135776505], [10.578295975625183, 46.99360562865656], [10.581053060465543, 46.9952969005767], [10.584142896924556, 46.99685802685174], [10.585467756859543, 46.997475172739094], [10.588611275803746, 46.998939457163175], [10.591986327935874, 47.000695600527884], [10.594648340885195, 47.0026142833616], [10.597262817888977, 47.004760524368244], [10.598783968145698, 47.00677661112681], [10.599467868308045, 47.0086295635238], [10.599601781305635, 47.00919613019201], [10.600067438674806, 47.011166212595505], [10.600486639180227, 47.01280836769357], [10.600590334075603, 47.013214569053005], [10.601636124877128, 47.01477516853111], [10.602729451624127, 47.015848054052334], [10.604630889445069, 47.01776618926143], [10.606579863211515, 47.01932665489352], [10.608861588596612, 47.02056199097402], [10.612854608020614, 47.02192732897022], [10.614307229465423, 47.022416603656765], [10.61603951637066, 47.02300006989108], [10.618226169864753, 47.02410529542696], [10.61979485606701, 47.02530801470193], [10.620714642966549, 47.0264157314692], [10.621458614160273, 47.02816842667736], [10.622361797125224, 47.029533568928834], [10.624405842782743, 47.03125619829619], [10.625926993039464, 47.03281626718108], [10.626592496276833, 47.034051289171224], [10.626749121960724, 47.03453803496477], [10.627115391677568, 47.035676274289195], [10.627733358969367, 47.03704122330983], [10.629159437335083, 47.03869861417473], [10.631005608740198, 47.04016487095992], [10.632391881630669, 47.041265842852425], [10.632436629018748, 47.041293188012475], [10.635529254035184, 47.04318305914081], [10.638238802930006, 47.04490524517064], [10.640092704805417, 47.04675734506827], [10.641376175334521, 47.04841443223395], [10.642754717754734, 47.0507537612224], [10.643943116392835, 47.05244321239521], [10.646224841777935, 47.05442499994024], [10.648506567163032, 47.0559194136675], [10.652071763077338, 47.05767367166318], [10.65444856035344, 47.058745689627884], [10.654628082059984, 47.05884383462047], [10.655399279263895, 47.059265448107105], [10.656635213847533, 47.060434886044845], [10.65681793041212, 47.060720905863555], [10.658052809913523, 47.06265391404954], [10.659107083014742, 47.06456019708502], [10.660675769217, 47.06689881343063], [10.661864167855102, 47.06875014482159], [10.662196919473722, 47.07027663256072], [10.662196919473722, 47.071738122152055], [10.661973364211837, 47.072976962245804], [10.661769095963997, 47.074108897273824], [10.661246200563268, 47.077518730186995], [10.661341272454306, 47.07943463519456], [10.661864167855102, 47.0816102398755], [10.663005030547636, 47.083980573067485], [10.664003285403625, 47.086415736374654], [10.665001540259619, 47.089305318171185], [10.665429363769308, 47.091253261830694], [10.66566704349692, 47.092908957577144], [10.66566704349692, 47.09423996954292], [10.665334291878303, 47.09579818491995], [10.664003285403625, 47.09858987273286], [10.662862422711093, 47.10118665940828], [10.661864167855102, 47.10384823349167], [10.660573480803345, 47.10607863629775], [10.659758721193938, 47.107486552823964], [10.659109071708725, 47.10841202395419], [10.658394043831903, 47.10943061245844], [10.656825357629579, 47.110761208870535], [10.654781311972128, 47.11186460489765], [10.652594658478035, 47.112675910820904], [10.650027717419754, 47.11316268840132], [10.644941371248793, 47.1134223012789], [10.638666626439699, 47.11368191288222], [10.634530999179193, 47.1138441694871], [10.629302045171626, 47.11390907198977], [10.627225764142139, 47.11395406908118], [10.626307280603687, 47.11397397441271], [10.62326498009021, 47.11429848533266], [10.622598860607457, 47.11441216885594], [10.61870152931998, 47.115077303416726], [10.61485111773256, 47.11605080989328], [10.611048242090739, 47.11673225376415], [10.608740865381458, 47.117079698138625], [10.607815797795153, 47.11721899401014], [10.605819288083172, 47.117770627539606], [10.604615916999764, 47.11847931784832], [10.60339495486143, 47.1191983581888], [10.601873804604711, 47.12017178880244], [10.599877294892766, 47.12133988188411], [10.597452961671088, 47.12234571913766], [10.593887765756783, 47.123156864275266], [10.589989818223893, 47.12367599063241], [10.58661476609173, 47.12400044201723], [10.583769332833503, 47.124389828882116], [10.582193923158076, 47.124779117216995], [10.580005286339068, 47.125625551412426], [10.57988592278667, 47.12567171372616], [10.577725544278886, 47.126952858117406], [10.574207884310216, 47.128834531794155], [10.571973694870588, 47.13039172832175], [10.569501825703375, 47.13246791899852], [10.568403523614066, 47.13373748476138], [10.567172564372743, 47.13516035731767], [10.565794021952597, 47.13756072883403], [10.56517605466076, 47.14028534275469], [10.56522359060633, 47.14255574703953], [10.565344241877808, 47.14364211449387], [10.565581921605387, 47.14410833657001], [10.56635438072015, 47.1447772567105], [10.569563057042933, 47.1462569590519], [10.573486309911885, 47.147595260872926], [10.573781872208128, 47.14769608184589], [10.57699054853098, 47.14885140557677], [10.578446336862603, 47.14982429017265], [10.578921696317831, 47.15055394186055], [10.578981116249786, 47.15162813294742], [10.578149237203137, 47.15258069921992], [10.576336929280057, 47.15351298148969], [10.574702881152707, 47.1541209827998], [10.57384129214008, 47.15489110774453], [10.573579660752598, 47.15552565939447], [10.57357390244649, 47.15553962530359], [10.57369274231033, 47.15626919803831], [10.574108681833604, 47.15675557426211], [10.575267370505761, 47.157566191347065], [10.577673877747877, 47.1588428880235], [10.579475090177862, 47.1596046043542], [10.580644874343115, 47.160099289537634], [10.584655719746603, 47.161598826404926], [10.588072365831092, 47.1631185838305], [10.590092643515842, 47.164111468389166], [10.591667271711307, 47.16544879358778], [10.593063640111014, 47.16700896350437], [10.593996566789372, 47.16770052283169], [10.594430298544843, 47.16802203616155], [10.59561869718291, 47.168670392459084], [10.59673579190271, 47.16910802845816], [10.59691414711533, 47.16915931824345], [10.60068127538117, 47.170242623410324], [10.603295752384955, 47.17115028181289], [10.605815157497632, 47.17218758658969], [10.607626697208158, 47.17329572553156], [10.60904760179325, 47.174164892351136], [10.613658588508985, 47.17695244348724], [10.61698610469561, 47.179642614825816], [10.619600581699427, 47.18126313378713], [10.621406947629264, 47.182138193332136], [10.624829535706995, 47.18324009952252], [10.630010953768995, 47.184341982699934], [10.636238162632552, 47.185281806048096], [10.639493538219902, 47.18601820799696], [10.641324508803512, 47.18677252598433], [10.642750587169262, 47.18771230603412], [10.64450941715363, 47.18917055227623], [10.644909871436987, 47.18967387103532], [10.64603056741035, 47.191082414051934], [10.646755015220085, 47.192334483940186], [10.647591647861335, 47.194136064441615], [10.647822751595113, 47.1944753532787], [10.648580395528224, 47.19558765288163], [10.649892387624668, 47.19668927815582], [10.6508948710979, 47.19720174370643], [10.652478343061116, 47.19801119810872], [10.655171634959641, 47.19881178206035], [10.656794606914666, 47.19929420637348], [10.66080664071683, 47.20069381615077], [10.663560588351489, 47.201624465428], [10.666510954179591, 47.202909788987746], [10.668697607673652, 47.20346700726911], [10.67046594484712, 47.203700259684936], [10.672519497693772, 47.203661384353914], [10.672682898974646, 47.203648127297676], [10.673201086315164, 47.2036060857523], [10.674635474755986, 47.20348971085716], [10.67491530934811, 47.20346700726911], [10.678052681752657, 47.20294866487291], [10.679992148330037, 47.20275428516051], [10.681412556185487, 47.20280739347534], [10.682979613271556, 47.20302263422642], [10.68304252995424, 47.20303127603367], [10.684646868115617, 47.20337143827299], [10.686108598440518, 47.20383308351612], [10.687677284642776, 47.20458628549793], [10.688188485558706, 47.20487436927771], [10.689531186518183, 47.20563103172253], [10.690957264883865, 47.20657857434753], [10.692918122636728, 47.20762328109096], [10.694018545715616, 47.20807939816278], [10.696376362673544, 47.20905668223286], [10.698733469572197, 47.210305951605285], [10.698943303731792, 47.210417162516485], [10.701795460463154, 47.21209342029318], [10.703863274093443, 47.21347811476996], [10.705610220091426, 47.21432834773746], [10.706907374699185, 47.21477026698679], [10.707178906293684, 47.21486277286798], [10.709567587556204, 47.21522715053173], [10.709672236820772, 47.215236806233634], [10.712990175633868, 47.21554294246916], [10.716769283302984, 47.21583444103956], [10.719384303596062, 47.21595322393214], [10.722117077174394, 47.216077355283154], [10.722792157785229, 47.216099792565956], [10.729425728798567, 47.21632026840716], [10.733739615854798, 47.21636885089764], [10.735462576983263, 47.21634369528027], [10.738730890134786, 47.21629597714513], [10.743436948741557, 47.21627168587194], [10.746823884860069, 47.216441724549306], [10.747642238611595, 47.21651662321017], [10.749212566122623, 47.21666034489965], [10.750643056905325, 47.21694433454365], [10.751199036032135, 47.21705471085224], [10.751974168361452, 47.21726000216756], [10.753562105138007, 47.217680561209875], [10.755803175358603, 47.21830337234367], [10.75627165403283, 47.218433565341165], [10.75816120786739, 47.21904081889956], [10.75983684994707, 47.21935658798435], [10.761405536149327, 47.21967235517695], [10.761970034541909, 47.21970440460503], [10.762261183168775, 47.21972093457712], [10.763651609575305, 47.21959948599275], [10.764899428145293, 47.21935658798435], [10.766980009310997, 47.21877104475276], [10.769712442629523, 47.21782630478471], [10.772377278614368, 47.21681601091935], [10.772732138246084, 47.21667577709782], [10.776831572938647, 47.215040968597094]]]]}}, {"type": "Feature", "properties": {"id": "AT-07-14-03", "start_date": "2022-10-01", "end_date": null}, "geometry": {"type": "MultiPolygon", "coordinates": [[[[11.010650605693, 47.00149083256381], [11.009879988336653, 47.00327532072636], [11.008684208990031, 47.005537299135035], [11.005298771587695, 47.00889758760559], [11.001306342946556, 47.014174530697815], [10.998156928590086, 47.016896402577494], [10.995306, 47.0205781], [10.993666925104499, 47.02394918415629], [10.992209435669972, 47.02856356286238], [10.989618923273607, 47.03279726728408], [10.986863369632488, 47.036027164941764], [10.98275183317519, 47.03940310394364], [10.979661472480307, 47.040522490902326], [10.97313620258027, 47.04153023700228], [10.970360636320464, 47.04283010202545], [10.966470512605175, 47.04567864606167], [10.96359887048074, 47.0491199619289], [10.961809774917231, 47.05194713303685], [10.961349434429664, 47.05500364317396], [10.961515913161819, 47.05829399416153], [10.962050092968385, 47.0603773106573], [10.965397862853141, 47.06502021297426], [10.965935450589607, 47.06703212351801], [10.965659539619798, 47.068526896580636], [10.9648707607783, 47.06979661273583], [10.969713669226637, 47.07276148083141], [10.976489925445584, 47.07299414198917], [10.977624148589527, 47.07136551388505], [10.981201313889658, 47.07101652214845], [10.983149851085663, 47.072586984963145], [10.984807561834506, 47.0734012990152], [10.987919404819172, 47.074157447777836], [10.993154280868145, 47.07357579488352], [10.996498785010544, 47.0733722163705], [11.001588247835935, 47.0735467122388], [11.005514404872665, 47.07305230727862], [11.008160925541867, 47.07209258000297], [11.012814148696513, 47.07165634033223], [11.015111677629118, 47.07136551388506], [11.018049024745487, 47.070871108924884], [11.020637380125256, 47.07014404280697], [11.023312983439176, 47.069707803136225], [11.028460611553996, 47.06931518743257], [11.03026373552642, 47.07187446016762], [11.032532181814307, 47.07670217919056], [11.032532181814307, 47.08374017921196], [11.034335305786731, 47.08880055939263], [11.035149619838794, 47.09002203047073], [11.035556776864826, 47.090778179233354], [11.032415851235442, 47.09374460899444], [11.02869327271173, 47.09519874123026], [11.02601766939781, 47.09927031149058], [11.022411421452967, 47.10142242719961], [11.024359958648972, 47.102818394146], [11.025697760305931, 47.10558124539407], [11.028693272711733, 47.10625014622255], [11.033142917353361, 47.108489509865706], [11.034073561984288, 47.10814051812911], [11.038116049599884, 47.10662822060385], [11.046782677725405, 47.105028675144446], [11.050098099223087, 47.106191980933104], [11.052948198405305, 47.10677363382744], [11.057281512468066, 47.107035377629884], [11.059520876111238, 47.10822776606326], [11.061992900912141, 47.110176303259266], [11.062254644714587, 47.11224117103416], [11.063999603397576, 47.11392796442772], [11.063138207123643, 47.11849166867898], [11.061415771269969, 47.12035764085379], [11.061071284099235, 47.123458025390406], [11.061272234948829, 47.12704643341889], [11.061530600326881, 47.129285600028666], [11.060669382400043, 47.129888452577454], [11.058401508526039, 47.13459644391084], [11.058688581168319, 47.13706526863444], [11.059635920887839, 47.13784036476861], [11.061473185798425, 47.13944797156537], [11.064803228448861, 47.14162972364669], [11.062908549009821, 47.14444303554101], [11.059808164473207, 47.146682202150785], [11.057052267107329, 47.147543420077625], [11.054468613326817, 47.14995483027277], [11.051253399733293, 47.152940385752466], [11.049416134822708, 47.15727518265088], [11.048267844253592, 47.15957176378911], [11.048181722460908, 47.1624424902119], [11.047664991704806, 47.16405009700866], [11.046344457550324, 47.16588736191925], [11.044507192639738, 47.166461507203806], [11.044220119997458, 47.16743755418756], [11.044392363582826, 47.169648013533106], [11.045081337924294, 47.171714936557514], [11.045655483208852, 47.17363832326078], [11.046344457550322, 47.17553300269983], [11.045454532359258, 47.177370267610414], [11.044564607168192, 47.17871950902912], [11.043157951221021, 47.18047065214702], [11.043674681977123, 47.183915523854374], [11.041722588009627, 47.18644176310643], [11.041751295273858, 47.18951344037881], [11.039741786777904, 47.19152294887476], [11.038737032529932, 47.194250138976415], [11.04000015215596, 47.19591516030163], [11.042756049521838, 47.1976375961553], [11.046487993871464, 47.19717827992766], [11.04832525878205, 47.19809691238295], [11.049990280107268, 47.19970451917972], [11.053492566343072, 47.20406802334238], [11.056133634652038, 47.20395319428547], [11.0602100661724, 47.204297681456204], [11.068449051005807, 47.209551110809905], [11.071865215448927, 47.21184769194814], [11.074793356400173, 47.21322564063108], [11.078266935371751, 47.215206441862804], [11.08464899652358, 47.20819907723217], [11.092513025786918, 47.20684199910043], [11.106452263513653, 47.201515008312434], [11.12652700348181, 47.20171481027148], [11.14524557927458, 47.198079958121426], [11.151879484103969, 47.19488466822325], [11.15339287779546, 47.193336011327766], [11.155282184217132, 47.191629541011416], [11.157659053586334, 47.18980117995818], [11.159548360008007, 47.18736336522054], [11.161376721061238, 47.18547405879887], [11.16497249779926, 47.184498932903814], [11.169238673590133, 47.18218300890305], [11.172712559591274, 47.180049921007615], [11.176734953908381, 47.17816061458594], [11.181671528752105, 47.17572279984831], [11.181001129699252, 47.17493051005857], [11.179782222330433, 47.17243174995249], [11.178380478856289, 47.170420552793935], [11.177588189066554, 47.16883597321447], [11.177953861277201, 47.167251393635], [11.17734440759279, 47.16554492331865], [11.175516046539558, 47.16438696131827], [11.174297139170742, 47.162040564633294], [11.174571393328726, 47.16030362163273], [11.173961939644316, 47.15838384252683], [11.173779103538994, 47.15579366436809], [11.172925868380819, 47.15466617505193], [11.172194523959526, 47.15399577599908], [11.171402234169792, 47.15289875936714], [11.1706708897485, 47.15174079736676], [11.169939545327207, 47.1504609446295], [11.169177728221694, 47.14912014652379], [11.170305217537859, 47.146895640575714], [11.169939545327212, 47.14555484247001], [11.169482455063905, 47.14345222725879], [11.168933946747936, 47.141776229626664], [11.169177728221703, 47.14043543152095], [11.169421509695468, 47.13878990657304], [11.169116782853262, 47.1373881630989], [11.168568274537293, 47.136108310361635], [11.168446383800411, 47.13421900393996], [11.168080711589765, 47.13141551699167], [11.169695763853449, 47.12818541246432], [11.17088419853805, 47.12672272362173], [11.171219398064476, 47.12498578062116], [11.169543400432346, 47.124010654726106], [11.167775984747557, 47.123035528831046], [11.167745512063336, 47.12059771409341], [11.16750173058957, 47.118586516934855], [11.16689227690516, 47.118007535934666], [11.16393642653577, 47.11669721051318], [11.160980576166379, 47.11675815588162], [11.159578832692235, 47.11499074019683], [11.15872559753406, 47.11313190645938], [11.159182687797367, 47.11200441714322], [11.159974977587101, 47.11060267366908], [11.160858685429497, 47.11002369266889], [11.161803338640333, 47.10910951214227], [11.162077592798317, 47.108134386247215], [11.16277846453539, 47.10734209645748], [11.164149735325314, 47.10703736961528], [11.165338170009914, 47.10654980666774], [11.167197003747363, 47.10712878766794], [11.169512927748123, 47.107403041825926], [11.170914671222267, 47.107403041825926], [11.173169649854586, 47.10773824135235], [11.175576991908006, 47.107982022826114], [11.177892915908766, 47.10822580429988], [11.17920324133025, 47.108500058457864], [11.18100112969926, 47.10871336724741], [11.184139816173975, 47.109688493142464], [11.186608103595837, 47.10981038387935], [11.187705120227776, 47.109779911195126], [11.188893554912378, 47.11032841951109], [11.190051516912757, 47.11105976393239], [11.19197129601865, 47.112126307880125], [11.192794058492606, 47.11355852403849], [11.194165329282528, 47.11514310361795], [11.197090706967703, 47.11578302998658], [11.198766704599834, 47.11651437440788], [11.200838847126828, 47.11718477346073], [11.201935863758766, 47.11825131740844], [11.203093825759147, 47.11910455256662], [11.204769823391276, 47.119835896987915], [11.206567711760288, 47.121542367304265], [11.20839607281352, 47.12312694688373], [11.210437742656294, 47.12422396351567], [11.21254035786751, 47.125229562094944], [11.213774501578442, 47.12731694096404], [11.214292537210191, 47.12801781270112], [11.215176245052586, 47.12881010249085], [11.215724753368555, 47.129160538359386], [11.217019842447927, 47.12914530201728], [11.217873077606102, 47.129526210570035], [11.219396711817128, 47.13013566425445], [11.220828927975491, 47.130958426728405], [11.221468854344122, 47.13140028064961], [11.222139253396973, 47.13216209775512], [11.222733470739275, 47.13286296949219], [11.22363241492378, 47.13350289586082], [11.22488179497682, 47.1340666405189], [11.225780739161326, 47.134630385176976], [11.226359720161517, 47.13508747544029], [11.227456736793457, 47.13557503838781], [11.22888895295182, 47.135879765230015], [11.230839204741933, 47.13609307401956], [11.233825527795545, 47.13606260133534], [11.236598542059614, 47.136550164282866], [11.238335485060183, 47.13679394575664], [11.23931061095524, 47.13664158233553], [11.240346682218737, 47.13597118328268], [11.242022679850868, 47.13560551107203], [11.243729150167216, 47.135270311545604], [11.245587983904668, 47.13539220228249], [11.248513361589838, 47.136154019388], [11.249671323590219, 47.13651969159865], [11.25210913832786, 47.13664158233553], [11.25436411696018, 47.13767765359903], [11.256862877066261, 47.13786048970435], [11.258874074224817, 47.138043325809676], [11.259178801067021, 47.13962790538914], [11.259300691803904, 47.14133437570549], [11.259971090856755, 47.14279706454808], [11.261616615804664, 47.14340651823249], [11.263993485173865, 47.14438164412754], [11.267802570701429, 47.144625425601305], [11.269448095649338, 47.14377219044313], [11.270392748860173, 47.142979900653394], [11.27246489138717, 47.14206572012678], [11.273988525598195, 47.14133437570548], [11.275298851019677, 47.140816340073734], [11.27663964912538, 47.13932317854693], [11.27709673938869, 47.13770812628324], [11.277797611125761, 47.13612354670378], [11.277767138441543, 47.13429518565054], [11.27807186528375, 47.13283249680795], [11.278650846283938, 47.13121744454426], [11.279229827284128, 47.12929766543837], [11.279778335600097, 47.127164577542935], [11.280022117073859, 47.12509243501592], [11.281180079074238, 47.121923275856986], [11.282642767916823, 47.12027775090908], [11.283800729917203, 47.11753520932923], [11.283617893811881, 47.114061323328094], [11.283983566022526, 47.111379727116685], [11.284288292864732, 47.10869813090528], [11.28416640212785, 47.10461479121973], [11.28410545675941, 47.10284737553494], [11.286665162233932, 47.10254264869273], [11.28879825012937, 47.10290832090338], [11.29056566581416, 47.10303021164027], [11.292376360058215, 47.102978032164565], [11.291924593741198, 47.10100920136879], [11.283241823876184, 47.09466093936623], [11.279497502730997, 47.090497107675205], [11.276450624156107, 47.0863457735973], [11.276099381617497, 47.085941410814705], [11.27601294964199, 47.08580744553772], [11.275442518295723, 47.08479441956836], [11.274130526199281, 47.083625519362585], [11.272403898900354, 47.08269629751069], [11.272248102756572, 47.082612451641715], [11.268369169601883, 47.08109281371407], [11.265459969735883, 47.07949519860806], [11.262094424792787, 47.077040232673475], [11.258500707311248, 47.07357191222905], [11.256276025060785, 47.07111667169053], [11.25462177415659, 47.06897311467264], [11.252967523252329, 47.0667904947633], [11.250971013540411, 47.064997561133], [11.248232943078222, 47.06324354560427], [11.245723045154609, 47.061177630617635], [11.243327233500272, 47.058526904731124], [11.24173002573068, 47.05622690277088], [11.241241809310477, 47.054892275242494], [11.240988464980537, 47.05419969963476], [11.240418033634205, 47.05299113779383], [11.238934912133885, 47.051665586666154], [11.238255774097635, 47.051290298435084], [11.236478784183465, 47.0503083302571], [11.236253884806365, 47.05018404911494], [11.23408624569054, 47.04909236336783], [11.231348175228415, 47.04690892442182], [11.230930059026234, 47.046365909943525], [11.223987460989871, 47.04684480727776], [11.221472600506047, 47.051290298435084], [11.22050949736532, 47.05299266651182], [11.213728703757344, 47.057035087878866], [11.203789507979765, 47.05662342225661], [11.18828035907856, 47.051290298435084], [11.179845081788354, 47.04838943823237], [11.171562418640386, 47.04694835950911], [11.163362749255581, 47.043935044428856], [11.153224123894962, 47.045384784693205], [11.151132257282134, 47.04902282506332], [11.134919184586222, 47.0460405328566], [11.127036937746464, 47.0475444485593], [11.118402780617945, 47.04561017990169], [11.115563946612326, 47.0375424606855], [11.114998179075668, 47.03734768640151], [11.09204885241986, 47.029446420284216], [11.082937415901526, 47.02878336134927], [11.075628027582871, 47.015398473060486], [11.074429368996013, 47.01162969268931], [11.062231265087156, 47.00658224907707], [11.042974753661882, 47.00814576012735], [11.030907739000314, 47.005861146523124], [11.019313976306494, 47.004343921184955], [11.010650605693, 47.00149083256381]]]]}}, {"type": "Feature", "properties": {"id": "AT-07-14-02", "start_date": "2022-10-01", "end_date": null}, "geometry": {"type": "MultiPolygon", "coordinates": [[[[10.867622011617422, 46.99012255157846], [10.86717010977297, 47.00073419655591], [10.86462634045385, 47.01425561647732], [10.865538379936591, 47.035831530468336], [10.861363322629153, 47.04598477174939], [10.853998564665487, 47.05633729074616], [10.842626517451956, 47.071178687350255], [10.835852816680045, 47.07805656035656], [10.82521, 47.093018], [10.809587559485777, 47.10975119243389], [10.79699872050224, 47.113996632560706], [10.793236303289886, 47.11605636272887], [10.79025130733952, 47.11805238465366], [10.787753893685577, 47.11948282059836], [10.785364732965839, 47.120401128798484], [10.782986489268986, 47.12109096563582], [10.781191070382398, 47.12185100794108], [10.776329508754655, 47.125400452033226], [10.767571278466937, 47.12983367311001], [10.759488960069847, 47.132395026804495], [10.755991431486018, 47.133687819279096], [10.752633263931731, 47.135555348029044], [10.749511984310521, 47.137714004754585], [10.748279031923488, 47.13894367249645], [10.745838037103523, 47.142604062587814], [10.741499389553157, 47.14736453375567], [10.74065377795954, 47.14923180108583], [10.739668199352275, 47.153954268180335], [10.737895659907245, 47.15762975326418], [10.737721873436676, 47.15928845300928], [10.738037313398403, 47.161577573434485], [10.739412793159804, 47.16429583616068], [10.741357394660843, 47.170800122279175], [10.741658611983063, 47.17320803158996], [10.742096742644318, 47.17453286909129], [10.74279172740538, 47.175749216541575], [10.744871353805586, 47.177797411698826], [10.749620173253575, 47.18184989530769], [10.753964827380008, 47.1856071670494], [10.756414025335841, 47.188692519011184], [10.760785613838715, 47.1953656441095], [10.763571329800019, 47.20017343924418], [10.76539025896371, 47.20244399977661], [10.768444082877014, 47.20519968992792], [10.769098632265889, 47.20604110694686], [10.769930971568154, 47.20740552117167], [10.770149145162128, 47.208096436265805], [10.77087012299086, 47.2087986675443], [10.772007358217403, 47.20956742507777], [10.774723053658093, 47.21065748448742], [10.77919324295687, 47.2119011781747], [10.782597428748591, 47.21306269561018], [10.783585599776075, 47.21272113271155], [10.787040377074831, 47.21175634102336], [10.789316264965674, 47.21134319001205], [10.791267817452608, 47.21107666745708], [10.791976902963588, 47.21104625110458], [10.794248744220427, 47.210954325914706], [10.796708729401253, 47.211124381748064], [10.799204366541197, 47.21134302415638], [10.802199131109136, 47.21168313276654], [10.803398248276073, 47.21178318370537], [10.805693023105103, 47.21197465268569], [10.80818866024508, 47.21231475722013], [10.809472130774221, 47.212630566608496], [10.810898209139904, 47.21321359435406], [10.81296602277019, 47.214403922642155], [10.81506948835956, 47.215691390321375], [10.81621035105216, 47.216857371644494], [10.816317732817414, 47.2170335049792], [10.817172953948997, 47.218436263566105], [10.81820686076414, 47.220306582014615], [10.819739895007245, 47.22244400752518], [10.820417282230935, 47.22399844434538], [10.820738149863203, 47.22552854829865], [10.821130321413778, 47.22642716006556], [10.821522492964382, 47.2267914577667], [10.822057272351497, 47.226985748843816], [10.822734659575184, 47.226985748843816], [10.823519002676331, 47.22684003060319], [10.82476682124632, 47.226451446657386], [10.825943335898003, 47.22630572693867], [10.82676075595586, 47.22632428823211], [10.827012894672265, 47.22633001358652], [10.828938100465976, 47.22674288488547], [10.831005914096263, 47.22732575650465], [10.83389372278678, 47.22837005202735], [10.835177193315918, 47.22905004728511], [10.8362824040493, 47.22980288893848], [10.837031095191293, 47.2306285738638], [10.837815438292406, 47.231429961560956], [10.838151956250588, 47.232049155017826], [10.838245473604974, 47.23222122577248], [10.838378668974611, 47.232132360865265], [10.839555660806276, 47.23112595762572], [10.840981739171992, 47.23034885009823], [10.842479121455979, 47.22988743707924], [10.844546935086196, 47.22928030852786], [10.845723449737916, 47.228721744080154], [10.847006920267022, 47.227726027549025], [10.84789821924559, 47.226876010740924], [10.848575606469279, 47.2264631404854], [10.849538209366118, 47.22629313414558], [10.850679072058751, 47.226341707441485], [10.853132194781988, 47.22663915133528], [10.854265556022819, 47.22659625921117], [10.854837994813858, 47.2266175996441], [10.856680159942776, 47.22647903138264], [10.85827705833359, 47.225977824384366], [10.859500449875016, 47.22533562887336], [10.8598133966515, 47.22478690515551], [10.859934054074518, 47.22419169463573], [10.85985568313515, 47.22370841649537], [10.859770321639992, 47.22347580635233], [10.859413802048607, 47.222965756766364], [10.858522503070036, 47.2220913745599], [10.857845115846347, 47.22107124364561], [10.857702508009773, 47.219978224320045], [10.85834424327431, 47.21835079798098], [10.859638716135782, 47.2167839662827], [10.861588571556279, 47.21529012872446], [10.862943346003725, 47.214196989481735], [10.864226816532831, 47.21351680250978], [10.866539851270087, 47.212676232237655], [10.879191783387228, 47.21811216951595], [10.885933109190026, 47.21757280006734], [10.897519664401427, 47.22209505934797], [10.91098319810292, 47.22329978397193], [10.923664703844308, 47.22315892899554], [10.937545499199729, 47.228496980590684], [10.958804498085819, 47.22927761197773], [10.978359431677152, 47.225012964627304], [10.993320562174379, 47.21575359140073], [11.002759572547186, 47.2115895583596], [11.019786887502859, 47.212790540061405], [11.041805300538442, 47.21982806307929], [11.056161590860222, 47.2223569407408], [11.074476305759664, 47.21881238586791], [11.078266935371751, 47.215206441862804], [11.074793356400173, 47.21322564063108], [11.071865215448927, 47.21184769194814], [11.068449051005807, 47.209551110809905], [11.0602100661724, 47.204297681456204], [11.056133634652038, 47.20395319428547], [11.053492566343072, 47.20406802334238], [11.049990280107268, 47.19970451917972], [11.04832525878205, 47.19809691238295], [11.046487993871464, 47.19717827992766], [11.042756049521838, 47.1976375961553], [11.04000015215596, 47.19591516030163], [11.038737032529932, 47.194250138976415], [11.039741786777904, 47.19152294887476], [11.041751295273858, 47.18951344037881], [11.041722588009627, 47.18644176310643], [11.043674681977123, 47.183915523854374], [11.043157951221021, 47.18047065214702], [11.044564607168192, 47.17871950902912], [11.045454532359258, 47.177370267610414], [11.046344457550322, 47.17553300269983], [11.045655483208852, 47.17363832326078], [11.045081337924294, 47.171714936557514], [11.044392363582826, 47.169648013533106], [11.044220119997458, 47.16743755418756], [11.044507192639738, 47.166461507203806], [11.046344457550324, 47.16588736191925], [11.047664991704806, 47.16405009700866], [11.048181722460908, 47.1624424902119], [11.048267844253592, 47.15957176378911], [11.049416134822708, 47.15727518265088], [11.051253399733293, 47.152940385752466], [11.054468613326817, 47.14995483027277], [11.057052267107329, 47.147543420077625], [11.059808164473207, 47.146682202150785], [11.062908549009821, 47.14444303554101], [11.064803228448861, 47.14162972364669], [11.061473185798425, 47.13944797156537], [11.059635920887839, 47.13784036476861], [11.058688581168319, 47.13706526863444], [11.058401508526039, 47.13459644391084], [11.060669382400043, 47.129888452577454], [11.061530600326881, 47.129285600028666], [11.061272234948829, 47.12704643341889], [11.061071284099235, 47.123458025390406], [11.061415771269969, 47.12035764085379], [11.063138207123643, 47.11849166867898], [11.063999603397576, 47.11392796442772], [11.062254644714587, 47.11224117103416], [11.061992900912141, 47.110176303259266], [11.059520876111238, 47.10822776606326], [11.057281512468066, 47.107035377629884], [11.052948198405305, 47.10677363382744], [11.050098099223087, 47.106191980933104], [11.046782677725405, 47.105028675144446], [11.038116049599884, 47.10662822060385], [11.034073561984288, 47.10814051812911], [11.033142917353361, 47.108489509865706], [11.028693272711733, 47.10625014622255], [11.025697760305931, 47.10558124539407], [11.024359958648972, 47.102818394146], [11.022411421452967, 47.10142242719961], [11.02601766939781, 47.09927031149058], [11.02869327271173, 47.09519874123026], [11.032415851235442, 47.09374460899444], [11.035556776864826, 47.090778179233354], [11.035149619838794, 47.09002203047073], [11.034335305786731, 47.08880055939263], [11.032532181814307, 47.08374017921196], [11.032532181814307, 47.07670217919056], [11.03026373552642, 47.07187446016762], [11.028460611553996, 47.06931518743257], [11.023312983439176, 47.069707803136225], [11.020637380125256, 47.07014404280697], [11.018049024745487, 47.070871108924884], [11.015111677629118, 47.07136551388506], [11.012814148696513, 47.07165634033223], [11.008160925541867, 47.07209258000297], [11.005514404872665, 47.07305230727862], [11.001588247835935, 47.0735467122388], [10.996498785010544, 47.0733722163705], [10.993154280868145, 47.07357579488352], [10.987919404819172, 47.074157447777836], [10.984807561834506, 47.0734012990152], [10.983149851085663, 47.072586984963145], [10.981201313889658, 47.07101652214845], [10.977624148589527, 47.07136551388505], [10.976489925445584, 47.07299414198917], [10.969713669226637, 47.07276148083141], [10.9648707607783, 47.06979661273583], [10.965659539619798, 47.068526896580636], [10.965935450589607, 47.06703212351801], [10.965397862853141, 47.06502021297426], [10.962050092968385, 47.0603773106573], [10.961515913161819, 47.05829399416153], [10.961349434429664, 47.05500364317396], [10.961809774917231, 47.05194713303685], [10.96359887048074, 47.0491199619289], [10.966470512605175, 47.04567864606167], [10.970360636320464, 47.04283010202545], [10.97313620258027, 47.04153023700228], [10.979661472480307, 47.040522490902326], [10.98275183317519, 47.03940310394364], [10.986863369632488, 47.036027164941764], [10.989618923273607, 47.03279726728408], [10.992209435669972, 47.02856356286238], [10.993666925104499, 47.02394918415629], [10.99538069954498, 47.02062622531999], [10.998156928590086, 47.016896402577494], [11.001306342946556, 47.014174530697815], [11.005298771587695, 47.00889758760559], [11.008684208990031, 47.005537299135035], [11.009879988336653, 47.00327532072636], [11.010650605693, 47.00149083256381], [11.011042235849999, 47.00058392433444], [11.01116160608061, 46.99980739165467], [11.011552078634061, 46.997267069454715], [11.004637854353925, 46.996595785248964], [10.995308925044972, 46.99822191768182], [10.97825540458847, 46.99423780476981], [10.95632274085314, 46.99730198357949], [10.942753071575318, 46.98010398528076], [10.9182115633994, 46.98750885382315], [10.902019631955527, 46.988220414621004], [10.889054059102936, 46.99117630087139], [10.878083746860119, 46.993183665283844], [10.867622011617422, 46.99012255157846]]]]}}, {"type": "Feature", "properties": {"id": "AT-07-17-02", "start_date": "2022-10-01", "end_date": null}, "geometry": {"type": "MultiPolygon", "coordinates": [[[[12.23014332095605, 47.311730297695284], [12.21920718201136, 47.31105756411703], [12.218510849071075, 47.31307044998466], [12.217356695746844, 47.31371887152114], [12.21481496483055, 47.313710079417916], [12.212480722152323, 47.31298912197619], [12.210237255578248, 47.313745247822006], [12.208966390120105, 47.31462884629378], [12.209036637321471, 47.315225709563435], [12.209109022839444, 47.3161414095751], [12.209972229235284, 47.318072577258796], [12.210490153072787, 47.31982812299691], [12.211180718189462, 47.32096919644707], [12.212130245224886, 47.322695388926874], [12.212561848422807, 47.32436301284119], [12.20910902283944, 47.324216732148045], [12.205440395657119, 47.32459706110772], [12.201340165276882, 47.32506515452984], [12.198849474864831, 47.32475167779022], [12.197869691949693, 47.324474252272005], [12.194451017513595, 47.32428872801917], [12.192400005295019, 47.324830696718216], [12.1899074054748, 47.325270495628416], [12.188019877506195, 47.325796801043325], [12.185760287773862, 47.32695139035252], [12.183396409284656, 47.3279881429205], [12.180839013375683, 47.32924855529142], [12.177860951310036, 47.33059419419525], [12.172509071655828, 47.331588774828106], [12.169444688950595, 47.331793539103955], [12.167221932481308, 47.33139863586108], [12.163963328337013, 47.33214456172976], [12.159517815398436, 47.332100684029136], [12.158860113961198, 47.33249132878143], [12.158532934208138, 47.33334199613939], [12.156897035442832, 47.334290817423266], [12.155686470356505, 47.33478158705286], [12.154508623245485, 47.33631933189225], [12.154083289566506, 47.337366307102045], [12.154312315393648, 47.33834784636122], [12.153494366010996, 47.339787437274694], [12.1524473908012, 47.34116159223755], [12.151400415591404, 47.342143131496734], [12.150746056085282, 47.34312467075591], [12.150157132529772, 47.34417164596571], [12.150451594307526, 47.34534949307673], [12.150811492035894, 47.34656005816306], [12.150713338109975, 47.34737800754571], [12.149339183147118, 47.3484249827555], [12.148586669715078, 47.34940652201469], [12.14789959223365, 47.350747959002234], [12.14806318211018, 47.352023960039176], [12.147834156283036, 47.352809191446525], [12.146689027147323, 47.353627140829175], [12.14466051267834, 47.35653904063142], [12.143384511641402, 47.35863299105101], [12.141225125271198, 47.35951637638428], [12.139883688283648, 47.36036704374224], [12.138084199641812, 47.362002942507544], [12.136219275049362, 47.36239555821121], [12.134452504382832, 47.36331166151979], [12.132522143839772, 47.36465309850734], [12.130101013667119, 47.365830945618356], [12.129255744321652, 47.3686635379752], [12.130188931057832, 47.37076856955312], [12.131352522291339, 47.37506645415232], [12.132667336623925, 47.378889733930706], [12.133870355419262, 47.381473753531715], [12.135360371389607, 47.38377506372889], [12.136567962463614, 47.386168627157005], [12.136805071555772, 47.38807582788], [12.136768279610356, 47.389694449342365], [12.13601528000778, 47.39197221001692], [12.135236208392056, 47.395392520033], [12.135447306861446, 47.39844227562775], [12.136784648365623, 47.40131336734821], [12.136879427965246, 47.40331430683317], [12.136542649128943, 47.40578690032182], [12.135765574576823, 47.409111994439904], [12.135562467326015, 47.41187169197679], [12.13548226871077, 47.41539456061627], [12.13710276834479, 47.41817337128988], [12.14245517780726, 47.423467243848506], [12.14477350124142, 47.42644367969367], [12.14697325072605, 47.42846648341669], [12.149050005751624, 47.429726088117214], [12.151394652483843, 47.43155983519175], [12.155663456049414, 47.43522284470739], [12.158555014345168, 47.437728717699514], [12.160489950913338, 47.43908188270768], [12.161071671053907, 47.43985290406717], [12.161129106316574, 47.44042490062799], [12.160828257764873, 47.44132654156904], [12.159447178989396, 47.44345513690048], [12.15509592593923, 47.4496958291775], [12.151719251927446, 47.45313702345873], [12.149639885327824, 47.455067812506336], [12.14298453938045, 47.46064133666266], [12.141457777038621, 47.46217298794947], [12.139388199724431, 47.46441321022009], [12.13839451655163, 47.4656527806591], [12.137148351395416, 47.46641352801295], [12.135640235727976, 47.467111996207876], [12.134921900932996, 47.46781872730846], [12.134106283796086, 47.468941084961656], [12.134089990837378, 47.46965517357959], [12.134503006856637, 47.47079041621981], [12.136035292363623, 47.472889729731904], [12.136451086079115, 47.47390595002282], [12.136426691845527, 47.47497708254209], [12.135531211401346, 47.47715490067231], [12.134506152338803, 47.47834968880495], [12.132450602733739, 47.4799351997092], [12.12933672618477, 47.48120698799657], [12.125457333530697, 47.482420967711946], [12.11343197367304, 47.486043179320525], [12.096486662694966, 47.49342044265172], [12.089789938682925, 47.494359703090474], [12.08337620436386, 47.49446835978801], [12.078285151430963, 47.494353090218574], [12.074070702796478, 47.494306770431635], [12.070102495519537, 47.49497728117874], [12.066476790310197, 47.49600858248839], [12.063159232654261, 47.49741297225464], [12.05893489647375, 47.499313922441644], [12.059523011226387, 47.50049590433567], [12.060246918256794, 47.50154631704837], [12.06113522134253, 47.50283521003093], [12.063467387592466, 47.504468218199285], [12.065023682210247, 47.505497357523986], [12.069116828071976, 47.50697118874343], [12.072500516213518, 47.50852848368875], [12.075446614527545, 47.510433706482345], [12.07691549004754, 47.51146171774682], [12.077853167638594, 47.51266244777597], [12.077911129362139, 47.51391304285796], [12.076647285672975, 47.515327694422105], [12.075090844227216, 47.516414269602585], [12.073877278631054, 47.51726146228913], [12.071991209166736, 47.51896682348444], [12.071867501950186, 47.51917969206444], [12.0711663069164, 47.52038625352243], [12.071192714756364, 47.52114093338003], [12.071218397528101, 47.5218748745935], [12.071378715184789, 47.52254936047167], [12.07139617759162, 47.52262282714304], [12.071490490946267, 47.522682577628316], [12.072588231777168, 47.52337801890802], [12.074498095041154, 47.52435139054145], [12.07574437259235, 47.52464808377834], [12.076857259971359, 47.524913010609986], [12.079253791939234, 47.52497571054134], [12.080375604076655, 47.524773017105225], [12.081976791845273, 47.52395723151955], [12.083783364833728, 47.52189371111272], [12.085669157101814, 47.52018815693294], [12.086914514300208, 47.51954698917524], [12.088416314502766, 47.51920620659764], [12.088895053148471, 47.51919340733269], [12.089998893055995, 47.51916389050188], [12.091305274460092, 47.519654249904406], [12.092347677825366, 47.520846273791996], [12.092901209908824, 47.52276668312616], [12.0935211049602, 47.52628517195032], [12.09442572697547, 47.52891391424671], [12.095449170032776, 47.530234460175734], [12.099002519463651, 47.53235608445956], [12.104306560019511, 47.534794011931886], [12.10916317631935, 47.5368781957063], [12.111703431909573, 47.53796829587551], [12.11422686444472, 47.53940191614618], [12.11447949222116, 47.53954543764544], [12.117235038871176, 47.54201510827774], [12.117720143724947, 47.54263629407565], [12.118156314049804, 47.54319480736723], [12.119062037524639, 47.54435453120459], [12.119625541665153, 47.54507604958082], [12.123332794294662, 47.55013827371709], [12.126290470400042, 47.55341991594916], [12.127386053683756, 47.55432462678345], [12.131036384952875, 47.557338696431195], [12.136491817937161, 47.561038738094815], [12.137097643961583, 47.56144957958413], [12.141230995079786, 47.565301996190826], [12.142786930099058, 47.56712846313017], [12.144692906711212, 47.569365631241105], [12.14491453125416, 47.56962575184224], [12.145399805958824, 47.570083222822326], [12.148617489453477, 47.573116295483054], [12.151737534379938, 47.57517221414619], [12.152758890291306, 47.57568196143766], [12.159157817872412, 47.56540730668524], [12.154481389057663, 47.562153961355584], [12.151345838742932, 47.5576933177971], [12.166840427992637, 47.551051992541396], [12.171685060593282, 47.54391778693211], [12.178212278551456, 47.54195114514687], [12.181060298480281, 47.531718502634675], [12.181553339722683, 47.530669435390294], [12.194511486677635, 47.5199426061731], [12.20580092721352, 47.517063349310334], [12.209376943007943, 47.51750168386228], [12.223657835876226, 47.51925214520492], [12.23753970282674, 47.52207508756535], [12.245544090815214, 47.520205682349264], [12.25738737800557, 47.52244107356928], [12.283484272402587, 47.52155319850536], [12.29638457617075, 47.51619445083534], [12.320931377863795, 47.51415399034105], [12.341228775875516, 47.51424040402908], [12.371557250597338, 47.52024861962825], [12.394144137475921, 47.522185209041645], [12.41125767288447, 47.517183205500054], [12.408553550955373, 47.51619455472739], [12.404774443286252, 47.51406907331762], [12.399854472924602, 47.51030096156966], [12.398140532784808, 47.50873167620341], [12.396643875665493, 47.50713388507921], [12.394093494486858, 47.503864898062545], [12.390518767264496, 47.49945490505082], [12.38736611333337, 47.49504828607517], [12.385459397256476, 47.49169944213971], [12.383969180022984, 47.48863971315268], [12.383318487966106, 47.48577740373566], [12.383507176910955, 47.48311252847673], [12.383848349301024, 47.479782307585666], [12.384431118761022, 47.47657983969106], [12.384679596136579, 47.472646943208936], [12.384887080540901, 47.468934683087326], [12.385216044590354, 47.466270963214285], [12.386106606107658, 47.463611899547324], [12.387858330671582, 47.45991242474045], [12.389347850931461, 47.45516322085771], [12.39152190016311, 47.45137194862389], [12.394828761240902, 47.44701856748329], [12.397133952920353, 47.44370442043751], [12.39872865791436, 47.440860567228434], [12.3998126675656, 47.439332935238376], [12.400744210405126, 47.438020130237156], [12.403746924295493, 47.434902008518826], [12.407325673636077, 47.43093140817154], [12.40976132434988, 47.42809422211836], [12.413469465313126, 47.424695863533714], [12.416553355908183, 47.42254168682597], [12.419712380588686, 47.4207463224332], [12.422053552011235, 47.418306184590534], [12.423858338235405, 47.41630360097529], [12.424861705176617, 47.41507359568134], [12.425594336560572, 47.41327004499806], [12.426204717988993, 47.41041798113577], [12.425957046720415, 47.40851139938708], [12.425367392877263, 47.40720804558593], [12.424876077392755, 47.406122031265085], [12.423390934152247, 47.40277712107394], [12.422789785354796, 47.40101232498008], [12.422054466064784, 47.398957222073605], [12.42265168404299, 47.396866912723844], [12.42423372360589, 47.39459399106504], [12.425390039574387, 47.39260335262818], [12.42542455388217, 47.39060377893126], [12.425031111795851, 47.388714741548675], [12.423816069987458, 47.386305572170535], [12.42272246728109, 47.384677919146874], [12.422062708897691, 47.38229187376282], [12.42183511484205, 47.37924266068712], [12.421706878921098, 47.37732168354903], [12.42161249679374, 47.375907792055905], [12.420832544125076, 47.37237800010708], [12.419909233888555, 47.36903751445199], [12.419116264020754, 47.36626945195081], [12.418106473576906, 47.36184739344683], [12.417041314211843, 47.35663442487074], [12.4156982894409, 47.35215733293464], [12.414922273047464, 47.349570239391646], [12.412627081296073, 47.34459967747828], [12.408282999136576, 47.33666026379366], [12.406238935958003, 47.33340576864903], [12.404173285953021, 47.331389072848225], [12.406757893427468, 47.32345707901003], [12.406882162041107, 47.314030260806824], [12.39140622519372, 47.315161229806634], [12.374796969569118, 47.31136204421652], [12.342267512771922, 47.32166240626826], [12.335358575241957, 47.328186387097325], [12.316317459401764, 47.32543156746516], [12.313594705888296, 47.32986566563087], [12.296347248907523, 47.33276838245315], [12.291540320365934, 47.3222545846662], [12.264379291179228, 47.30215235065361], [12.252470512830213, 47.30772509184726], [12.248092014924623, 47.30327615646604], [12.23751919813994, 47.3010706891547], [12.23014332095605, 47.311730297695284]]]]}}, {"type": "Feature", "properties": {"id": "AT-07-24", "start_date": null, "end_date": "2022-10-01"}, "geometry": {"type": "MultiPolygon", "coordinates": [[[[12.240688061769884, 47.069175046583396], [12.260851960133069, 47.0727211985181], [12.284097334263198, 47.09241166790129], [12.308987319050392, 47.09327632270886], [12.312788757470614, 47.10247620729763], [12.326424303367578, 47.10729274003492], [12.345790216621669, 47.109485621667545], [12.35912987352197, 47.1170480367108], [12.363713050377049, 47.14104971749249], [12.399669277968528, 47.15271020450554], [12.417243262695743, 47.14215733036587], [12.434662754940508, 47.15048115208537], [12.450198976526023, 47.143892246397655], [12.464851062492249, 47.144400381509236], [12.481521773294668, 47.151398048763056], [12.483370553648333, 47.15782546041891], [12.497507623681726, 47.156958321614624], [12.521333230746526, 47.15025796558648], [12.527549796801534, 47.137673187679], [12.544650278639802, 47.128572650153295], [12.553140598298985, 47.12749786406226], [12.565536310434515, 47.13524557456711], [12.58749800773573, 47.13233295802448], [12.58976599499494, 47.12883391854356], [12.584985462808106, 47.12673668830776], [12.571240480829545, 47.120706270224495], [12.560895939097428, 47.095883060380146], [12.549455755271067, 47.089023505688196], [12.535099015353817, 47.088610837599596], [12.527559435326692, 47.08477099346389], [12.510916857968093, 47.08231930146545], [12.502991894355425, 47.08506253166175], [12.490151009806848, 47.08141886902671], [12.472446009441096, 47.08335067828965], [12.469397460710066, 47.07747824681377], [12.470246980007616, 47.07233411239282], [12.47191082841659, 47.06225748464086], [12.468848523944672, 47.046491493528166], [12.463122141142236, 47.041592801736776], [12.450908626130158, 47.04017601384153], [12.44761302159476, 47.03120295636257], [12.43271021241701, 47.01347078567927], [12.423758467053208, 47.01313188162952], [12.416163534335425, 47.011396369991424], [12.39752805434879, 47.00426989639092], [12.382221954061762, 46.99836568197812], [12.380926963784983, 46.99412952952388], [12.378885643868589, 46.98745130875824], [12.368407743945733, 46.974627806719646], [12.360048123664901, 46.972802041408514], [12.354361694507187, 46.975326361089984], [12.344376631781529, 46.96918948336602], [12.336756629198764, 46.9674832606203], [12.32080894514091, 46.974519555688644], [12.311464702387303, 46.97193302232922], [12.303162591148551, 46.97438761061016], [12.293020393858109, 46.978054973099695], [12.283688241503564, 46.97337676202388], [12.263750108855973, 46.9767334281807], [12.2603419913866, 46.9841885318377], [12.256277617558252, 46.98773323314319], [12.25077627506184, 46.98653242919131], [12.245384135402062, 46.96989809827059], [12.238703673975536, 46.969873143141946], [12.224013499118342, 46.97721742994249], [12.214019154021733, 46.97764156234863], [12.200029258839244, 46.982819987657564], [12.192426363154775, 46.979603515902106], [12.183485950415408, 46.980209860838556], [12.172825036697537, 46.97560227965841], [12.17082718656208, 46.976366834830486], [12.165929318780442, 46.977625975797174], [12.1589391143303, 46.97910132612541], [12.152119780106718, 46.98069708032672], [12.147563574953514, 46.98219709670393], [12.138267850665136, 46.98189424508471], [12.131302173223881, 46.98432466256927], [12.127656098220333, 46.985596782292056], [12.130849670223606, 46.993222426112524], [12.121225009683789, 47.006613502518704], [12.12588691135817, 47.012716746918436], [12.147292368901883, 47.02478785763058], [12.164453412036732, 47.018434075481096], [12.173498946552735, 47.02344655690716], [12.204845121049532, 47.02656723574349], [12.216495595629128, 47.04502296732639], [12.216883457508073, 47.05855530485293], [12.240688061769884, 47.069175046583396]]]]}}, {"type": "Feature", "properties": {"id": "AT-07-17", "start_date": null, "end_date": "2022-10-01"}, "geometry": {"type": "MultiPolygon", "coordinates": [[[[12.152758890291306, 47.57568196143766], [12.159157817872412, 47.56540730668524], [12.154481389057663, 47.562153961355584], [12.151345838742932, 47.5576933177971], [12.166840427992637, 47.551051992541396], [12.171685060593282, 47.54391778693211], [12.178212278551456, 47.54195114514687], [12.181060298480281, 47.531718502634675], [12.181553339722683, 47.530669435390294], [12.194511486677635, 47.5199426061731], [12.20580092721352, 47.517063349310334], [12.209376943007943, 47.51750168386228], [12.223657835876226, 47.51925214520492], [12.23753970282674, 47.52207508756535], [12.245544090815214, 47.520205682349264], [12.25738737800557, 47.52244107356928], [12.283484272402587, 47.52155319850536], [12.29638457617075, 47.51619445083534], [12.320931377863795, 47.51415399034105], [12.341228775875516, 47.51424040402908], [12.371557250597338, 47.52024861962825], [12.394144137475921, 47.522185209041645], [12.41125767288447, 47.517183205500054], [12.408553550955373, 47.51619455472739], [12.404774443286252, 47.51406907331762], [12.399854472924602, 47.51030096156966], [12.398140532784808, 47.50873167620341], [12.396643875665493, 47.50713388507921], [12.394093494486858, 47.503864898062545], [12.390518767264496, 47.49945490505082], [12.38736611333337, 47.49504828607517], [12.385459397256476, 47.49169944213971], [12.383969180022984, 47.48863971315268], [12.383318487966106, 47.48577740373566], [12.383507176910955, 47.48311252847673], [12.383848349301024, 47.479782307585666], [12.384431118761022, 47.47657983969106], [12.384679596136579, 47.472646943208936], [12.384887080540901, 47.468934683087326], [12.385216044590354, 47.466270963214285], [12.386106606107658, 47.463611899547324], [12.387858330671582, 47.45991242474045], [12.389347850931461, 47.45516322085771], [12.39152190016311, 47.45137194862389], [12.394828761240902, 47.44701856748329], [12.397133952920353, 47.44370442043751], [12.39872865791436, 47.440860567228434], [12.3998126675656, 47.439332935238376], [12.400744210405126, 47.438020130237156], [12.403746924295493, 47.434902008518826], [12.407325673636077, 47.43093140817154], [12.40976132434988, 47.42809422211836], [12.413469465313126, 47.424695863533714], [12.416553355908183, 47.42254168682597], [12.419712380588686, 47.4207463224332], [12.422053552011235, 47.418306184590534], [12.423858338235405, 47.41630360097529], [12.424861705176617, 47.41507359568134], [12.425594336560572, 47.41327004499806], [12.426204717988993, 47.41041798113577], [12.425957046720415, 47.40851139938708], [12.425367392877263, 47.40720804558593], [12.424876077392755, 47.406122031265085], [12.423390934152247, 47.40277712107394], [12.422789785354796, 47.40101232498008], [12.422054466064784, 47.398957222073605], [12.42265168404299, 47.396866912723844], [12.42423372360589, 47.39459399106504], [12.425390039574387, 47.39260335262818], [12.42542455388217, 47.39060377893126], [12.425031111795851, 47.388714741548675], [12.423816069987458, 47.386305572170535], [12.42272246728109, 47.384677919146874], [12.422062708897691, 47.38229187376282], [12.42183511484205, 47.37924266068712], [12.421706878921098, 47.37732168354903], [12.42161249679374, 47.375907792055905], [12.420832544125076, 47.37237800010708], [12.419909233888555, 47.36903751445199], [12.419116264020754, 47.36626945195081], [12.418106473576906, 47.36184739344683], [12.417041314211843, 47.35663442487074], [12.4156982894409, 47.35215733293464], [12.414922273047464, 47.349570239391646], [12.412627081296073, 47.34459967747828], [12.408282999136576, 47.33666026379366], [12.406238935958003, 47.33340576864903], [12.404173285953021, 47.331389072848225], [12.406757893427468, 47.32345707901003], [12.406882162041107, 47.314030260806824], [12.39140622519372, 47.315161229806634], [12.374796969569118, 47.31136204421652], [12.342267512771922, 47.32166240626826], [12.335358575241957, 47.328186387097325], [12.316317459401764, 47.32543156746516], [12.313594705888296, 47.32986566563087], [12.296347248907523, 47.33276838245315], [12.291540320365934, 47.3222545846662], [12.264379291179228, 47.30215235065361], [12.252470512830213, 47.30772509184726], [12.248092014924623, 47.30327615646604], [12.23751919813994, 47.3010706891547], [12.23014332095605, 47.311730297695284], [12.21920718201136, 47.31105756411703], [12.200252847854747, 47.29943004873426], [12.164826277989896, 47.301393887795], [12.165117135756866, 47.299013344009055], [12.14447831889166, 47.287781775770554], [12.114384112238838, 47.30641713799508], [12.078573687831936, 47.27517735752378], [12.07663897098688, 47.26814000336469], [12.091866099995636, 47.25951850834129], [12.102059759220547, 47.257524021107294], [12.1104667205259, 47.24074883663715], [12.102754329351216, 47.23615055604344], [12.098806526830284, 47.23687368850107], [12.094784521194107, 47.236949041010206], [12.090773708133925, 47.23654818260119], [12.085446737337367, 47.23637085615331], [12.079843556110983, 47.23678547973443], [12.074152912743248, 47.237198861565155], [12.068377656959747, 47.23749197184572], [12.063143767162275, 47.23707654157615], [12.058796619626076, 47.23613508380703], [12.0549037697412, 47.23448426936001], [12.052928902932576, 47.23303348483962], [12.050465687853062, 47.23063392641243], [12.047802779250139, 47.22821374343265], [12.044436444766104, 47.22650898180086], [12.041317829268914, 47.225402176866986], [12.037410252337633, 47.224405352909635], [12.034028391713138, 47.22335487205832], [12.026591994667744, 47.21994443222305], [12.019430573010114, 47.21677708881655], [12.012593167695638, 47.214000797082036], [12.007911425493102, 47.212577280989976], [12.003827767737677, 47.21169628620066], [11.997476691010116, 47.210669494640335], [11.991565519910631, 47.20952848422982], [11.983570962562407, 47.207886264149636], [11.979564721741827, 47.20742198807078], [11.976241847932847, 47.20756097904249], [11.972558933567349, 47.20811224712815], [11.96930181512026, 47.209085181996386], [11.964998188039791, 47.209985919294084], [11.959736892254073, 47.210755887705986], [11.954820104497179, 47.211708366752084], [11.95147043813127, 47.21285825498543], [11.948828652463131, 47.21365950582922], [11.945672158501797, 47.2140972654753], [11.939541533714886, 47.214677128143386], [11.93314561415866, 47.21537245120934], [11.924726505402491, 47.21657812931935], [11.91594648071942, 47.218195380488446], [11.9074150977675, 47.22029128906043], [11.897635930331951, 47.223263733634575], [11.893753706507104, 47.22464333787054], [11.892415861395325, 47.225638362636005], [11.892038853018063, 47.22664554217261], [11.892169725291131, 47.228254417742185], [11.894426215960207, 47.232033136771385], [11.896191202430655, 47.23461507223374], [11.897001754710447, 47.23694683477446], [11.897467734798756, 47.23909566580916], [11.897086198406335, 47.24185724470433], [11.897814567078148, 47.24208942956918], [11.898986484510997, 47.242960034338005], [11.8992835841705, 47.243263520644724], [11.900228066790941, 47.244478418618534], [11.900341840240449, 47.24471601560743], [11.900652138401252, 47.2457960125435], [11.900738980251324, 47.24802916032935], [11.901660381446703, 47.25428900335638], [11.901584994215412, 47.257471220604884], [11.90151183161692, 47.260559348508295], [11.900917632297952, 47.26510993754772], [11.899729233659782, 47.26834567252586], [11.898243735362218, 47.270469015445705], [11.896015487915829, 47.27269337800324], [11.893952937963904, 47.27397509515462], [11.892598841831338, 47.27481654542114], [11.888142346938531, 47.276737432564374], [11.88492572748532, 47.27860219801761], [11.884131501534977, 47.27906262312937], [11.883682622324637, 47.2795819313824], [11.881160504939805, 47.28249967303121], [11.879229357152955, 47.2867451303787], [11.877298209366066, 47.29210200395946], [11.87727929215149, 47.29225130258232], [11.87682852025428, 47.29580876343872], [11.876555460217213, 47.29796361738773], [11.87617812960863, 47.30100106911482], [11.875664161238713, 47.30513815075415], [11.87447576260061, 47.311402434992786], [11.8741538162545, 47.31247532909313], [11.87299026430301, 47.3163527117993], [11.870613467026871, 47.32190858917756], [11.869564574755021, 47.32409915886909], [11.868386028344975, 47.325890013743155], [11.866213820921672, 47.32946126541008], [11.865089717147287, 47.33259077148253], [11.86457381757095, 47.33563950408685], [11.864385332597418, 47.336753307687054], [11.863414379432612, 47.341426711690374], [11.863377142663667, 47.345004993171734], [11.863806773082548, 47.3484606280567], [11.864570432622408, 47.351688369402964], [11.865747412408629, 47.35425726503014], [11.866610078597754, 47.356497015389266], [11.866740050795775, 47.35787016782771], [11.866289496840391, 47.35895013316812], [11.864803012027526, 47.36098823769523], [11.860984124030294, 47.36522491761106], [11.858708541816881, 47.368395666735715], [11.857627936194305, 47.369728665972865], [11.857115001000794, 47.371232324523895], [11.856787483699344, 47.37391390842413], [11.856209244751588, 47.37653510195397], [11.854880454764434, 47.37891799488565], [11.85278176103334, 47.3817480525309], [11.848630401045847, 47.38575144805865], [11.844051361899266, 47.38997770251564], [11.841377357580846, 47.392285749181575], [11.839437431796489, 47.39447083977415], [11.839092946048932, 47.39568459218952], [11.839159242459042, 47.39631405644371], [11.839490735397643, 47.39704226745799], [11.839510170924047, 47.39797979727807], [11.839154216829696, 47.39945697414207], [11.837717224811867, 47.4026382940743], [11.836354017705586, 47.406527085034405], [11.839778999084226, 47.407969600902675], [11.842375149228465, 47.409442173385145], [11.847402838175892, 47.41274589578666], [11.851928168012124, 47.41647146092121], [11.856762093195336, 47.42172468437879], [11.859364776948967, 47.42399645518452], [11.861017594916506, 47.42511303607585], [11.862132755651633, 47.42567375772518], [11.864694110202684, 47.42663658339136], [11.869218723139728, 47.42815691751377], [11.870088614687024, 47.4286344149974], [11.870978737329022, 47.42943154558973], [11.871729954859367, 47.43060699104413], [11.872648425897662, 47.43216725963496], [11.873838172916075, 47.433551544335835], [11.874309303370085, 47.43399161464371], [11.875291901285966, 47.43490942106108], [11.877441544641986, 47.43648448389254], [11.879602825815464, 47.43764297556238], [11.880543542806969, 47.43796093817443], [11.881341279968375, 47.43823056449107], [11.883042481845864, 47.43857955297535], [11.885972394749162, 47.43891431984061], [11.888209370241405, 47.439126098338626], [11.888789517120774, 47.43924443898187], [11.889267814577083, 47.439399295931], [11.889962115052793, 47.439675929061686], [11.890697012750323, 47.44007212047316], [11.891380728259303, 47.44073552410118], [11.892726785543662, 47.44195988736271], [11.893909838201353, 47.4434991768334], [11.89520088598949, 47.4455726111395], [11.896830439163619, 47.447593139411424], [11.89767481840408, 47.448336940609686], [11.898850890539821, 47.44888174327291], [11.903188545568819, 47.45061489138866], [11.904150343606716, 47.45107053154824], [11.906932001278818, 47.45238828579126], [11.91067545698872, 47.45480645392265], [11.913824713379682, 47.456861808869235], [11.914399381507778, 47.457156290532595], [11.91649861031532, 47.458232000593405], [11.9183350697508, 47.458868588811825], [11.919172507250991, 47.459158874623895], [11.919769068851862, 47.45929373686035], [11.920776845412403, 47.45952155998684], [11.925055080509512, 47.46048870864805], [11.926096513637365, 47.46068329576909], [11.930878233836083, 47.46157672949542], [11.934827323831096, 47.46236885038479], [11.935097049001275, 47.46242295226948], [11.93818688546032, 47.46318857058921], [11.939826067294135, 47.46371610931217], [11.941561907128392, 47.46427474972181], [11.944735247558482, 47.465524719599834], [11.946852128981485, 47.4663585366151], [11.95053508921849, 47.46822584011278], [11.956396554824057, 47.47061078087265], [11.960908775542165, 47.47262931022707], [11.968567019903688, 47.47522095817779], [11.977895212744246, 47.47777236507298], [11.984339793337451, 47.47930170620185], [11.988454695674012, 47.48027796324964], [11.997021956913601, 47.48174742148072], [12.010051557116832, 47.48386318030076], [12.018884846699729, 47.48527454444831], [12.026229342423978, 47.48595161829154], [12.032203343152453, 47.486274476322926], [12.034748961597739, 47.486467651065276], [12.038077541775243, 47.48680300816675], [12.041397386697323, 47.4874953049902], [12.045148976229143, 47.48848998070862], [12.048275973895205, 47.48989417354026], [12.052680900566097, 47.491824414378954], [12.054261281533119, 47.492937381967565], [12.055646488398787, 47.49407890758609], [12.057349768129995, 47.49594799225699], [12.058190252495509, 47.497504943791775], [12.058753422617778, 47.49894918835127], [12.05893489647375, 47.499313922441644], [12.059523011226387, 47.50049590433567], [12.060246918256794, 47.50154631704837], [12.06113522134253, 47.50283521003093], [12.063467387592466, 47.504468218199285], [12.065023682210247, 47.505497357523986], [12.069116828071976, 47.50697118874343], [12.072500516213518, 47.50852848368875], [12.075446614527545, 47.510433706482345], [12.07691549004754, 47.51146171774682], [12.077853167638594, 47.51266244777597], [12.077911129362139, 47.51391304285796], [12.076647285672975, 47.515327694422105], [12.075090844227216, 47.516414269602585], [12.073877278631054, 47.51726146228913], [12.071991209166736, 47.51896682348444], [12.071867501950186, 47.51917969206444], [12.0711663069164, 47.52038625352243], [12.071192714756364, 47.52114093338003], [12.071218397528101, 47.5218748745935], [12.071378715184789, 47.52254936047167], [12.07139617759162, 47.52262282714304], [12.071490490946267, 47.522682577628316], [12.072588231777168, 47.52337801890802], [12.074498095041154, 47.52435139054145], [12.07574437259235, 47.52464808377834], [12.076857259971359, 47.524913010609986], [12.079253791939234, 47.52497571054134], [12.080375604076655, 47.524773017105225], [12.081976791845273, 47.52395723151955], [12.083783364833728, 47.52189371111272], [12.085669157101814, 47.52018815693294], [12.086914514300208, 47.51954698917524], [12.088416314502766, 47.51920620659764], [12.088895053148471, 47.51919340733269], [12.089998893055995, 47.51916389050188], [12.091305274460092, 47.519654249904406], [12.092347677825366, 47.520846273791996], [12.092901209908824, 47.52276668312616], [12.0935211049602, 47.52628517195032], [12.09442572697547, 47.52891391424671], [12.095449170032776, 47.530234460175734], [12.099002519463651, 47.53235608445956], [12.104306560019511, 47.534794011931886], [12.10916317631935, 47.5368781957063], [12.111703431909573, 47.53796829587551], [12.11422686444472, 47.53940191614618], [12.11447949222116, 47.53954543764544], [12.117235038871176, 47.54201510827774], [12.117720143724947, 47.54263629407565], [12.118156314049804, 47.54319480736723], [12.119062037524639, 47.54435453120459], [12.119625541665153, 47.54507604958082], [12.123332794294662, 47.55013827371709], [12.126290470400042, 47.55341991594916], [12.127386053683756, 47.55432462678345], [12.131036384952875, 47.557338696431195], [12.136491817937161, 47.561038738094815], [12.137097643961583, 47.56144957958413], [12.141230995079786, 47.565301996190826], [12.142786930099058, 47.56712846313017], [12.144692906711212, 47.569365631241105], [12.14491453125416, 47.56962575184224], [12.145399805958824, 47.570083222822326], [12.148617489453477, 47.573116295483054], [12.151737534379938, 47.57517221414619], [12.152758890291306, 47.57568196143766]]]]}}, {"type": "Feature", "properties": {"id": "AT-07-14", "start_date": null, "end_date": "2022-10-01"}, "geometry": {"type": "MultiPolygon", "coordinates": [[[[10.565344241877808, 47.14364211449387], [10.565581921605387, 47.14410833657001], [10.56635438072015, 47.1447772567105], [10.569563057042933, 47.1462569590519], [10.573486309911885, 47.147595260872926], [10.573781872208128, 47.14769608184589], [10.57699054853098, 47.14885140557677], [10.578446336862603, 47.14982429017265], [10.578921696317831, 47.15055394186055], [10.578981116249786, 47.15162813294742], [10.578149237203137, 47.15258069921992], [10.576336929280057, 47.15351298148969], [10.574702881152707, 47.1541209827998], [10.57384129214008, 47.15489110774453], [10.573579660752598, 47.15552565939447], [10.57357390244649, 47.15553962530359], [10.57369274231033, 47.15626919803831], [10.574108681833604, 47.15675557426211], [10.575267370505761, 47.157566191347065], [10.577673877747877, 47.1588428880235], [10.579475090177862, 47.1596046043542], [10.580644874343115, 47.160099289537634], [10.584655719746603, 47.161598826404926], [10.588072365831092, 47.1631185838305], [10.590092643515842, 47.164111468389166], [10.591667271711307, 47.16544879358778], [10.593063640111014, 47.16700896350437], [10.593996566789372, 47.16770052283169], [10.594430298544843, 47.16802203616155], [10.59561869718291, 47.168670392459084], [10.59673579190271, 47.16910802845816], [10.59691414711533, 47.16915931824345], [10.60068127538117, 47.170242623410324], [10.603295752384955, 47.17115028181289], [10.605815157497632, 47.17218758658969], [10.607626697208158, 47.17329572553156], [10.60904760179325, 47.174164892351136], [10.613658588508985, 47.17695244348724], [10.61698610469561, 47.179642614825816], [10.619600581699427, 47.18126313378713], [10.621406947629264, 47.182138193332136], [10.624829535706995, 47.18324009952252], [10.630010953768995, 47.184341982699934], [10.636238162632552, 47.185281806048096], [10.639493538219902, 47.18601820799696], [10.641324508803512, 47.18677252598433], [10.642750587169262, 47.18771230603412], [10.64450941715363, 47.18917055227623], [10.644909871436987, 47.18967387103532], [10.64603056741035, 47.191082414051934], [10.646755015220085, 47.192334483940186], [10.647591647861335, 47.194136064441615], [10.647822751595113, 47.1944753532787], [10.648580395528224, 47.19558765288163], [10.649892387624668, 47.19668927815582], [10.6508948710979, 47.19720174370643], [10.652478343061116, 47.19801119810872], [10.655171634959641, 47.19881178206035], [10.656794606914666, 47.19929420637348], [10.66080664071683, 47.20069381615077], [10.663560588351489, 47.201624465428], [10.666510954179591, 47.202909788987746], [10.668697607673652, 47.20346700726911], [10.67046594484712, 47.203700259684936], [10.672519497693772, 47.203661384353914], [10.672682898974646, 47.203648127297676], [10.673201086315164, 47.2036060857523], [10.674635474755986, 47.20348971085716], [10.67491530934811, 47.20346700726911], [10.678052681752657, 47.20294866487291], [10.679992148330037, 47.20275428516051], [10.681412556185487, 47.20280739347534], [10.682979613271556, 47.20302263422642], [10.68304252995424, 47.20303127603367], [10.684646868115617, 47.20337143827299], [10.686108598440518, 47.20383308351612], [10.687677284642776, 47.20458628549793], [10.688188485558706, 47.20487436927771], [10.689531186518183, 47.20563103172253], [10.690957264883865, 47.20657857434753], [10.692918122636728, 47.20762328109096], [10.694018545715616, 47.20807939816278], [10.696376362673544, 47.20905668223286], [10.698733469572197, 47.210305951605285], [10.698943303731792, 47.210417162516485], [10.701795460463154, 47.21209342029318], [10.703863274093443, 47.21347811476996], [10.705610220091426, 47.21432834773746], [10.706907374699185, 47.21477026698679], [10.707178906293684, 47.21486277286798], [10.709567587556204, 47.21522715053173], [10.709672236820772, 47.215236806233634], [10.712990175633868, 47.21554294246916], [10.716769283302984, 47.21583444103956], [10.719384303596062, 47.21595322393214], [10.722117077174394, 47.216077355283154], [10.722792157785229, 47.216099792565956], [10.729425728798567, 47.21632026840716], [10.733739615854798, 47.21636885089764], [10.735462576983263, 47.21634369528027], [10.738730890134786, 47.21629597714513], [10.743436948741557, 47.21627168587194], [10.746823884860069, 47.216441724549306], [10.747642238611595, 47.21651662321017], [10.749212566122623, 47.21666034489965], [10.750643056905325, 47.21694433454365], [10.751199036032135, 47.21705471085224], [10.751974168361452, 47.21726000216756], [10.753562105138007, 47.217680561209875], [10.755803175358603, 47.21830337234367], [10.75627165403283, 47.218433565341165], [10.75816120786739, 47.21904081889956], [10.75983684994707, 47.21935658798435], [10.761405536149327, 47.21967235517695], [10.761970034541909, 47.21970440460503], [10.762261183168775, 47.21972093457712], [10.763651609575305, 47.21959948599275], [10.764899428145293, 47.21935658798435], [10.766980009310997, 47.21877104475276], [10.769712442629523, 47.21782630478471], [10.772377278614368, 47.21681601091935], [10.772732138246084, 47.21667577709782], [10.776831572938647, 47.215040968597094], [10.780430501252024, 47.2138116386178], [10.783585599776075, 47.21272113271155], [10.787040377074831, 47.21175634102336], [10.789316264965674, 47.21134319001205], [10.791267817452608, 47.21107666745708], [10.791976902963588, 47.21104625110458], [10.794248744220427, 47.210954325914706], [10.796708729401253, 47.211124381748064], [10.799204366541197, 47.21134302415638], [10.802199131109136, 47.21168313276654], [10.803398248276073, 47.21178318370537], [10.805693023105103, 47.21197465268569], [10.80818866024508, 47.21231475722013], [10.809472130774221, 47.212630566608496], [10.810898209139904, 47.21321359435406], [10.81296602277019, 47.214403922642155], [10.81506948835956, 47.215691390321375], [10.81621035105216, 47.216857371644494], [10.816317732817414, 47.2170335049792], [10.817172953948997, 47.218436263566105], [10.81820686076414, 47.220306582014615], [10.819739895007245, 47.22244400752518], [10.820417282230935, 47.22399844434538], [10.820738149863203, 47.22552854829865], [10.821130321413778, 47.22642716006556], [10.821522492964382, 47.2267914577667], [10.822057272351497, 47.226985748843816], [10.822734659575184, 47.226985748843816], [10.823519002676331, 47.22684003060319], [10.82476682124632, 47.226451446657386], [10.825943335898003, 47.22630572693867], [10.82676075595586, 47.22632428823211], [10.827012894672265, 47.22633001358652], [10.828938100465976, 47.22674288488547], [10.831005914096263, 47.22732575650465], [10.83389372278678, 47.22837005202735], [10.835177193315918, 47.22905004728511], [10.8362824040493, 47.22980288893848], [10.837031095191293, 47.2306285738638], [10.837815438292406, 47.231429961560956], [10.838151956250588, 47.232049155017826], [10.838245473604974, 47.23222122577248], [10.838378668974611, 47.232132360865265], [10.839555660806276, 47.23112595762572], [10.840981739171992, 47.23034885009823], [10.842479121455979, 47.22988743707924], [10.844546935086196, 47.22928030852786], [10.845723449737916, 47.228721744080154], [10.847006920267022, 47.227726027549025], [10.84789821924559, 47.226876010740924], [10.848575606469279, 47.2264631404854], [10.849538209366118, 47.22629313414558], [10.850679072058751, 47.226341707441485], [10.853132194781988, 47.22663915133528], [10.854265556022819, 47.22659625921117], [10.854837994813858, 47.2266175996441], [10.856680159942776, 47.22647903138264], [10.85827705833359, 47.225977824384366], [10.859500449875016, 47.22533562887336], [10.8598133966515, 47.22478690515551], [10.859934054074518, 47.22419169463573], [10.85985568313515, 47.22370841649537], [10.859770321639992, 47.22347580635233], [10.859413802048607, 47.222965756766364], [10.858522503070036, 47.2220913745599], [10.857845115846347, 47.22107124364561], [10.857702508009773, 47.219978224320045], [10.85834424327431, 47.21835079798098], [10.859638716135782, 47.2167839662827], [10.861588571556279, 47.21529012872446], [10.862943346003725, 47.214196989481735], [10.864226816532831, 47.21351680250978], [10.866539851270087, 47.212676232237655], [10.879191783387228, 47.21811216951595], [10.885933109190026, 47.21757280006734], [10.897519664401427, 47.22209505934797], [10.91098319810292, 47.22329978397193], [10.923664703844308, 47.22315892899554], [10.937545499199729, 47.228496980590684], [10.958804498085819, 47.22927761197773], [10.978359431677152, 47.225012964627304], [10.993320562174379, 47.21575359140073], [11.002759572547186, 47.2115895583596], [11.019786887502859, 47.212790540061405], [11.041805300538442, 47.21982806307929], [11.056161590860222, 47.2223569407408], [11.074476305759664, 47.21881238586791], [11.08464899652358, 47.20819907723217], [11.092513025786918, 47.20684199910043], [11.106452263513653, 47.201515008312434], [11.12652700348181, 47.20171481027148], [11.14524557927458, 47.198079958121426], [11.151879484103969, 47.19488466822325], [11.159472374144478, 47.19405915342754], [11.164426536820224, 47.195939859293766], [11.171731805819018, 47.19929396530937], [11.176992412868763, 47.20139426743968], [11.180828498212389, 47.20294553880264], [11.183074065481176, 47.203938513091074], [11.184948088744292, 47.204259683800274], [11.187462275497051, 47.20430710380908], [11.190188876767492, 47.20428702041373], [11.193104762394752, 47.20477055903859], [11.196099487727595, 47.2058985237113], [11.199178931019528, 47.2075281226012], [11.201848127084206, 47.208935614664], [11.20409550785777, 47.21040660009846], [11.206348758499118, 47.21173475530757], [11.208616469707428, 47.212705901224076], [11.210066119162146, 47.21316162292669], [11.212552108926886, 47.21392241921109], [11.215140088770404, 47.21475650361964], [11.218659757968458, 47.2158936197917], [11.222674992506835, 47.21775427239735], [11.225240540041423, 47.21915927321879], [11.226540188653662, 47.220755137888155], [11.229403316681084, 47.22259422050344], [11.231657720947211, 47.22392187414568], [11.235393693338574, 47.225562159702456], [11.236694679874795, 47.226095708678876], [11.238552831428951, 47.22724015448938], [11.239706683476797, 47.2281187192384], [11.241383755536715, 47.22991186021642], [11.243206341154458, 47.231564753610606], [11.244917500627574, 47.23250111815537], [11.248147265984946, 47.233941569687445], [11.25237481451018, 47.236686173844745], [11.255900192557174, 47.23951306941389], [11.259150122349102, 47.24223957348627], [11.260814025740864, 47.24436757175913], [11.262947361261283, 47.247071643171864], [11.264049847571387, 47.24928264873794], [11.265176021869987, 47.252166422961174], [11.265636229398536, 47.25521755303287], [11.266188150655118, 47.25899032374041], [11.265932813363328, 47.26193874046616], [11.264902729826588, 47.26501598719055], [11.264033495237241, 47.26704414523821], [11.264633636549483, 47.26695111833468], [11.265993164591428, 47.266629163085746], [11.267951645547008, 47.26605966957903], [11.268959407592137, 47.26583963634575], [11.270594644118127, 47.2657231477909], [11.272458053182602, 47.26574903415879], [11.275253166779397, 47.26602084025182], [11.276348353296429, 47.26608128575716], [11.278067294754324, 47.26617615738873], [11.280577192678003, 47.26600789713637], [11.284094852646673, 47.26551605638988], [11.286471649922875, 47.26511481448044], [11.28876176477938, 47.26451522982008], [11.288943519090084, 47.264467643662186], [11.290825942532793, 47.264040506561074], [11.292347092789514, 47.26384635218691], [11.294742904443886, 47.26372985921853], [11.297366888636803, 47.263794577566216], [11.299463720594789, 47.263985875146375], [11.300547611322285, 47.26402868855962], [11.304915817261989, 47.26454733459668], [11.306614706305375, 47.26479261485898], [11.308205996275408, 47.265022359267874], [11.310507943561475, 47.26520612814826], [11.310646951496162, 47.26521527290119], [11.31546331770971, 47.26553212058675], [11.318541724897862, 47.26553895573166], [11.31993695557117, 47.26547722666144], [11.321534163340797, 47.26515364447645], [11.32271305478973, 47.26458413499699], [11.32476660763635, 47.2629791205682], [11.325457986623675, 47.26222445245932], [11.326972275508645, 47.26057150711901], [11.329824432240006, 47.258086113163785], [11.333037862157394, 47.25629966374878], [11.336441435856889, 47.25450020774259], [11.339540779505002, 47.253516306498916], [11.341385174191307, 47.25320559702169], [11.343229568877582, 47.25312791936577], [11.345035934807484, 47.25320559702169], [11.347469775218226, 47.25374933740316], [11.350417003840693, 47.25444842392512], [11.35209899251392, 47.25469642494412], [11.353402261219568, 47.254888584749025], [11.354008534434609, 47.25492447850607], [11.356026245412453, 47.25504393474921], [11.358612200848901, 47.2550050972922], [11.3609319549904, 47.254797963703986], [11.361480765981728, 47.254684924763296], [11.363194665997332, 47.25433191014966], [11.366370067158249, 47.25363282207997], [11.368366576870232, 47.253477467914585], [11.37062928787716, 47.253619875917096], [11.372625797589142, 47.25415066598618], [11.37447019227545, 47.254966259806466], [11.37633360133992, 47.25628671824191], [11.377199473356367, 47.25697745192688], [11.377691518768797, 47.257281847638424], [11.378265512995155, 47.25782688089664], [11.382084639389033, 47.26145316894145], [11.385677984533231, 47.264562828115636], [11.38963189994133, 47.2673927491228], [11.390333111402846, 47.26786166504971], [11.391505624230364, 47.26882824781589], [11.393445090807708, 47.27057544592227], [11.39726698082783, 47.27511788940013], [11.398923711868504, 47.2770910545848], [11.39989096502068, 47.27795186478964], [11.402058604136538, 47.27934938546668], [11.403998070713884, 47.280048131877415], [11.406254225239296, 47.280534950455184], [11.407635704560734, 47.28061411801138], [11.40925192670846, 47.28048472262131], [11.411367276284281, 47.280209756359945], [11.41307045773481, 47.279797988663766], [11.414980008144058, 47.27933632458045], [11.41766578906608, 47.27855992859676], [11.415341324288239, 47.27672155349896], [11.41449845770611, 47.27613138211084], [11.412065640529642, 47.27442789732405], [11.409334097512987, 47.27257197622786], [11.4081134700719, 47.27150355908488], [11.407510119259335, 47.270778952771124], [11.407046646154818, 47.27005670718177], [11.406731728718228, 47.26909883303452], [11.406311708388985, 47.267186629217704], [11.4056150773684, 47.263269385133604], [11.404505277892062, 47.257259049625276], [11.403524032675634, 47.25357899928217], [11.40319206018376, 47.25184535839363], [11.403052812320574, 47.25106190503103], [11.403161049877438, 47.2503969510308], [11.403600648819758, 47.24985191660779], [11.404235967393966, 47.249310194892544], [11.404593053759038, 47.2487256575553], [11.404640479794121, 47.24819303037029], [11.404350989863929, 47.24769280099128], [11.40384408348002, 47.24701742883293], [11.403000282593055, 47.24637444824836], [11.402125758690133, 47.24580714458712], [11.400967484163893, 47.24534932761022], [11.399995883333924, 47.24514233123369], [11.398793646685947, 47.245121921179674], [11.397613788623733, 47.24525428770128], [11.397000085628127, 47.24520575555979], [11.396420373316063, 47.24499653960436], [11.395601413938694, 47.24443897842215], [11.393859597411291, 47.24311385826017], [11.39343324568235, 47.24253506381662], [11.39317045150778, 47.24207336041598], [11.393189330304839, 47.24155930072292], [11.393232669584608, 47.24114091341444], [11.393359178866733, 47.240742993748505], [11.393349399876104, 47.240247497080944], [11.393341019327634, 47.23971392188419], [11.393076142312582, 47.23930933590329], [11.392695950029687, 47.238998040424505], [11.392088620222443, 47.238778128586766], [11.391060563937856, 47.238589142346804], [11.390063971800947, 47.23830542760853], [11.38949022000191, 47.23793366497402], [11.389171855125886, 47.237521009060295], [11.389063327835887, 47.23661184671673], [11.389101160953116, 47.235583728134934], [11.389204844183615, 47.232765921083924], [11.389325960591034, 47.23023417900347], [11.389265991214433, 47.22882336630065], [11.389019413735577, 47.22792375004451], [11.38883995258827, 47.22672045971821], [11.388888291152911, 47.225406751524666], [11.38931262233204, 47.22299449239712], [11.389368381418697, 47.22280440895332], [11.389824193662124, 47.221250513433176], [11.390133758276814, 47.22043659464718], [11.39022324980059, 47.21952366362596], [11.389894964917431, 47.21856549997125], [11.389466818365866, 47.21728175944288], [11.389429266969886, 47.21526168853244], [11.389509659660654, 47.214596268195045], [11.389765042935396, 47.214137849828795], [11.390526146718248, 47.21356580128584], [11.391433151508393, 47.2132312093533], [11.393298017828132, 47.212567319039145], [11.394249185640296, 47.21220757724814], [11.395790753776357, 47.211626566808064], [11.397184273068273, 47.210792971473616], [11.398547572746498, 47.209351589856794], [11.399439321865644, 47.20790218313782], [11.399805868240936, 47.20647957138111], [11.399848954907181, 47.205301511610884], [11.399930061196603, 47.20451702809949], [11.40027829698644, 47.203594197473706], [11.400938197598173, 47.202748099350465], [11.402449200903286, 47.2015592294659], [11.403325074152383, 47.20053817734118], [11.404048990138687, 47.19937165959409], [11.404085463655106, 47.19837209178749], [11.403905918660406, 47.19754746673696], [11.403869175294433, 47.19711819259194], [11.40398565035439, 47.19679867869302], [11.404641500570163, 47.19605965523587], [11.406634898723441, 47.19491696654384], [11.409556089104122, 47.19349948914626], [11.411889005454492, 47.1927530424166], [11.414155233038006, 47.19239835355271], [11.415525947109792, 47.192171415517876], [11.416959370327364, 47.19165975078164], [11.418506554780645, 47.19089993718946], [11.419245086690303, 47.19014982658174], [11.419271058151239, 47.189947935682326], [11.419348955047761, 47.18934239427951], [11.419165326460204, 47.188624889838984], [11.418514279533701, 47.1877923581387], [11.417429134662314, 47.186966340156815], [11.416689890809645, 47.18608276526614], [11.416241900128375, 47.18543224353129], [11.416064860144012, 47.18457440358429], [11.416402270006897, 47.183898949628336], [11.416898113883548, 47.183228606375955], [11.417711993277456, 47.182456453594874], [11.418894957933128, 47.18161906455215], [11.420078064551086, 47.18060105518823], [11.420691281264576, 47.17975607329345], [11.421582870390273, 47.17869772218439], [11.422533386896198, 47.1780724284107], [11.423656087758928, 47.177448305048436], [11.425035390103721, 47.17697135846129], [11.428205047143141, 47.176238624961876], [11.430582874481985, 47.17567116734795], [11.432291591287676, 47.17477099567955], [11.433379705555495, 47.17364611212231], [11.43397555671556, 47.17265847744996], [11.434503654830054, 47.1715216385251], [11.435991394750564, 47.169474664835164], [11.438100787702378, 47.16761663607905], [11.440928830779994, 47.16469891115805], [11.443270186266625, 47.16220168081076], [11.444351714575046, 47.1608946136364], [11.445421363692727, 47.15919858168471], [11.44645242897833, 47.158146655153274], [11.447329281911372, 47.157053862868274], [11.447797589886044, 47.15566852686348], [11.448323294343227, 47.15414125843516], [11.449420812508672, 47.15273062427663], [11.450240101690426, 47.15177974012234], [11.450725211951784, 47.15036880701175], [11.45077585700583, 47.14996686395766], [11.450585589064197, 47.14942790567423], [11.450066639271666, 47.14860558127362], [11.44959237470575, 47.14791119273889], [11.449475019066632, 47.14702150691082], [11.44944406265669, 47.14619414889132], [11.449830738121799, 47.14547028299735], [11.450468053545475, 47.1449332963886], [11.451615805506796, 47.144015438350266], [11.452174574207895, 47.143024509954714], [11.452507541884435, 47.142494210751465], [11.452993664008234, 47.142073605380446], [11.453846030266204, 47.141659053260156], [11.454903867483404, 47.141355051569576], [11.455970556363951, 47.14080114293826], [11.456459833665583, 47.14021472003922], [11.456592921987886, 47.139489760319876], [11.456306856240026, 47.13869918658846], [11.455549936794629, 47.137900835439424], [11.4543694334967, 47.13723836052743], [11.453918858208176, 47.136659383868974], [11.453678825203948, 47.136048166193284], [11.453566624269818, 47.135209476571376], [11.453916894947916, 47.13376598825546], [11.454486916161704, 47.13245375161919], [11.455188129326615, 47.1303935491695], [11.455159500991108, 47.12824984420936], [11.454708623775659, 47.126206322015264], [11.45408312825023, 47.12465999778746], [11.453770222299797, 47.123154560010285], [11.453889688919926, 47.121263345946346], [11.454381579116552, 47.11919968710678], [11.454914330997918, 47.11745818701713], [11.4551041477204, 47.11653258997105], [11.454930175739465, 47.11572680444092], [11.454532316737314, 47.11495143207798], [11.454204253873304, 47.1138743902039], [11.454070174940545, 47.11322920244637], [11.454086644121073, 47.11276510730646], [11.454421935970846, 47.11216340227802], [11.454944694466063, 47.11148646431246], [11.45523359554932, 47.11111234790354], [11.456971688668046, 47.109312171330416], [11.457344272576824, 47.1090095070605], [11.460074503817557, 47.1067914922378], [11.462055190014883, 47.105223853583595], [11.46221979354868, 47.10503436859543], [11.464061965487897, 47.10291362540597], [11.466112864243083, 47.09934672914016], [11.467836962506622, 47.095545822280044], [11.46831359015907, 47.09335757150509], [11.468662713929422, 47.091577303936205], [11.464321475903102, 47.09151086390794], [11.461469319171739, 47.087225314086055], [11.443216679938306, 47.085500833368364], [11.434516438060019, 47.084790188019184], [11.421921215800046, 47.081073800950065], [11.420908313639405, 47.080836146704684], [11.40387974208536, 47.079357395815144], [11.400012054647418, 47.08068298314392], [11.39344538112795, 47.08362128771993], [11.382179362038967, 47.08362128771993], [11.372072261101241, 47.076907362267896], [11.36072188725116, 47.0762505740878], [11.35450078913626, 47.07870870582147], [11.349522167464484, 47.0762176531687], [11.345376741278573, 47.07920895998478], [11.332582594721627, 47.08075613860164], [11.330555325200658, 47.07475628718608], [11.327115007229224, 47.072867138590944], [11.318005835582532, 47.07534083841821], [11.30445809110842, 47.07631507613373], [11.29788367145828, 47.07388624102457], [11.290767738797731, 47.07495113831371], [11.282353876440112, 47.08293941729382], [11.276099381617497, 47.085941410814705], [11.27601294964199, 47.08580744553772], [11.275442518295723, 47.08479441956836], [11.274130526199281, 47.083625519362585], [11.272403898900354, 47.08269629751069], [11.272248102756572, 47.082612451641715], [11.268369169601883, 47.08109281371407], [11.265459969735883, 47.07949519860806], [11.262094424792787, 47.077040232673475], [11.258500707311248, 47.07357191222905], [11.256276025060785, 47.07111667169053], [11.25462177415659, 47.06897311467264], [11.252967523252329, 47.0667904947633], [11.250971013540411, 47.064997561133], [11.248232943078222, 47.06324354560427], [11.245723045154609, 47.061177630617635], [11.243327233500272, 47.058526904731124], [11.24173002573068, 47.05622690277088], [11.241241809310477, 47.054892275242494], [11.240988464980537, 47.05419969963476], [11.240418033634205, 47.05299113779383], [11.238934912133885, 47.051665586666154], [11.238255774097635, 47.051290298435084], [11.236478784183465, 47.0503083302571], [11.236253884806365, 47.05018404911494], [11.23408624569054, 47.04909236336783], [11.231348175228415, 47.04690892442182], [11.230930059026234, 47.046365909943525], [11.223987460989871, 47.04684480727776], [11.221472600506047, 47.051290298435084], [11.22050949736532, 47.05299266651182], [11.213728703757344, 47.057035087878866], [11.203789507979765, 47.05662342225661], [11.18828035907856, 47.051290298435084], [11.179845081788354, 47.04838943823237], [11.171562418640386, 47.04694835950911], [11.163362749255581, 47.043935044428856], [11.153224123894962, 47.045384784693205], [11.151132257282134, 47.04902282506332], [11.134919184586222, 47.0460405328566], [11.127036937746464, 47.0475444485593], [11.118402780617945, 47.04561017990169], [11.115563946612326, 47.0375424606855], [11.114998179075668, 47.03734768640151], [11.09204885241986, 47.029446420284216], [11.082937415901526, 47.02878336134927], [11.075628027582871, 47.015398473060486], [11.074429368996013, 47.01162969268931], [11.062231265087156, 47.00658224907707], [11.042974753661882, 47.00814576012735], [11.030907739000314, 47.005861146523124], [11.019313976306494, 47.004343921184955], [11.010650605693, 47.00149083256381], [11.011042235849999, 47.00058392433444], [11.01116160608061, 46.99980739165467], [11.011552078634061, 46.997267069454715], [11.004637854353925, 46.996595785248964], [10.995308925044972, 46.99822191768182], [10.97825540458847, 46.99423780476981], [10.95632274085314, 46.99730198357949], [10.942753071575318, 46.98010398528076], [10.9182115633994, 46.98750885382315], [10.902019631955527, 46.988220414621004], [10.889054059102936, 46.99117630087139], [10.878083746860119, 46.993183665283844], [10.867622011617422, 46.99012255157846], [10.867534378154602, 46.98948292770426], [10.86738240248554, 46.98868564473257], [10.867177858563215, 46.987612563374505], [10.867356118358877, 46.98627073969854], [10.86812857747367, 46.98354632675803], [10.868544516996979, 46.981675753399706], [10.868544516996979, 46.98013044747288], [10.868187997405588, 46.97716170735454], [10.868663356860784, 46.973501388497844], [10.869212561108597, 46.97116527539415], [10.868297988093593, 46.971009600148804], [10.854838410317878, 46.97006201788504], [10.848271407878135, 46.96699339724898], [10.847353294603812, 46.9665643683189], [10.832795411287318, 46.96605590440484], [10.82668973729684, 46.959008134629784], [10.813186833758987, 46.94998593964679], [10.813074040250237, 46.94809355587533], [10.810380400703737, 46.9459340223207], [10.792862902782588, 46.94266053020799], [10.767433486192816, 46.93096014885431], [10.749756056451373, 46.93238477521054], [10.740986066000511, 46.932810651202175], [10.74073483460262, 46.93091758493512], [10.740459987765727, 46.929505487358384], [10.740410696522401, 46.92925223672996], [10.740259475147392, 46.9284752776542], [10.740192366019286, 46.92816112382883], [10.71484684645777, 46.92709311366652], [10.703500323742164, 46.923127168819384], [10.690239077378019, 46.929109667882265], [10.6702818975297, 46.93045134448572], [10.66330005553097, 46.93441988957097], [10.65141606915012, 46.932893561096456], [10.644582776981208, 46.936047925028014], [10.63518326506732, 46.935615314157836], [10.623191601495742, 46.93971082270557], [10.614278611710095, 46.93971082270557], [10.595975430272524, 46.93603442164639], [10.583426711663412, 46.93778180836685], [10.58188773790102, 46.93814174397618], [10.577904101956705, 46.9423142652669], [10.566594116357104, 46.95558046575702], [10.545945690020389, 46.96453048348213], [10.542363735957995, 46.971579908845975], [10.544973277813396, 46.972622874457834], [10.549013833182864, 46.97441242475629], [10.552721636933644, 46.97597416486549], [10.555811473392687, 46.97721050990285], [10.558140734723288, 46.97818655145619], [10.559614349034574, 46.97939031134812], [10.561040427400256, 46.981179633763695], [10.562181290092822, 46.98254598485025], [10.564082727913698, 46.983619521767864], [10.566602133026443, 46.98443279286984], [10.568753564052543, 46.98528343134099], [10.571022975960101, 46.986644827282305], [10.573067021617616, 46.98817367958853], [10.57444402790283, 46.98972486530331], [10.57582410645794, 46.99136135776505], [10.578295975625183, 46.99360562865656], [10.581053060465543, 46.9952969005767], [10.584142896924556, 46.99685802685174], [10.585467756859543, 46.997475172739094], [10.588611275803746, 46.998939457163175], [10.591986327935874, 47.000695600527884], [10.594648340885195, 47.0026142833616], [10.597262817888977, 47.004760524368244], [10.598783968145698, 47.00677661112681], [10.599467868308045, 47.0086295635238], [10.599601781305635, 47.00919613019201], [10.600067438674806, 47.011166212595505], [10.600486639180227, 47.01280836769357], [10.600590334075603, 47.013214569053005], [10.601636124877128, 47.01477516853111], [10.602729451624127, 47.015848054052334], [10.604630889445069, 47.01776618926143], [10.606579863211515, 47.01932665489352], [10.608861588596612, 47.02056199097402], [10.612854608020614, 47.02192732897022], [10.614307229465423, 47.022416603656765], [10.61603951637066, 47.02300006989108], [10.618226169864753, 47.02410529542696], [10.61979485606701, 47.02530801470193], [10.620714642966549, 47.0264157314692], [10.621458614160273, 47.02816842667736], [10.622361797125224, 47.029533568928834], [10.624405842782743, 47.03125619829619], [10.625926993039464, 47.03281626718108], [10.626592496276833, 47.034051289171224], [10.626749121960724, 47.03453803496477], [10.627115391677568, 47.035676274289195], [10.627733358969367, 47.03704122330983], [10.629159437335083, 47.03869861417473], [10.631005608740198, 47.04016487095992], [10.632391881630669, 47.041265842852425], [10.632436629018748, 47.041293188012475], [10.635529254035184, 47.04318305914081], [10.638238802930006, 47.04490524517064], [10.640092704805417, 47.04675734506827], [10.641376175334521, 47.04841443223395], [10.642754717754734, 47.0507537612224], [10.643943116392835, 47.05244321239521], [10.646224841777935, 47.05442499994024], [10.648506567163032, 47.0559194136675], [10.652071763077338, 47.05767367166318], [10.65444856035344, 47.058745689627884], [10.654628082059984, 47.05884383462047], [10.655399279263895, 47.059265448107105], [10.656635213847533, 47.060434886044845], [10.65681793041212, 47.060720905863555], [10.658052809913523, 47.06265391404954], [10.659107083014742, 47.06456019708502], [10.660675769217, 47.06689881343063], [10.661864167855102, 47.06875014482159], [10.662196919473722, 47.07027663256072], [10.662196919473722, 47.071738122152055], [10.661973364211837, 47.072976962245804], [10.661769095963997, 47.074108897273824], [10.661246200563268, 47.077518730186995], [10.661341272454306, 47.07943463519456], [10.661864167855102, 47.0816102398755], [10.663005030547636, 47.083980573067485], [10.664003285403625, 47.086415736374654], [10.665001540259619, 47.089305318171185], [10.665429363769308, 47.091253261830694], [10.66566704349692, 47.092908957577144], [10.66566704349692, 47.09423996954292], [10.665334291878303, 47.09579818491995], [10.664003285403625, 47.09858987273286], [10.662862422711093, 47.10118665940828], [10.661864167855102, 47.10384823349167], [10.660573480803345, 47.10607863629775], [10.659758721193938, 47.107486552823964], [10.659109071708725, 47.10841202395419], [10.658394043831903, 47.10943061245844], [10.656825357629579, 47.110761208870535], [10.654781311972128, 47.11186460489765], [10.652594658478035, 47.112675910820904], [10.650027717419754, 47.11316268840132], [10.644941371248793, 47.1134223012789], [10.638666626439699, 47.11368191288222], [10.634530999179193, 47.1138441694871], [10.629302045171626, 47.11390907198977], [10.627225764142139, 47.11395406908118], [10.626307280603687, 47.11397397441271], [10.62326498009021, 47.11429848533266], [10.622598860607457, 47.11441216885594], [10.61870152931998, 47.115077303416726], [10.61485111773256, 47.11605080989328], [10.611048242090739, 47.11673225376415], [10.608740865381458, 47.117079698138625], [10.607815797795153, 47.11721899401014], [10.605819288083172, 47.117770627539606], [10.604615916999764, 47.11847931784832], [10.60339495486143, 47.1191983581888], [10.601873804604711, 47.12017178880244], [10.599877294892766, 47.12133988188411], [10.597452961671088, 47.12234571913766], [10.593887765756783, 47.123156864275266], [10.589989818223893, 47.12367599063241], [10.58661476609173, 47.12400044201723], [10.583769332833503, 47.124389828882116], [10.582193923158076, 47.124779117216995], [10.580005286339068, 47.125625551412426], [10.57988592278667, 47.12567171372616], [10.577725544278886, 47.126952858117406], [10.574207884310216, 47.128834531794155], [10.571973694870588, 47.13039172832175], [10.569501825703375, 47.13246791899852], [10.568403523614066, 47.13373748476138], [10.567172564372743, 47.13516035731767], [10.565794021952597, 47.13756072883403], [10.56517605466076, 47.14028534275469], [10.56522359060633, 47.14255574703953], [10.565344241877808, 47.14364211449387]]]]}}, {"type": "Feature", "properties": {"id": "AT-07-25", "start_date": null, "end_date": "2022-10-01"}, "geometry": {"type": "MultiPolygon", "coordinates": [[[[12.172825036697537, 46.97560227965841], [12.183485950415408, 46.980209860838556], [12.192426363154775, 46.979603515902106], [12.200029258839244, 46.982819987657564], [12.214019154021733, 46.97764156234863], [12.224013499118342, 46.97721742994249], [12.238703673975536, 46.969873143141946], [12.245384135402062, 46.96989809827059], [12.25077627506184, 46.98653242919131], [12.256277617558252, 46.98773323314319], [12.2603419913866, 46.9841885318377], [12.263750108855973, 46.9767334281807], [12.283688241503564, 46.97337676202388], [12.293020393858109, 46.978054973099695], [12.303162591148551, 46.97438761061016], [12.311464702387303, 46.97193302232922], [12.32080894514091, 46.974519555688644], [12.336756629198764, 46.9674832606203], [12.344376631781529, 46.96918948336602], [12.354361694507187, 46.975326361089984], [12.360048123664901, 46.972802041408514], [12.368407743945733, 46.974627806719646], [12.378885643868589, 46.98745130875824], [12.380926963784983, 46.99412952952388], [12.382221954061762, 46.99836568197812], [12.39752805434879, 47.00426989639092], [12.416163534335425, 47.011396369991424], [12.423758467053208, 47.01313188162952], [12.43271021241701, 47.01347078567927], [12.44761302159476, 47.03120295636257], [12.450908626130158, 47.04017601384153], [12.463122141142236, 47.041592801736776], [12.468848523944672, 47.046491493528166], [12.47191082841659, 47.06225748464086], [12.470246980007616, 47.07233411239282], [12.469397460710066, 47.07747824681377], [12.472446009441096, 47.08335067828965], [12.490151009806848, 47.08141886902671], [12.502991894355425, 47.08506253166175], [12.510916857968093, 47.08231930146545], [12.527559435326692, 47.08477099346389], [12.528129866672959, 47.06931344297083], [12.525848141287861, 47.05924412468052], [12.513964154907042, 47.045403810398106], [12.5161508084011, 47.03435495673774], [12.5184325337862, 47.02681441745081], [12.525467853723638, 47.021938498154896], [12.531932742314778, 47.02057316044612], [12.52841508234611, 47.00808844372852], [12.531872228129478, 46.99436883107331], [12.5322351597052, 46.99432183818301], [12.53407191010328, 46.993749200358565], [12.536017722297098, 46.992691508107995], [12.537629970965822, 46.99098867323855], [12.541272474000497, 46.987528724390906], [12.54423724893776, 46.984692470265415], [12.545516750436448, 46.98287292655792], [12.545701555526794, 46.9816742860596], [12.545801172819054, 46.980589331085554], [12.545901635074836, 46.979447242520145], [12.546249980394734, 46.97847829703758], [12.547098324439338, 46.97756996623982], [12.549119520116616, 46.97638406951983], [12.551232530923777, 46.97462737870368], [12.552003996867954, 46.97326136577879], [12.551939060710316, 46.97200385137804], [12.551459326604293, 46.970572052131644], [12.551311785954109, 46.969256826772835], [12.551672605742285, 46.96743086149381], [12.55212191140628, 46.96526267030904], [12.552828272952324, 46.96263913713506], [12.553601205006865, 46.96115884604919], [12.554709567056095, 46.959566581438146], [12.55673332246932, 46.958226796801156], [12.558922893411953, 46.956795688446554], [12.562797869136181, 46.954308033008054], [12.565168971276005, 46.95192431811288], [12.567034308664637, 46.94987996350035], [12.568319613592838, 46.94754595918261], [12.569356174080735, 46.945095981697136], [12.570311683743288, 46.94247403055035], [12.571088764843486, 46.94065081805188], [12.572026882603494, 46.93922865996251], [12.573636359447988, 46.93752531299596], [12.575247366934194, 46.935707675738854], [12.576264616923956, 46.934571710675115], [12.577205747990966, 46.93292097480941], [12.57814600703588, 46.93132736487547], [12.578940426910894, 46.93033154496561], [12.579687348067745, 46.92974132911209], [12.578232220770388, 46.92846393969134], [12.576601129615407, 46.927084068671], [12.575028890027474, 46.92584741660286], [12.57223170561077, 46.92461440201912], [12.569712316602953, 46.92379365423688], [12.568077472001677, 46.92351498324705], [12.56495027016575, 46.9234937612676], [12.561089232169765, 46.92375313684895], [12.556803873985372, 46.92450943539981], [12.554508455596682, 46.9246364870252], [12.552128267626223, 46.9244462089297], [12.54774647424218, 46.92366116671122], [12.544002333672442, 46.92306368234119], [12.539837053350531, 46.92274881479878], [12.53881198022021, 46.922741612524526], [12.533687003314038, 46.92270546490101], [12.530039754724529, 46.92260817452551], [12.527751946095398, 46.922234767475054], [12.525364284021814, 46.92157490233316], [12.521839934503296, 46.92026400965746], [12.518935660285342, 46.919314599076216], [12.516493414338226, 46.91877097639728], [12.511341173869248, 46.91833109625438], [12.506233947968079, 46.91829383395712], [12.498839310561099, 46.917882351397644], [12.49425553508795, 46.91770556356719], [12.491960261553878, 46.91783134926573], [12.489868892567522, 46.91824430975], [12.487356018866032, 46.91893977711083], [12.480859343952247, 46.92103371112201], [12.474364470280046, 46.922984440576066], [12.47100131855092, 46.924219061922486], [12.468181845076538, 46.924937191823], [12.464570595927569, 46.925761361410906], [12.462325570272325, 46.9260350232036], [12.45804451937321, 46.926430509329], [12.454083240258791, 46.92639977064904], [12.45012790929257, 46.92601181393895], [12.4461809939233, 46.92512380803239], [12.442864442178088, 46.923954929356185], [12.439448611083392, 46.922499466268036], [12.435819668896498, 46.92132790861277], [12.431769107398905, 46.920438573630975], [12.428957275557046, 46.92027326377174], [12.426143019689256, 46.920250715559604], [12.423019746339975, 46.9200113331417], [12.419274807283037, 46.919552563245134], [12.414497531470378, 46.91851387879396], [12.409930136432248, 46.917405280423075], [12.405979539242644, 46.91680153767584], [12.402997294369223, 46.91660446449856], [12.39868885670264, 46.91645579539084], [12.39514903657815, 46.91621219808377], [12.390676317409072, 46.91567501187633], [12.386935782056378, 46.91500092825053], [12.384076186006729, 46.91470671626246], [12.379440879925088, 46.91443795767097], [12.375999061800968, 46.9145517177152], [12.374113586383489, 46.914770034996074], [12.370262501707925, 46.9152866420395], [12.366593383659616, 46.91552090827378], [12.366287132270491, 46.91554045638328], [12.361694855902671, 46.915858215810495], [12.358460041080077, 46.916044649572136], [12.356064243356052, 46.915952541131496], [12.352945495013708, 46.915496984275286], [12.349281548679231, 46.91468752319576], [12.347237213520724, 46.91416167038594], [12.344531525459265, 46.91392376148737], [12.341095005081227, 46.91375080306538], [12.336142991140365, 46.91382636263507], [12.327748427636017, 46.91399002533261], [12.320977003631622, 46.91378674918781], [12.314940627592986, 46.913303983738224], [12.310261910306611, 46.91269033427279], [12.30756336058959, 46.91209447155731], [12.304143688949159, 46.91106342148715], [12.301958019811245, 46.910900652572295], [12.297578363926629, 46.91100347353378], [12.2932931116765, 46.91160698289045], [12.288382480779985, 46.91220455388071], [12.284920875340312, 46.91331534661787], [12.28124644502184, 46.914638336705], [12.279253541013478, 46.915262623101455], [12.277477551743264, 46.91546033707987], [12.27424531695502, 46.91550154055059], [12.268617454881085, 46.9154486960237], [12.26413745509389, 46.915335002585756], [12.260935630743216, 46.91559039646011], [12.256745128127472, 46.91662199519553], [12.252733013403681, 46.91741705341008], [12.251287345488976, 46.91764947112683], [12.250250432595672, 46.91781616135367], [12.24940035124964, 46.91788388680637], [12.248044768102995, 46.91685309504505], [12.243535218186958, 46.913095495265985], [12.23778907828709, 46.908682887760726], [12.233473074083314, 46.90571245469206], [12.2277122142013, 46.90208488390555], [12.219575338950092, 46.897505069895], [12.211903806355414, 46.89351075712378], [12.200533912182873, 46.890312010544974], [12.197813393051554, 46.893115206410066], [12.200275790678297, 46.89643178055857], [12.194805163406086, 46.903780617612185], [12.170543858874991, 46.910129923879076], [12.163243867006727, 46.90721267937628], [12.145267847168611, 46.9146462349926], [12.153171372672713, 46.91639236226628], [12.168908679904428, 46.937081292650106], [12.158217055307233, 46.9503119044098], [12.138487273205383, 46.95675471741749], [12.132307018774684, 46.96286061543182], [12.137099955582855, 46.966517953922875], [12.138267850665136, 46.98189424508471], [12.147563574953514, 46.98219709670393], [12.152119780106718, 46.98069708032672], [12.1589391143303, 46.97910132612541], [12.165929318780442, 46.977625975797174], [12.17082718656208, 46.976366834830486], [12.172825036697537, 46.97560227965841]]]]}}, {"type": "Feature", "properties": {"id": "AT-07-04-02", "start_date": "2022-10-01", "end_date": null}, "geometry": {"type": "MultiPolygon", "coordinates": [[[[11.770177360497602, 47.38545333996563], [11.755477087890442, 47.39807602143948], [11.744608192464195, 47.39715636806576], [11.732720338091731, 47.39784610960086], [11.719813524773063, 47.396236698640514], [11.706906711454387, 47.398995658761734], [11.695755205843938, 47.3981136343151], [11.68414996165568, 47.398305932274845], [11.667682879621374, 47.40028526537217], [11.658336335018339, 47.40359360460243], [11.645866671814124, 47.401371047335154], [11.641693338896895, 47.40773141276422], [11.635239932237553, 47.41278829244834], [11.62822120961708, 47.41439868551074], [11.625654596933876, 47.414778609929975], [11.62052137156746, 47.41575554585004], [11.615548559493748, 47.4180892638495], [11.614024633213097, 47.42096556465492], [11.613703806627694, 47.424709947237154], [11.614826699676598, 47.42655490737269], [11.613382980042296, 47.42774867064951], [11.61089657400544, 47.42899666694556], [11.607447688212382, 47.431275540348565], [11.603838389126624, 47.433174526142096], [11.60143218973612, 47.43431388472719], [11.598304130528462, 47.435236204561775], [11.596218757723356, 47.436050002755714], [11.593010491869348, 47.43697229216077], [11.589601709399465, 47.43786743994742], [11.587636646563887, 47.43857269717475], [11.58507003388068, 47.4392236954557], [11.582102387965723, 47.43944069309273], [11.58001701516062, 47.439386443767376], [11.577971745678685, 47.43908807147807], [11.575373545568468, 47.43958149742585], [11.574580028624741, 47.440905877966465], [11.573497371912364, 47.4417940755297], [11.570828037375248, 47.44289593556689], [11.564764287274802, 47.444731079409145], [11.560831613803972, 47.445813163549374], [11.555743412308873, 47.44680572071695], [11.548630972288372, 47.44848084431322], [11.543464144628304, 47.449813717222476], [11.538069413097652, 47.452458848541674], [11.535690198543778, 47.45427882942123], [11.533320591123076, 47.45581316700877], [11.529903014127695, 47.45718806365878], [11.526181697123164, 47.45820087746152], [11.518545319424835, 47.45972301544145], [11.509006036226966, 47.461428627800515], [11.49851079245123, 47.463282331972344], [11.492126636620503, 47.465158667351744], [11.484375448785713, 47.4668910233228], [11.479163381342836, 47.46830685596289], [11.471822381589055, 47.470330775592565], [11.4679608043982, 47.472268141171426], [11.464893185053311, 47.47557567244583], [11.463974596758575, 47.47770380936977], [11.463585050101125, 47.47976914742264], [11.463403573018061, 47.48190932230226], [11.463073587865958, 47.48526151490177], [11.462188946988013, 47.489390455452984], [11.45968840466374, 47.494493078320076], [11.45721795453676, 47.49873888817085], [11.455340233782207, 47.50113698728113], [11.453364639887424, 47.50331913629956], [11.449486896542766, 47.50720455772533], [11.478356839132902, 47.508958382624115], [11.481345377817963, 47.50913951205435], [11.505738238972192, 47.50465694531663], [11.518953555006936, 47.51092518517037], [11.532950471622863, 47.508792423827096], [11.57280843692478, 47.51471959991046], [11.587720816633535, 47.52544996002392], [11.587668532603217, 47.54088779813763], [11.587619894900913, 47.555240814212524], [11.600675685802397, 47.56774361646182], [11.607123067612612, 47.58151440503878], [11.609539646655819, 47.58125150032944], [11.611241405097907, 47.58109096471216], [11.61437135921191, 47.58076916518148], [11.615728669834237, 47.58075825911343], [11.617407691470435, 47.58106913808514], [11.619664610147007, 47.58178865955662], [11.621422518406577, 47.58227209817186], [11.622604405837695, 47.582289741670735], [11.624630500421825, 47.582319959370906], [11.626669600310555, 47.581950308800934], [11.628976770518204, 47.58112743587793], [11.631199014839227, 47.58033160047731], [11.632691798535602, 47.57976626132168], [11.635046304203835, 47.578874511092266], [11.637784505618578, 47.57777211769325], [11.641207095918677, 47.57639403379598], [11.645726829416107, 47.57503200942645], [11.650583958295982, 47.57367476429948], [11.655106867790632, 47.57219813114941], [11.659958029756458, 47.57101184729438], [11.664113779582639, 47.57044384220044], [11.666231100637754, 47.57024607665518], [11.667761216941823, 47.5699254477393], [11.668788529601823, 47.56948320480605], [11.669654265814584, 47.56881002322309], [11.670446437998073, 47.567792891656424], [11.67125123971442, 47.56637591569739], [11.672074212502059, 47.56529620193407], [11.67342616898146, 47.56435018265349], [11.67540689616841, 47.56312164473551], [11.6770535786583, 47.56177395373611], [11.678202860241225, 47.56013332615861], [11.67917790362235, 47.55866161031558], [11.681704106911553, 47.556183629427686], [11.68455322714099, 47.55416741069274], [11.68781862727733, 47.55232854135074], [11.691233919877712, 47.55093345078913], [11.6925871358519, 47.550241470976346], [11.694916863051494, 47.54872948572915], [11.69662994033538, 47.54735990040302], [11.69765196316414, 47.54653919279427], [11.698271021435856, 47.54622752223227], [11.69857891410186, 47.546072510152634], [11.699648472876156, 47.54575065761917], [11.70078162337278, 47.54556422726566], [11.701763822451944, 47.54483336699049], [11.702310485825441, 47.54396433991837], [11.702690773389598, 47.54303092432503], [11.702762328154979, 47.54207402013343], [11.702785845280669, 47.54175952101362], [11.70261946947133, 47.54055246384648], [11.702643237444061, 47.5400696331504], [11.70304729298105, 47.53907176886815], [11.70378410013666, 47.53810607556263], [11.70414061972805, 47.53718865034673], [11.704473371346733, 47.535836625853555], [11.704568443237772, 47.53480648841129], [11.704639747156076, 47.5340338719675], [11.705091338638502, 47.53295540903057], [11.705217416597641, 47.5324825049535], [11.705400322284454, 47.53179643890965], [11.705424090257187, 47.53100768061838], [11.70532901836615, 47.5299774477319], [11.705043802693, 47.52873792180466], [11.70503781860365, 47.528684219603655], [11.704948730801995, 47.52788472449555], [11.705186410529574, 47.52703151322237], [11.705471626202725, 47.5263875709397], [11.706232201331101, 47.52485817614076], [11.707040312404981, 47.52357022993266], [11.707526276858161, 47.52305710330328], [11.707848423478861, 47.522716948048725], [11.70889421428039, 47.521219646087665], [11.709488413599423, 47.52018921976242], [11.709821165218107, 47.51917487396099], [11.709906729920046, 47.517861025308164], [11.709906729920046, 47.516885278050665], [11.70980690443441, 47.51630561757045], [11.709664296597833, 47.515957818189705], [11.709250733871842, 47.51553272690782], [11.708723084876478, 47.515107632161104], [11.708140952217947, 47.51472822852811], [11.707596482967647, 47.5143733694376], [11.70685492221747, 47.51371638876463], [11.706227447736572, 47.51295312141459], [11.705542930121029, 47.512267137430534], [11.705229192880578, 47.51185167795497], [11.705100845827635, 47.51155215860588], [11.705100845827635, 47.51113669343549], [11.70521493209691, 47.51049899627121], [11.705214932096977, 47.51012533121143], [11.704829890938122, 47.50882283736332], [11.704829890938122, 47.508402270337385], [11.704958237991061, 47.50795779226265], [11.705257714447846, 47.50751331040084], [11.70604205754899, 47.50656635815375], [11.706569706544322, 47.50580298617625], [11.706812139866468, 47.50525219186296], [11.706911965352042, 47.504459810896684], [11.706911965352042, 47.503541793510365], [11.706926226135707, 47.50255611475587], [11.707111616323285, 47.50175402908724], [11.7073397888618, 47.500816636235236], [11.70749190388744, 47.499930768407104], [11.707597541216526, 47.49902436985047], [11.708202355504197, 47.49170805258384], [11.707135464443237, 47.4819065889699], [11.709130053793086, 47.46850551977945], [11.707968878346325, 47.448130558963655], [11.710623136094359, 47.44137585603635], [11.71162551498511, 47.43882471939765], [11.727375548236614, 47.43026193581831], [11.744391934946686, 47.424141113183275], [11.749094474052514, 47.41827747583245], [11.750751911165562, 47.41215721647835], [11.768696309851963, 47.399689362458965], [11.772336088408347, 47.39402455023283], [11.770177360497604, 47.38545333996563], [11.770177360497602, 47.38545333996563]]]]}}, {"type": "Feature", "properties": {"id": "AT-07-04", "start_date": null, "end_date": "2022-10-01"}, "geometry": {"type": "MultiPolygon", "coordinates": [[[[11.478356839132902, 47.508958382624115], [11.481345377817963, 47.50913951205435], [11.505738238972192, 47.50465694531663], [11.518953555006936, 47.51092518517037], [11.532950471622863, 47.508792423827096], [11.57280843692478, 47.51471959991046], [11.587720816633535, 47.52544996002392], [11.587668532603217, 47.54088779813763], [11.587619894900913, 47.555240814212524], [11.600675685802397, 47.56774361646182], [11.607123067612612, 47.58151440503878], [11.609539646655819, 47.58125150032944], [11.611241405097907, 47.58109096471216], [11.61437135921191, 47.58076916518148], [11.615728669834237, 47.58075825911343], [11.617407691470435, 47.58106913808514], [11.619664610147007, 47.58178865955662], [11.621422518406577, 47.58227209817186], [11.622604405837695, 47.582289741670735], [11.624630500421825, 47.582319959370906], [11.626669600310555, 47.581950308800934], [11.628976770518204, 47.58112743587793], [11.631199014839227, 47.58033160047731], [11.632691798535602, 47.57976626132168], [11.635046304203835, 47.578874511092266], [11.637784505618578, 47.57777211769325], [11.641207095918677, 47.57639403379598], [11.645726829416107, 47.57503200942645], [11.650583958295982, 47.57367476429948], [11.655106867790632, 47.57219813114941], [11.659958029756458, 47.57101184729438], [11.664113779582639, 47.57044384220044], [11.666231100637754, 47.57024607665518], [11.667761216941823, 47.5699254477393], [11.668788529601823, 47.56948320480605], [11.669654265814584, 47.56881002322309], [11.670446437998073, 47.567792891656424], [11.67125123971442, 47.56637591569739], [11.672074212502059, 47.56529620193407], [11.67342616898146, 47.56435018265349], [11.67540689616841, 47.56312164473551], [11.6770535786583, 47.56177395373611], [11.678202860241225, 47.56013332615861], [11.67917790362235, 47.55866161031558], [11.681704106911553, 47.556183629427686], [11.68455322714099, 47.55416741069274], [11.68781862727733, 47.55232854135074], [11.691233919877712, 47.55093345078913], [11.6925871358519, 47.550241470976346], [11.694916863051494, 47.54872948572915], [11.69662994033538, 47.54735990040302], [11.69765196316414, 47.54653919279427], [11.698271021435856, 47.54622752223227], [11.69857891410186, 47.546072510152634], [11.699648472876156, 47.54575065761917], [11.70078162337278, 47.54556422726566], [11.701763822451944, 47.54483336699049], [11.702310485825441, 47.54396433991837], [11.702690773389598, 47.54303092432503], [11.702762328154979, 47.54207402013343], [11.702785845280669, 47.54175952101362], [11.70261946947133, 47.54055246384648], [11.702643237444061, 47.5400696331504], [11.70304729298105, 47.53907176886815], [11.70378410013666, 47.53810607556263], [11.70414061972805, 47.53718865034673], [11.704473371346733, 47.535836625853555], [11.704568443237772, 47.53480648841129], [11.704639747156076, 47.5340338719675], [11.705091338638502, 47.53295540903057], [11.705217416597641, 47.5324825049535], [11.705400322284454, 47.53179643890965], [11.705424090257187, 47.53100768061838], [11.70532901836615, 47.5299774477319], [11.705043802693, 47.52873792180466], [11.70503781860365, 47.528684219603655], [11.704948730801995, 47.52788472449555], [11.705186410529574, 47.52703151322237], [11.705471626202725, 47.5263875709397], [11.706232201331101, 47.52485817614076], [11.707040312404981, 47.52357022993266], [11.707526276858161, 47.52305710330328], [11.707848423478861, 47.522716948048725], [11.70889421428039, 47.521219646087665], [11.709488413599423, 47.52018921976242], [11.709821165218107, 47.51917487396099], [11.709906729920046, 47.517861025308164], [11.709906729920046, 47.516885278050665], [11.70980690443441, 47.51630561757045], [11.709664296597833, 47.515957818189705], [11.709250733871842, 47.51553272690782], [11.708723084876478, 47.515107632161104], [11.708140952217947, 47.51472822852811], [11.707596482967647, 47.5143733694376], [11.70685492221747, 47.51371638876463], [11.706227447736572, 47.51295312141459], [11.705542930121029, 47.512267137430534], [11.705229192880578, 47.51185167795497], [11.705100845827635, 47.51155215860588], [11.705100845827635, 47.51113669343549], [11.70521493209691, 47.51049899627121], [11.705214932096977, 47.51012533121143], [11.704829890938122, 47.50882283736332], [11.704829890938122, 47.508402270337385], [11.704958237991061, 47.50795779226265], [11.705257714447846, 47.50751331040084], [11.70604205754899, 47.50656635815375], [11.706569706544322, 47.50580298617625], [11.706812139866468, 47.50525219186296], [11.706911965352042, 47.504459810896684], [11.706911965352042, 47.503541793510365], [11.706926226135707, 47.50255611475587], [11.707111616323285, 47.50175402908724], [11.7073397888618, 47.500816636235236], [11.70749190388744, 47.499930768407104], [11.707597541216526, 47.49902436985047], [11.708202355504197, 47.49170805258384], [11.707135464443237, 47.4819065889699], [11.709130053793086, 47.46850551977945], [11.707968878346325, 47.448130558963655], [11.710623136094359, 47.44137585603635], [11.71162551498511, 47.43882471939765], [11.727375548236614, 47.43026193581831], [11.744391934946686, 47.424141113183275], [11.749094474052514, 47.41827747583245], [11.750751911165562, 47.41215721647835], [11.768696309851963, 47.399689362458965], [11.772336088408347, 47.39402455023283], [11.770177360497604, 47.38545333996563], [11.770177360497602, 47.38545333996563], [11.769641767031478, 47.3855112739038], [11.766489093371616, 47.385420436721475], [11.764466387644555, 47.38505931103412], [11.762840096397387, 47.38441836801591], [11.761213352851092, 47.383633533169075], [11.758146692575217, 47.38166139257736], [11.757429710601881, 47.38120027497193], [11.752067403830644, 47.37764972428532], [11.749822979657853, 47.37620734225478], [11.745327269394817, 47.37331779794875], [11.738924178449686, 47.36946638814573], [11.737992356502989, 47.36891824895849], [11.734692388415544, 47.36716995245185], [11.73155501601103, 47.36561974450422], [11.72716269464471, 47.36395321983489], [11.721287251778003, 47.36178278270819], [11.71495546383434, 47.35903084932442], [11.710506099333315, 47.356627634440876], [11.70845254648673, 47.35542598569913], [11.707311683794165, 47.35437936597446], [11.706284907370872, 47.35279001460123], [11.705771519159242, 47.35054158162079], [11.705808814026923, 47.34990793141368], [11.705885605428483, 47.34860319996894], [11.706456036774748, 47.3457342636711], [11.706513079909385, 47.34375693246273], [11.70594264856312, 47.34181830010849], [11.704801785870554, 47.33987959612405], [11.703090491831754, 47.33821225340705], [11.701208068389047, 47.336350971053], [11.700187721596137, 47.33506646930303], [11.699897017744933, 47.334590386866516], [11.697670464170258, 47.33184396884375], [11.69663084448986, 47.3308081607403], [11.695887583059982, 47.330067611812844], [11.694329825363047, 47.328891009071135], [11.692811723017325, 47.32815483915701], [11.690803576175986, 47.327411593299644], [11.687947923273368, 47.32689420621991], [11.685507929438886, 47.326525622114346], [11.68370402130118, 47.325975692568804], [11.681886208335701, 47.325180265808974], [11.67637716634028, 47.3228692226535], [11.674289780950854, 47.32234253105875], [11.67297234799211, 47.32201011206878], [11.669344112454592, 47.32157625121244], [11.666572530938527, 47.32138220581159], [11.666173168032312, 47.321338331292985], [11.661101741905586, 47.32088422598559], [11.657408216505312, 47.32030615515291], [11.652334465623696, 47.31908852109373], [11.646366187828177, 47.31738119213673], [11.641582118888774, 47.31588161297237], [11.63798975118614, 47.31435192608956], [11.635094446301752, 47.312927752978446], [11.632163376240023, 47.311225659969885], [11.631874417998597, 47.31105785689911], [11.629929587730505, 47.31023139984605], [11.626521718947583, 47.30951370768905], [11.622966253434415, 47.309031820064575], [11.620643309969891, 47.308746653195946], [11.617054559111667, 47.30780001888698], [11.614982919374594, 47.306911582940806], [11.61249611204314, 47.305873970682704], [11.6098209720379, 47.30434518623018], [11.607790641964217, 47.30311853364226], [11.605974042521048, 47.30191777703449], [11.603898138872257, 47.301171942216264], [11.601466169669306, 47.300611159363676], [11.599443148668566, 47.300389915676654], [11.597553829849062, 47.30036116989931], [11.595273032366475, 47.30049458656851], [11.592288455413414, 47.3008047645201], [11.589551558462256, 47.30100106530198], [11.585270447114445, 47.30131651205361], [11.582889694115389, 47.30132761396899], [11.58044370855083, 47.30119478889529], [11.578651521114255, 47.300926005845824], [11.576474129525048, 47.30056219725769], [11.572025952383315, 47.29958869937016], [11.570750625381873, 47.29921203741465], [11.56995181561028, 47.298891565181506], [11.568050377789403, 47.29772740006691], [11.564627789711674, 47.295334313004176], [11.56072984217878, 47.29158276803592], [11.557497397883228, 47.288413150678345], [11.554360025478713, 47.28582556624383], [11.55207830009355, 47.28453172626435], [11.549226143362151, 47.28336724305818], [11.54608877095764, 47.282655601735186], [11.544114782376061, 47.282255476680696], [11.542738247638155, 47.281918624377774], [11.539955446765642, 47.28122923996674], [11.535729135308891, 47.27997202737748], [11.531369634836876, 47.27852204676551], [11.528866279654682, 47.27805381123734], [11.52743182937292, 47.277936885946275], [11.522790975245004, 47.27767171331667], [11.519558357559353, 47.27755781719892], [11.517405359819579, 47.277586036335514], [11.5146792270994, 47.27749494483116], [11.51244434382573, 47.27736401120841], [11.510842239268817, 47.277147901417194], [11.508688838794672, 47.276684814703515], [11.506956768314899, 47.27618081291334], [11.504401939607487, 47.27518732399318], [11.502466745702991, 47.27448948844032], [11.500666520958637, 47.273936668005994], [11.498719843505363, 47.27357196584997], [11.496628351573323, 47.273347774988345], [11.49425381496484, 47.27321423103557], [11.492085779590596, 47.27317922632195], [11.489358255296318, 47.27313512965526], [11.486209452195512, 47.273131767278045], [11.48418296530807, 47.27305127993665], [11.481673609713175, 47.272772406869464], [11.481016442048182, 47.27266174593079], [11.47719224018783, 47.27185600580038], [11.472428197864984, 47.27085203236747], [11.46698657444789, 47.26957999317222], [11.463972503120308, 47.26897244274369], [11.462135666103075, 47.2686598749711], [11.457946292855146, 47.26799965530439], [11.457310767632432, 47.26789949968249], [11.454648754683179, 47.26759211080795], [11.452271957406975, 47.267495040263825], [11.450132839858451, 47.26764064601288], [11.448587921628965, 47.267883321365446], [11.44647257205314, 47.26841720320076], [11.443881863022126, 47.269274638445545], [11.438771748878429, 47.271167417712064], [11.43351902689806, 47.27309248231404], [11.426246027233006, 47.27571304524866], [11.422595521003451, 47.276995324770574], [11.421088377143743, 47.2775247161201], [11.41803707043035, 47.2784476300324], [11.41766578906608, 47.27855992859676], [11.414980008144058, 47.27933632458045], [11.41307045773481, 47.279797988663766], [11.411367276284281, 47.280209756359945], [11.40925192670846, 47.28048472262131], [11.407635704560734, 47.28061411801138], [11.406254225239296, 47.280534950455184], [11.403998070713884, 47.280048131877415], [11.402058604136538, 47.27934938546668], [11.39989096502068, 47.27795186478964], [11.398923711868504, 47.2770910545848], [11.39726698082783, 47.27511788940013], [11.393445090807708, 47.27057544592227], [11.391505624230364, 47.26882824781589], [11.390333111402846, 47.26786166504971], [11.38963189994133, 47.2673927491228], [11.385677984533231, 47.264562828115636], [11.382084639389033, 47.26145316894145], [11.378265512995155, 47.25782688089664], [11.377691518768797, 47.257281847638424], [11.377199473356367, 47.25697745192688], [11.37633360133992, 47.25628671824191], [11.37447019227545, 47.254966259806466], [11.372625797589142, 47.25415066598618], [11.37062928787716, 47.253619875917096], [11.368366576870232, 47.253477467914585], [11.366370067158249, 47.25363282207997], [11.363194665997332, 47.25433191014966], [11.361480765981728, 47.254684924763296], [11.3609319549904, 47.254797963703986], [11.358612200848901, 47.2550050972922], [11.356026245412453, 47.25504393474921], [11.354008534434609, 47.25492447850607], [11.353402261219568, 47.254888584749025], [11.35209899251392, 47.25469642494412], [11.350417003840693, 47.25444842392512], [11.347469775218226, 47.25374933740316], [11.345035934807484, 47.25320559702169], [11.343229568877582, 47.25312791936577], [11.341385174191307, 47.25320559702169], [11.339540779505002, 47.253516306498916], [11.336441435856889, 47.25450020774259], [11.333037862157394, 47.25629966374878], [11.329824432240006, 47.258086113163785], [11.326972275508645, 47.26057150711901], [11.325457986623675, 47.26222445245932], [11.32476660763635, 47.2629791205682], [11.32271305478973, 47.26458413499699], [11.321534163340797, 47.26515364447645], [11.31993695557117, 47.26547722666144], [11.318541724897862, 47.26553895573166], [11.31546331770971, 47.26553212058675], [11.310646951496162, 47.26521527290119], [11.310507943561475, 47.26520612814826], [11.308205996275408, 47.265022359267874], [11.306614706305375, 47.26479261485898], [11.304915817261989, 47.26454733459668], [11.300547611322285, 47.26402868855962], [11.299463720594789, 47.263985875146375], [11.297366888636803, 47.263794577566216], [11.294742904443886, 47.26372985921853], [11.292347092789514, 47.26384635218691], [11.290825942532793, 47.264040506561074], [11.288943519090084, 47.264467643662186], [11.28876176477938, 47.26451522982008], [11.286471649922875, 47.26511481448044], [11.284094852646673, 47.26551605638988], [11.280577192678003, 47.26600789713637], [11.278067294754324, 47.26617615738873], [11.276348353296429, 47.26608128575716], [11.275253166779397, 47.26602084025182], [11.272458053182602, 47.26574903415879], [11.270594644118127, 47.2657231477909], [11.268959407592137, 47.26583963634575], [11.267951645547008, 47.26605966957903], [11.265993164591428, 47.266629163085746], [11.264633636549483, 47.26695111833468], [11.264033495237241, 47.26704414523821], [11.261965681606986, 47.2670198773662], [11.259862216017583, 47.266680125982504], [11.257972662183057, 47.26595207991451], [11.256111534408253, 47.26518605753906], [11.25490659369678, 47.264690109528935], [11.250877922313698, 47.2631854129673], [11.248204025378028, 47.26265147803667], [11.244924045136905, 47.26262720813838], [11.242464059956115, 47.26286990661771], [11.240289290448372, 47.2635009174249], [11.23909909132777, 47.26419357496714], [11.237982261125207, 47.26524132018712], [11.236815218888994, 47.266661068580795], [11.23479888874049, 47.26925247472937], [11.233158898619928, 47.27097539269773], [11.23062760952083, 47.27277104995667], [11.22731197732059, 47.274057091128206], [11.224979994186846, 47.274784526036186], [11.223889389242858, 47.275124724060355], [11.220038977655504, 47.275901170761834], [11.216402477822962, 47.2767746595988], [11.212409458399032, 47.278060602872934], [11.209878169299902, 47.27898258058195], [11.207826626194583, 47.27946125640054], [11.207382532159992, 47.279564873964226], [11.204352115632867, 47.28014716089839], [11.200109532494904, 47.28055961024218], [11.196366076784939, 47.28055961024218], [11.193371312217, 47.28068091825702], [11.19208784168786, 47.28089927197843], [11.18948524867046, 47.28201528794915], [11.187339028493398, 47.28307221149827], [11.192428339184024, 47.288758750759484], [11.199338305187684, 47.29084056390269], [11.201654071349564, 47.29350974972613], [11.196216790947, 47.30243409316967], [11.19988983380728, 47.31092631860227], [11.197215548914784, 47.32046567906929], [11.188945355796916, 47.32626354969766], [11.188273893934138, 47.33253008424073], [11.19315260846011, 47.338709514226316], [11.197138228297506, 47.343757201300356], [11.214474293000798, 47.351209044950515], [11.223733728134844, 47.358958173429116], [11.234317754934997, 47.37310921463616], [11.241035514380721, 47.383530704086084], [11.246050962064212, 47.38687147947864], [11.264277757929818, 47.3898276738604], [11.264196444189336, 47.39189806701895], [11.2649758438558, 47.393483940120234], [11.265857627919504, 47.39514310307872], [11.266005974850216, 47.3961707047828], [11.266105807973807, 47.39686223917249], [11.265851014139134, 47.39793409224452], [11.271114150591945, 47.397904455443665], [11.281073626692427, 47.40074601885906], [11.290098712580013, 47.40754321644335], [11.291698656508263, 47.427875564225594], [11.30122926218927, 47.43135421785619], [11.311316277902105, 47.430140503906244], [11.321749010703, 47.437640009103696], [11.329704967240783, 47.438031146152476], [11.331783621394182, 47.44562233205348], [11.33797257424588, 47.44965215935197], [11.357487148086571, 47.44876045077061], [11.364864004274102, 47.44490752006307], [11.38100642487619, 47.449249876901476], [11.393614105021097, 47.445824352510506], [11.401677608293005, 47.44854702456392], [11.4211666951625, 47.444550508621006], [11.412324964732925, 47.45504060476431], [11.409146793206482, 47.466988137884606], [11.393888667704987, 47.466122399836046], [11.383296317543742, 47.47242591679687], [11.390286651359231, 47.48213912667007], [11.407185021478508, 47.490562954905926], [11.409967581582084, 47.49453701808348], [11.413404808833645, 47.499445154565194], [11.436608050547047, 47.516098490432334], [11.441897328750546, 47.51823322738037], [11.44280054551075, 47.51564683320632], [11.443802931613877, 47.51416318020291], [11.445563441430384, 47.512120516854], [11.447331500580002, 47.509863638307515], [11.448526117333857, 47.50838987376298], [11.449486896527002, 47.50720455772437], [11.449486896542766, 47.50720455772533], [11.478356839132902, 47.508958382624115]]]]}}, {"type": "Feature", "properties": {"id": "AT-07-29-02", "start_date": "2025-08-01", "end_date": null}, "geometry": {"type": "MultiPolygon", "coordinates": [[[[12.839543521792395, 46.80976637498741], [12.839543521792406, 46.8097663749874], [12.84280266652829, 46.80688064857516], [12.846374110030592, 46.80530915577721], [12.850328208193863, 46.80317010569865], [12.853580772812036, 46.80098731386237], [12.858108852966746, 46.798629799208], [12.86193539957636, 46.79618486008893], [12.865634394632318, 46.79496234887012], [12.868153537816983, 46.7941764341351], [12.870800232555299, 46.792691897208975], [12.873351263628374, 46.79129464857578], [12.875200761156357, 46.78976636634743], [12.878325774220874, 46.78657866662537], [12.8807492537403, 46.7846135521946], [12.88361916369751, 46.782997737699986], [12.886361522101067, 46.781643909838884], [12.889677862496065, 46.78060122082018], [12.893743568268782, 46.77912722807268], [12.89618299173241, 46.77828102881911], [12.897203404161642, 46.77783881617658], [12.899914156886338, 46.77704657327826], [12.876706954190679, 46.76280527392395], [12.85689829878507, 46.760205296453606], [12.841366624501216, 46.74953342151114], [12.832717544677244, 46.747993416005556], [12.826650623082347, 46.75159186028027], [12.813647708163119, 46.7482496383777], [12.81012724831031, 46.756302563699684], [12.79588620878436, 46.755066789343665], [12.791357559280609, 46.756349776103434], [12.786948982772413, 46.752262737402376], [12.748331379389247, 46.74704227775732], [12.73846164350361, 46.74131498677115], [12.724075172213922, 46.74301118105366], [12.712151560405726, 46.735282420736446], [12.714121300453755, 46.730111781075365], [12.712812604284329, 46.726128251703734], [12.70984474368905, 46.71709215160713], [12.709107577137829, 46.714847251493765], [12.71475111706068, 46.71015066356709], [12.719917574160702, 46.70410207284078], [12.72083842617487, 46.70302382397112], [12.721054171588534, 46.70277119485623], [12.719350494114707, 46.70290281112905], [12.717477750768067, 46.7032496800183], [12.71466817501376, 46.703805634029365], [12.711134344803376, 46.70414324595727], [12.708224196878183, 46.704412794213155], [12.70469450423193, 46.70439311605786], [12.700855917474739, 46.7041573232654], [12.696397902915756, 46.70363220310075], [12.69225313195187, 46.70296584772639], [12.690124150724944, 46.70251229105219], [12.690124150724946, 46.70251229105218], [12.690124150724943, 46.70251229105218], [12.685021394658538, 46.703304189321365], [12.679600453628252, 46.70369781117972], [12.673222875945557, 46.70378528231406], [12.664730472176062, 46.703050037518025], [12.660357165187907, 46.70239598339721], [12.655223283071447, 46.70213435951618], [12.650849976083295, 46.70226517161612], [12.647237244223554, 46.702526794859246], [12.642673793453291, 46.70357327507349], [12.636399048644263, 46.705796977751156], [12.631075022745655, 46.707235795071064], [12.62480027793656, 46.70854377732652], [12.621567833640974, 46.708936165783705], [12.615293088831946, 46.70919775649373], [12.611680356972137, 46.70919775649373], [12.607307049984051, 46.70919775649373], [12.601983024085412, 46.7095901401666], [12.597609717097258, 46.71011331393181], [12.592475834980798, 46.71063648259392], [12.588102527992644, 46.711159646152865], [12.582968645876146, 46.71194438192282], [12.578024907541732, 46.71351381901637], [12.574031888117768, 46.71456008489648], [12.56927829356546, 46.715606330364174], [12.56569730974658, 46.71650941274661], [12.562342006847874, 46.71707621626929], [12.555360164849144, 46.71768922443502], [12.550160920807524, 46.71779139178137], [12.543121639541335, 46.71776414717477], [12.535008838172034, 46.718404391771145], [12.526244398216168, 46.71952820688451], [12.516143009792488, 46.72126496572903], [12.50945826745329, 46.72259303747405], [12.5041264712561, 46.72405969339067], [12.498925094191067, 46.72541388891803], [12.494551787202983, 46.72685217998157], [12.489227761304342, 46.72946715577276], [12.484854454316196, 46.73208200399109], [12.481241722456451, 46.73430452467302], [12.47724870303252, 46.73561184672459], [12.474016258736901, 46.736526953184566], [12.471354245787646, 46.737442044017044], [12.47002323931297, 46.73861856641054], [12.468692232838293, 46.740710097991695], [12.467361226363682, 46.74410866267926], [12.46673545483533, 46.74686169242227], [12.469461988101061, 46.74622913289256], [12.47286736193298, 46.745540945764375], [12.475159114252977, 46.74517749435209], [12.477431993486123, 46.74476816490514], [12.479671738823383, 46.744545148560775], [12.481534913141958, 46.74449944904512], [12.484241365724763, 46.74467491461961], [12.490876764966309, 46.745581823760446], [12.498619841971138, 46.74654417073145], [12.503865991116554, 46.7477257093686], [12.506966615302789, 46.74879605283829], [12.509372483381688, 46.750004079780815], [12.51188568364418, 46.75116965810173], [12.51421764879505, 46.75191437060829], [12.516445191120203, 46.75241627127346], [12.52060203910645, 46.753136860893605], [12.524653503433079, 46.7535610963515], [12.529304918074251, 46.753768924583795], [12.531402135035322, 46.75396645821397], [12.534077504946035, 46.75458067153988], [12.536938508177656, 46.75535647880045], [12.541063961921553, 46.75647514246316], [12.549093598107396, 46.75813836531012], [12.55591741739825, 46.75937606056768], [12.562486921650127, 46.76025448287138], [12.566455991036195, 46.76129340915998], [12.569295936723787, 46.762562622113734], [12.572561392486506, 46.76437031531674], [12.575570627968236, 46.76593811070381], [12.578326959019261, 46.76702797230819], [12.581089294346134, 46.767701167966024], [12.58351027519258, 46.768014905955624], [12.588013367977284, 46.76810430732373], [12.592258291355893, 46.76807279193798], [12.596152628856414, 46.76833642171421], [12.600533388695, 46.76916523989555], [12.602569646086684, 46.76968988234124], [12.606535983038496, 46.77071167565248], [12.610137242697864, 46.7716268405244], [12.614365031736995, 46.77262526145535], [12.618098639088146, 46.773277554586706], [12.626640373655782, 46.77510276340033], [12.631118988429156, 46.77604498912586], [12.637501557410154, 46.777684476733725], [12.641896670867284, 46.778682896009904], [12.645463224279773, 46.77944753281284], [12.649194012006403, 46.78038446969421], [12.6550005553043, 46.781619494415125], [12.658318700676853, 46.78232508902589], [12.660395117790959, 46.782566066794054], [12.66255688993943, 46.78263609935573], [12.665799917575287, 46.78271250365454], [12.669457393324656, 46.78290553523095], [12.673944506468988, 46.78327472349034], [12.67942626252041, 46.783935204122784], [12.684741801853594, 46.784594461272505], [12.689559793306795, 46.785136348457726], [12.694705787792566, 46.7860798580085], [12.698499253792718, 46.78729116898004], [12.701337653391427, 46.78800283004734], [12.705731434713623, 46.78928444097828], [12.709877881364456, 46.79039309672783], [12.713860790783517, 46.79127214761007], [12.71958814445031, 46.792389130454985], [12.72340891883177, 46.79292413133256], [12.726731932597557, 46.793342046499895], [12.729637745416369, 46.79387190411385], [12.731544018848675, 46.79451062581171], [12.733362627121325, 46.79554881439683], [12.734943169555288, 46.79648411457558], [12.7367523905178, 46.79745237816516], [12.739153588521235, 46.798493557497345], [12.739877466043138, 46.7987404681264], [12.74398090917888, 46.80021029306446], [12.746619154155367, 46.80123854504637], [12.749471310886763, 46.803050178994894], [12.752751291127918, 46.805694075123384], [12.754961712594746, 46.80858262697183], [12.757029526224967, 46.81279277889899], [12.758653260567048, 46.815615197509594], [12.76038081038436, 46.818617907304144], [12.762805143606032, 46.82243571419431], [12.76494426115459, 46.82458922850246], [12.767439898294565, 46.82586171888139], [12.770791182453959, 46.82723205923772], [12.773714643103663, 46.82806403444616], [12.77529505073113, 46.82833436638244], [12.775964933361902, 46.828456563009304], [12.776724109631315, 46.82846031699647], [12.77678871551606, 46.82846063622571], [12.777832086475739, 46.828197952892566], [12.777878244072685, 46.82817756230488], [12.778964647466806, 46.82769762462092], [12.779919996210337, 46.82723926025522], [12.782103617814562, 46.82604651017655], [12.784980734058147, 46.82454283148079], [12.788160239018262, 46.82312982257393], [12.790163804253826, 46.822544471321635], [12.790464933607891, 46.8224564929522], [12.790706518446784, 46.82240673959237], [12.792724096075693, 46.82199121290799], [12.796241313368654, 46.82144261774879], [12.79703936347883, 46.82135521868856], [12.798845391570145, 46.821157416055826], [12.800365669841145, 46.82086702982719], [12.801068772870028, 46.82065179872184], [12.801507796420793, 46.82051740431258], [12.808854603547486, 46.8182225749094], [12.815243227029557, 46.816226961118964], [12.821103271492683, 46.81483289700994], [12.828752339791551, 46.81304642344068], [12.832542101616882, 46.81224295097444], [12.83622704324494, 46.81125938121014], [12.836285066955094, 46.81123521807622], [12.838942310136384, 46.81012859231734], [12.839543521792395, 46.80976637498741]]]]}}, {"type": "Feature", "properties": {"id": "AT-07-23-01", "start_date": "2025-08-01", "end_date": null}, "geometry": {"type": "MultiPolygon", "coordinates": [[[[11.915617527036003, 47.03266319036142], [11.915366351442815, 47.03323262139782], [11.915095304391302, 47.03365643187927], [11.91495180889344, 47.034167173372], [11.914393770846212, 47.03474311004241], [11.913947340408422, 47.03549290507321], [11.912767488537128, 47.03601449540286], [11.911555748777428, 47.036796871338055], [11.91072666367868, 47.037296716624475], [11.910503448459787, 47.03803560977544], [11.9100410740778, 47.038741895134415], [11.909722195193666, 47.039719813274225], [11.909881634635727, 47.040849829691105], [11.909403316309529, 47.0422188559793], [11.908861222206504, 47.043631306599195], [11.907553818781558, 47.0451089072234], [11.90589564858407, 47.04580423453204], [11.904843348266429, 47.046325724065696], [11.903344617511006, 47.04686893690868], [11.902260429304956, 47.048737546843086], [11.901622671536689, 47.049889099432924], [11.899996389227612, 47.05112753390468], [11.899262967794106, 47.05184450913956], [11.897254030824072, 47.0536694935172], [11.89483055130466, 47.05545096564738], [11.892470847562077, 47.05723237826513], [11.890174919596323, 47.058362023723426], [11.886731027647688, 47.06088191581245], [11.886029494102596, 47.062923809977136], [11.885646839441634, 47.06461808831852], [11.883287135699053, 47.067441765894884], [11.881437638171082, 47.07152497352389], [11.879970795304073, 47.07274118767077], [11.877642979449904, 47.074261416324255], [11.876813894351159, 47.07554271822368], [11.87585725769876, 47.07651996167456], [11.874773069492711, 47.07706286695882], [11.873625105509833, 47.0781486609331], [11.872604693080605, 47.07990760021651], [11.872190150531235, 47.08134076707063], [11.872477141526952, 47.082860750395135], [11.871584280651378, 47.08546633520286], [11.870436316668505, 47.087463863916085], [11.870882747106288, 47.088549445929544], [11.868586819140534, 47.089417895610296], [11.868188220535368, 47.09022119895819], [11.867821509818615, 47.091089621380995], [11.867231583882973, 47.091534682384605], [11.86629089117478, 47.091968884657554], [11.865908236513821, 47.09294582682868], [11.865597329601794, 47.093982451424075], [11.864720412670428, 47.09521986169364], [11.862424484704674, 47.097640326718164], [11.86140407227545, 47.098345822720766], [11.860798202395596, 47.099452889912236], [11.858470386541429, 47.100147508554386], [11.856270122240906, 47.10336000189598], [11.854037970051975, 47.10466230883942], [11.850530302326511, 47.106811045645046], [11.849956320335075, 47.10715830809824], [11.847309625596775, 47.10715830809824], [11.84530068862674, 47.10895969571577], [11.842622106000027, 47.10997973154813], [11.842367002892717, 47.11136868507787], [11.841059599467773, 47.11327843699587], [11.839273877716634, 47.113430346137825], [11.837233052858181, 47.11627313723277], [11.835192227999734, 47.11740153128717], [11.835638658437517, 47.12000542624139], [11.836085088875306, 47.12282616864078], [11.835829985768, 47.12503926181925], [11.83506467644608, 47.127143784630114], [11.83538355533021, 47.12883602092804], [11.83455447023147, 47.130918699387145], [11.833215178918108, 47.133218228781224], [11.835638658437517, 47.13720962861984], [11.836403967759436, 47.14128748859191], [11.837807034849618, 47.144497498765844], [11.837934586403271, 47.14779406422046], [11.840740720583643, 47.1516108846026], [11.844312164085926, 47.155514167394514], [11.845205024961503, 47.15655499438671], [11.848011159141869, 47.1590702421182], [11.851582602644157, 47.16236590374932], [11.852453326229524, 47.16416879061995], [11.856810194436415, 47.16612736815942], [11.862101067441342, 47.16860090236316], [11.863894368318972, 47.17342437206385], [11.86513612828744, 47.180012219509194], [11.867605899429858, 47.19178446467208], [11.868199298330769, 47.19348104887529], [11.869057866947767, 47.195777944200614], [11.870346543705285, 47.19858420452509], [11.87013947910746, 47.20213506553763], [11.869579725091416, 47.20644562548591], [11.869664940942014, 47.210186543241285], [11.870134713324124, 47.21442138323016], [11.871511062684954, 47.21923932495077], [11.873342848704473, 47.222621074220584], [11.875854425258934, 47.22598108486419], [11.877959184958199, 47.228751010182236], [11.879405811028777, 47.23105532415929], [11.88043478621229, 47.233297142770475], [11.882397438799453, 47.23515083376985], [11.886278409948815, 47.237428905477934], [11.889578200431995, 47.23977352702712], [11.892225536343748, 47.24087592001025], [11.893381614041392, 47.24110413306868], [11.896906408642174, 47.241799931542936], [11.897086198406335, 47.24185724470433], [11.897467734798756, 47.23909566580916], [11.897001754710447, 47.23694683477446], [11.896191202430655, 47.23461507223374], [11.894426215960207, 47.232033136771385], [11.892169725291131, 47.228254417742185], [11.892038853018063, 47.22664554217261], [11.892415861395325, 47.225638362636005], [11.893753706507104, 47.22464333787054], [11.897635930331951, 47.223263733634575], [11.9074150977675, 47.22029128906043], [11.91594648071942, 47.218195380488446], [11.924726505402491, 47.21657812931935], [11.93314561415866, 47.21537245120934], [11.939541533714886, 47.214677128143386], [11.945672158501797, 47.2140972654753], [11.948828652463131, 47.21365950582922], [11.95147043813127, 47.21285825498543], [11.954820104497179, 47.211708366752084], [11.959736892254073, 47.210755887705986], [11.964998188039791, 47.209985919294084], [11.96930181512026, 47.209085181996386], [11.972558933567349, 47.20811224712815], [11.976241847932847, 47.20756097904249], [11.979564721741827, 47.20742198807078], [11.983570962562407, 47.207886264149636], [11.991565519910631, 47.20952848422982], [11.997476691010116, 47.210669494640335], [12.003827767737677, 47.21169628620066], [12.007911425493102, 47.212577280989976], [12.012593167695638, 47.214000797082036], [12.019430573010114, 47.21677708881655], [12.026591994667744, 47.21994443222305], [12.034028391713138, 47.22335487205832], [12.037410252337633, 47.224405352909635], [12.041317829268914, 47.225402176866986], [12.044436444766104, 47.22650898180086], [12.047802779250139, 47.22821374343265], [12.050465687853062, 47.23063392641243], [12.052928902932576, 47.23303348483962], [12.0549037697412, 47.23448426936001], [12.058796619626076, 47.23613508380703], [12.063143767162275, 47.23707654157615], [12.068377656959747, 47.23749197184572], [12.074152912743248, 47.237198861565155], [12.079843556110983, 47.23678547973443], [12.085446737337367, 47.23637085615331], [12.090773708133925, 47.23654818260119], [12.094784521194107, 47.236949041010206], [12.098806526830284, 47.23687368850107], [12.102754329351216, 47.23615055604344], [12.102295295925792, 47.23534975869207], [12.09434143313549, 47.221469858702385], [12.086167600429691, 47.215336398999426], [12.089373285806385, 47.20585459436222], [12.08180950027353, 47.194123651354005], [12.086801798721323, 47.16920814807329], [12.098266644119448, 47.14411944251836], [12.110936706205411, 47.13950616587411], [12.114603093032832, 47.12793275616125], [12.128239695829537, 47.10950258523776], [12.12589887346996, 47.09245910613191], [12.13646376551302, 47.08065170090887], [12.134153818012448, 47.077380399200656], [12.11915989462173, 47.07317424506365], [12.098304282101719, 47.077727034807715], [12.081792822173407, 47.06928955690232], [12.076829448926414, 47.05754161504431], [12.04315054022365, 47.060098680059305], [12.035550157060198, 47.05707097601656], [12.030353598919119, 47.04941110839376], [12.021021382989256, 47.046263794693864], [11.998342685684678, 47.048546747243776], [11.98619495268978, 47.046488273288496], [11.979369993786484, 47.049411898863816], [11.968616660386177, 47.040180885989095], [11.955987714074709, 47.042620000834134], [11.946378002857184, 47.03314872731878], [11.932910471058102, 47.037473029000154], [11.915617527036005, 47.032663190361426], [11.915617527036003, 47.03266319036142]]]]}}, {"type": "Feature", "properties": {"id": "AT-07-26-01", "start_date": "2025-08-01", "end_date": null}, "geometry": {"type": "MultiPolygon", "coordinates": [[[[12.644700125896588, 46.99995962444226], [12.643972713797778, 47.002603407765534], [12.643972713797778, 47.005299896772556], [12.644419144235561, 47.00682204820466], [12.6418681131625, 47.0087355484672], [12.639635960973573, 47.011170813297866], [12.639317082089438, 47.01338854716093], [12.64001861563453, 47.01534529467925], [12.638743100098, 47.01664975319245], [12.635618087033496, 47.01812810098524], [12.633768589505529, 47.018519421491014], [12.632237970861691, 47.02043250268012], [12.632461186080581, 47.02175857555137], [12.63281195285313, 47.022628113652466], [12.632684401299477, 47.0233889478734], [12.632780064964715, 47.024606260073355], [12.632429298192168, 47.02549748890439], [12.631504549428183, 47.02558443726202], [12.629973930784345, 47.0256496484373], [12.627869330149071, 47.025758333552396], [12.62643437517047, 47.02582354451525], [12.624712429196157, 47.02597570311874], [12.622767268002946, 47.0263669661076], [12.621077209917042, 47.026714753023455], [12.619163936612244, 47.0267799628179], [12.617888421075715, 47.02660606985566], [12.616612905539187, 47.02695385521366], [12.615609952627226, 47.027384335581594], [12.612681053463978, 47.02793175482153], [12.610460758936998, 47.02760974418383], [12.608051503173687, 47.02754534182319], [12.607413759001044, 47.027223328854376], [12.60436675906508, 47.027352134275006], [12.601981123456305, 47.0282054623362], [12.599666348311155, 47.02791565433578], [12.597115371620582, 47.028269863900384], [12.595887123584381, 47.02931637842767], [12.595225759257197, 47.03020187469359], [12.594021131375538, 47.03070096611524], [12.592840123648417, 47.03147374362475], [12.591611875612216, 47.031747432976175], [12.590407247730557, 47.03110345579768], [12.589155379539813, 47.03063656748436], [12.588919177994388, 47.03008917598472], [12.588848317530767, 47.02825376351662], [12.58750196872185, 47.02601576291996], [12.586935085012827, 47.02456664773898], [12.583581023067817, 47.02157168504027], [12.579423875868365, 47.01931730121413], [12.579093193704773, 47.018029039146796], [12.57767598443223, 47.01661191497255], [12.576083399365912, 47.01564967118255], [12.573723695623329, 47.01460608737686], [12.573787471400157, 47.013084157769626], [12.573532368292849, 47.01199703863797], [12.573149713631889, 47.011062098485766], [12.572543843752037, 47.01047503467649], [12.57139587976916, 47.009714016430685], [12.57015225212104, 47.00895298734149], [12.56849408192355, 47.00812671491009], [12.566867799614474, 47.00738740768951], [12.565050189974915, 47.007148217868505], [12.562818037785988, 47.006669835013284], [12.560075679382445, 47.00580003702753], [12.558736388069088, 47.0056695661081], [12.555994029665547, 47.00519117001055], [12.55497361723632, 47.004364839387286], [12.552996568154699, 47.00427785647286], [12.550955743296246, 47.00414738183566], [12.547639402901266, 47.00392992339885], [12.544323062506287, 47.003060080799706], [12.540942946334482, 47.00188577082477], [12.538264363707766, 47.00053745717017], [12.535649556857877, 46.99884114327301], [12.534118938214041, 46.99697078603907], [12.532715871123857, 46.99536135648029], [12.531872228129478, 46.99436883107331], [12.52841508234611, 47.00808844372852], [12.531932742314778, 47.02057316044612], [12.525467853723638, 47.021938498154896], [12.5184325337862, 47.02681441745081], [12.5161508084011, 47.03435495673774], [12.513964154907042, 47.045403810398106], [12.525848141287861, 47.05924412468052], [12.528129866672959, 47.06931344297083], [12.527559435326692, 47.08477099346389], [12.535099015353817, 47.088610837599596], [12.549455755271067, 47.089023505688196], [12.560895939097428, 47.095883060380146], [12.571240480829545, 47.120706270224495], [12.584985462808106, 47.12673668830776], [12.58976599499494, 47.12883391854356], [12.59229338011574, 47.12493440844351], [12.617468899282988, 47.121739808746675], [12.634404279420465, 47.10987213846582], [12.641261608052728, 47.105066025857916], [12.656133716531496, 47.09999233515465], [12.66538790468032, 47.09315664406683], [12.67620831724166, 47.09048504972824], [12.678396578949494, 47.08825896707852], [12.68820954972856, 47.07827524204829], [12.699935838317947, 47.073231908761265], [12.706958370862028, 47.05677104113389], [12.709445412642447, 47.05261907641229], [12.710777885087404, 47.050394453689336], [12.712547353348546, 47.048023416499184], [12.715401535475632, 47.04595587564713], [12.718246840772062, 47.04463220228687], [12.72064978662568, 47.04390125289362], [12.726024949277539, 47.04308379335409], [12.726319274958644, 47.04303902792337], [12.732852443742706, 47.04277629677603], [12.736492633906328, 47.04264004771766], [12.719150852502242, 47.03290011317098], [12.703056335149688, 47.022983811081396], [12.6897732281538, 47.01593814285149], [12.67924721381693, 47.009135431488865], [12.652088655302876, 47.00343268366282], [12.64470012589659, 46.99995962444226], [12.644700125896588, 46.99995962444226]]]]}}, {"type": "Feature", "properties": {"id": "AT-07-29-01", "start_date": "2025-08-01", "end_date": null}, "geometry": {"type": "MultiPolygon", "coordinates": [[[[12.46673545483533, 46.74686169242227], [12.467361226363682, 46.74410866267926], [12.468692232838293, 46.740710097991695], [12.47002323931297, 46.73861856641054], [12.471354245787646, 46.737442044017044], [12.474016258736901, 46.736526953184566], [12.47724870303252, 46.73561184672459], [12.481241722456451, 46.73430452467302], [12.484854454316196, 46.73208200399109], [12.489227761304342, 46.72946715577276], [12.494551787202983, 46.72685217998157], [12.498925094191067, 46.72541388891803], [12.5041264712561, 46.72405969339067], [12.50945826745329, 46.72259303747405], [12.516143009792488, 46.72126496572903], [12.526244398216168, 46.71952820688451], [12.535008838172034, 46.718404391771145], [12.543121639541335, 46.71776414717477], [12.550160920807524, 46.71779139178137], [12.555360164849144, 46.71768922443502], [12.562342006847874, 46.71707621626929], [12.56569730974658, 46.71650941274661], [12.56927829356546, 46.715606330364174], [12.574031888117768, 46.71456008489648], [12.578024907541732, 46.71351381901637], [12.582968645876146, 46.71194438192282], [12.588102527992644, 46.711159646152865], [12.592475834980798, 46.71063648259392], [12.597609717097258, 46.71011331393181], [12.601983024085412, 46.7095901401666], [12.607307049984051, 46.70919775649373], [12.611680356972137, 46.70919775649373], [12.615293088831946, 46.70919775649373], [12.621567833640974, 46.708936165783705], [12.62480027793656, 46.70854377732652], [12.631075022745655, 46.707235795071064], [12.636399048644263, 46.705796977751156], [12.642673793453291, 46.70357327507349], [12.647237244223554, 46.702526794859246], [12.650849976083295, 46.70226517161612], [12.655223283071447, 46.70213435951618], [12.660357165187907, 46.70239598339721], [12.664730472176062, 46.703050037518025], [12.673222875945557, 46.70378528231406], [12.679600453628252, 46.70369781117972], [12.685021394658538, 46.703304189321365], [12.690124150724943, 46.70251229105218], [12.690124150724946, 46.70251229105218], [12.690381811105604, 46.70114822031543], [12.692614816053212, 46.68932361163732], [12.68652319994509, 46.686041830363244], [12.685325865737617, 46.68014287873032], [12.690312976977385, 46.67515142782125], [12.690602425411496, 46.65743166890885], [12.658881474031304, 46.657392256105254], [12.658134373812697, 46.65715716699647], [12.641925854716693, 46.652055126796256], [12.632427447442076, 46.65617114003915], [12.631118371904478, 46.661425461386955], [12.618766256716293, 46.66178037886048], [12.612571341520777, 46.65797229133993], [12.601354099531305, 46.6565964836219], [12.576595558254505, 46.656668481759866], [12.56920971578403, 46.65141082118688], [12.55701870683802, 46.65648053357945], [12.551243955735579, 46.658881208156934], [12.520264838751775, 46.67719564214406], [12.506348302111682, 46.677869187491375], [12.502265742901804, 46.6807452686519], [12.49597404744646, 46.676822056127705], [12.479931117430375, 46.67724280857982], [12.474185018159279, 46.68681603731548], [12.44644436198772, 46.69011190707473], [12.442498170175734, 46.68841717099426], [12.428165233715808, 46.694988064967994], [12.427311539323293, 46.699119328248436], [12.414841173731851, 46.70046787200124], [12.377689795981706, 46.72211187210104], [12.370530364302075, 46.740808882478994], [12.372938766264149, 46.74132398709903], [12.377673346438288, 46.74242199591468], [12.381542913268417, 46.743000281195926], [12.383366195333304, 46.74321308329073], [12.387822278195609, 46.74358520525166], [12.38907230627108, 46.74368959308382], [12.390223616076934, 46.74375088039859], [12.393847310832422, 46.74394377895021], [12.399354584818095, 46.7439181325327], [12.405167291255756, 46.74425186075146], [12.412632410443628, 46.745170204794206], [12.41958077889325, 46.74594101432755], [12.42631912872688, 46.7468525551587], [12.43025980815073, 46.74731275583455], [12.432961059484525, 46.747334371771345], [12.435769819184493, 46.747142504443126], [12.436013899980507, 46.747100424539205], [12.437183032562166, 46.74689885606106], [12.437749812023812, 46.746801133525096], [12.44143705252909, 46.74604341472987], [12.443074927758673, 46.74592849725484], [12.444321628939894, 46.74593834052459], [12.44660566309007, 46.746051571544314], [12.45020251730616, 46.74636552001167], [12.454284249560487, 46.74668313760901], [12.457237564120843, 46.747013775782925], [12.459264100683344, 46.74715042781152], [12.461341988696267, 46.74716652804141], [12.463602194506294, 46.74717316993717], [12.466680665744434, 46.746874403567965], [12.46673545483533, 46.74686169242227]]]]}}, {"type": "Feature", "properties": {"id": "AT-07-29-03", "start_date": "2025-08-01", "end_date": null}, "geometry": {"type": "MultiPolygon", "coordinates": [[[[12.899914156886338, 46.77704657327826], [12.897203404161642, 46.77783881617658], [12.89618299173241, 46.77828102881911], [12.893743568268782, 46.77912722807268], [12.889677862496065, 46.78060122082018], [12.886361522101067, 46.781643909838884], [12.88361916369751, 46.782997737699986], [12.8807492537403, 46.7846135521946], [12.878325774220874, 46.78657866662537], [12.875200761156357, 46.78976636634743], [12.873351263628374, 46.79129464857578], [12.870800232555299, 46.792691897208975], [12.868153537816983, 46.7941764341351], [12.865634394632318, 46.79496234887012], [12.86193539957636, 46.79618486008893], [12.858108852966746, 46.798629799208], [12.853580772812036, 46.80098731386237], [12.850328208193863, 46.80317010569865], [12.846374110030592, 46.80530915577721], [12.84280266652829, 46.80688064857516], [12.839543521792406, 46.8097663749874], [12.839543521792395, 46.80976637498741], [12.839543521792406, 46.809766374987404], [12.840721227943522, 46.81304486438173], [12.832467784791481, 46.81949575628812], [12.833083339456454, 46.82196778758458], [12.833655520500834, 46.82426553040472], [12.838386700679262, 46.826808715734316], [12.843947768838733, 46.82979784193101], [12.847726823304495, 46.831829023626504], [12.84990076263583, 46.83779658946687], [12.850801759677175, 46.84026967331421], [12.855125122815252, 46.849636462236774], [12.856982474741427, 46.85366000616179], [12.858809760049155, 46.852805688074085], [12.866402978302665, 46.84925499107066], [12.875745537824406, 46.844884929873594], [12.878965359117768, 46.8442256718121], [12.88677712606382, 46.84262576515723], [12.888632821465688, 46.8391538970129], [12.895790198987596, 46.825758457551494], [12.898346729304665, 46.824962123827085], [12.90429052675706, 46.82311037512754], [12.907519479997935, 46.822483781737034], [12.963390872700462, 46.798922514145474], [12.963395345919803, 46.79674700083589], [12.96341638165308, 46.78651406337962], [12.963418703445392, 46.78538437523073], [12.960307087281118, 46.784302875453854], [12.953803946927316, 46.7820421709353], [12.950518124745866, 46.77733965967556], [12.945016505936731, 46.76946393955657], [12.9320491878836, 46.7641948376528], [12.93050453073524, 46.76356701785207], [12.92889422428749, 46.764102246813756], [12.927324528382641, 46.76455882545763], [12.924894854223078, 46.765173375575365], [12.92292105700912, 46.765787846420004], [12.921810853149765, 46.766133447156776], [12.919891741094398, 46.76698345496408], [12.917803578226437, 46.768175627665784], [12.915462708167565, 46.76976678206585], [12.912035661635384, 46.77198232868606], [12.90752677062492, 46.774250814980455], [12.903773387977383, 46.77560781946572], [12.899914156886338, 46.77704657327826]]]]}}, {"type": "Feature", "properties": {"id": "AT-07-23-02", "start_date": "2025-08-01", "end_date": null}, "geometry": {"type": "MultiPolygon", "coordinates": [[[[11.852453326229524, 47.16416879061995], [11.851582602644157, 47.16236590374932], [11.848011159141869, 47.1590702421182], [11.845205024961503, 47.15655499438671], [11.844312164085926, 47.155514167394514], [11.840740720583643, 47.1516108846026], [11.837934586403271, 47.14779406422046], [11.837807034849618, 47.144497498765844], [11.836403967759436, 47.14128748859191], [11.835638658437517, 47.13720962861984], [11.833215178918108, 47.133218228781224], [11.83455447023147, 47.130918699387145], [11.83538355533021, 47.12883602092804], [11.83506467644608, 47.127143784630114], [11.835829985768, 47.12503926181925], [11.836085088875306, 47.12282616864078], [11.835638658437517, 47.12000542624139], [11.835192227999734, 47.11740153128717], [11.837233052858181, 47.11627313723277], [11.839273877716634, 47.113430346137825], [11.841059599467773, 47.11327843699587], [11.842367002892717, 47.11136868507787], [11.842622106000027, 47.10997973154813], [11.84530068862674, 47.10895969571577], [11.847309625596775, 47.10715830809824], [11.849956320335075, 47.10715830809824], [11.850530302326511, 47.106811045645046], [11.854037970051975, 47.10466230883942], [11.856270122240906, 47.10336000189598], [11.858470386541429, 47.100147508554386], [11.860798202395596, 47.099452889912236], [11.86140407227545, 47.098345822720766], [11.862424484704674, 47.097640326718164], [11.864720412670428, 47.09521986169364], [11.865597329601794, 47.093982451424075], [11.865908236513821, 47.09294582682868], [11.86629089117478, 47.091968884657554], [11.867231583882973, 47.091534682384605], [11.867821509818615, 47.091089621380995], [11.868188220535368, 47.09022119895819], [11.868586819140534, 47.089417895610296], [11.870882747106288, 47.088549445929544], [11.870436316668505, 47.087463863916085], [11.871584280651378, 47.08546633520286], [11.872477141526952, 47.082860750395135], [11.872190150531235, 47.08134076707063], [11.872604693080605, 47.07990760021651], [11.873625105509833, 47.0781486609331], [11.874773069492711, 47.07706286695882], [11.87585725769876, 47.07651996167456], [11.876813894351159, 47.07554271822368], [11.877642979449904, 47.074261416324255], [11.879970795304073, 47.07274118767077], [11.881437638171082, 47.07152497352389], [11.883287135699053, 47.067441765894884], [11.885646839441634, 47.06461808831852], [11.886029494102596, 47.062923809977136], [11.886731027647688, 47.06088191581245], [11.890174919596323, 47.058362023723426], [11.892470847562077, 47.05723237826513], [11.89483055130466, 47.05545096564738], [11.897254030824072, 47.0536694935172], [11.899262967794106, 47.05184450913956], [11.899996389227612, 47.05112753390468], [11.901622671536689, 47.049889099432924], [11.902260429304956, 47.048737546843086], [11.903344617511006, 47.04686893690868], [11.904843348266429, 47.046325724065696], [11.90589564858407, 47.04580423453204], [11.907553818781558, 47.0451089072234], [11.908861222206504, 47.043631306599195], [11.909403316309529, 47.0422188559793], [11.909881634635727, 47.040849829691105], [11.909722195193666, 47.039719813274225], [11.9100410740778, 47.038741895134415], [11.910503448459787, 47.03803560977544], [11.91072666367868, 47.037296716624475], [11.911555748777428, 47.036796871338055], [11.912767488537128, 47.03601449540286], [11.913947340408422, 47.03549290507321], [11.914393770846212, 47.03474311004241], [11.91495180889344, 47.034167173372], [11.915095304391302, 47.03365643187927], [11.915366351442815, 47.03323262139782], [11.915617527036003, 47.03266319036142], [11.914236583398269, 47.028688176134466], [11.895285838834765, 47.020616320009346], [11.892688871040615, 47.016454892968696], [11.879713930618871, 47.01620941632894], [11.873932206393187, 47.01022587513337], [11.867247329179095, 47.01133684646141], [11.852284785906345, 47.0002864536264], [11.84507710140083, 47.00180296118514], [11.83616146648942, 46.992998491675976], [11.81344154031337, 46.989768975942916], [11.789336964825173, 46.98995134581367], [11.781634864266335, 46.99243270952094], [11.770365281207212, 46.9829854243153], [11.76511516635524, 46.97340809985379], [11.746891075406412, 46.96905558465654], [11.727391269066011, 46.97264034971331], [11.72433554257989, 46.98050331477342], [11.711467734114002, 46.99330603363367], [11.688345876352749, 46.99551560030164], [11.664393210949262, 46.991883039254915], [11.63500536047094, 47.00304135782645], [11.62708806154433, 47.0133405685431], [11.614618048663324, 47.01269803714799], [11.602201053048562, 47.00649429811264], [11.589868545715278, 47.00545146316379], [11.58110557211909, 47.001832204156585], [11.577856136061301, 46.99551669935974], [11.537764367252372, 46.984115786484594], [11.53296856910484, 46.991263272256674], [11.516310075089764, 46.99952303388222], [11.512505329635575, 47.00528295526714], [11.508027425035017, 47.006058333431874], [11.508027869322392, 47.006058873124275], [11.50658016677801, 47.01331013658322], [11.49868996451642, 47.02611852648161], [11.490294116306737, 47.028820141345314], [11.47987875584363, 47.03692914510523], [11.480703432221912, 47.03762728516832], [11.480984749900351, 47.03786542825246], [11.48265761114753, 47.040235982713426], [11.48390286370066, 47.04288530445252], [11.485498379836265, 47.04748350073852], [11.486093270295989, 47.05200823520917], [11.485981811566733, 47.05520696228858], [11.486584789645164, 47.05950321240149], [11.487179873012192, 47.061627534353114], [11.487605829456372, 47.06380625500088], [11.487654278760795, 47.064082848990786], [11.501334204616116, 47.06312724753551], [11.523581027120999, 47.06910366798114], [11.541275435691619, 47.07074291344773], [11.555798477873944, 47.074384619877236], [11.568567804435613, 47.08313423831169], [11.581530884785023, 47.08830731391866], [11.595663293383875, 47.102028469731614], [11.602508469539202, 47.10582598034151], [11.612348410262538, 47.10387857305327], [11.62962640982622, 47.08834331481475], [11.629863015610942, 47.088138352373], [11.632170899545747, 47.08381610622869], [11.643129903994316, 47.08277785830189], [11.65441772205063, 47.087225314086055], [11.67435423397572, 47.09825364440463], [11.676521936718938, 47.10894168289999], [11.693349661434139, 47.12101329702553], [11.702761778647753, 47.13444459571924], [11.713179137681859, 47.13792463914661], [11.717141782326689, 47.14052723365193], [11.722156444421268, 47.15069385008049], [11.735846796731924, 47.158865238733604], [11.746120202623894, 47.16044072810338], [11.757749526514498, 47.15986341395796], [11.778201324193166, 47.151472132043246], [11.81096477481801, 47.14870057959439], [11.83750708922558, 47.15536009202297], [11.841267533689793, 47.158666863894005], [11.843907342020652, 47.160130141177945], [11.848038851584272, 47.16218431680109], [11.852453326229524, 47.16416879061995]]]]}}, {"type": "Feature", "properties": {"id": "AT-07-26-02", "start_date": "2025-08-01", "end_date": null}, "geometry": {"type": "MultiPolygon", "coordinates": [[[[12.531872228129478, 46.99436883107331], [12.532715871123857, 46.99536135648029], [12.534118938214041, 46.99697078603907], [12.535649556857877, 46.99884114327301], [12.538264363707766, 47.00053745717017], [12.540942946334482, 47.00188577082477], [12.544323062506287, 47.003060080799706], [12.547639402901266, 47.00392992339885], [12.550955743296246, 47.00414738183566], [12.552996568154699, 47.00427785647286], [12.55497361723632, 47.004364839387286], [12.555994029665547, 47.00519117001055], [12.558736388069088, 47.0056695661081], [12.560075679382445, 47.00580003702753], [12.562818037785988, 47.006669835013284], [12.565050189974915, 47.007148217868505], [12.566867799614474, 47.00738740768951], [12.56849408192355, 47.00812671491009], [12.57015225212104, 47.00895298734149], [12.57139587976916, 47.009714016430685], [12.572543843752037, 47.01047503467649], [12.573149713631889, 47.011062098485766], [12.573532368292849, 47.01199703863797], [12.573787471400157, 47.013084157769626], [12.573723695623329, 47.01460608737686], [12.576083399365912, 47.01564967118255], [12.57767598443223, 47.01661191497255], [12.579093193704773, 47.018029039146796], [12.579423875868365, 47.01931730121413], [12.583581023067817, 47.02157168504027], [12.586935085012827, 47.02456664773898], [12.58750196872185, 47.02601576291996], [12.588848317530767, 47.02825376351662], [12.588919177994388, 47.03008917598472], [12.589155379539813, 47.03063656748436], [12.590407247730557, 47.03110345579768], [12.591611875612216, 47.031747432976175], [12.592840123648417, 47.03147374362475], [12.594021131375538, 47.03070096611524], [12.595225759257197, 47.03020187469359], [12.595887123584381, 47.02931637842767], [12.597115371620582, 47.028269863900384], [12.599666348311155, 47.02791565433578], [12.601981123456305, 47.0282054623362], [12.60436675906508, 47.027352134275006], [12.607413759001044, 47.027223328854376], [12.608051503173687, 47.02754534182319], [12.610460758936998, 47.02760974418383], [12.612681053463978, 47.02793175482153], [12.615609952627226, 47.027384335581594], [12.616612905539187, 47.02695385521366], [12.617888421075715, 47.02660606985566], [12.619163936612244, 47.0267799628179], [12.621077209917042, 47.026714753023455], [12.622767268002946, 47.0263669661076], [12.624712429196157, 47.02597570311874], [12.62643437517047, 47.02582354451525], [12.627869330149071, 47.025758333552396], [12.629973930784345, 47.0256496484373], [12.631504549428183, 47.02558443726202], [12.632429298192168, 47.02549748890439], [12.632780064964715, 47.024606260073355], [12.632684401299477, 47.0233889478734], [12.63281195285313, 47.022628113652466], [12.632461186080581, 47.02175857555137], [12.632237970861691, 47.02043250268012], [12.633768589505529, 47.018519421491014], [12.635618087033496, 47.01812810098524], [12.638743100098, 47.01664975319245], [12.64001861563453, 47.01534529467925], [12.639317082089438, 47.01338854716093], [12.639635960973573, 47.011170813297866], [12.6418681131625, 47.0087355484672], [12.644419144235561, 47.00682204820466], [12.643972713797778, 47.005299896772556], [12.643972713797778, 47.002603407765534], [12.644700125896588, 46.99995962444226], [12.63365771262521, 46.98235026047172], [12.634049739010843, 46.97795299996768], [12.630488906842846, 46.96947437995877], [12.618659458228489, 46.95823319466458], [12.614880881366274, 46.95092040570145], [12.598769839941195, 46.93279011036049], [12.591535997700273, 46.92676966189096], [12.590443322450064, 46.92738121529606], [12.588617329211674, 46.92801493719087], [12.585830221228235, 46.92850245306973], [12.583219760348515, 46.92878275376297], [12.580910804520142, 46.9292435624483], [12.579687348067745, 46.92974132911209], [12.578940426910894, 46.93033154496561], [12.57814600703588, 46.93132736487547], [12.577205747990966, 46.93292097480941], [12.576264616923956, 46.934571710675115], [12.575247366934194, 46.935707675738854], [12.573636359447988, 46.93752531299596], [12.572026882603494, 46.93922865996251], [12.571088764843486, 46.94065081805188], [12.570311683743288, 46.94247403055035], [12.569356174080735, 46.945095981697136], [12.568319613592838, 46.94754595918261], [12.567034308664637, 46.94987996350035], [12.565168971276005, 46.95192431811288], [12.562797869136181, 46.954308033008054], [12.558922893411953, 46.956795688446554], [12.55673332246932, 46.958226796801156], [12.554709567056095, 46.959566581438146], [12.553601205006865, 46.96115884604919], [12.552828272952324, 46.96263913713506], [12.55212191140628, 46.96526267030904], [12.551672605742285, 46.96743086149381], [12.551311785954109, 46.969256826772835], [12.551459326604293, 46.970572052131644], [12.551939060710316, 46.97200385137804], [12.552003996867954, 46.97326136577879], [12.551232530923777, 46.97462737870368], [12.549119520116616, 46.97638406951983], [12.547098324439338, 46.97756996623982], [12.546249980394734, 46.97847829703758], [12.545901635074836, 46.979447242520145], [12.545801172819054, 46.980589331085554], [12.545701555526794, 46.9816742860596], [12.545516750436448, 46.98287292655792], [12.54423724893776, 46.984692470265415], [12.541272474000497, 46.987528724390906], [12.537629970965822, 46.99098867323855], [12.536017722297098, 46.992691508107995], [12.53407191010328, 46.993749200358565], [12.5322351597052, 46.99432183818301], [12.531872228129478, 46.99436883107331]]]]}}]}