{"type":"FeatureCollection","features":[{"type":"Feature","properties":{"name":"Absam Breitweg","highway":"bus_stop","public_transport":"platform","bus":"yes","osm":"node/1461930289"},"geometry":{"type":"Point","coordinates":[11.50421,47.292]}},{"type":"Feature","properties":{"name":"Absam Breitweg","highway":"bus_stop","public_transport":"stop_position","bus":"yes","osm":"node/1461930291"},"geometry":{"type":"Point","coordinates":[11.50404,47.29141]}},{"type":"Feature","properties":{"name":"Absam Dorf","highway":"bus_stop","public_transport":"platform","bus":"yes","osm":"node/1379321645"},"geometry":{"type":"Point","coordinates":[11.50508,47.29526]}},{"type":"Feature","properties":{"name":"Absam Dorf","highway":"bus_stop","public_transport":"platform","bus":"yes","osm":"node/1379321646"},"geometry":{"type":"Point","coordinates":[11.50512,47.29534]}},{"type":"Feature","properties":{"name":"Absam Knapp Sägewerk","highway":"bus_stop","public_transport":"platform","bus":"yes","osm":"node/1461930293"},"geometry":{"type":"Point","coordinates":[11.50255,47.28755]}},{"type":"Feature","properties":{"name":"Absam Knapp Sägewerk","highway":"bus_stop","public_transport":"platform","bus":"yes","osm":"node/1461930297"},"geometry":{"type":"Point","coordinates":[11.50312,47.28783]}},{"type":"Feature","properties":{"name":"Abzw. Eismeerstraße","highway":"bus_stop","public_transport":"platform","bus":"yes","osm":"node/11163230835"},"geometry":{"type":"Point","coordinates":[11.51633,47.3009]}},{"type":"Feature","properties":{"name":"Abzw. Eismeerstraße","highway":"bus_stop","public_transport":"platform","bus":"yes","osm":"node/11163230836"},"geometry":{"type":"Point","coordinates":[11.51649,47.30088]}},{"type":"Feature","properties":{"name":"Abzw. Höhenweg","highway":"bus_stop","public_transport":"stop_position","bus":"yes","osm":"node/7747593419"},"geometry":{"type":"Point","coordinates":[11.47992,47.29799]}},{"type":"Feature","properties":{"name":"Abzw. Niedere-Minde-Straße","highway":"bus_stop","public_transport":"platform","bus":"yes","osm":"node/2124487009"},"geometry":{"type":"Point","coordinates":[11.06513,47.31008]}},{"type":"Feature","properties":{"name":"Abzw. Niedere-Minde-Straße","highway":"bus_stop","public_transport":"platform","bus":"yes","osm":"node/2124487016"},"geometry":{"type":"Point","coordinates":[11.06521,47.31025]}},{"type":"Feature","properties":{"name":"Abzw. Sonnensiedlung","highway":"bus_stop","public_transport":"platform","bus":"yes","osm":"node/2124626780"},"geometry":{"type":"Point","coordinates":[11.05965,47.31953]}},{"type":"Feature","properties":{"name":"Abzweigung Baumkirchen","highway":"bus_stop","public_transport":"platform","bus":"yes","osm":"node/1461968567"},"geometry":{"type":"Point","coordinates":[11.55138,47.2841]}},{"type":"Feature","properties":{"name":"Abzweigung Baumkirchen","highway":"bus_stop","public_transport":"platform","bus":"yes","osm":"node/1461968568"},"geometry":{"type":"Point","coordinates":[11.55191,47.28435]}},{"type":"Feature","properties":{"name":"Abzweigung Elferbahn","highway":"bus_stop","public_transport":"platform","bus":"yes","osm":"node/297357677"},"geometry":{"type":"Point","coordinates":[11.30887,47.11132]}},{"type":"Feature","properties":{"name":"Abzweigung Elferbahn","highway":"bus_stop","public_transport":"platform","bus":"yes","osm":"node/3045963993"},"geometry":{"type":"Point","coordinates":[11.3093,47.11142]}},{"type":"Feature","properties":{"name":"Abzweigung Schwimmbad","highway":"bus_stop","public_transport":"platform","bus":"yes","osm":"node/1552056507"},"geometry":{"type":"Point","coordinates":[11.23325,47.27653]}},{"type":"Feature","properties":{"name":"Abzweigung Schwimmbad","highway":"bus_stop","public_transport":"platform","bus":"yes","osm":"node/7839914288"},"geometry":{"type":"Point","coordinates":[11.23546,47.275]}},{"type":"Feature","properties":{"name":"Adolf-Pichler-Weg","highway":"bus_stop","public_transport":"stop_position","bus":"yes","osm":"node/5981133085"},"geometry":{"type":"Point","coordinates":[11.47504,47.30057]}},{"type":"Feature","properties":{"name":"Agenbach","highway":"bus_stop","public_transport":"platform","bus":"yes","osm":"node/2109919570"},"geometry":{"type":"Point","coordinates":[11.46812,47.26387]}},{"type":"Feature","properties":{"name":"Agenbach","highway":"bus_stop","public_transport":"platform","bus":"yes","osm":"node/2109919571"},"geometry":{"type":"Point","coordinates":[11.46822,47.26377]}},{"type":"Feature","properties":{"name":"Aldrans","public_transport":"stop_position","railway":"tram_stop","tram":"yes","osm":"node/288208218"},"geometry":{"type":"Point","coordinates":[11.43498,47.24782]}},{"type":"Feature","properties":{"name":"Aldrans Felseneck","highway":"bus_stop","public_transport":"platform","bus":"yes","osm":"node/291617938"},"geometry":{"type":"Point","coordinates":[11.4408,47.25212]}},{"type":"Feature","properties":{"name":"Aldrans Felseneck","highway":"bus_stop","public_transport":"platform","bus":"yes","osm":"node/564691342"},"geometry":{"type":"Point","coordinates":[11.43872,47.25201]}},{"type":"Feature","properties":{"name":"Aldrans MPREIS","highway":"bus_stop","public_transport":"platform","bus":"yes","osm":"node/6162530933"},"geometry":{"type":"Point","coordinates":[11.44693,47.25167]}},{"type":"Feature","properties":{"name":"Aldrans MPREIS","highway":"bus_stop","public_transport":"platform","bus":"yes","osm":"node/6162530934"},"geometry":{"type":"Point","coordinates":[11.44687,47.25176]}},{"type":"Feature","properties":{"name":"Allerheiligen","highway":"bus_stop","public_transport":"stop_position","bus":"yes","osm":"node/376193779"},"geometry":{"type":"Point","coordinates":[11.35555,47.26829]}},{"type":"Feature","properties":{"name":"Allerheiligenhöfe","highway":"bus_stop","public_transport":"stop_position","bus":"yes","osm":"node/599043018"},"geometry":{"type":"Point","coordinates":[11.35573,47.26957]}},{"type":"Feature","properties":{"name":"Alois-Lugger-Platz","wikidata":"Q116663112","public_transport":"stop_position","railway":"tram_stop","tram":"yes","osm":"node/6221829066"},"geometry":{"type":"Point","coordinates":[11.44342,47.27191]}},{"type":"Feature","properties":{"name":"Alois-Lugger-Platz","wikidata":"Q116663112","public_transport":"stop_position","railway":"tram_stop","tram":"yes","osm":"node/6221829067"},"geometry":{"type":"Point","coordinates":[11.44343,47.27167]}},{"type":"Feature","properties":{"name":"Alois-Lugger-Platz","highway":"bus_stop","osm":"node/12546621815"},"geometry":{"type":"Point","coordinates":[11.4433,47.27184]}},{"type":"Feature","properties":{"name":"Alois-Schrott-Straße","highway":"bus_stop","bus":"yes","osm":"node/2028009858"},"geometry":{"type":"Point","coordinates":[11.42452,47.2818]}},{"type":"Feature","properties":{"name":"Alois-Schrott-Straße","highway":"bus_stop","bus":"yes","osm":"node/2028009870"},"geometry":{"type":"Point","coordinates":[11.42393,47.28222]}},{"type":"Feature","properties":{"name":"Alpenzoo","ele":"662","operator":"Innsbrucker Verkehrsbetriebe","wikidata":"Q116619712","public_transport":"stop_position","railway":"halt","osm":"node/277402873"},"geometry":{"type":"Point","coordinates":[11.40063,47.28237]}},{"type":"Feature","properties":{"name":"Alpenzoo","check_date":"2024-03-24","highway":"bus_stop","public_transport":"stop_position","bus":"yes","osm":"node/734713693"},"geometry":{"type":"Point","coordinates":[11.39893,47.28103]}},{"type":"Feature","properties":{"name":"Alter Zoll","highway":"bus_stop","public_transport":"platform","bus":"yes","osm":"node/1248302216"},"geometry":{"type":"Point","coordinates":[11.51998,47.28075]}},{"type":"Feature","properties":{"name":"Altstadt","ele":"569","operator":"Innsbrucker Verkehrsbetriebe","wikidata":"Q116619718","public_transport":"stop_position","railway":"halt","osm":"node/275808921"},"geometry":{"type":"Point","coordinates":[11.39546,47.27106]}},{"type":"Feature","properties":{"name":"Am Wasserwaal","highway":"bus_stop","public_transport":"platform","bus":"yes","osm":"node/2124620597"},"geometry":{"type":"Point","coordinates":[11.07095,47.32152]}},{"type":"Feature","properties":{"name":"Am Wasserwaal","highway":"bus_stop","public_transport":"platform","bus":"yes","osm":"node/11132668454"},"geometry":{"type":"Point","coordinates":[11.07124,47.32163]}},{"type":"Feature","properties":{"name":"Am Wasserwaal Wendestelle","highway":"bus_stop","public_transport":"platform","bus":"yes","osm":"node/2124620588"},"geometry":{"type":"Point","coordinates":[11.07041,47.32197]}},{"type":"Feature","properties":{"name":"Ampass Häusern Kreisverkehr","operator":"IVB","highway":"bus_stop","public_transport":"platform","bus":"yes","osm":"node/2109920500"},"geometry":{"type":"Point","coordinates":[11.49527,47.27125]}},{"type":"Feature","properties":{"name":"Ampass Häusern Ort","highway":"bus_stop","public_transport":"platform","bus":"yes","osm":"node/6774924863"},"geometry":{"type":"Point","coordinates":[11.49027,47.27061]}},{"type":"Feature","properties":{"name":"Ampass Häusern Ort","highway":"bus_stop","public_transport":"platform","bus":"yes","osm":"node/11520054108"},"geometry":{"type":"Point","coordinates":[11.49297,47.27048]}},{"type":"Feature","properties":{"name":"Amras","wikidata":"Q116677061","public_transport":"stop_position","railway":"tram_stop","tram":"yes","osm":"node/1773746309"},"geometry":{"type":"Point","coordinates":[11.42599,47.25871]}},{"type":"Feature","properties":{"name":"Amras","wikidata":"Q116677061","public_transport":"stop_position","railway":"tram_stop","tram":"yes","osm":"node/3598562244"},"geometry":{"type":"Point","coordinates":[11.42601,47.25868]}},{"type":"Feature","properties":{"name":"Amras Ort","highway":"bus_stop","public_transport":"stop_position","bus":"yes","osm":"node/1464592475"},"geometry":{"type":"Point","coordinates":[11.43108,47.25873]}},{"type":"Feature","properties":{"name":"Amras Ort","highway":"bus_stop","public_transport":"stop_position","bus":"yes","osm":"node/7526716328"},"geometry":{"type":"Point","coordinates":[11.4305,47.25918]}},{"type":"Feature","properties":{"name":"Amraser Straße","highway":"bus_stop","bus":"yes","osm":"node/12837045666"},"geometry":{"type":"Point","coordinates":[11.40836,47.26373]}},{"type":"Feature","properties":{"name":"Amraser Straße","highway":"bus_stop","osm":"node/13045240899"},"geometry":{"type":"Point","coordinates":[11.40952,47.26391]}},{"type":"Feature","properties":{"name":"Andechsstraße","highway":"bus_stop","osm":"node/12559797392"},"geometry":{"type":"Point","coordinates":[11.42329,47.26671]}},{"type":"Feature","properties":{"name":"Andechsstraße","highway":"bus_stop","osm":"node/12559823303"},"geometry":{"type":"Point","coordinates":[11.42301,47.26711]}},{"type":"Feature","properties":{"name":"Andreas-Dipauli-Straße","highway":"bus_stop","osm":"node/2028068092"},"geometry":{"type":"Point","coordinates":[11.33239,47.26681]}},{"type":"Feature","properties":{"name":"Angergasse","description":"Richtung Flughafen","highway":"bus_stop","osm":"node/13255469291"},"geometry":{"type":"Point","coordinates":[11.36734,47.26122]}},{"type":"Feature","properties":{"name":"Angergasse","highway":"bus_stop","osm":"node/13266524357"},"geometry":{"type":"Point","coordinates":[11.36834,47.26131]}},{"type":"Feature","properties":{"name":"Anichstraße/Rathausgalerien","public_transport":"stop_position","railway":"tram_stop","tram":"yes","osm":"node/3674091765"},"geometry":{"type":"Point","coordinates":[11.39307,47.26501]}},{"type":"Feature","properties":{"name":"Anichstraße/Rathausgalerien","public_transport":"stop_position","railway":"tram_stop","tram":"yes","osm":"node/4114940727"},"geometry":{"type":"Point","coordinates":[11.39394,47.26518]}},{"type":"Feature","properties":{"name":"Anichstraße/Rathausgalerien","highway":"bus_stop","osm":"node/13639528072"},"geometry":{"type":"Point","coordinates":[11.39373,47.2651]}},{"type":"Feature","properties":{"name":"Anichstraße/Rathausgalerien","highway":"bus_stop","osm":"node/13639528084"},"geometry":{"type":"Point","coordinates":[11.39327,47.26509]}},{"type":"Feature","properties":{"name":"Anton-Rauch-Straße","highway":"bus_stop","public_transport":"stop_position","bus":"yes","osm":"node/286799482"},"geometry":{"type":"Point","coordinates":[11.40729,47.28201]}},{"type":"Feature","properties":{"name":"Arbeitsmarktservice","highway":"bus_stop","osm":"node/11216086852"},"geometry":{"type":"Point","coordinates":[11.39307,47.25951]}},{"type":"Feature","properties":{"name":"Arthur-Haidl-Promenade","highway":"bus_stop","osm":"node/13270754042"},"geometry":{"type":"Point","coordinates":[11.37906,47.26075]}},{"type":"Feature","properties":{"name":"Arthur-Haidl-Promenade","highway":"bus_stop","osm":"node/13270754058"},"geometry":{"type":"Point","coordinates":[11.37941,47.26085]}},{"type":"Feature","properties":{"name":"Arzbergstraße","highway":"bus_stop","public_transport":"platform","bus":"yes","osm":"node/2124541226"},"geometry":{"type":"Point","coordinates":[11.07761,47.31806]}},{"type":"Feature","properties":{"name":"Arzbergstraße","highway":"bus_stop","public_transport":"platform","bus":"yes","osm":"node/11132668458"},"geometry":{"type":"Point","coordinates":[11.07794,47.31801]}},{"type":"Feature","properties":{"name":"Arzl Ost","highway":"bus_stop","osm":"node/13912443609"},"geometry":{"type":"Point","coordinates":[11.43564,47.28471]}},{"type":"Feature","properties":{"name":"Arzl Ost","highway":"bus_stop","osm":"node/13912443641"},"geometry":{"type":"Point","coordinates":[11.43628,47.28464]}},{"type":"Feature","properties":{"name":"Arzl West","highway":"bus_stop","osm":"node/2028009878"},"geometry":{"type":"Point","coordinates":[11.43199,47.28362]}},{"type":"Feature","properties":{"name":"Arzl West","highway":"bus_stop","osm":"node/2028009880"},"geometry":{"type":"Point","coordinates":[11.43309,47.28376]}},{"type":"Feature","properties":{"name":"Aste","highway":"bus_stop","public_transport":"platform","bus":"yes","osm":"node/291617908"},"geometry":{"type":"Point","coordinates":[11.47122,47.24703]}},{"type":"Feature","properties":{"name":"Aste","highway":"bus_stop","public_transport":"platform","bus":"yes","osm":"node/291617909"},"geometry":{"type":"Point","coordinates":[11.47086,47.24673]}},{"type":"Feature","properties":{"name":"Auferstehungskirche","highway":"bus_stop","public_transport":"platform","bus":"yes","osm":"node/2124288989"},"geometry":{"type":"Point","coordinates":[11.08115,47.3174]}},{"type":"Feature","properties":{"name":"Auferstehungskirche","highway":"bus_stop","public_transport":"platform","bus":"yes","osm":"node/11132668460"},"geometry":{"type":"Point","coordinates":[11.08089,47.31727]}},{"type":"Feature","properties":{"name":"Auweg","highway":"bus_stop","public_transport":"platform","bus":"yes","osm":"node/1461891751"},"geometry":{"type":"Point","coordinates":[11.47054,47.29093]}},{"type":"Feature","properties":{"name":"Auweg","highway":"bus_stop","public_transport":"platform","osm":"node/8072074260"},"geometry":{"type":"Point","coordinates":[11.47093,47.29093]}},{"type":"Feature","properties":{"name":"Auweg","highway":"bus_stop","public_transport":"platform","bus":"yes","osm":"node/8097791618"},"geometry":{"type":"Point","coordinates":[11.59077,47.30418]}},{"type":"Feature","properties":{"name":"Auweg","highway":"bus_stop","public_transport":"platform","bus":"yes","osm":"node/8097791619"},"geometry":{"type":"Point","coordinates":[11.59041,47.30447]}},{"type":"Feature","properties":{"name":"Außerrain","highway":"bus_stop","public_transport":"platform","bus":"yes","osm":"node/2050509035"},"geometry":{"type":"Point","coordinates":[11.32106,47.12037]}},{"type":"Feature","properties":{"name":"Außerrain","highway":"bus_stop","public_transport":"platform","bus":"yes","osm":"node/3045963987"},"geometry":{"type":"Point","coordinates":[11.32124,47.12033]}},{"type":"Feature","properties":{"name":"Axamer Lizum","ele":"1580","public_transport":"station","railway":"station","osm":"node/267118882"},"geometry":{"type":"Point","coordinates":[11.30286,47.19386]}},{"type":"Feature","properties":{"name":"Axams Abzw Birgitzer Alm","highway":"bus_stop","public_transport":"platform","bus":"yes","osm":"node/765320566"},"geometry":{"type":"Point","coordinates":[11.29432,47.21778]}},{"type":"Feature","properties":{"name":"Axams Adelshof","highway":"bus_stop","public_transport":"platform","bus":"yes","osm":"node/765320564"},"geometry":{"type":"Point","coordinates":[11.28797,47.21747]}},{"type":"Feature","properties":{"name":"Axams Adelshof","highway":"bus_stop","public_transport":"platform","bus":"yes","osm":"node/11090338462"},"geometry":{"type":"Point","coordinates":[11.2888,47.21755]}},{"type":"Feature","properties":{"name":"Axams Alpenblick","highway":"bus_stop","public_transport":"platform","bus":"yes","osm":"node/11090338464"},"geometry":{"type":"Point","coordinates":[11.27429,47.24575]}},{"type":"Feature","properties":{"name":"Axams Apotheke","highway":"bus_stop","public_transport":"platform","bus":"yes","osm":"node/11090338485"},"geometry":{"type":"Point","coordinates":[11.28644,47.23106]}},{"type":"Feature","properties":{"name":"Axams Apotheke","highway":"bus_stop","public_transport":"platform","bus":"yes","osm":"node/11090338487"},"geometry":{"type":"Point","coordinates":[11.28638,47.23083]}},{"type":"Feature","properties":{"name":"Axams Axamer Lizum","ele":"1550","highway":"bus_stop","public_transport":"platform","bus":"yes","osm":"node/1074076127"},"geometry":{"type":"Point","coordinates":[11.30302,47.19576]}},{"type":"Feature","properties":{"name":"Axams Dorfplatz","highway":"bus_stop","public_transport":"platform","bus":"yes","osm":"node/11090338474"},"geometry":{"type":"Point","coordinates":[11.27891,47.23041]}},{"type":"Feature","properties":{"name":"Axams Dorfplatz","highway":"bus_stop","public_transport":"platform","bus":"yes","osm":"node/11090338475"},"geometry":{"type":"Point","coordinates":[11.27895,47.23049]}},{"type":"Feature","properties":{"name":"Axams Eibl","highway":"bus_stop","public_transport":"stop_position","bus":"yes","osm":"node/1517701338"},"geometry":{"type":"Point","coordinates":[11.28212,47.2296]}},{"type":"Feature","properties":{"name":"Axams Freizeitzentrum","highway":"bus_stop","public_transport":"platform","bus":"yes","osm":"node/11090338489"},"geometry":{"type":"Point","coordinates":[11.29145,47.23279]}},{"type":"Feature","properties":{"name":"Axams Freizeitzentrum","highway":"bus_stop","public_transport":"platform","bus":"yes","osm":"node/11090338490"},"geometry":{"type":"Point","coordinates":[11.29154,47.23299]}},{"type":"Feature","properties":{"name":"Axams Hoadlstraße","highway":"bus_stop","public_transport":"platform","bus":"yes","osm":"node/11090338478"},"geometry":{"type":"Point","coordinates":[11.27661,47.22611]}},{"type":"Feature","properties":{"name":"Axams Hoadlstraße","highway":"bus_stop","public_transport":"platform","bus":"yes","osm":"node/11090338479"},"geometry":{"type":"Point","coordinates":[11.27693,47.2262]}},{"type":"Feature","properties":{"name":"Axams Knappen","highway":"bus_stop","public_transport":"platform","bus":"yes","osm":"node/11090338480"},"geometry":{"type":"Point","coordinates":[11.27785,47.22299]}},{"type":"Feature","properties":{"name":"Axams Kristen","highway":"bus_stop","public_transport":"platform","bus":"yes","osm":"node/11090338471"},"geometry":{"type":"Point","coordinates":[11.28609,47.24199]}},{"type":"Feature","properties":{"name":"Axams Mittelschule","highway":"bus_stop","public_transport":"platform","bus":"yes","osm":"node/2580052090"},"geometry":{"type":"Point","coordinates":[11.27665,47.23407]}},{"type":"Feature","properties":{"name":"Axams Olympiastraße","highway":"bus_stop","public_transport":"platform","bus":"yes","osm":"node/11090338482"},"geometry":{"type":"Point","coordinates":[11.28229,47.22715]}},{"type":"Feature","properties":{"name":"Axams Olympiastraße","highway":"bus_stop","public_transport":"platform","bus":"yes","osm":"node/11090338484"},"geometry":{"type":"Point","coordinates":[11.28211,47.2272]}},{"type":"Feature","properties":{"name":"Axams Pafnitz","highway":"bus_stop","public_transport":"stop_position","bus":"yes","osm":"node/2581709938"},"geometry":{"type":"Point","coordinates":[11.25835,47.22787]}},{"type":"Feature","properties":{"name":"Axams Terminal Kögele","highway":"bus_stop","public_transport":"stop_position","bus":"yes","osm":"node/1517701356"},"geometry":{"type":"Point","coordinates":[11.27227,47.2309]}},{"type":"Feature","properties":{"name":"Axams Terminal Kögele","highway":"bus_stop","public_transport":"stop_position","bus":"yes","osm":"node/1517701360"},"geometry":{"type":"Point","coordinates":[11.27201,47.23106]}},{"type":"Feature","properties":{"name":"Axams Terminal Kögele","highway":"bus_stop","public_transport":"platform","bus":"yes","osm":"node/11090338476"},"geometry":{"type":"Point","coordinates":[11.27229,47.23075]}},{"type":"Feature","properties":{"name":"Axams Terminal Kögele","highway":"bus_stop","public_transport":"platform","bus":"yes","osm":"node/11090338477"},"geometry":{"type":"Point","coordinates":[11.27246,47.23069]}},{"type":"Feature","properties":{"name":"Axams Waldspielplatz","highway":"bus_stop","public_transport":"platform","bus":"yes","osm":"node/11090338465"},"geometry":{"type":"Point","coordinates":[11.28036,47.24432]}},{"type":"Feature","properties":{"name":"Axams Wollbell","highway":"bus_stop","public_transport":"platform","bus":"yes","osm":"node/8065356530"},"geometry":{"type":"Point","coordinates":[11.2759,47.24444]}},{"type":"Feature","properties":{"name":"Axams Wollbell","highway":"bus_stop","public_transport":"platform","bus":"yes","osm":"node/8065356531"},"geometry":{"type":"Point","coordinates":[11.2758,47.24438]}},{"type":"Feature","properties":{"name":"Axams Zifres","highway":"bus_stop","public_transport":"platform","bus":"yes","osm":"node/11090338463"},"geometry":{"type":"Point","coordinates":[11.26913,47.2413]}},{"type":"Feature","properties":{"name":"Axams Zifres","highway":"bus_stop","public_transport":"platform","bus":"yes","osm":"node/11090338473"},"geometry":{"type":"Point","coordinates":[11.27038,47.24135]}},{"type":"Feature","properties":{"name":"Badbichl","highway":"bus_stop","public_transport":"platform","bus":"yes","osm":"node/8097765070"},"geometry":{"type":"Point","coordinates":[11.55798,47.29655]}},{"type":"Feature","properties":{"name":"Badbichl","highway":"bus_stop","public_transport":"platform","bus":"yes","osm":"node/8097765071"},"geometry":{"type":"Point","coordinates":[11.55777,47.29646]}},{"type":"Feature","properties":{"name":"Badgasse/Schwimmbad","highway":"bus_stop","public_transport":"platform","bus":"yes","osm":"node/3667868353"},"geometry":{"type":"Point","coordinates":[11.49807,47.28498]}},{"type":"Feature","properties":{"name":"Badhaussiedlung","highway":"bus_stop","public_transport":"stop_position","bus":"yes","osm":"node/1493771311"},"geometry":{"type":"Point","coordinates":[11.42957,47.22523]}},{"type":"Feature","properties":{"name":"Baggersee","highway":"bus_stop","osm":"node/12478554433"},"geometry":{"type":"Point","coordinates":[11.44178,47.26547]}},{"type":"Feature","properties":{"name":"Baggersee","highway":"bus_stop","osm":"node/12478554439"},"geometry":{"type":"Point","coordinates":[11.44265,47.26559]}},{"type":"Feature","properties":{"name":"Bahnhof","highway":"bus_stop","public_transport":"platform","bus":"yes","osm":"node/11163230845"},"geometry":{"type":"Point","coordinates":[11.50149,47.27739]}},{"type":"Feature","properties":{"name":"Bahnhof","highway":"bus_stop","public_transport":"platform","bus":"yes","osm":"node/11163230867"},"geometry":{"type":"Point","coordinates":[11.50164,47.27744]}},{"type":"Feature","properties":{"name":"Bahnhofstraße/Kreisverkehr","operator":"Zillertaler Verkehrsbetriebe","highway":"bus_stop","public_transport":"platform","bus":"yes","osm":"node/2062408990"},"geometry":{"type":"Point","coordinates":[11.58814,47.29823]}},{"type":"Feature","properties":{"name":"Bahnhofstraße/Kreisverkehr","highway":"bus_stop","public_transport":"platform","bus":"yes","osm":"node/2136108602"},"geometry":{"type":"Point","coordinates":[11.5886,47.29772]}},{"type":"Feature","properties":{"name":"Basilika Wilten","highway":"bus_stop","osm":"node/13848616992"},"geometry":{"type":"Point","coordinates":[11.39868,47.25496]}},{"type":"Feature","properties":{"name":"Basilika Wilten","highway":"bus_stop","osm":"node/13848627107"},"geometry":{"type":"Point","coordinates":[11.3985,47.25478]}},{"type":"Feature","properties":{"name":"Bel Ami","highway":"bus_stop","public_transport":"platform","bus":"yes","osm":"node/8094329783"},"geometry":{"type":"Point","coordinates":[11.35137,47.15327]}},{"type":"Feature","properties":{"name":"Berchtoldshof","highway":"bus_stop","public_transport":"stop_position","bus":"yes","osm":"node/599043020"},"geometry":{"type":"Point","coordinates":[11.3599,47.27012]}},{"type":"Feature","properties":{"name":"Bergisel","wikidata":"Q116642852","public_transport":"stop_position","railway":"tram_stop","tram":"yes","osm":"node/288207743"},"geometry":{"type":"Point","coordinates":[11.39988,47.25299]}},{"type":"Feature","properties":{"name":"Bergisel","wikidata":"Q116642852","public_transport":"stop_position","railway":"tram_stop","tram":"yes","osm":"node/289288964"},"geometry":{"type":"Point","coordinates":[11.39967,47.25284]}},{"type":"Feature","properties":{"name":"Bergiselweg","highway":"bus_stop","osm":"node/7526907679"},"geometry":{"type":"Point","coordinates":[11.39557,47.25018]}},{"type":"Feature","properties":{"name":"Bergiselweg","highway":"bus_stop","osm":"node/7526907681"},"geometry":{"type":"Point","coordinates":[11.39541,47.25013]}},{"type":"Feature","properties":{"name":"Bernhard-Höfel-Straße","highway":"bus_stop","osm":"node/12539489251"},"geometry":{"type":"Point","coordinates":[11.42843,47.2644]}},{"type":"Feature","properties":{"name":"Bernhard-Höfel-Straße","highway":"bus_stop","osm":"node/12539489257"},"geometry":{"type":"Point","coordinates":[11.42902,47.26469]}},{"type":"Feature","properties":{"name":"Bettelwurfsiedlung","highway":"bus_stop","public_transport":"platform","bus":"yes","osm":"node/1379319239"},"geometry":{"type":"Point","coordinates":[11.5192,47.30575]}},{"type":"Feature","properties":{"name":"Bichl","highway":"bus_stop","public_transport":"platform","bus":"yes","osm":"node/2645555744"},"geometry":{"type":"Point","coordinates":[11.3314,47.12348]}},{"type":"Feature","properties":{"name":"Bichl","highway":"bus_stop","public_transport":"platform","bus":"yes","osm":"node/3046000059"},"geometry":{"type":"Point","coordinates":[11.33155,47.1234]}},{"type":"Feature","properties":{"name":"Birgitz Billa","highway":"bus_stop","public_transport":"stop_position","bus":"yes","osm":"node/1517701374"},"geometry":{"type":"Point","coordinates":[11.29635,47.23446]}},{"type":"Feature","properties":{"name":"Birkenbergstraße Mitte","highway":"bus_stop","public_transport":"platform","bus":"yes","osm":"node/2124541227"},"geometry":{"type":"Point","coordinates":[11.08031,47.31494]}},{"type":"Feature","properties":{"name":"Birkenbergstraße Mitte","highway":"bus_stop","public_transport":"platform","bus":"yes","osm":"node/2124541228"},"geometry":{"type":"Point","coordinates":[11.08021,47.31496]}},{"type":"Feature","properties":{"name":"Birkenbergstraße Süd","highway":"bus_stop","public_transport":"platform","bus":"yes","osm":"node/2124541229"},"geometry":{"type":"Point","coordinates":[11.07989,47.31396]}},{"type":"Feature","properties":{"name":"Birkenbergstraße Süd","highway":"bus_stop","public_transport":"platform","bus":"yes","osm":"node/2124541230"},"geometry":{"type":"Point","coordinates":[11.08001,47.31396]}},{"type":"Feature","properties":{"name":"Botanikerstraße","highway":"bus_stop","public_transport":"stop_position","bus":"yes","osm":"node/473417956"},"geometry":{"type":"Point","coordinates":[11.38108,47.2677]}},{"type":"Feature","properties":{"name":"Botanikerstraße","highway":"bus_stop","public_transport":"platform","bus":"yes","osm":"node/8018188640"},"geometry":{"type":"Point","coordinates":[11.38054,47.26753]}},{"type":"Feature","properties":{"name":"Bozner Platz","highway":"bus_stop","osm":"node/13640496975"},"geometry":{"type":"Point","coordinates":[11.39815,47.26512]}},{"type":"Feature","properties":{"name":"Brandjochstraße","highway":"bus_stop","public_transport":"stop_position","bus":"yes","osm":"node/473417957"},"geometry":{"type":"Point","coordinates":[11.38232,47.27053]}},{"type":"Feature","properties":{"name":"Brandjochstraße","highway":"bus_stop","public_transport":"stop_position","bus":"yes","osm":"node/7527143785"},"geometry":{"type":"Point","coordinates":[11.38104,47.26993]}},{"type":"Feature","properties":{"name":"Brantach","highway":"bus_stop","public_transport":"platform","bus":"yes","osm":"node/1377771287"},"geometry":{"type":"Point","coordinates":[11.60053,47.3255]}},{"type":"Feature","properties":{"name":"Brantach","highway":"bus_stop","public_transport":"platform","osm":"node/1377771298"},"geometry":{"type":"Point","coordinates":[11.60002,47.32525]}},{"type":"Feature","properties":{"name":"Brennerstraße/Kreisverkehr","highway":"bus_stop","public_transport":"platform","bus":"yes","osm":"node/1517905599"},"geometry":{"type":"Point","coordinates":[11.38757,47.23837]}},{"type":"Feature","properties":{"name":"Bretterkeller","wikidata":"Q116678715","direction":"backward","public_transport":"stop_position","railway":"tram_stop","tram":"yes","osm":"node/288207779"},"geometry":{"type":"Point","coordinates":[11.40452,47.25283]}},{"type":"Feature","properties":{"name":"Bretterkeller","wikidata":"Q116678715","direction":"forward","public_transport":"stop_position","railway":"tram_stop","tram":"yes","osm":"node/13840025265"},"geometry":{"type":"Point","coordinates":[11.40486,47.25292]}},{"type":"Feature","properties":{"name":"Brixner Straße","highway":"bus_stop","public_transport":"platform","bus":"yes","osm":"node/795912719"},"geometry":{"type":"Point","coordinates":[11.49459,47.28006]}},{"type":"Feature","properties":{"name":"Brixner Straße","highway":"bus_stop","public_transport":"platform","bus":"yes","osm":"node/4541971468"},"geometry":{"type":"Point","coordinates":[11.49403,47.28]}},{"type":"Feature","properties":{"name":"Brockenweg","highway":"bus_stop","public_transport":"platform","bus":"yes","osm":"node/11163230875"},"geometry":{"type":"Point","coordinates":[11.5121,47.27989]}},{"type":"Feature","properties":{"name":"Brockenweg","highway":"bus_stop","public_transport":"platform","bus":"yes","osm":"node/11163230880"},"geometry":{"type":"Point","coordinates":[11.51226,47.27998]}},{"type":"Feature","properties":{"name":"Bruggerhof","highway":"bus_stop","public_transport":"platform","bus":"yes","osm":"node/8094329780"},"geometry":{"type":"Point","coordinates":[11.34928,47.15463]}},{"type":"Feature","properties":{"name":"Brunecker Straße/BFI","highway":"bus_stop","bus":"yes","osm":"node/760741061"},"geometry":{"type":"Point","coordinates":[11.4017,47.26671]}},{"type":"Feature","properties":{"name":"Brunecker Straße/BFI","wikidata":"Q116642853","direction":"forward","public_transport":"stop_position","railway":"tram_stop","tram":"yes","osm":"node/3790696583"},"geometry":{"type":"Point","coordinates":[11.40179,47.26663]}},{"type":"Feature","properties":{"name":"Brunecker Straße/BFI","wikidata":"Q116642853","public_transport":"stop_position","railway":"tram_stop","tram":"yes","osm":"node/3790696584"},"geometry":{"type":"Point","coordinates":[11.40191,47.26693]}},{"type":"Feature","properties":{"name":"Brunecker Straße/BFI","highway":"bus_stop","bus":"yes","osm":"node/13835890112"},"geometry":{"type":"Point","coordinates":[11.40195,47.26695]}},{"type":"Feature","properties":{"name":"Brunnholzstraße","highway":"bus_stop","public_transport":"platform","bus":"yes","osm":"node/11163230812"},"geometry":{"type":"Point","coordinates":[11.52803,47.30811]}},{"type":"Feature","properties":{"name":"Buchen Buchener Höhe","highway":"bus_stop","public_transport":"platform","bus":"yes","osm":"node/2064009829"},"geometry":{"type":"Point","coordinates":[11.11499,47.33398]}},{"type":"Feature","properties":{"name":"Buchen Interalpenhotel","highway":"bus_stop","public_transport":"platform","bus":"yes","osm":"node/2064009830"},"geometry":{"type":"Point","coordinates":[11.12352,47.33085]}},{"type":"Feature","properties":{"name":"Buchen Ropferstub’m","highway":"bus_stop","public_transport":"platform","bus":"yes","osm":"node/2064009831"},"geometry":{"type":"Point","coordinates":[11.10693,47.33486]}},{"type":"Feature","properties":{"name":"Buchen Ropferstub’m","highway":"bus_stop","public_transport":"platform","bus":"yes","osm":"node/2064009832"},"geometry":{"type":"Point","coordinates":[11.10676,47.33499]}},{"type":"Feature","properties":{"name":"Buchener Höhe","highway":"bus_stop","public_transport":"platform","bus":"yes","osm":"node/11091482719"},"geometry":{"type":"Point","coordinates":[11.11508,47.33376]}},{"type":"Feature","properties":{"name":"Bundesbahndirektion","wikidata":"Q116642859","public_transport":"stop_position","railway":"tram_stop","tram":"yes","osm":"node/338126608"},"geometry":{"type":"Point","coordinates":[11.405,47.27285]}},{"type":"Feature","properties":{"name":"Bundesbahndirektion","wikidata":"Q116642859","public_transport":"stop_position","railway":"tram_stop","tram":"yes","osm":"node/4114940728"},"geometry":{"type":"Point","coordinates":[11.40506,47.27306]}},{"type":"Feature","properties":{"name":"Bundesbahndirektion","highway":"bus_stop","osm":"node/13427041174"},"geometry":{"type":"Point","coordinates":[11.40549,47.27349]}},{"type":"Feature","properties":{"name":"Bundesbahndirektion","highway":"bus_stop","osm":"node/13428908082"},"geometry":{"type":"Point","coordinates":[11.40556,47.27335]}},{"type":"Feature","properties":{"name":"Bundesbahndirektion","highway":"bus_stop","osm":"node/13428911871"},"geometry":{"type":"Point","coordinates":[11.40488,47.27291]}},{"type":"Feature","properties":{"name":"Bundesbahndirektion","highway":"bus_stop","osm":"node/13429023508"},"geometry":{"type":"Point","coordinates":[11.40516,47.27301]}},{"type":"Feature","properties":{"name":"Burgenlandstraße","highway":"bus_stop","osm":"node/13895513906"},"geometry":{"type":"Point","coordinates":[11.41471,47.25922]}},{"type":"Feature","properties":{"name":"Burger","highway":"bus_stop","public_transport":"platform","bus":"yes","osm":"node/1379324160"},"geometry":{"type":"Point","coordinates":[11.51411,47.29468]}},{"type":"Feature","properties":{"name":"Burger","highway":"bus_stop","public_transport":"platform","bus":"yes","osm":"node/11163230837"},"geometry":{"type":"Point","coordinates":[11.51497,47.29489]}},{"type":"Feature","properties":{"name":"Burger","highway":"bus_stop","public_transport":"platform","bus":"yes","osm":"node/11163230838"},"geometry":{"type":"Point","coordinates":[11.51511,47.29496]}},{"type":"Feature","properties":{"name":"Bärenweg Ost","highway":"bus_stop","public_transport":"platform","bus":"yes","osm":"node/2124541231"},"geometry":{"type":"Point","coordinates":[11.07955,47.32165]}},{"type":"Feature","properties":{"name":"Bärenweg West","highway":"bus_stop","public_transport":"platform","bus":"yes","osm":"node/2124541232"},"geometry":{"type":"Point","coordinates":[11.07672,47.32106]}},{"type":"Feature","properties":{"name":"Bürgerstraße","direction":"forward","public_transport":"stop_position","railway":"tram_stop","tram":"yes","osm":"node/4114940729"},"geometry":{"type":"Point","coordinates":[11.39046,47.26453]}},{"type":"Feature","properties":{"name":"Bürgerstraße","direction":"forward","public_transport":"stop_position","railway":"tram_stop","tram":"yes","osm":"node/4114940730"},"geometry":{"type":"Point","coordinates":[11.39031,47.26482]}},{"type":"Feature","properties":{"name":"Bürgerstraße","highway":"bus_stop","osm":"node/13647146784"},"geometry":{"type":"Point","coordinates":[11.3904,47.26456]}},{"type":"Feature","properties":{"name":"Bürgerstraße","highway":"bus_stop","osm":"node/13891051648"},"geometry":{"type":"Point","coordinates":[11.39045,47.26469]}},{"type":"Feature","properties":{"name":"Chemieinstitut","highway":"bus_stop","osm":"node/13193916171"},"geometry":{"type":"Point","coordinates":[11.38168,47.26001]}},{"type":"Feature","properties":{"name":"Chemieinstitut","highway":"bus_stop","osm":"node/13193916182"},"geometry":{"type":"Point","coordinates":[11.38196,47.25999]}},{"type":"Feature","properties":{"name":"Chirurgie","highway":"bus_stop","osm":"node/11216086854"},"geometry":{"type":"Point","coordinates":[11.38412,47.26184]}},{"type":"Feature","properties":{"name":"Chirurgie","highway":"bus_stop","osm":"node/11216086908"},"geometry":{"type":"Point","coordinates":[11.38384,47.2619]}},{"type":"Feature","properties":{"name":"Cineplexx","wikidata":"Q116618813","public_transport":"stop_position","railway":"tram_stop","tram":"yes","osm":"node/3712176665"},"geometry":{"type":"Point","coordinates":[11.39561,47.25625]}},{"type":"Feature","properties":{"name":"Cineplexx","wikidata":"Q116618813","public_transport":"stop_position","railway":"tram_stop","tram":"yes","osm":"node/4114940732"},"geometry":{"type":"Point","coordinates":[11.39511,47.25626]}},{"type":"Feature","properties":{"name":"Cineplexx","highway":"bus_stop","osm":"node/14210306518"},"geometry":{"type":"Point","coordinates":[11.39549,47.2562]}},{"type":"Feature","properties":{"name":"Cineplexx","highway":"bus_stop","osm":"node/14210306536"},"geometry":{"type":"Point","coordinates":[11.39522,47.25629]}},{"type":"Feature","properties":{"name":"Claudiaplatz","public_transport":"stop_position","railway":"tram_stop","tram":"yes","osm":"node/1144856392"},"geometry":{"type":"Point","coordinates":[11.40599,47.27601]}},{"type":"Feature","properties":{"name":"Claudiaplatz","public_transport":"stop_position","railway":"tram_stop","tram":"yes","osm":"node/3790696612"},"geometry":{"type":"Point","coordinates":[11.40506,47.27599]}},{"type":"Feature","properties":{"name":"Claudiaplatz","highway":"bus_stop","osm":"node/13426256393"},"geometry":{"type":"Point","coordinates":[11.40497,47.27602]}},{"type":"Feature","properties":{"name":"Claudiaplatz","highway":"bus_stop","osm":"node/13428838854"},"geometry":{"type":"Point","coordinates":[11.40591,47.2759]}},{"type":"Feature","properties":{"name":"Congress/Hofburg","highway":"bus_stop","osm":"node/13369242361"},"geometry":{"type":"Point","coordinates":[11.39544,47.27006]}},{"type":"Feature","properties":{"name":"Congress/Hofburg","highway":"bus_stop","osm":"node/13370203531"},"geometry":{"type":"Point","coordinates":[11.39525,47.27007]}},{"type":"Feature","properties":{"name":"DEZ Nord","highway":"bus_stop","osm":"node/11071846455"},"geometry":{"type":"Point","coordinates":[11.4291,47.2637]}},{"type":"Feature","properties":{"name":"DEZ Ost","highway":"bus_stop","osm":"node/13338817247"},"geometry":{"type":"Point","coordinates":[11.43451,47.26245]}},{"type":"Feature","properties":{"name":"DEZ Süd","highway":"bus_stop","osm":"node/600874567"},"geometry":{"type":"Point","coordinates":[11.43065,47.26196]}},{"type":"Feature","properties":{"name":"DEZ Süd","highway":"bus_stop","osm":"node/13357386481"},"geometry":{"type":"Point","coordinates":[11.43126,47.26224]}},{"type":"Feature","properties":{"name":"DEZ Süd","highway":"bus_stop","osm":"node/13357407828"},"geometry":{"type":"Point","coordinates":[11.43147,47.26212]}},{"type":"Feature","properties":{"name":"Dammstraße","highway":"bus_stop","public_transport":"platform","bus":"yes","osm":"node/2124541233"},"geometry":{"type":"Point","coordinates":[11.08232,47.31842]}},{"type":"Feature","properties":{"name":"Daniel-Swarovski-Straße","highway":"bus_stop","public_transport":"platform","bus":"yes","osm":"node/1379324156"},"geometry":{"type":"Point","coordinates":[11.51948,47.30303]}},{"type":"Feature","properties":{"name":"Danzl","highway":"bus_stop","public_transport":"platform","bus":"yes","osm":"node/27187332"},"geometry":{"type":"Point","coordinates":[11.3928,47.17783]}},{"type":"Feature","properties":{"name":"Danzl","highway":"bus_stop","public_transport":"platform","bus":"yes","osm":"node/3046159898"},"geometry":{"type":"Point","coordinates":[11.39324,47.17809]}},{"type":"Feature","properties":{"name":"Defreggerstraße","wikidata":"Q116663130","public_transport":"stop_position","railway":"tram_stop","tram":"yes","osm":"node/3675088187"},"geometry":{"type":"Point","coordinates":[11.40931,47.26503]}},{"type":"Feature","properties":{"name":"Defreggerstraße","wikidata":"Q116663130","public_transport":"stop_position","railway":"tram_stop","tram":"yes","osm":"node/3790368394"},"geometry":{"type":"Point","coordinates":[11.40919,47.26502]}},{"type":"Feature","properties":{"name":"Defreggerstraße","highway":"bus_stop","osm":"node/12870990638"},"geometry":{"type":"Point","coordinates":[11.40993,47.26454]}},{"type":"Feature","properties":{"name":"Dirschenbach","highway":"bus_stop","public_transport":"platform","bus":"yes","osm":"node/1552056510"},"geometry":{"type":"Point","coordinates":[11.19087,47.28379]}},{"type":"Feature","properties":{"name":"Dirschenbach","highway":"bus_stop","public_transport":"platform","bus":"yes","osm":"node/1552056518"},"geometry":{"type":"Point","coordinates":[11.19007,47.2842]}},{"type":"Feature","properties":{"name":"Donnerhof","highway":"bus_stop","public_transport":"platform","bus":"yes","osm":"node/8094303315"},"geometry":{"type":"Point","coordinates":[11.3496,47.15144]}},{"type":"Feature","properties":{"name":"Dorf","highway":"bus_stop","public_transport":"platform","osm":"node/291617919"},"geometry":{"type":"Point","coordinates":[11.44696,47.23827]}},{"type":"Feature","properties":{"name":"Dorf","highway":"bus_stop","public_transport":"platform","osm":"node/291617921"},"geometry":{"type":"Point","coordinates":[11.44729,47.23839]}},{"type":"Feature","properties":{"name":"Dorf","highway":"bus_stop","public_transport":"platform","bus":"yes","osm":"node/8097765068"},"geometry":{"type":"Point","coordinates":[11.564,47.30023]}},{"type":"Feature","properties":{"name":"Dorf","highway":"bus_stop","public_transport":"platform","bus":"yes","osm":"node/8097765069"},"geometry":{"type":"Point","coordinates":[11.5641,47.30011]}},{"type":"Feature","properties":{"name":"Dorfplatz","highway":"bus_stop","public_transport":"platform","bus":"yes","osm":"node/291617935"},"geometry":{"type":"Point","coordinates":[11.44599,47.25122]}},{"type":"Feature","properties":{"name":"Dorfplatz","highway":"bus_stop","public_transport":"platform","bus":"yes","osm":"node/291617936"},"geometry":{"type":"Point","coordinates":[11.44579,47.25082]}},{"type":"Feature","properties":{"name":"Dorfplatz","highway":"bus_stop","public_transport":"stop_position","bus":"yes","osm":"node/310007086"},"geometry":{"type":"Point","coordinates":[11.31116,47.23611]}},{"type":"Feature","properties":{"name":"Dorfplatz","highway":"bus_stop","public_transport":"stop_position","bus":"yes","osm":"node/1444421433"},"geometry":{"type":"Point","coordinates":[11.30043,47.23575]}},{"type":"Feature","properties":{"name":"Dorfplatz","highway":"bus_stop","public_transport":"platform","bus":"yes","osm":"node/1446579751"},"geometry":{"type":"Point","coordinates":[11.45711,47.28725]}},{"type":"Feature","properties":{"name":"Dorfplatz","highway":"bus_stop","public_transport":"stop_position","bus":"yes","osm":"node/1536546841"},"geometry":{"type":"Point","coordinates":[11.31201,47.23572]}},{"type":"Feature","properties":{"name":"Dorfplatz","highway":"bus_stop","public_transport":"platform","bus":"yes","osm":"node/3032770548"},"geometry":{"type":"Point","coordinates":[11.4571,47.28719]}},{"type":"Feature","properties":{"name":"Dorfplatz","highway":"bus_stop","public_transport":"stop_position","bus":"yes","osm":"node/7698716369"},"geometry":{"type":"Point","coordinates":[11.31121,47.23645]}},{"type":"Feature","properties":{"name":"Dorfplatz","highway":"bus_stop","public_transport":"platform","bus":"yes","osm":"node/8065356577"},"geometry":{"type":"Point","coordinates":[11.30033,47.23578]}},{"type":"Feature","properties":{"name":"Dorfplatz","highway":"bus_stop","public_transport":"platform","bus":"yes","osm":"node/8065356581"},"geometry":{"type":"Point","coordinates":[11.30063,47.23577]}},{"type":"Feature","properties":{"name":"Dr.-Glatz-Straße","wikidata":"Q116677066","public_transport":"stop_position","railway":"tram_stop","tram":"yes","osm":"node/3790471088"},"geometry":{"type":"Point","coordinates":[11.41329,47.26247]}},{"type":"Feature","properties":{"name":"Dr.-Glatz-Straße","wikidata":"Q116677066","public_transport":"stop_position","railway":"tram_stop","tram":"yes","osm":"node/3790471089"},"geometry":{"type":"Point","coordinates":[11.41302,47.26253]}},{"type":"Feature","properties":{"name":"Dr.-Glatz-Straße","highway":"bus_stop","osm":"node/13106953034"},"geometry":{"type":"Point","coordinates":[11.41255,47.26266]}},{"type":"Feature","properties":{"name":"Dr.-Glatz-Straße","highway":"bus_stop","osm":"node/13106953111"},"geometry":{"type":"Point","coordinates":[11.41314,47.26246]}},{"type":"Feature","properties":{"name":"Dr.-Glatz-Straße","highway":"bus_stop","osm":"node/13106953112"},"geometry":{"type":"Point","coordinates":[11.41307,47.26255]}},{"type":"Feature","properties":{"name":"Dr.-Stumpf-Straße","highway":"bus_stop","osm":"node/13285808838"},"geometry":{"type":"Point","coordinates":[11.37343,47.25647]}},{"type":"Feature","properties":{"name":"Dreiheiligenstraße","highway":"bus_stop","osm":"node/13462768648"},"geometry":{"type":"Point","coordinates":[11.40561,47.26893]}},{"type":"Feature","properties":{"name":"Dreiheiligenstraße","highway":"bus_stop","osm":"node/13462768669"},"geometry":{"type":"Point","coordinates":[11.40568,47.26878]}},{"type":"Feature","properties":{"name":"Dreschtennen","highway":"bus_stop","public_transport":"platform","bus":"yes","osm":"node/1291649412"},"geometry":{"type":"Point","coordinates":[11.52857,47.28689]}},{"type":"Feature","properties":{"name":"Dreschtennen","highway":"bus_stop","public_transport":"platform","bus":"yes","osm":"node/1459397207"},"geometry":{"type":"Point","coordinates":[11.52896,47.28687]}},{"type":"Feature","properties":{"name":"Duftbachl","highway":"bus_stop","osm":"node/13370636597"},"geometry":{"type":"Point","coordinates":[11.40941,47.28521]}},{"type":"Feature","properties":{"name":"EKZ West","public_transport":"stop_position","railway":"tram_stop","tram":"yes","osm":"node/412727456"},"geometry":{"type":"Point","coordinates":[11.37294,47.26487]}},{"type":"Feature","properties":{"name":"EKZ West","public_transport":"stop_position","railway":"tram_stop","tram":"yes","osm":"node/2013121442"},"geometry":{"type":"Point","coordinates":[11.3721,47.26489]}},{"type":"Feature","properties":{"name":"EKZ West","highway":"bus_stop","osm":"node/11216086842"},"geometry":{"type":"Point","coordinates":[11.37281,47.26484]}},{"type":"Feature","properties":{"name":"EKZ West","highway":"bus_stop","osm":"node/13273719849"},"geometry":{"type":"Point","coordinates":[11.37225,47.26495]}},{"type":"Feature","properties":{"name":"Eckenried","highway":"bus_stop","osm":"node/13370618637"},"geometry":{"type":"Point","coordinates":[11.40743,47.28433]}},{"type":"Feature","properties":{"name":"Egart","highway":"bus_stop","public_transport":"platform","bus":"yes","osm":"node/1145241586"},"geometry":{"type":"Point","coordinates":[11.07535,47.31866]}},{"type":"Feature","properties":{"name":"Egart","highway":"bus_stop","public_transport":"platform","bus":"yes","osm":"node/11132668456"},"geometry":{"type":"Point","coordinates":[11.0759,47.31834]}},{"type":"Feature","properties":{"name":"Egerdachstraße","highway":"bus_stop","osm":"node/13050483823"},"geometry":{"type":"Point","coordinates":[11.41935,47.26668]}},{"type":"Feature","properties":{"name":"Egerdachstraße","highway":"bus_stop","osm":"node/13050483825"},"geometry":{"type":"Point","coordinates":[11.4197,47.26666]}},{"type":"Feature","properties":{"name":"Eichat Andreas-Hofer-Kaserne","highway":"bus_stop","public_transport":"stop_position","bus":"yes","osm":"node/1345123594"},"geometry":{"type":"Point","coordinates":[11.50495,47.30347]}},{"type":"Feature","properties":{"name":"Eichenweg","highway":"bus_stop","public_transport":"platform","bus":"yes","osm":"node/8097765116"},"geometry":{"type":"Point","coordinates":[11.59463,47.30384]}},{"type":"Feature","properties":{"name":"Eichenweg","highway":"bus_stop","public_transport":"platform","bus":"yes","osm":"node/8097791617"},"geometry":{"type":"Point","coordinates":[11.59412,47.30403]}},{"type":"Feature","properties":{"name":"Eigenhofen","highway":"bus_stop","public_transport":"platform","bus":"yes","osm":"node/1419856487"},"geometry":{"type":"Point","coordinates":[11.20521,47.28126]}},{"type":"Feature","properties":{"name":"Eigenhofen","highway":"bus_stop","public_transport":"platform","bus":"yes","osm":"node/7840085111"},"geometry":{"type":"Point","coordinates":[11.20466,47.28112]}},{"type":"Feature","properties":{"name":"Ellbögen Erlach","highway":"bus_stop","public_transport":"platform","osm":"node/1493810340"},"geometry":{"type":"Point","coordinates":[11.45696,47.1631]}},{"type":"Feature","properties":{"name":"Ellbögen Erlach","highway":"bus_stop","public_transport":"platform","osm":"node/1493810341"},"geometry":{"type":"Point","coordinates":[11.45701,47.16316]}},{"type":"Feature","properties":{"name":"Ellbögen Gattinger","highway":"bus_stop","public_transport":"platform","osm":"node/1493801016"},"geometry":{"type":"Point","coordinates":[11.43379,47.18194]}},{"type":"Feature","properties":{"name":"Ellbögen Gattinger","highway":"bus_stop","public_transport":"platform","osm":"node/1493801019"},"geometry":{"type":"Point","coordinates":[11.43387,47.18173]}},{"type":"Feature","properties":{"name":"Ellbögen Hennenboden","highway":"bus_stop","public_transport":"platform","bus":"yes","osm":"node/1493801025"},"geometry":{"type":"Point","coordinates":[11.426,47.19381]}},{"type":"Feature","properties":{"name":"Ellbögen Hennenboden","highway":"bus_stop","public_transport":"platform","bus":"yes","osm":"node/6774924865"},"geometry":{"type":"Point","coordinates":[11.42568,47.19381]}},{"type":"Feature","properties":{"name":"Ellbögen Hof Zach","highway":"bus_stop","public_transport":"platform","osm":"node/1493801027"},"geometry":{"type":"Point","coordinates":[11.43932,47.17676]}},{"type":"Feature","properties":{"name":"Ellbögen Hof Zach","highway":"bus_stop","public_transport":"platform","osm":"node/1493801030"},"geometry":{"type":"Point","coordinates":[11.43924,47.17628]}},{"type":"Feature","properties":{"name":"Ellbögen Huisn","highway":"bus_stop","public_transport":"stop_position","bus":"yes","osm":"node/567264270"},"geometry":{"type":"Point","coordinates":[11.44342,47.17674]}},{"type":"Feature","properties":{"name":"Ellbögen Lehmgruber Hof","highway":"bus_stop","public_transport":"stop_position","bus":"yes","osm":"node/261976596"},"geometry":{"type":"Point","coordinates":[11.43961,47.18054]}},{"type":"Feature","properties":{"name":"Ellbögen Marxen","highway":"bus_stop","public_transport":"platform","osm":"node/1493810342"},"geometry":{"type":"Point","coordinates":[11.45001,47.16484]}},{"type":"Feature","properties":{"name":"Ellbögen Marxen","highway":"bus_stop","public_transport":"platform","osm":"node/6774924867"},"geometry":{"type":"Point","coordinates":[11.45054,47.1647]}},{"type":"Feature","properties":{"name":"Ellbögen Mühltal","highway":"bus_stop","public_transport":"platform","osm":"node/1493801033"},"geometry":{"type":"Point","coordinates":[11.43701,47.18579]}},{"type":"Feature","properties":{"name":"Ellbögen Mühltal","highway":"bus_stop","public_transport":"platform","osm":"node/1493801035"},"geometry":{"type":"Point","coordinates":[11.43724,47.18577]}},{"type":"Feature","properties":{"name":"Ellbögen Mühltal Eller","highway":"bus_stop","public_transport":"platform","bus":"yes","osm":"node/10932500804"},"geometry":{"type":"Point","coordinates":[11.4366,47.18455]}},{"type":"Feature","properties":{"name":"Ellbögen Mühltal Eller","highway":"bus_stop","public_transport":"platform","bus":"yes","osm":"node/10932504105"},"geometry":{"type":"Point","coordinates":[11.43709,47.18473]}},{"type":"Feature","properties":{"name":"Ellbögen Römerstein","highway":"bus_stop","public_transport":"platform","bus":"yes","osm":"node/13901370382"},"geometry":{"type":"Point","coordinates":[11.44034,47.17441]}},{"type":"Feature","properties":{"name":"Ellbögen Römerstein","highway":"bus_stop","public_transport":"platform","bus":"yes","osm":"node/13901370383"},"geometry":{"type":"Point","coordinates":[11.44031,47.17417]}},{"type":"Feature","properties":{"name":"Ellbögen Spörrnhof","highway":"bus_stop","public_transport":"platform","osm":"node/1493810344"},"geometry":{"type":"Point","coordinates":[11.44265,47.17047]}},{"type":"Feature","properties":{"name":"Ellbögen Spörrnhof","highway":"bus_stop","public_transport":"platform","osm":"node/1493810345"},"geometry":{"type":"Point","coordinates":[11.44254,47.17062]}},{"type":"Feature","properties":{"name":"Ellbögen St. Peter","highway":"bus_stop","public_transport":"platform","osm":"node/1493801036"},"geometry":{"type":"Point","coordinates":[11.43038,47.18568]}},{"type":"Feature","properties":{"name":"Ellbögen St. Peter","highway":"bus_stop","public_transport":"platform","osm":"node/1493801037"},"geometry":{"type":"Point","coordinates":[11.43055,47.18569]}},{"type":"Feature","properties":{"name":"Ellbögen Stoacher Siedlung","highway":"bus_stop","public_transport":"stop_position","bus":"yes","osm":"node/261976623"},"geometry":{"type":"Point","coordinates":[11.44109,47.17899]}},{"type":"Feature","properties":{"name":"Ellbögen Zirbenhof","highway":"bus_stop","public_transport":"stop_position","bus":"yes","osm":"node/1408901561"},"geometry":{"type":"Point","coordinates":[11.44665,47.17397]}},{"type":"Feature","properties":{"name":"Eller Bauer","highway":"bus_stop","public_transport":"platform","bus":"no","osm":"node/11090338466"},"geometry":{"type":"Point","coordinates":[11.28945,47.24378]}},{"type":"Feature","properties":{"name":"Emat-Kapelle","highway":"bus_stop","public_transport":"platform","bus":"yes","osm":"node/2124326451"},"geometry":{"type":"Point","coordinates":[11.0636,47.3126]}},{"type":"Feature","properties":{"name":"Emat-Kapelle","highway":"bus_stop","public_transport":"platform","bus":"yes","osm":"node/2124626781"},"geometry":{"type":"Point","coordinates":[11.06363,47.31271]}},{"type":"Feature","properties":{"name":"Etrichgasse","highway":"bus_stop","osm":"node/12441776970"},"geometry":{"type":"Point","coordinates":[11.43233,47.26776]}},{"type":"Feature","properties":{"name":"Etrichgasse","highway":"bus_stop","osm":"node/12441776998"},"geometry":{"type":"Point","coordinates":[11.43326,47.26797]}},{"type":"Feature","properties":{"name":"Exlgasse","highway":"bus_stop","osm":"node/13270760986"},"geometry":{"type":"Point","coordinates":[11.37107,47.26206]}},{"type":"Feature","properties":{"name":"Exlgasse","highway":"bus_stop","osm":"node/13270796109"},"geometry":{"type":"Point","coordinates":[11.36987,47.26192]}},{"type":"Feature","properties":{"name":"Fagslung","highway":"bus_stop","public_transport":"platform","bus":"yes","osm":"node/291617911"},"geometry":{"type":"Point","coordinates":[11.46242,47.24518]}},{"type":"Feature","properties":{"name":"Fagslung","highway":"bus_stop","public_transport":"platform","bus":"yes","osm":"node/291617913"},"geometry":{"type":"Point","coordinates":[11.46186,47.24486]}},{"type":"Feature","properties":{"name":"Fagslung","highway":"bus_stop","public_transport":"platform","bus":"yes","osm":"node/291617914"},"geometry":{"type":"Point","coordinates":[11.46157,47.24513]}},{"type":"Feature","properties":{"name":"Ferdinand-Weyrer-Straße","highway":"bus_stop","bus":"yes","osm":"node/1461779680"},"geometry":{"type":"Point","coordinates":[11.41032,47.28056]}},{"type":"Feature","properties":{"name":"Ferdinand-Weyrer-Straße","highway":"bus_stop","bus":"yes","osm":"node/1461779684"},"geometry":{"type":"Point","coordinates":[11.40837,47.28085]}},{"type":"Feature","properties":{"name":"Ferdinandeum","highway":"bus_stop","osm":"node/14022286768"},"geometry":{"type":"Point","coordinates":[11.39764,47.26672]}},{"type":"Feature","properties":{"name":"Fernau","highway":"bus_stop","public_transport":"platform","bus":"yes","osm":"node/2050645107"},"geometry":{"type":"Point","coordinates":[11.29776,47.10818]}},{"type":"Feature","properties":{"name":"Fernau","highway":"bus_stop","public_transport":"platform","bus":"yes","osm":"node/3045963988"},"geometry":{"type":"Point","coordinates":[11.29777,47.108]}},{"type":"Feature","properties":{"name":"Finanzamt","highway":"bus_stop","osm":"node/11216086840"},"geometry":{"type":"Point","coordinates":[11.38902,47.2654]}},{"type":"Feature","properties":{"name":"Finanzamt","highway":"bus_stop","osm":"node/11216086909"},"geometry":{"type":"Point","coordinates":[11.38811,47.26546]}},{"type":"Feature","properties":{"name":"Finkenberg","highway":"bus_stop","public_transport":"platform","bus":"yes","osm":"node/8072074224"},"geometry":{"type":"Point","coordinates":[11.5153,47.30405]}},{"type":"Feature","properties":{"name":"Finkenbergweg","highway":"bus_stop","osm":"node/13370618635"},"geometry":{"type":"Point","coordinates":[11.427,47.28745]}},{"type":"Feature","properties":{"name":"Fischerhäuslweg","highway":"bus_stop","osm":"node/13340060550"},"geometry":{"type":"Point","coordinates":[11.36591,47.26069]}},{"type":"Feature","properties":{"name":"Fischerhäuslweg","highway":"bus_stop","osm":"node/13340721640"},"geometry":{"type":"Point","coordinates":[11.36469,47.26046]}},{"type":"Feature","properties":{"name":"Fischnalerstraße","highway":"bus_stop","osm":"node/13273726028"},"geometry":{"type":"Point","coordinates":[11.38028,47.26377]}},{"type":"Feature","properties":{"name":"Fischnalerstraße","highway":"bus_stop","osm":"node/13273726058"},"geometry":{"type":"Point","coordinates":[11.38041,47.26411]}},{"type":"Feature","properties":{"name":"Flaurling","ele":"609","operator":"ÖBB-Infrastruktur AG","wikidata":"Q111044835","railway":"halt","osm":"node/2984789961"},"geometry":{"type":"Point","coordinates":[11.14294,47.28906]}},{"type":"Feature","properties":{"name":"Flaurling Abzw Bahnhof","highway":"bus_stop","public_transport":"platform","bus":"yes","osm":"node/2124611022"},"geometry":{"type":"Point","coordinates":[11.14185,47.28709]}},{"type":"Feature","properties":{"name":"Flaurling Gemeindeamt","highway":"bus_stop","public_transport":"platform","bus":"yes","osm":"node/2124611023"},"geometry":{"type":"Point","coordinates":[11.1244,47.29113]}},{"type":"Feature","properties":{"name":"Flaurling Gemeindeamt","highway":"bus_stop","public_transport":"platform","bus":"yes","osm":"node/2124611024"},"geometry":{"type":"Point","coordinates":[11.12379,47.29175]}},{"type":"Feature","properties":{"name":"Flaurling Kanzing","highway":"bus_stop","public_transport":"platform","bus":"yes","osm":"node/2124611026"},"geometry":{"type":"Point","coordinates":[11.12189,47.29274]}},{"type":"Feature","properties":{"name":"Flughafen","highway":"bus_stop","osm":"node/13333553804"},"geometry":{"type":"Point","coordinates":[11.3515,47.25749]}},{"type":"Feature","properties":{"name":"Flurstraße","highway":"bus_stop","osm":"node/12384125995"},"geometry":{"type":"Point","coordinates":[11.45376,47.27403]}},{"type":"Feature","properties":{"name":"Flurstraße","highway":"bus_stop","osm":"node/12384126040"},"geometry":{"type":"Point","coordinates":[11.45364,47.27411]}},{"type":"Feature","properties":{"name":"Flurstraße","highway":"bus_stop","osm":"node/12385938737"},"geometry":{"type":"Point","coordinates":[11.45378,47.27464]}},{"type":"Feature","properties":{"name":"Forchach","highway":"bus_stop","public_transport":"platform","bus":"yes","osm":"node/4545706889"},"geometry":{"type":"Point","coordinates":[11.35467,47.15448]}},{"type":"Feature","properties":{"name":"Franz-Fischer-Straße","wikidata":"Q116618811","public_transport":"stop_position","railway":"tram_stop","tram":"yes","osm":"node/338170403"},"geometry":{"type":"Point","coordinates":[11.3918,47.25923]}},{"type":"Feature","properties":{"name":"Franz-Fischer-Straße","wikidata":"Q116618811","public_transport":"stop_position","railway":"tram_stop","tram":"yes","osm":"node/4114940731"},"geometry":{"type":"Point","coordinates":[11.39185,47.25944]}},{"type":"Feature","properties":{"name":"Franz-Fischer-Straße","highway":"bus_stop","osm":"node/14143195885"},"geometry":{"type":"Point","coordinates":[11.39189,47.2594]}},{"type":"Feature","properties":{"name":"Franz-Fischer-Straße","highway":"bus_stop","osm":"node/14143195896"},"geometry":{"type":"Point","coordinates":[11.39176,47.25934]}},{"type":"Feature","properties":{"name":"Freibad Tivoli","highway":"bus_stop","osm":"node/13275598834"},"geometry":{"type":"Point","coordinates":[11.40596,47.26145]}},{"type":"Feature","properties":{"name":"Freibad Tivoli","highway":"bus_stop","osm":"node/13275598850"},"geometry":{"type":"Point","coordinates":[11.40656,47.26129]}},{"type":"Feature","properties":{"name":"Freiburger Brücke","highway":"bus_stop","osm":"node/13191167698"},"geometry":{"type":"Point","coordinates":[11.38022,47.25899]}},{"type":"Feature","properties":{"name":"Freiburger Brücke","highway":"bus_stop","osm":"node/13191343803"},"geometry":{"type":"Point","coordinates":[11.38006,47.25861]}},{"type":"Feature","properties":{"name":"Freiburger Brücke","highway":"bus_stop","osm":"node/14178079270"},"geometry":{"type":"Point","coordinates":[11.38121,47.25822]}},{"type":"Feature","properties":{"name":"Freizeitzentrum","highway":"bus_stop","public_transport":"platform","osm":"node/291617929"},"geometry":{"type":"Point","coordinates":[11.43757,47.24386]}},{"type":"Feature","properties":{"name":"Freizeitzentrum","highway":"bus_stop","public_transport":"platform","osm":"node/291617930"},"geometry":{"type":"Point","coordinates":[11.43792,47.24392]}},{"type":"Feature","properties":{"name":"Freizeitzentrum","highway":"bus_stop","public_transport":"platform","bus":"yes","osm":"node/2050645113"},"geometry":{"type":"Point","coordinates":[11.3041,47.10731]}},{"type":"Feature","properties":{"name":"Freizeitzentrum","highway":"bus_stop","public_transport":"platform","bus":"yes","osm":"node/3046145592"},"geometry":{"type":"Point","coordinates":[11.30431,47.10726]}},{"type":"Feature","properties":{"name":"Friedhof","highway":"bus_stop","public_transport":"platform","bus":"yes","osm":"node/11163230825"},"geometry":{"type":"Point","coordinates":[11.50923,47.28781]}},{"type":"Feature","properties":{"name":"Fritzens-Wattens","operator":"ÖBB-Infrastruktur AG","wikidata":"Q72808118","public_transport":"station","railway":"station","osm":"node/3002744263"},"geometry":{"type":"Point","coordinates":[11.58893,47.30215]}},{"type":"Feature","properties":{"name":"Fritzens-Wattens Bahnhof","highway":"bus_stop","public_transport":"platform","bus":"yes","osm":"node/3672204588"},"geometry":{"type":"Point","coordinates":[11.5881,47.30195]}},{"type":"Feature","properties":{"name":"Fulpmes","ele":"936.25","operator":"IVB","public_transport":"station","railway":"station","tram":"yes","osm":"node/3045924513"},"geometry":{"type":"Point","coordinates":[11.35242,47.15561]}},{"type":"Feature","properties":{"name":"Fulpmes Bahnhof","highway":"bus_stop","public_transport":"platform","bus":"yes","osm":"node/8081468753"},"geometry":{"type":"Point","coordinates":[11.35195,47.15544]}},{"type":"Feature","properties":{"name":"Fulpmes Bahnhof","highway":"bus_stop","public_transport":"platform","bus":"yes","osm":"node/8081468754"},"geometry":{"type":"Point","coordinates":[11.35209,47.15542]}},{"type":"Feature","properties":{"name":"Fulpmes Brücke","operator":"IVB","highway":"bus_stop","public_transport":"platform","bus":"yes","osm":"node/297357662"},"geometry":{"type":"Point","coordinates":[11.35119,47.14981]}},{"type":"Feature","properties":{"name":"Fulpmes Brücke","operator":"IVB","highway":"bus_stop","public_transport":"platform","bus":"yes","osm":"node/3046060834"},"geometry":{"type":"Point","coordinates":[11.35218,47.15011]}},{"type":"Feature","properties":{"name":"Fulpmes HTL","highway":"bus_stop","public_transport":"platform","bus":"yes","osm":"node/5975999381"},"geometry":{"type":"Point","coordinates":[11.35122,47.15022]}},{"type":"Feature","properties":{"name":"Fulpmes HTL","highway":"bus_stop","public_transport":"platform","bus":"yes","osm":"node/5975999687"},"geometry":{"type":"Point","coordinates":[11.35113,47.15047]}},{"type":"Feature","properties":{"name":"Fulpmes Jagerhäusl","operator":"IVB","highway":"bus_stop","public_transport":"platform","bus":"yes","osm":"node/27187575"},"geometry":{"type":"Point","coordinates":[11.35672,47.15336]}},{"type":"Feature","properties":{"name":"Fulpmes Jagerhäusl","operator":"IVB","highway":"bus_stop","public_transport":"platform","bus":"yes","osm":"node/940169474"},"geometry":{"type":"Point","coordinates":[11.35748,47.1539]}},{"type":"Feature","properties":{"name":"Fulpmes Kohlstatt","operator":"IVB","highway":"bus_stop","public_transport":"platform","bus":"yes","osm":"node/1327754923"},"geometry":{"type":"Point","coordinates":[11.35128,47.1476]}},{"type":"Feature","properties":{"name":"Fulpmes Kohlstatt","operator":"IVB","highway":"bus_stop","public_transport":"platform","bus":"yes","osm":"node/3046060429"},"geometry":{"type":"Point","coordinates":[11.35132,47.14746]}},{"type":"Feature","properties":{"name":"Fulpmes Schlick 2000","highway":"bus_stop","public_transport":"platform","bus":"yes","osm":"node/8091509040"},"geometry":{"type":"Point","coordinates":[11.34352,47.1555]}},{"type":"Feature","properties":{"name":"Fulpmes Schlick 2000 Parkplatz","highway":"bus_stop","public_transport":"platform","bus":"yes","osm":"node/8091509038"},"geometry":{"type":"Point","coordinates":[11.34638,47.15644]}},{"type":"Feature","properties":{"name":"Fulpmes Schlick 2000 Parkplatz","highway":"bus_stop","public_transport":"platform","bus":"yes","osm":"node/8091509039"},"geometry":{"type":"Point","coordinates":[11.34669,47.15612]}},{"type":"Feature","properties":{"name":"Föhrenwald","highway":"bus_stop","public_transport":"platform","bus":"yes","osm":"node/1379324163"},"geometry":{"type":"Point","coordinates":[11.51858,47.29991]}},{"type":"Feature","properties":{"name":"Föhrenweg","highway":"bus_stop","public_transport":"stop_position","bus":"yes","osm":"node/5981132810"},"geometry":{"type":"Point","coordinates":[11.47794,47.30091]}},{"type":"Feature","properties":{"name":"Föhrenweg","highway":"bus_stop","public_transport":"platform","osm":"node/11090338467"},"geometry":{"type":"Point","coordinates":[11.29636,47.24548]}},{"type":"Feature","properties":{"name":"Fürstenweg","public_transport":"stop_position","railway":"tram_stop","tram":"yes","osm":"node/287054150"},"geometry":{"type":"Point","coordinates":[11.38364,47.26596]}},{"type":"Feature","properties":{"name":"Fürstenweg","public_transport":"stop_position","railway":"tram_stop","tram":"yes","osm":"node/337806188"},"geometry":{"type":"Point","coordinates":[11.38287,47.26601]}},{"type":"Feature","properties":{"name":"Fürstenweg","highway":"bus_stop","public_transport":"stop_position","bus":"yes","osm":"node/4041725977"},"geometry":{"type":"Point","coordinates":[11.3837,47.26588]}},{"type":"Feature","properties":{"name":"Fürstenweg","check_date":"2024-03-24","highway":"bus_stop","public_transport":"stop_position","bus":"yes","osm":"node/4041725979"},"geometry":{"type":"Point","coordinates":[11.384,47.26638]}},{"type":"Feature","properties":{"name":"Fürstenweg","highway":"bus_stop","osm":"node/11216086841"},"geometry":{"type":"Point","coordinates":[11.38272,47.26596]}},{"type":"Feature","properties":{"name":"Fürstenweg","highway":"bus_stop","osm":"node/13190218721"},"geometry":{"type":"Point","coordinates":[11.38172,47.26535]}},{"type":"Feature","properties":{"name":"Fürstenweg","highway":"bus_stop","osm":"node/13903797782"},"geometry":{"type":"Point","coordinates":[11.38296,47.26621]}},{"type":"Feature","properties":{"name":"Fürstenweg","highway":"bus_stop","osm":"node/13903924510"},"geometry":{"type":"Point","coordinates":[11.38457,47.26676]}},{"type":"Feature","properties":{"name":"Gabelsbergerstraße","wikidata":"Q116663128","public_transport":"stop_position","railway":"tram_stop","tram":"yes","osm":"node/4449721000"},"geometry":{"type":"Point","coordinates":[11.41194,47.26581]}},{"type":"Feature","properties":{"name":"Gabelsbergerstraße","wikidata":"Q116663128","public_transport":"stop_position","railway":"tram_stop","tram":"yes","osm":"node/8092046015"},"geometry":{"type":"Point","coordinates":[11.41271,47.26602]}},{"type":"Feature","properties":{"name":"Gabelsbergerstraße","highway":"bus_stop","osm":"node/13238675318"},"geometry":{"type":"Point","coordinates":[11.41262,47.26596]}},{"type":"Feature","properties":{"name":"Gabelsbergerstraße","highway":"bus_stop","osm":"node/13238675319"},"geometry":{"type":"Point","coordinates":[11.41211,47.2659]}},{"type":"Feature","properties":{"name":"Galgenfeldstraße","highway":"bus_stop","public_transport":"platform","bus":"yes","osm":"node/1519456228"},"geometry":{"type":"Point","coordinates":[11.52052,47.28172]}},{"type":"Feature","properties":{"name":"Gasthaus Martina","highway":"bus_stop","public_transport":"platform","bus":"yes","osm":"node/1552056488"},"geometry":{"type":"Point","coordinates":[11.07965,47.31308]}},{"type":"Feature","properties":{"name":"Gasthaus Martina","highway":"bus_stop","public_transport":"platform","bus":"yes","osm":"node/8063319409"},"geometry":{"type":"Point","coordinates":[11.08137,47.31349]}},{"type":"Feature","properties":{"name":"Gasthaus Neuwirt","highway":"bus_stop","public_transport":"platform","bus":"yes","osm":"node/287711135"},"geometry":{"type":"Point","coordinates":[11.52987,47.25693]}},{"type":"Feature","properties":{"name":"Gasthaus Neuwirt","highway":"bus_stop","public_transport":"platform","bus":"yes","osm":"node/287711137"},"geometry":{"type":"Point","coordinates":[11.53004,47.25678]}},{"type":"Feature","properties":{"name":"Gasthaus Zegger","highway":"bus_stop","public_transport":"stop_position","bus":"yes","osm":"node/2971886987"},"geometry":{"type":"Point","coordinates":[11.32603,47.12149]}},{"type":"Feature","properties":{"name":"Gemeindeamt","highway":"bus_stop","public_transport":"platform","bus":"yes","osm":"node/287711133"},"geometry":{"type":"Point","coordinates":[11.53399,47.25879]}},{"type":"Feature","properties":{"name":"Gemeindeamt","highway":"bus_stop","public_transport":"platform","bus":"yes","osm":"node/293906535"},"geometry":{"type":"Point","coordinates":[11.38077,47.16953]}},{"type":"Feature","properties":{"name":"Gemeindeamt","highway":"bus_stop","public_transport":"platform","bus":"yes","osm":"node/1461968569"},"geometry":{"type":"Point","coordinates":[11.56465,47.28731]}},{"type":"Feature","properties":{"name":"Gemeindeamt","highway":"bus_stop","public_transport":"platform","bus":"yes","osm":"node/1461968571"},"geometry":{"type":"Point","coordinates":[11.56577,47.28738]}},{"type":"Feature","properties":{"name":"Gemeindeamt","highway":"bus_stop","public_transport":"platform","bus":"yes","osm":"node/2110007282"},"geometry":{"type":"Point","coordinates":[11.53421,47.2591]}},{"type":"Feature","properties":{"name":"Gemeindeamt","highway":"bus_stop","public_transport":"platform","bus":"yes","osm":"node/3046159899"},"geometry":{"type":"Point","coordinates":[11.38147,47.16986]}},{"type":"Feature","properties":{"name":"Gemeindeamt","highway":"bus_stop","public_transport":"platform","bus":"yes","osm":"node/3672204585"},"geometry":{"type":"Point","coordinates":[11.58914,47.30646]}},{"type":"Feature","properties":{"name":"Gertrud-Fussenegger-Straße","highway":"bus_stop","public_transport":"platform","bus":"yes","osm":"node/7441244346"},"geometry":{"type":"Point","coordinates":[11.07025,47.3142]}},{"type":"Feature","properties":{"name":"Gewerbepark","highway":"bus_stop","public_transport":"platform","bus":"yes","osm":"node/297357670"},"geometry":{"type":"Point","coordinates":[11.36568,47.15738]}},{"type":"Feature","properties":{"name":"Gewerbepark","highway":"bus_stop","public_transport":"platform","bus":"yes","osm":"node/3046159901"},"geometry":{"type":"Point","coordinates":[11.36535,47.15725]}},{"type":"Feature","properties":{"name":"Geyrstraße","highway":"bus_stop","osm":"node/13357794582"},"geometry":{"type":"Point","coordinates":[11.42689,47.2609]}},{"type":"Feature","properties":{"name":"Geyrstraße","highway":"bus_stop","osm":"node/13357794584"},"geometry":{"type":"Point","coordinates":[11.42708,47.26097]}},{"type":"Feature","properties":{"name":"Gh Neuleutasch/Skilifte","highway":"bus_stop","public_transport":"platform","bus":"yes","osm":"node/11091754612"},"geometry":{"type":"Point","coordinates":[11.18189,47.35247]}},{"type":"Feature","properties":{"name":"Glashüttenweg","highway":"bus_stop","public_transport":"platform","bus":"yes","osm":"node/11163230885"},"geometry":{"type":"Point","coordinates":[11.51596,47.27731]}},{"type":"Feature","properties":{"name":"Glashüttenweg","highway":"bus_stop","public_transport":"platform","bus":"yes","osm":"node/11163230886"},"geometry":{"type":"Point","coordinates":[11.51609,47.27737]}},{"type":"Feature","properties":{"name":"Gletscherblick","highway":"bus_stop","public_transport":"platform","bus":"yes","osm":"node/1493738625"},"geometry":{"type":"Point","coordinates":[11.40951,47.22584]}},{"type":"Feature","properties":{"name":"Gletscherblick","highway":"bus_stop","public_transport":"platform","bus":"yes","osm":"node/1493738627"},"geometry":{"type":"Point","coordinates":[11.40915,47.22639]}},{"type":"Feature","properties":{"name":"Gluirschegg","highway":"bus_stop","public_transport":"platform","bus":"yes","osm":"node/2028102667"},"geometry":{"type":"Point","coordinates":[11.40132,47.24255]}},{"type":"Feature","properties":{"name":"Gluirschegg","highway":"bus_stop","public_transport":"platform","bus":"yes","osm":"node/2028102671"},"geometry":{"type":"Point","coordinates":[11.40141,47.24347]}},{"type":"Feature","properties":{"name":"Grabenweg","highway":"bus_stop","osm":"node/12478468472"},"geometry":{"type":"Point","coordinates":[11.43877,47.26491]}},{"type":"Feature","properties":{"name":"Grabenweg","highway":"bus_stop","osm":"node/12478468479"},"geometry":{"type":"Point","coordinates":[11.43892,47.26503]}},{"type":"Feature","properties":{"name":"Grauer Stein","highway":"bus_stop","public_transport":"stop_position","bus":"yes","osm":"node/599043005"},"geometry":{"type":"Point","coordinates":[11.36749,47.26807]}},{"type":"Feature","properties":{"name":"Grauer Stein","highway":"bus_stop","public_transport":"stop_position","bus":"yes","osm":"node/1411621505"},"geometry":{"type":"Point","coordinates":[11.36689,47.26817]}},{"type":"Feature","properties":{"name":"Grenobler Brücke","highway":"bus_stop","osm":"node/1461831349"},"geometry":{"type":"Point","coordinates":[11.43331,47.27587]}},{"type":"Feature","properties":{"name":"Gries Funerhöfe","highway":"bus_stop","public_transport":"platform","bus":"yes","osm":"node/11216086896"},"geometry":{"type":"Point","coordinates":[11.15082,47.18257]}},{"type":"Feature","properties":{"name":"Gries Funerhöfe","highway":"bus_stop","public_transport":"platform","bus":"yes","osm":"node/11216086898"},"geometry":{"type":"Point","coordinates":[11.15089,47.1825]}},{"type":"Feature","properties":{"name":"Gries Kirche","highway":"bus_stop","public_transport":"platform","bus":"yes","osm":"node/1075596268"},"geometry":{"type":"Point","coordinates":[11.15623,47.19544]}},{"type":"Feature","properties":{"name":"Gries Kirche","highway":"bus_stop","public_transport":"platform","bus":"yes","osm":"node/2102065723"},"geometry":{"type":"Point","coordinates":[11.15667,47.19517]}},{"type":"Feature","properties":{"name":"Gries Marendabach","highway":"bus_stop","public_transport":"platform","bus":"yes","osm":"node/1782669966"},"geometry":{"type":"Point","coordinates":[11.17281,47.20004]}},{"type":"Feature","properties":{"name":"Gries Marendabach","highway":"bus_stop","public_transport":"platform","bus":"yes","osm":"node/2101999617"},"geometry":{"type":"Point","coordinates":[11.17452,47.20163]}},{"type":"Feature","properties":{"name":"Gries Murenhöfe","highway":"bus_stop","public_transport":"platform","bus":"yes","osm":"node/2102081241"},"geometry":{"type":"Point","coordinates":[11.14563,47.19805]}},{"type":"Feature","properties":{"name":"Gries Murenhöfe","highway":"bus_stop","public_transport":"platform","bus":"yes","osm":"node/2102081243"},"geometry":{"type":"Point","coordinates":[11.14542,47.19821]}},{"type":"Feature","properties":{"name":"Gries Pension Almrausch","highway":"bus_stop","public_transport":"platform","bus":"yes","osm":"node/1782669949"},"geometry":{"type":"Point","coordinates":[11.16599,47.19803]}},{"type":"Feature","properties":{"name":"Gries Pension Almrausch","highway":"bus_stop","public_transport":"platform","bus":"yes","osm":"node/2102065717"},"geometry":{"type":"Point","coordinates":[11.16655,47.19819]}},{"type":"Feature","properties":{"name":"Gries Reichenhöfe","highway":"bus_stop","public_transport":"platform","bus":"yes","osm":"node/2102081248"},"geometry":{"type":"Point","coordinates":[11.15244,47.19062]}},{"type":"Feature","properties":{"name":"Gries i. S. Juifenau","highway":"bus_stop","public_transport":"platform","bus":"yes","osm":"node/1075426295"},"geometry":{"type":"Point","coordinates":[11.14561,47.17594]}},{"type":"Feature","properties":{"name":"Griesauweg","highway":"bus_stop","osm":"node/12542404751"},"geometry":{"type":"Point","coordinates":[11.4383,47.26801]}},{"type":"Feature","properties":{"name":"Griesauweg","highway":"bus_stop","osm":"node/12542404766"},"geometry":{"type":"Point","coordinates":[11.4395,47.26731]}},{"type":"Feature","properties":{"name":"Grinzens Abzw Kemater Alm","highway":"bus_stop","public_transport":"platform","bus":"yes","osm":"node/8065356510"},"geometry":{"type":"Point","coordinates":[11.25499,47.22784]}},{"type":"Feature","properties":{"name":"Grinzens Feuerwehr","highway":"bus_stop","public_transport":"platform","bus":"yes","osm":"node/11212335958"},"geometry":{"type":"Point","coordinates":[11.25148,47.22683]}},{"type":"Feature","properties":{"name":"Grinzens Lenzler","highway":"bus_stop","public_transport":"platform","bus":"yes","osm":"node/11212335965"},"geometry":{"type":"Point","coordinates":[11.23259,47.21989]}},{"type":"Feature","properties":{"name":"Grinzens Lift","highway":"bus_stop","public_transport":"platform","bus":"yes","osm":"node/11212335959"},"geometry":{"type":"Point","coordinates":[11.24878,47.22663]}},{"type":"Feature","properties":{"name":"Grinzens Rauth","highway":"bus_stop","public_transport":"platform","bus":"yes","osm":"node/11212335960"},"geometry":{"type":"Point","coordinates":[11.24539,47.22573]}},{"type":"Feature","properties":{"name":"Grinzens Rögger","highway":"bus_stop","public_transport":"platform","bus":"yes","osm":"node/11212335966"},"geometry":{"type":"Point","coordinates":[11.22988,47.21833]}},{"type":"Feature","properties":{"name":"Grinzens Steinhof","highway":"bus_stop","public_transport":"platform","bus":"yes","osm":"node/11212335961"},"geometry":{"type":"Point","coordinates":[11.24186,47.22461]}},{"type":"Feature","properties":{"name":"Grinzens Tafel","highway":"bus_stop","public_transport":"platform","bus":"yes","osm":"node/11212335963"},"geometry":{"type":"Point","coordinates":[11.23528,47.22191]}},{"type":"Feature","properties":{"name":"Grinzens Wendestelle","highway":"bus_stop","public_transport":"platform","bus":"yes","osm":"node/8065356507"},"geometry":{"type":"Point","coordinates":[11.25402,47.22926]}},{"type":"Feature","properties":{"name":"Großer Gott","highway":"bus_stop","public_transport":"stop_position","bus":"yes","osm":"node/473417951"},"geometry":{"type":"Point","coordinates":[11.37067,47.26836]}},{"type":"Feature","properties":{"name":"Großer Gott","highway":"bus_stop","public_transport":"stop_position","bus":"yes","osm":"node/9118242649"},"geometry":{"type":"Point","coordinates":[11.3709,47.26833]}},{"type":"Feature","properties":{"name":"Gröbenweg/Feuerwehr","highway":"bus_stop","public_transport":"platform","bus":"yes","osm":"node/1325379252"},"geometry":{"type":"Point","coordinates":[11.34669,47.15358]}},{"type":"Feature","properties":{"name":"Gumppstraße","highway":"bus_stop","osm":"node/12563214748"},"geometry":{"type":"Point","coordinates":[11.42278,47.26788]}},{"type":"Feature","properties":{"name":"Gumppstraße","highway":"bus_stop","osm":"node/12563214753"},"geometry":{"type":"Point","coordinates":[11.42293,47.26771]}},{"type":"Feature","properties":{"name":"Gutscher","highway":"bus_stop","public_transport":"platform","osm":"node/1377771300"},"geometry":{"type":"Point","coordinates":[11.56663,47.32162]}},{"type":"Feature","properties":{"name":"Gutscher","highway":"bus_stop","public_transport":"platform","bus":"yes","osm":"node/1377771301"},"geometry":{"type":"Point","coordinates":[11.5659,47.3217]}},{"type":"Feature","properties":{"name":"Gärberbach Brennerstraße","highway":"bus_stop","public_transport":"platform","bus":"yes","osm":"node/2584344708"},"geometry":{"type":"Point","coordinates":[11.38545,47.23218]}},{"type":"Feature","properties":{"name":"Gärberbach Brennerstraße","highway":"bus_stop","public_transport":"platform","bus":"yes","osm":"node/9864573344"},"geometry":{"type":"Point","coordinates":[11.38567,47.23136]}},{"type":"Feature","properties":{"name":"Gärberbach Einräumerhaus","highway":"bus_stop","public_transport":"platform","osm":"node/12077142947"},"geometry":{"type":"Point","coordinates":[11.38758,47.2214]}},{"type":"Feature","properties":{"name":"Gärberbach Einräumerhaus","highway":"bus_stop","public_transport":"platform","osm":"node/12077142948"},"geometry":{"type":"Point","coordinates":[11.38789,47.22126]}},{"type":"Feature","properties":{"name":"Gärberbach Gh Schupfen","highway":"bus_stop","public_transport":"platform","osm":"node/2584344707"},"geometry":{"type":"Point","coordinates":[11.38738,47.21463]}},{"type":"Feature","properties":{"name":"Gärberbach Gh Schupfen","highway":"bus_stop","public_transport":"platform","osm":"node/10881776442"},"geometry":{"type":"Point","coordinates":[11.38744,47.21504]}},{"type":"Feature","properties":{"name":"Götzens Burgstraße","highway":"bus_stop","public_transport":"stop_position","bus":"yes","osm":"node/423776410"},"geometry":{"type":"Point","coordinates":[11.31166,47.23887]}},{"type":"Feature","properties":{"name":"Götznerhof","highway":"bus_stop","public_transport":"stop_position","bus":"yes","osm":"node/7967288118"},"geometry":{"type":"Point","coordinates":[11.30596,47.23694]}},{"type":"Feature","properties":{"name":"Hackenhof","highway":"bus_stop","public_transport":"platform","bus":"yes","osm":"node/291617916"},"geometry":{"type":"Point","coordinates":[11.45673,47.24168]}},{"type":"Feature","properties":{"name":"Hackenhof","highway":"bus_stop","public_transport":"platform","bus":"yes","osm":"node/291617917"},"geometry":{"type":"Point","coordinates":[11.45618,47.24153]}},{"type":"Feature","properties":{"name":"Hafen","highway":"bus_stop","public_transport":"stop_position","bus":"yes","osm":"node/1361026465"},"geometry":{"type":"Point","coordinates":[11.37636,47.25563]}},{"type":"Feature","properties":{"name":"Haidegger","highway":"bus_stop","public_transport":"platform","bus":"yes","osm":"node/291617932"},"geometry":{"type":"Point","coordinates":[11.43946,47.2465]}},{"type":"Feature","properties":{"name":"Haidegger","highway":"bus_stop","public_transport":"platform","bus":"yes","osm":"node/291617933"},"geometry":{"type":"Point","coordinates":[11.43975,47.24662]}},{"type":"Feature","properties":{"name":"Hall i. T. Abzw Bahnhof","highway":"bus_stop","public_transport":"platform","bus":"yes","osm":"node/795912725"},"geometry":{"type":"Point","coordinates":[11.50118,47.27892]}},{"type":"Feature","properties":{"name":"Hall i. T. Alter Zoll","highway":"bus_stop","public_transport":"platform","bus":"yes","osm":"node/289147882"},"geometry":{"type":"Point","coordinates":[11.52095,47.28065]}},{"type":"Feature","properties":{"name":"Hall i. T. Bahnhof","highway":"bus_stop","public_transport":"platform","bus":"yes","osm":"node/1547252796"},"geometry":{"type":"Point","coordinates":[11.50197,47.27749]}},{"type":"Feature","properties":{"name":"Hall i. T. Burgfrieden","highway":"bus_stop","public_transport":"platform","bus":"yes","osm":"node/795912721"},"geometry":{"type":"Point","coordinates":[11.48718,47.27717]}},{"type":"Feature","properties":{"name":"Hall i. T. Burgfrieden","highway":"bus_stop","public_transport":"platform","bus":"yes","osm":"node/795912722"},"geometry":{"type":"Point","coordinates":[11.48732,47.27705]}},{"type":"Feature","properties":{"name":"Hall i. T. Gerbergasse","highway":"bus_stop","public_transport":"platform","bus":"yes","osm":"node/795912718"},"geometry":{"type":"Point","coordinates":[11.50457,47.28016]}},{"type":"Feature","properties":{"name":"Hall i. T. Gh Badl","highway":"bus_stop","public_transport":"platform","bus":"yes","osm":"node/289156508"},"geometry":{"type":"Point","coordinates":[11.5083,47.2763]}},{"type":"Feature","properties":{"name":"Hall i. T. Gh Badl","highway":"bus_stop","public_transport":"platform","bus":"yes","osm":"node/2112848666"},"geometry":{"type":"Point","coordinates":[11.50781,47.27607]}},{"type":"Feature","properties":{"name":"Hall i. T. Kugelanger","highway":"bus_stop","public_transport":"platform","bus":"yes","osm":"node/690797579"},"geometry":{"type":"Point","coordinates":[11.501,47.27981]}},{"type":"Feature","properties":{"name":"Hall i. T. Patergraben","highway":"bus_stop","public_transport":"platform","bus":"yes","osm":"node/1461930302"},"geometry":{"type":"Point","coordinates":[11.50454,47.28311]}},{"type":"Feature","properties":{"name":"Hall i. T. Röhrenwerk","highway":"bus_stop","bus":"yes","osm":"node/11410771480"},"geometry":{"type":"Point","coordinates":[11.49329,47.27785]}},{"type":"Feature","properties":{"name":"Hall i. T. Salzburger Straße","highway":"bus_stop","public_transport":"platform","bus":"yes","osm":"node/11382477054"},"geometry":{"type":"Point","coordinates":[11.51265,47.28069]}},{"type":"Feature","properties":{"name":"Hall i. T. Salzburger Straße","highway":"bus_stop","public_transport":"platform","bus":"yes","osm":"node/11382477055"},"geometry":{"type":"Point","coordinates":[11.51122,47.28077]}},{"type":"Feature","properties":{"name":"Hall i. T. Trientlstraße","highway":"bus_stop","public_transport":"stop_position","bus":"yes","osm":"node/795912720"},"geometry":{"type":"Point","coordinates":[11.48944,47.28003]}},{"type":"Feature","properties":{"name":"Hall i. T. Trientlstraße","highway":"platform","public_transport":"platform","bus":"yes","osm":"node/9154350575"},"geometry":{"type":"Point","coordinates":[11.48938,47.28002]}},{"type":"Feature","properties":{"name":"Hall i.T. Abzw. Bahnhof","highway":"bus_stop","public_transport":"platform","bus":"yes","osm":"node/1383438533"},"geometry":{"type":"Point","coordinates":[11.50036,47.27895]}},{"type":"Feature","properties":{"name":"Hall in Tirol","operator":"ÖBB-Infrastruktur AG","wikipedia":"de:Bahnhof Hall in Tirol","wikidata":"Q15785173","public_transport":"station","railway":"station","osm":"node/2989203594"},"geometry":{"type":"Point","coordinates":[11.50165,47.277]}},{"type":"Feature","properties":{"name":"Hall-Thaur","operator":"ÖBB-Infrastruktur AG","wikidata":"Q111044844","railway":"halt","osm":"node/5142716791"},"geometry":{"type":"Point","coordinates":[11.47401,47.27711]}},{"type":"Feature","properties":{"name":"Hall-Thaur Bahnhof","highway":"bus_stop","public_transport":"platform","bus":"yes","osm":"node/795912713"},"geometry":{"type":"Point","coordinates":[11.47534,47.27672]}},{"type":"Feature","properties":{"name":"Hall-Thaur Bahnhof","highway":"bus_stop","public_transport":"platform","bus":"yes","osm":"node/795912714"},"geometry":{"type":"Point","coordinates":[11.4754,47.27655]}},{"type":"Feature","properties":{"name":"Hallenbad O-Dorf","highway":"bus_stop","osm":"node/12546621817"},"geometry":{"type":"Point","coordinates":[11.44758,47.26869]}},{"type":"Feature","properties":{"name":"Hallenbad O-Dorf","highway":"bus_stop","osm":"node/12546621818"},"geometry":{"type":"Point","coordinates":[11.44769,47.26946]}},{"type":"Feature","properties":{"name":"Haller Straße","highway":"bus_stop","osm":"node/1461779685"},"geometry":{"type":"Point","coordinates":[11.42535,47.27674]}},{"type":"Feature","properties":{"name":"Haller Straße","highway":"bus_stop","osm":"node/1461779693"},"geometry":{"type":"Point","coordinates":[11.42593,47.27684]}},{"type":"Feature","properties":{"name":"Handelsakademie","highway":"bus_stop","public_transport":"platform","bus":"yes","osm":"node/4529062100"},"geometry":{"type":"Point","coordinates":[11.51648,47.28571]}},{"type":"Feature","properties":{"name":"Hans-Maier-Straße","highway":"bus_stop","osm":"node/286799460"},"geometry":{"type":"Point","coordinates":[11.42005,47.27864]}},{"type":"Feature","properties":{"name":"Hans-Maier-Straße","highway":"bus_stop","osm":"node/1461779674"},"geometry":{"type":"Point","coordinates":[11.4202,47.27835]}},{"type":"Feature","properties":{"name":"Hans-Untermüller-Straße","highway":"bus_stop","osm":"node/2028068055"},"geometry":{"type":"Point","coordinates":[11.3303,47.26472]}},{"type":"Feature","properties":{"name":"Hans-Untermüller-Straße","highway":"bus_stop","osm":"node/2028068059"},"geometry":{"type":"Point","coordinates":[11.33061,47.26484]}},{"type":"Feature","properties":{"name":"Hatting","ele":"605","operator":"ÖBB-Infrastruktur AG","wikidata":"Q111044831","railway":"halt","osm":"node/257309265"},"geometry":{"type":"Point","coordinates":[11.17056,47.28129]}},{"type":"Feature","properties":{"name":"Hatting Dorfplatz","highway":"bus_stop","public_transport":"platform","bus":"yes","osm":"node/2124615458"},"geometry":{"type":"Point","coordinates":[11.16828,47.27763]}},{"type":"Feature","properties":{"name":"Hatting Dorfplatz","highway":"bus_stop","public_transport":"platform","bus":"yes","osm":"node/2124615459"},"geometry":{"type":"Point","coordinates":[11.16715,47.27795]}},{"type":"Feature","properties":{"name":"Hauptbahnhof","highway":"bus_stop","public_transport":"stop_position","bus":"yes","osm":"node/3027357694"},"geometry":{"type":"Point","coordinates":[11.40029,47.26374]}},{"type":"Feature","properties":{"name":"Hauptbahnhof","public_transport":"stop_position","railway":"tram_stop","tram":"yes","osm":"node/3027357719"},"geometry":{"type":"Point","coordinates":[11.40003,47.26346]}},{"type":"Feature","properties":{"name":"Hauptbahnhof","public_transport":"stop_position","railway":"tram_stop","tram":"yes","osm":"node/3027357722"},"geometry":{"type":"Point","coordinates":[11.40024,47.2637]}},{"type":"Feature","properties":{"name":"Hauptbahnhof","highway":"bus_stop","public_transport":"stop_position","bus":"yes","osm":"node/3027357730"},"geometry":{"type":"Point","coordinates":[11.40035,47.26393]}},{"type":"Feature","properties":{"name":"Hauptbahnhof","highway":"bus_stop","public_transport":"stop_position","bus":"yes","osm":"node/3027357731"},"geometry":{"type":"Point","coordinates":[11.40022,47.26351]}},{"type":"Feature","properties":{"name":"Hauptbahnhof","public_transport":"stop_position","railway":"tram_stop","tram":"yes","osm":"node/3027529822"},"geometry":{"type":"Point","coordinates":[11.4002,47.2639]}},{"type":"Feature","properties":{"name":"Hauptbahnhof","highway":"bus_stop","public_transport":"stop_position","bus":"yes","osm":"node/3027840273"},"geometry":{"type":"Point","coordinates":[11.39988,47.26216]}},{"type":"Feature","properties":{"name":"Hauptbahnhof","highway":"bus_stop","public_transport":"stop_position","bus":"yes","osm":"node/3027840274"},"geometry":{"type":"Point","coordinates":[11.39967,47.26239]}},{"type":"Feature","properties":{"name":"Hauptbahnhof","highway":"bus_stop","public_transport":"stop_position","bus":"yes","osm":"node/3027840276"},"geometry":{"type":"Point","coordinates":[11.39957,47.26246]}},{"type":"Feature","properties":{"name":"Hauptbahnhof","description":"Innsbruck Hauptbahnhof, Steig C","highway":"bus_stop","public_transport":"stop_position","bus":"yes","osm":"node/3190573719"},"geometry":{"type":"Point","coordinates":[11.40007,47.26354]}},{"type":"Feature","properties":{"name":"Hauptbahnhof","description":"Innsbruck Hauptbahnhof, Steig C","highway":"bus_stop","public_transport":"stop_position","bus":"yes","osm":"node/4485704858"},"geometry":{"type":"Point","coordinates":[11.40015,47.26381]}},{"type":"Feature","properties":{"name":"Hauptplatz/B171","highway":"bus_stop","public_transport":"platform","bus":"yes","osm":"node/1461977880"},"geometry":{"type":"Point","coordinates":[11.59197,47.29068]}},{"type":"Feature","properties":{"name":"Hauptplatz/B171","highway":"bus_stop","public_transport":"platform","bus":"yes","osm":"node/1461977885"},"geometry":{"type":"Point","coordinates":[11.59219,47.29105]}},{"type":"Feature","properties":{"name":"Haus der Begegnung","highway":"bus_stop","osm":"node/2045314738"},"geometry":{"type":"Point","coordinates":[11.39563,47.27282]}},{"type":"Feature","properties":{"name":"Haus der Begegnung","highway":"bus_stop","osm":"node/2045314751"},"geometry":{"type":"Point","coordinates":[11.39617,47.27342]}},{"type":"Feature","properties":{"name":"Haydnplatz","wikidata":"Q116642864","public_transport":"stop_position","railway":"tram_stop","tram":"yes","osm":"node/1144856433"},"geometry":{"type":"Point","coordinates":[11.40682,47.27738]}},{"type":"Feature","properties":{"name":"Haydnplatz","highway":"bus_stop","bus":"yes","osm":"node/12451833183"},"geometry":{"type":"Point","coordinates":[11.40605,47.27765]}},{"type":"Feature","properties":{"name":"Haydnplatz","highway":"bus_stop","osm":"node/13482114205"},"geometry":{"type":"Point","coordinates":[11.40688,47.27738]}},{"type":"Feature","properties":{"name":"Hegnerstraße","highway":"bus_stop","osm":"node/12554555738"},"geometry":{"type":"Point","coordinates":[11.4223,47.27183]}},{"type":"Feature","properties":{"name":"Hegnerstraße","highway":"bus_stop","osm":"node/12554555741"},"geometry":{"type":"Point","coordinates":[11.42258,47.27132]}},{"type":"Feature","properties":{"name":"Heideweg","highway":"bus_stop","public_transport":"platform","bus":"yes","osm":"node/11163230840"},"geometry":{"type":"Point","coordinates":[11.51314,47.29109]}},{"type":"Feature","properties":{"name":"Heideweg","highway":"bus_stop","public_transport":"platform","bus":"yes","osm":"node/11163230841"},"geometry":{"type":"Point","coordinates":[11.5125,47.29044]}},{"type":"Feature","properties":{"name":"Heiliggeiststraße","highway":"bus_stop","osm":"node/13714477513"},"geometry":{"type":"Point","coordinates":[11.39724,47.2616]}},{"type":"Feature","properties":{"name":"Heiliggeiststraße","highway":"bus_stop","osm":"node/13714477531"},"geometry":{"type":"Point","coordinates":[11.39758,47.26151]}},{"type":"Feature","properties":{"name":"Heiligkreuz Kirche","highway":"bus_stop","public_transport":"platform","bus":"yes","osm":"node/11163230852"},"geometry":{"type":"Point","coordinates":[11.49407,47.28706]}},{"type":"Feature","properties":{"name":"Helblingstraße","highway":"bus_stop","osm":"node/13834676898"},"geometry":{"type":"Point","coordinates":[11.4055,47.25422]}},{"type":"Feature","properties":{"name":"Helblingstraße","highway":"bus_stop","osm":"node/13834694001"},"geometry":{"type":"Point","coordinates":[11.40544,47.25411]}},{"type":"Feature","properties":{"name":"Herzebener Almwirt","highway":"bus_stop","osm":"node/469999878"},"geometry":{"type":"Point","coordinates":[11.33749,47.09952]}},{"type":"Feature","properties":{"name":"Hinterhochegg","highway":"bus_stop","public_transport":"platform","bus":"yes","osm":"node/259478800"},"geometry":{"type":"Point","coordinates":[11.3762,47.16175]}},{"type":"Feature","properties":{"name":"Hinterhochegg","highway":"bus_stop","public_transport":"platform","bus":"yes","osm":"node/3046159903"},"geometry":{"type":"Point","coordinates":[11.37612,47.16154]}},{"type":"Feature","properties":{"name":"Hoadl","ele":"2340","public_transport":"station","railway":"station","osm":"node/267118896"},"geometry":{"type":"Point","coordinates":[11.28223,47.18318]}},{"type":"Feature","properties":{"name":"Hochhaus Schützenstr.","highway":"bus_stop","osm":"node/12556779774"},"geometry":{"type":"Point","coordinates":[11.4319,47.27531]}},{"type":"Feature","properties":{"name":"Hochhaus Schützenstraße","wikidata":"Q116663116","public_transport":"stop_position","railway":"tram_stop","tram":"yes","osm":"node/5583103820"},"geometry":{"type":"Point","coordinates":[11.43163,47.27521]}},{"type":"Feature","properties":{"name":"Hochhaus Schützenstraße","wikidata":"Q116663116","public_transport":"stop_position","railway":"tram_stop","tram":"yes","osm":"node/6221829071"},"geometry":{"type":"Point","coordinates":[11.43233,47.27528]}},{"type":"Feature","properties":{"name":"Hochhaus Schützenstraße","highway":"bus_stop","osm":"node/12556779771"},"geometry":{"type":"Point","coordinates":[11.43218,47.27524]}},{"type":"Feature","properties":{"name":"Hochzirl","ele":"922","operator":"ÖBB-Infrastruktur AG","wikidata":"Q38176905","public_transport":"station","railway":"station","osm":"node/32854199"},"geometry":{"type":"Point","coordinates":[11.24972,47.281]}},{"type":"Feature","properties":{"name":"Hochzirl Bahnhof","operator":"Österreichische Postbus AG","highway":"bus_stop","public_transport":"platform","bus":"yes","osm":"node/883471985"},"geometry":{"type":"Point","coordinates":[11.24782,47.28113]}},{"type":"Feature","properties":{"name":"Hochzirl Bahnhof","operator":"Österreichische Postbus AG","highway":"bus_stop","public_transport":"platform","bus":"yes","osm":"node/11892045369"},"geometry":{"type":"Point","coordinates":[11.24817,47.28104]}},{"type":"Feature","properties":{"name":"Hochzirl Krankenhaus","highway":"bus_stop","public_transport":"platform","bus":"yes","osm":"node/11892020946"},"geometry":{"type":"Point","coordinates":[11.24337,47.2845]}},{"type":"Feature","properties":{"name":"Hoher Weg","highway":"bus_stop","osm":"node/13505070011"},"geometry":{"type":"Point","coordinates":[11.40446,47.28078]}},{"type":"Feature","properties":{"name":"Hoher Weg","highway":"bus_stop","osm":"node/13505170564"},"geometry":{"type":"Point","coordinates":[11.40404,47.28085]}},{"type":"Feature","properties":{"name":"Hotel Schieferle","highway":"bus_stop","public_transport":"platform","bus":"yes","osm":"node/3950374000"},"geometry":{"type":"Point","coordinates":[11.37336,47.22497]}},{"type":"Feature","properties":{"name":"Hottstatt","highway":"bus_stop","public_transport":"stop_position","bus":"yes","osm":"node/10568051392"},"geometry":{"type":"Point","coordinates":[11.47209,47.29569]}},{"type":"Feature","properties":{"name":"Hungerburg","ele":"857","operator":"Innsbrucker Verkehrsbetriebe","wikidata":"Q116619720","public_transport":"stop_position","railway":"halt","osm":"node/275810487"},"geometry":{"type":"Point","coordinates":[11.40018,47.28622]}},{"type":"Feature","properties":{"name":"Hungerburg Terassensiedlung","highway":"bus_stop","bus":"yes","osm":"node/2028102814"},"geometry":{"type":"Point","coordinates":[11.39382,47.28321]}},{"type":"Feature","properties":{"name":"Hungerburg Terassensiedlung","highway":"bus_stop","bus":"yes","osm":"node/2028102826"},"geometry":{"type":"Point","coordinates":[11.39546,47.28439]}},{"type":"Feature","properties":{"name":"Hörtnaglstraße","highway":"bus_stop","public_transport":"stop_position","bus":"yes","osm":"node/599043009"},"geometry":{"type":"Point","coordinates":[11.3603,47.26918]}},{"type":"Feature","properties":{"name":"Höttinger Auffahrt","public_transport":"stop_position","railway":"tram_stop","tram":"yes","osm":"node/1944980524"},"geometry":{"type":"Point","coordinates":[11.37734,47.26502]}},{"type":"Feature","properties":{"name":"Höttinger Auffahrt","public_transport":"stop_position","railway":"tram_stop","tram":"yes","osm":"node/2015055450"},"geometry":{"type":"Point","coordinates":[11.37798,47.26505]}},{"type":"Feature","properties":{"name":"Höttinger Auffahrt","highway":"bus_stop","osm":"node/13658821996"},"geometry":{"type":"Point","coordinates":[11.37784,47.26501]}},{"type":"Feature","properties":{"name":"Höttinger Auffahrt","highway":"bus_stop","osm":"node/13658822338"},"geometry":{"type":"Point","coordinates":[11.3778,47.26509]}},{"type":"Feature","properties":{"name":"Höttinger Kirchplatz","highway":"bus_stop","public_transport":"stop_position","bus":"yes","osm":"node/599043013"},"geometry":{"type":"Point","coordinates":[11.38607,47.27125]}},{"type":"Feature","properties":{"name":"Höttinger Kirchplatz","highway":"bus_stop","osm":"node/2028102727"},"geometry":{"type":"Point","coordinates":[11.38719,47.27133]}},{"type":"Feature","properties":{"name":"Höttinger Kirchplatz","highway":"bus_stop","bus":"yes","osm":"node/2028102733"},"geometry":{"type":"Point","coordinates":[11.38707,47.27158]}},{"type":"Feature","properties":{"name":"Hötzendorfplatz","highway":"bus_stop","public_transport":"platform","bus":"yes","osm":"node/11163230856"},"geometry":{"type":"Point","coordinates":[11.50846,47.287]}},{"type":"Feature","properties":{"name":"Igls Alte Talstation","highway":"bus_stop","public_transport":"stop_position","bus":"yes","osm":"node/1019558388"},"geometry":{"type":"Point","coordinates":[11.41374,47.22973]}},{"type":"Feature","properties":{"name":"Igls Altes Rathaus","highway":"bus_stop","public_transport":"stop_position","bus":"yes","osm":"node/1493738628"},"geometry":{"type":"Point","coordinates":[11.40699,47.2304]}},{"type":"Feature","properties":{"name":"Igls Bahnhof","ele":"900","wikidata":"Q116678706","public_transport":"stop_position","railway":"tram_stop","tram":"yes","osm":"node/288208453"},"geometry":{"type":"Point","coordinates":[11.41265,47.23385]}},{"type":"Feature","properties":{"name":"Igls Ortsmitte","highway":"bus_stop","public_transport":"stop_position","bus":"yes","osm":"node/1019558390"},"geometry":{"type":"Point","coordinates":[11.40983,47.23085]}},{"type":"Feature","properties":{"name":"Industriezone","highway":"bus_stop","public_transport":"platform","bus":"yes","osm":"node/297357622"},"geometry":{"type":"Point","coordinates":[11.33914,47.13569]}},{"type":"Feature","properties":{"name":"Industriezone","highway":"bus_stop","public_transport":"platform","bus":"yes","osm":"node/3046060835"},"geometry":{"type":"Point","coordinates":[11.33931,47.13569]}},{"type":"Feature","properties":{"name":"Industriezone Süd","highway":"bus_stop","public_transport":"platform","bus":"yes","osm":"node/2050462216"},"geometry":{"type":"Point","coordinates":[11.34049,47.13334]}},{"type":"Feature","properties":{"name":"Industriezone Süd","highway":"bus_stop","public_transport":"platform","bus":"yes","osm":"node/3046060432"},"geometry":{"type":"Point","coordinates":[11.34036,47.13362]}},{"type":"Feature","properties":{"name":"Ing.-Etzel-Straße","wikidata":"Q116642854","public_transport":"stop_position","railway":"tram_stop","tram":"yes","osm":"node/3675106940"},"geometry":{"type":"Point","coordinates":[11.40282,47.26956]}},{"type":"Feature","properties":{"name":"Ing.-Etzel-Straße","wikidata":"Q116642854","public_transport":"stop_position","railway":"tram_stop","tram":"yes","osm":"node/3790696590"},"geometry":{"type":"Point","coordinates":[11.40265,47.26938]}},{"type":"Feature","properties":{"name":"Ing.-Etzel-Straße","highway":"bus_stop","osm":"node/13836159102"},"geometry":{"type":"Point","coordinates":[11.4028,47.26946]}},{"type":"Feature","properties":{"name":"Ing.-Etzel-Straße","highway":"bus_stop","osm":"node/13836159108"},"geometry":{"type":"Point","coordinates":[11.40268,47.26948]}},{"type":"Feature","properties":{"name":"Ingenuin-Fischler-Straße","highway":"bus_stop","osm":"node/13288699158"},"geometry":{"type":"Point","coordinates":[11.36902,47.25524]}},{"type":"Feature","properties":{"name":"Innerauten","highway":"bus_stop","public_transport":"platform","bus":"yes","osm":"node/2051792983"},"geometry":{"type":"Point","coordinates":[11.29013,47.09951]}},{"type":"Feature","properties":{"name":"Innerauten","highway":"bus_stop","public_transport":"platform","bus":"yes","osm":"node/3046145593"},"geometry":{"type":"Point","coordinates":[11.29018,47.09935]}},{"type":"Feature","properties":{"name":"Innrain/Campus WIFI","highway":"bus_stop","osm":"node/11216086855"},"geometry":{"type":"Point","coordinates":[11.37874,47.2573]}},{"type":"Feature","properties":{"name":"Innrain/Campus WIFI","highway":"bus_stop","osm":"node/11216086907"},"geometry":{"type":"Point","coordinates":[11.37781,47.25687]}},{"type":"Feature","properties":{"name":"Innsbruck Allerheiligenhöfe","ele":"631","operator":"ÖBB-Infrastruktur AG","wikidata":"Q38176770","public_transport":"stop_position","railway":"halt","osm":"node/1589512963"},"geometry":{"type":"Point","coordinates":[11.35346,47.26912]}},{"type":"Feature","properties":{"name":"Innsbruck Hauptbahnhof","ele":"582","operator":"ÖBB-Infrastruktur AG","wikipedia":"de:Innsbruck Hauptbahnhof","wikidata":"Q668727","public_transport":"station","railway":"station","osm":"node/337863237"},"geometry":{"type":"Point","coordinates":[11.40102,47.2633]}},{"type":"Feature","properties":{"name":"Innsbruck Hbf (Verladestelle)","highway":"bus_stop","public_transport":"platform","bus":"yes","osm":"node/415835012"},"geometry":{"type":"Point","coordinates":[11.40181,47.26276]}},{"type":"Feature","properties":{"name":"Innsbruck Hötting","operator":"ÖBB-Infrastruktur AG","wikidata":"Q38176748","public_transport":"station","railway":"station","osm":"node/32854316"},"geometry":{"type":"Point","coordinates":[11.37373,47.26148]}},{"type":"Feature","properties":{"name":"Innsbruck Messe","operator":"ÖBB-Infrastruktur AG","wikidata":"Q111286383","railway":"halt","osm":"node/8680111884"},"geometry":{"type":"Point","coordinates":[11.40702,47.27279]}},{"type":"Feature","properties":{"name":"Innsbruck Sonnenburgerhof","ele":"678.56","operator":"IVB","wikidata":"Q116618815","public_transport":"station","railway":"station","tram":"yes","osm":"node/3045545134"},"geometry":{"type":"Point","coordinates":[11.39359,47.24645]}},{"type":"Feature","properties":{"name":"Innsbruck Sonnenburgerhof","highway":"bus_stop","osm":"node/3045545142"},"geometry":{"type":"Point","coordinates":[11.39398,47.24653]}},{"type":"Feature","properties":{"name":"Innsbruck Stubaitalbf","operator":"IVB","public_transport":"station","railway":"station","tram":"yes","osm":"node/9176098138"},"geometry":{"type":"Point","coordinates":[11.39771,47.25354]}},{"type":"Feature","properties":{"name":"Innsbruck Westbf","ele":"583","operator":"ÖBB-Infrastruktur AG","wikipedia":"de:Innsbruck Westbahnhof","wikidata":"Q873446","public_transport":"station","railway":"station","osm":"node/32854340"},"geometry":{"type":"Point","coordinates":[11.39148,47.25552]}},{"type":"Feature","properties":{"name":"Innstraße","highway":"bus_stop","osm":"node/13718157002"},"geometry":{"type":"Point","coordinates":[11.39226,47.27163]}},{"type":"Feature","properties":{"name":"Innstraße","highway":"bus_stop","osm":"node/13718157009"},"geometry":{"type":"Point","coordinates":[11.39187,47.2714]}},{"type":"Feature","properties":{"name":"Inntalcenter","highway":"bus_stop","public_transport":"platform","bus":"yes","osm":"node/8063319385"},"geometry":{"type":"Point","coordinates":[11.06999,47.30559]}},{"type":"Feature","properties":{"name":"Innweg","highway":"bus_stop","public_transport":"platform","bus":"yes","osm":"node/11163230891"},"geometry":{"type":"Point","coordinates":[11.52064,47.27806]}},{"type":"Feature","properties":{"name":"Inzing","ele":"601","operator":"ÖBB-Infrastruktur AG","wikidata":"Q111044842","railway":"halt","osm":"node/415157635"},"geometry":{"type":"Point","coordinates":[11.19919,47.27774]}},{"type":"Feature","properties":{"name":"Inzing Buchweg","highway":"bus_stop","public_transport":"platform","bus":"yes","osm":"node/2102282419"},"geometry":{"type":"Point","coordinates":[11.2007,47.2719]}},{"type":"Feature","properties":{"name":"Inzing Buchweg","highway":"bus_stop","public_transport":"platform","bus":"yes","osm":"node/2102282420"},"geometry":{"type":"Point","coordinates":[11.20066,47.27204]}},{"type":"Feature","properties":{"name":"Inzing Gewerbegebiet","highway":"bus_stop","public_transport":"platform","bus":"yes","osm":"node/11132710511"},"geometry":{"type":"Point","coordinates":[11.21444,47.26849]}},{"type":"Feature","properties":{"name":"Inzing Gewerbegebiet","highway":"bus_stop","public_transport":"platform","bus":"yes","osm":"node/11132710513"},"geometry":{"type":"Point","coordinates":[11.21421,47.26869]}},{"type":"Feature","properties":{"name":"Inzing Jugendheim","highway":"bus_stop","public_transport":"platform","bus":"yes","osm":"node/2102282421"},"geometry":{"type":"Point","coordinates":[11.19435,47.27526]}},{"type":"Feature","properties":{"name":"Inzing Jugendheim","highway":"bus_stop","public_transport":"platform","bus":"yes","osm":"node/11132668503"},"geometry":{"type":"Point","coordinates":[11.19446,47.27512]}},{"type":"Feature","properties":{"name":"Inzing Rangger Kapelle","highway":"bus_stop","public_transport":"platform","bus":"yes","osm":"node/2102282422"},"geometry":{"type":"Point","coordinates":[11.20436,47.2704]}},{"type":"Feature","properties":{"name":"Inzing Rangger Kapelle","highway":"bus_stop","public_transport":"platform","bus":"yes","osm":"node/11132710509"},"geometry":{"type":"Point","coordinates":[11.2053,47.27021]}},{"type":"Feature","properties":{"name":"Inzing Schwimmbad","highway":"bus_stop","public_transport":"platform","bus":"yes","osm":"node/2102282423"},"geometry":{"type":"Point","coordinates":[11.1897,47.27536]}},{"type":"Feature","properties":{"name":"Inzing Sparkasse","highway":"bus_stop","public_transport":"platform","bus":"yes","osm":"node/2102282424"},"geometry":{"type":"Point","coordinates":[11.198,47.27374]}},{"type":"Feature","properties":{"name":"Inzing Sparkasse","highway":"bus_stop","public_transport":"platform","bus":"yes","osm":"node/11132710506"},"geometry":{"type":"Point","coordinates":[11.19794,47.27368]}},{"type":"Feature","properties":{"name":"Inzing Sportplatz","highway":"bus_stop","public_transport":"platform","bus":"yes","osm":"node/6615670185"},"geometry":{"type":"Point","coordinates":[11.19097,47.27655]}},{"type":"Feature","properties":{"name":"Inzing Sportplatz","highway":"bus_stop","public_transport":"platform","bus":"yes","osm":"node/11132668500"},"geometry":{"type":"Point","coordinates":[11.19126,47.27633]}},{"type":"Feature","properties":{"name":"Issenangeralm","highway":"bus_stop","public_transport":"platform","bus":"yes","osm":"node/3308389851"},"geometry":{"type":"Point","coordinates":[11.33671,47.09695]}},{"type":"Feature","properties":{"name":"Isserbrücke","highway":"bus_stop","public_transport":"platform","bus":"yes","osm":"node/1461891753"},"geometry":{"type":"Point","coordinates":[11.47354,47.29382]}},{"type":"Feature","properties":{"name":"Isserbrücke","highway":"bus_stop","public_transport":"platform","bus":"yes","osm":"node/1461891755"},"geometry":{"type":"Point","coordinates":[11.47357,47.29389]}},{"type":"Feature","properties":{"name":"Jugendherberge","wikidata":"Q116663118","public_transport":"stop_position","railway":"tram_stop","tram":"yes","osm":"node/6221829072"},"geometry":{"type":"Point","coordinates":[11.42833,47.27348]}},{"type":"Feature","properties":{"name":"Jugendherberge","wikidata":"Q116663118","public_transport":"stop_position","railway":"tram_stop","tram":"yes","osm":"node/6221829073"},"geometry":{"type":"Point","coordinates":[11.42789,47.27369]}},{"type":"Feature","properties":{"name":"Jugendherberge","highway":"bus_stop","osm":"node/12559411617"},"geometry":{"type":"Point","coordinates":[11.42802,47.27346]}},{"type":"Feature","properties":{"name":"Jugendherberge","highway":"bus_stop","osm":"node/12559411635"},"geometry":{"type":"Point","coordinates":[11.42815,47.2737]}},{"type":"Feature","properties":{"name":"Jugendland","highway":"bus_stop","osm":"node/13370618636"},"geometry":{"type":"Point","coordinates":[11.42476,47.28819]}},{"type":"Feature","properties":{"name":"Justizanstalt","highway":"bus_stop","osm":"node/11216086904"},"geometry":{"type":"Point","coordinates":[11.352,47.25015]}},{"type":"Feature","properties":{"name":"Justizanstalt","highway":"bus_stop","osm":"node/11216086905"},"geometry":{"type":"Point","coordinates":[11.35274,47.25031]}},{"type":"Feature","properties":{"name":"Kaiser-Max-Straße","highway":"bus_stop","public_transport":"platform","bus":"yes","osm":"node/11163230857"},"geometry":{"type":"Point","coordinates":[11.5102,47.28684]}},{"type":"Feature","properties":{"name":"Kaiserschützenplatz","highway":"bus_stop","osm":"node/13626449716"},"geometry":{"type":"Point","coordinates":[11.39701,47.25757]}},{"type":"Feature","properties":{"name":"Kaiserschützenplatz","highway":"bus_stop","osm":"node/13626449743"},"geometry":{"type":"Point","coordinates":[11.39722,47.25764]}},{"type":"Feature","properties":{"name":"Kajetan-Sweth-Straße","highway":"bus_stop","osm":"node/12546621816"},"geometry":{"type":"Point","coordinates":[11.4453,47.27045]}},{"type":"Feature","properties":{"name":"Kalkofenweg","highway":"bus_stop","osm":"node/13912779735"},"geometry":{"type":"Point","coordinates":[11.42082,47.28187]}},{"type":"Feature","properties":{"name":"Kalkofenweg","highway":"bus_stop","osm":"node/13912779750"},"geometry":{"type":"Point","coordinates":[11.42095,47.28201]}},{"type":"Feature","properties":{"name":"Kampl","highway":"bus_stop","public_transport":"platform","bus":"yes","osm":"node/285610760"},"geometry":{"type":"Point","coordinates":[11.3339,47.12698]}},{"type":"Feature","properties":{"name":"Kampl","highway":"bus_stop","public_transport":"platform","bus":"yes","osm":"node/3046000057"},"geometry":{"type":"Point","coordinates":[11.33443,47.12734]}},{"type":"Feature","properties":{"name":"Kaplanstraße","highway":"bus_stop","osm":"node/12386310055"},"geometry":{"type":"Point","coordinates":[11.45656,47.27548]}},{"type":"Feature","properties":{"name":"Kaponssiedlung","highway":"bus_stop","public_transport":"stop_position","bus":"yes","osm":"node/10568051393"},"geometry":{"type":"Point","coordinates":[11.4737,47.29861]}},{"type":"Feature","properties":{"name":"Karwendelweg","highway":"bus_stop","public_transport":"platform","bus":"yes","osm":"node/1459405131"},"geometry":{"type":"Point","coordinates":[11.52528,47.30483]}},{"type":"Feature","properties":{"name":"Kematen Bahnhof","highway":"bus_stop","public_transport":"platform","bus":"yes","osm":"node/11216086861"},"geometry":{"type":"Point","coordinates":[11.27651,47.26101]}},{"type":"Feature","properties":{"name":"Kematen Gh Bierwirt","highway":"bus_stop","public_transport":"stop_position","bus":"yes","osm":"node/2099098972"},"geometry":{"type":"Point","coordinates":[11.27061,47.25183]}},{"type":"Feature","properties":{"name":"Kematen Gh Bierwirt","highway":"bus_stop","public_transport":"platform","bus":"yes","osm":"node/11216086887"},"geometry":{"type":"Point","coordinates":[11.27062,47.25203]}},{"type":"Feature","properties":{"name":"Kematen Gh Bierwirt","highway":"bus_stop","public_transport":"platform","bus":"yes","osm":"node/11216086888"},"geometry":{"type":"Point","coordinates":[11.27077,47.25212]}},{"type":"Feature","properties":{"name":"Kematen Kirche","highway":"bus_stop","public_transport":"platform","bus":"yes","osm":"node/2112262524"},"geometry":{"type":"Point","coordinates":[11.27203,47.25424]}},{"type":"Feature","properties":{"name":"Kematen Kirche","highway":"bus_stop","public_transport":"platform","bus":"yes","osm":"node/11216086858"},"geometry":{"type":"Point","coordinates":[11.27318,47.25538]}},{"type":"Feature","properties":{"name":"Kematen MPREIS","highway":"bus_stop","public_transport":"platform","bus":"yes","osm":"node/1518097051"},"geometry":{"type":"Point","coordinates":[11.26748,47.25281]}},{"type":"Feature","properties":{"name":"Kematen Mittelschule","highway":"bus_stop","public_transport":"platform","bus":"yes","osm":"node/2099098973"},"geometry":{"type":"Point","coordinates":[11.27143,47.25632]}},{"type":"Feature","properties":{"name":"Kematen Neue Heimat","highway":"bus_stop","public_transport":"platform","bus":"yes","osm":"node/8065757047"},"geometry":{"type":"Point","coordinates":[11.27773,47.25911]}},{"type":"Feature","properties":{"name":"Kematen Weichenofen","highway":"bus_stop","public_transport":"platform","bus":"yes","osm":"node/1518312294"},"geometry":{"type":"Point","coordinates":[11.26228,47.24483]}},{"type":"Feature","properties":{"name":"Kematen Weichenofen","highway":"bus_stop","public_transport":"platform","bus":"yes","osm":"node/1518312342"},"geometry":{"type":"Point","coordinates":[11.26181,47.2448]}},{"type":"Feature","properties":{"name":"Kematen in Tirol","ele":"594","operator":"ÖBB-Infrastruktur AG","wikidata":"Q72833731","railway":"halt","osm":"node/286389968"},"geometry":{"type":"Point","coordinates":[11.27652,47.26124]}},{"type":"Feature","properties":{"name":"Kematen. Bäckerei Ruetz","highway":"bus_stop","public_transport":"stop_position","bus":"yes","osm":"node/1517804891"},"geometry":{"type":"Point","coordinates":[11.2692,47.26041]}},{"type":"Feature","properties":{"name":"Kinzachhof","highway":"bus_stop","public_transport":"platform","bus":"yes","osm":"node/1461891756"},"geometry":{"type":"Point","coordinates":[11.48272,47.29359]}},{"type":"Feature","properties":{"name":"Kinzachhof","highway":"bus_stop","public_transport":"platform","bus":"yes","osm":"node/1461891759"},"geometry":{"type":"Point","coordinates":[11.4827,47.29366]}},{"type":"Feature","properties":{"name":"Kirche","highway":"bus_stop","public_transport":"platform","bus":"yes","osm":"node/1379319245"},"geometry":{"type":"Point","coordinates":[11.5012,47.29596]}},{"type":"Feature","properties":{"name":"Kirche","highway":"bus_stop","public_transport":"platform","osm":"node/1518097006"},"geometry":{"type":"Point","coordinates":[11.21012,47.25779]}},{"type":"Feature","properties":{"name":"Kirche","highway":"bus_stop","public_transport":"platform","bus":"yes","osm":"node/8072074234"},"geometry":{"type":"Point","coordinates":[11.50077,47.29584]}},{"type":"Feature","properties":{"name":"Kirchplatz","highway":"bus_stop","public_transport":"platform","bus":"yes","osm":"node/259477720"},"geometry":{"type":"Point","coordinates":[11.34841,47.15322]}},{"type":"Feature","properties":{"name":"Kirchplatz","highway":"bus_stop","public_transport":"platform","bus":"yes","osm":"node/3046060430"},"geometry":{"type":"Point","coordinates":[11.34877,47.15323]}},{"type":"Feature","properties":{"name":"Kirchweg","highway":"bus_stop","public_transport":"platform","bus":"no","osm":"node/11090338469"},"geometry":{"type":"Point","coordinates":[11.29181,47.24344]}},{"type":"Feature","properties":{"name":"Klammgründe","highway":"bus_stop","osm":"node/2028068102"},"geometry":{"type":"Point","coordinates":[11.32872,47.2682]}},{"type":"Feature","properties":{"name":"Klammgründe","highway":"bus_stop","osm":"node/3047438621"},"geometry":{"type":"Point","coordinates":[11.32992,47.2665]}},{"type":"Feature","properties":{"name":"Klammstraße","operator":"Ledermair Linienverkehr & Reisemanagement GmbH","highway":"bus_stop","public_transport":"platform","bus":"yes","osm":"node/1459405132"},"geometry":{"type":"Point","coordinates":[11.52729,47.30335]}},{"type":"Feature","properties":{"name":"Klammstraße","highway":"bus_stop","public_transport":"platform","bus":"yes","osm":"node/1459405133"},"geometry":{"type":"Point","coordinates":[11.52776,47.30386]}},{"type":"Feature","properties":{"name":"Klammstraße","highway":"bus_stop","osm":"node/2028068050"},"geometry":{"type":"Point","coordinates":[11.32969,47.26241]}},{"type":"Feature","properties":{"name":"Klammstraße","highway":"bus_stop","osm":"node/2028068054"},"geometry":{"type":"Point","coordinates":[11.32935,47.26323]}},{"type":"Feature","properties":{"name":"Klappholzstraße","highway":"bus_stop","osm":"node/12560912458"},"geometry":{"type":"Point","coordinates":[11.41915,47.26961]}},{"type":"Feature","properties":{"name":"Klappholzstraße","highway":"bus_stop","osm":"node/12560912482"},"geometry":{"type":"Point","coordinates":[11.4196,47.26968]}},{"type":"Feature","properties":{"name":"Klausener Straße","highway":"bus_stop","public_transport":"stop_position","bus":"yes","osm":"node/473417948"},"geometry":{"type":"Point","coordinates":[11.37748,47.26892]}},{"type":"Feature","properties":{"name":"Kletterzentrum","highway":"bus_stop","osm":"node/13428896515"},"geometry":{"type":"Point","coordinates":[11.4128,47.27653]}},{"type":"Feature","properties":{"name":"Klinik/Universität","public_transport":"stop_position","railway":"tram_stop","tram":"yes","osm":"node/337818068"},"geometry":{"type":"Point","coordinates":[11.38624,47.26409]}},{"type":"Feature","properties":{"name":"Klinik/Universität","public_transport":"stop_position","railway":"tram_stop","tram":"yes","osm":"node/3739673662"},"geometry":{"type":"Point","coordinates":[11.38678,47.26427]}},{"type":"Feature","properties":{"name":"Klinik/Universität","public_transport":"stop_position","railway":"tram_stop","tram":"yes","osm":"node/4114940733"},"geometry":{"type":"Point","coordinates":[11.38743,47.26362]}},{"type":"Feature","properties":{"name":"Klinik/Universität","highway":"bus_stop","osm":"node/13598690658"},"geometry":{"type":"Point","coordinates":[11.38752,47.2637]}},{"type":"Feature","properties":{"name":"Klinik/Universität","highway":"bus_stop","osm":"node/13606072990"},"geometry":{"type":"Point","coordinates":[11.38611,47.26414]}},{"type":"Feature","properties":{"name":"Klinik/Universität","highway":"bus_stop","osm":"node/13607936296"},"geometry":{"type":"Point","coordinates":[11.38694,47.2645]}},{"type":"Feature","properties":{"name":"Klinik/Universität","highway":"bus_stop","osm":"node/13617825445"},"geometry":{"type":"Point","coordinates":[11.38622,47.26357]}},{"type":"Feature","properties":{"name":"Knapp Sägewerk","highway":"bus_stop","public_transport":"platform","bus":"yes","osm":"node/3667868349"},"geometry":{"type":"Point","coordinates":[11.50264,47.28744]}},{"type":"Feature","properties":{"name":"Kochstraße","highway":"bus_stop","osm":"node/13545679217"},"geometry":{"type":"Point","coordinates":[11.40033,47.27334]}},{"type":"Feature","properties":{"name":"Kochstraße","highway":"bus_stop","osm":"node/13546199230"},"geometry":{"type":"Point","coordinates":[11.40039,47.27228]}},{"type":"Feature","properties":{"name":"Kogl","highway":"bus_stop","public_transport":"platform","bus":"yes","osm":"node/11042141111"},"geometry":{"type":"Point","coordinates":[11.45813,47.26203]}},{"type":"Feature","properties":{"name":"Kogl","highway":"bus_stop","public_transport":"platform","bus":"yes","osm":"node/11042141113"},"geometry":{"type":"Point","coordinates":[11.45805,47.26197]}},{"type":"Feature","properties":{"name":"Kolsass Trogerhöfe","highway":"bus_stop","public_transport":"platform","bus":"yes","osm":"node/1463063690"},"geometry":{"type":"Point","coordinates":[11.61894,47.29748]}},{"type":"Feature","properties":{"name":"Kraftwerk Untere Sill","highway":"bus_stop","osm":"node/2028102678"},"geometry":{"type":"Point","coordinates":[11.40521,47.2495]}},{"type":"Feature","properties":{"name":"Kraftwerk Untere Sill","highway":"bus_stop","osm":"node/2028102691"},"geometry":{"type":"Point","coordinates":[11.40472,47.25031]}},{"type":"Feature","properties":{"name":"Kranebitten","ele":"697","operator":"ÖBB-Infrastruktur AG","wikidata":"Q38176804","public_transport":"stop_position","railway":"halt","osm":"node/703681647"},"geometry":{"type":"Point","coordinates":[11.32871,47.26962]}},{"type":"Feature","properties":{"name":"Kranebitten Bahnhof","highway":"bus_stop","public_transport":"stop_position","bus":"yes","osm":"node/12496710098"},"geometry":{"type":"Point","coordinates":[11.32749,47.26945]}},{"type":"Feature","properties":{"name":"Kranebitten Standschützenkaserne","highway":"bus_stop","public_transport":"platform","bus":"yes","osm":"node/1019097330"},"geometry":{"type":"Point","coordinates":[11.32469,47.26526]}},{"type":"Feature","properties":{"name":"Kranebitten Süd","highway":"bus_stop","osm":"node/2045407961"},"geometry":{"type":"Point","coordinates":[11.32854,47.26175]}},{"type":"Feature","properties":{"name":"Kranebitten Süd","highway":"bus_stop","osm":"node/11216086845"},"geometry":{"type":"Point","coordinates":[11.3293,47.26149]}},{"type":"Feature","properties":{"name":"Kranebitterbodenweg","highway":"bus_stop","osm":"node/2028068056"},"geometry":{"type":"Point","coordinates":[11.32942,47.26477]}},{"type":"Feature","properties":{"name":"Krankenhaus","highway":"bus_stop","public_transport":"platform","bus":"yes","osm":"node/8198519832"},"geometry":{"type":"Point","coordinates":[11.51457,47.28298]}},{"type":"Feature","properties":{"name":"Krankenhaus","highway":"bus_stop","public_transport":"platform","bus":"yes","osm":"node/8198519845"},"geometry":{"type":"Point","coordinates":[11.51526,47.28314]}},{"type":"Feature","properties":{"name":"Kranzach","highway":"bus_stop","public_transport":"platform","bus":"yes","osm":"node/1377391739"},"geometry":{"type":"Point","coordinates":[11.58737,47.32262]}},{"type":"Feature","properties":{"name":"Kranzach","highway":"bus_stop","public_transport":"platform","bus":"yes","osm":"node/1377771302"},"geometry":{"type":"Point","coordinates":[11.5874,47.32254]}},{"type":"Feature","properties":{"name":"Kristallwelten/B171","highway":"bus_stop","public_transport":"platform","bus":"yes","osm":"node/1461977886"},"geometry":{"type":"Point","coordinates":[11.59805,47.29186]}},{"type":"Feature","properties":{"name":"Kristallwelten/B171","highway":"bus_stop","public_transport":"platform","bus":"yes","osm":"node/1461977888"},"geometry":{"type":"Point","coordinates":[11.59802,47.29199]}},{"type":"Feature","properties":{"name":"Krößbach Edelweiß","highway":"bus_stop","public_transport":"platform","bus":"yes","osm":"node/27188191"},"geometry":{"type":"Point","coordinates":[11.27,47.08165]}},{"type":"Feature","properties":{"name":"Krößbach Edelweiß","highway":"bus_stop","public_transport":"platform","bus":"yes","osm":"node/2427055937"},"geometry":{"type":"Point","coordinates":[11.27004,47.08151]}},{"type":"Feature","properties":{"name":"Kugelangergasse","highway":"bus_stop","public_transport":"platform","bus":"yes","osm":"node/11163230846"},"geometry":{"type":"Point","coordinates":[11.49846,47.28034]}},{"type":"Feature","properties":{"name":"Kugelfangweg","highway":"bus_stop","osm":"node/12550965726"},"geometry":{"type":"Point","coordinates":[11.44648,47.272]}},{"type":"Feature","properties":{"name":"Kurhaus","highway":"bus_stop","public_transport":"platform","bus":"yes","osm":"node/1390750986"},"geometry":{"type":"Point","coordinates":[11.50895,47.2829]}},{"type":"Feature","properties":{"name":"Kurhaus","highway":"bus_stop","public_transport":"platform","bus":"yes","osm":"node/11163230872"},"geometry":{"type":"Point","coordinates":[11.50948,47.28307]}},{"type":"Feature","properties":{"name":"Kühtai Busterminal","highway":"bus_stop","public_transport":"platform","bus":"yes","osm":"node/2144797118"},"geometry":{"type":"Point","coordinates":[11.01751,47.21231]}},{"type":"Feature","properties":{"name":"Kühtai Dortmunderhütte","highway":"bus_stop","public_transport":"platform","bus":"yes","osm":"node/2102151616"},"geometry":{"type":"Point","coordinates":[11.0082,47.21143]}},{"type":"Feature","properties":{"name":"Kühtai Dortmunderhütte","highway":"bus_stop","public_transport":"platform","bus":"yes","osm":"node/2144782625"},"geometry":{"type":"Point","coordinates":[11.00885,47.2114]}},{"type":"Feature","properties":{"name":"Kühtai Gaiskogelbahn","highway":"bus_stop","public_transport":"platform","bus":"yes","osm":"node/8866664366"},"geometry":{"type":"Point","coordinates":[11.03122,47.21635]}},{"type":"Feature","properties":{"name":"Kühtai Hochalterbahn","highway":"bus_stop","public_transport":"platform","bus":"yes","osm":"node/2102151617"},"geometry":{"type":"Point","coordinates":[11.02517,47.214]}},{"type":"Feature","properties":{"name":"Kühtai Hochalterbahn","highway":"bus_stop","public_transport":"platform","bus":"yes","osm":"node/2102151618"},"geometry":{"type":"Point","coordinates":[11.02662,47.21483]}},{"type":"Feature","properties":{"name":"Kühtai Issalm","highway":"bus_stop","public_transport":"platform","bus":"yes","osm":"node/9426801126"},"geometry":{"type":"Point","coordinates":[10.9854,47.2212]}},{"type":"Feature","properties":{"name":"Kühtai Issalm","highway":"bus_stop","public_transport":"platform","bus":"yes","osm":"node/9426801127"},"geometry":{"type":"Point","coordinates":[10.9856,47.22093]}},{"type":"Feature","properties":{"name":"Kühtai Issbrücke","highway":"bus_stop","public_transport":"platform","bus":"yes","osm":"node/2144782626"},"geometry":{"type":"Point","coordinates":[10.97873,47.22438]}},{"type":"Feature","properties":{"name":"Kühtai Issbrücke","highway":"bus_stop","public_transport":"platform","bus":"yes","osm":"node/2144782627"},"geometry":{"type":"Point","coordinates":[10.97873,47.22461]}},{"type":"Feature","properties":{"name":"Kühtai Jagdschloss","highway":"bus_stop","public_transport":"platform","bus":"yes","osm":"node/2102151614"},"geometry":{"type":"Point","coordinates":[11.01439,47.21225]}},{"type":"Feature","properties":{"name":"Kühtai Jagdschloss","highway":"bus_stop","public_transport":"platform","bus":"yes","osm":"node/2102151615"},"geometry":{"type":"Point","coordinates":[11.01483,47.21236]}},{"type":"Feature","properties":{"name":"Kühtai Mittergrathütte","highway":"bus_stop","public_transport":"platform","bus":"yes","osm":"node/2144782630"},"geometry":{"type":"Point","coordinates":[10.98979,47.21747]}},{"type":"Feature","properties":{"name":"Kühtai Mittergrathütte","highway":"bus_stop","public_transport":"platform","bus":"yes","osm":"node/2144782632"},"geometry":{"type":"Point","coordinates":[10.98913,47.21823]}},{"type":"Feature","properties":{"name":"Kühtai Ort","highway":"bus_stop","public_transport":"platform","bus":"yes","osm":"node/2102151619"},"geometry":{"type":"Point","coordinates":[11.02258,47.21345]}},{"type":"Feature","properties":{"name":"Kühtai Ort","highway":"bus_stop","public_transport":"platform","bus":"yes","osm":"node/2102151620"},"geometry":{"type":"Point","coordinates":[11.0242,47.21383]}},{"type":"Feature","properties":{"name":"Lahntalweg","public_transport":"stop_position","railway":"tram_stop","tram":"yes","osm":"node/3790705720"},"geometry":{"type":"Point","coordinates":[11.3483,47.26768]}},{"type":"Feature","properties":{"name":"Lahntalweg","public_transport":"stop_position","railway":"tram_stop","tram":"yes","osm":"node/3790705722"},"geometry":{"type":"Point","coordinates":[11.34755,47.26768]}},{"type":"Feature","properties":{"name":"Lahntalweg","highway":"bus_stop","osm":"node/13605517740"},"geometry":{"type":"Point","coordinates":[11.34816,47.26765]}},{"type":"Feature","properties":{"name":"Lahntalweg","highway":"bus_stop","osm":"node/13605683184"},"geometry":{"type":"Point","coordinates":[11.34772,47.26772]}},{"type":"Feature","properties":{"name":"Landesgericht","highway":"bus_stop","osm":"node/11216086910"},"geometry":{"type":"Point","coordinates":[11.3918,47.26251]}},{"type":"Feature","properties":{"name":"Landesmuseum","wikidata":"Q116638610","direction":"forward","public_transport":"stop_position","railway":"tram_stop","tram":"yes","osm":"node/3674091813"},"geometry":{"type":"Point","coordinates":[11.39896,47.26678]}},{"type":"Feature","properties":{"name":"Landesmuseum","wikidata":"Q116638610","direction":"forward","public_transport":"stop_position","railway":"tram_stop","tram":"yes","osm":"node/4114940734"},"geometry":{"type":"Point","coordinates":[11.39822,47.26691]}},{"type":"Feature","properties":{"name":"Landesmuseum","highway":"bus_stop","osm":"node/13700726072"},"geometry":{"type":"Point","coordinates":[11.39846,47.26691]}},{"type":"Feature","properties":{"name":"Landesmuseum","highway":"bus_stop","osm":"node/13704175911"},"geometry":{"type":"Point","coordinates":[11.39877,47.26677]}},{"type":"Feature","properties":{"name":"Landesstraße","highway":"bus_stop","public_transport":"stop_position","bus":"yes","osm":"node/1517883971"},"geometry":{"type":"Point","coordinates":[11.33407,47.23176]}},{"type":"Feature","properties":{"name":"Langstraße","highway":"bus_stop","osm":"node/13026287060"},"geometry":{"type":"Point","coordinates":[11.41286,47.26496]}},{"type":"Feature","properties":{"name":"Langstraße","highway":"bus_stop","osm":"node/13026342232"},"geometry":{"type":"Point","coordinates":[11.41293,47.26487]}},{"type":"Feature","properties":{"name":"Lans Dorf","highway":"bus_stop","public_transport":"stop_position","bus":"yes","osm":"node/1493771330"},"geometry":{"type":"Point","coordinates":[11.43096,47.23835]}},{"type":"Feature","properties":{"name":"Lans Dorf","highway":"bus_stop","public_transport":"stop_position","bus":"yes","osm":"node/5756409989"},"geometry":{"type":"Point","coordinates":[11.42978,47.23832]}},{"type":"Feature","properties":{"name":"Lans-Sistrans","wikidata":"Q116678708","public_transport":"stop_position","railway":"tram_stop","tram":"yes","osm":"node/288208381"},"geometry":{"type":"Point","coordinates":[11.42384,47.24108]}},{"type":"Feature","properties":{"name":"Lanser Moos","highway":"bus_stop","public_transport":"platform","bus":"yes","osm":"node/291617922"},"geometry":{"type":"Point","coordinates":[11.43682,47.23816]}},{"type":"Feature","properties":{"name":"Lanser Moos","highway":"bus_stop","public_transport":"platform","bus":"yes","osm":"node/670585618"},"geometry":{"type":"Point","coordinates":[11.43684,47.23807]}},{"type":"Feature","properties":{"name":"Lanser See","public_transport":"stop_position","railway":"tram_stop","tram":"yes","osm":"node/391657964"},"geometry":{"type":"Point","coordinates":[11.41915,47.23856]}},{"type":"Feature","properties":{"name":"Layrstraße","highway":"bus_stop","osm":"node/13708935536"},"geometry":{"type":"Point","coordinates":[11.3794,47.26533]}},{"type":"Feature","properties":{"name":"Layrstraße","highway":"bus_stop","osm":"node/13851692118"},"geometry":{"type":"Point","coordinates":[11.37927,47.26548]}},{"type":"Feature","properties":{"name":"Leiblfing","highway":"bus_stop","public_transport":"platform","bus":"yes","osm":"node/1552056485"},"geometry":{"type":"Point","coordinates":[11.16996,47.28853]}},{"type":"Feature","properties":{"name":"Leiblfing","highway":"bus_stop","public_transport":"platform","bus":"yes","osm":"node/1552056487"},"geometry":{"type":"Point","coordinates":[11.17011,47.28866]}},{"type":"Feature","properties":{"name":"Leipziger Platz","direction":"forward","public_transport":"stop_position","railway":"tram_stop","tram":"yes","osm":"node/3790556186"},"geometry":{"type":"Point","coordinates":[11.4062,47.26442]}},{"type":"Feature","properties":{"name":"Leipziger Platz","public_transport":"stop_position","railway":"tram_stop","tram":"yes","osm":"node/3790556187"},"geometry":{"type":"Point","coordinates":[11.40542,47.26458]}},{"type":"Feature","properties":{"name":"Leipziger Platz","wikidata":"Q116663131","public_transport":"stop_position","railway":"tram_stop","tram":"yes","osm":"node/6225914404"},"geometry":{"type":"Point","coordinates":[11.40607,47.26448]}},{"type":"Feature","properties":{"name":"Leipziger Platz","highway":"bus_stop","osm":"node/13617859945"},"geometry":{"type":"Point","coordinates":[11.40554,47.2646]}},{"type":"Feature","properties":{"name":"Leipziger Platz","highway":"bus_stop","osm":"node/13787433902"},"geometry":{"type":"Point","coordinates":[11.40606,47.26439]}},{"type":"Feature","properties":{"name":"Leithen","ele":"1054","operator":"ÖBB-Infrastruktur AG","wikidata":"Q38177006","public_transport":"stop_position","railway":"halt","osm":"node/32854154"},"geometry":{"type":"Point","coordinates":[11.222,47.29078]}},{"type":"Feature","properties":{"name":"Leithen Gh Hirschen","highway":"bus_stop","public_transport":"platform","bus":"yes","osm":"node/2063949970"},"geometry":{"type":"Point","coordinates":[11.2191,47.28997]}},{"type":"Feature","properties":{"name":"Leithen Meilerhof","highway":"bus_stop","public_transport":"platform","bus":"yes","osm":"node/2063949971"},"geometry":{"type":"Point","coordinates":[11.20624,47.2958]}},{"type":"Feature","properties":{"name":"Leonhardweg","highway":"bus_stop","public_transport":"stop_position","bus":"yes","osm":"node/6633167798"},"geometry":{"type":"Point","coordinates":[11.36361,47.26929]}},{"type":"Feature","properties":{"name":"Leopoldstraße","highway":"bus_stop","osm":"node/13626678732"},"geometry":{"type":"Point","coordinates":[11.39487,47.26187]}},{"type":"Feature","properties":{"name":"Leopoldstraße","highway":"bus_stop","osm":"node/13626678754"},"geometry":{"type":"Point","coordinates":[11.39504,47.26202]}},{"type":"Feature","properties":{"name":"Leutasch Gh Neuleutasch/Skilifte","highway":"bus_stop","public_transport":"platform","bus":"yes","osm":"node/648816449"},"geometry":{"type":"Point","coordinates":[11.18207,47.35231]}},{"type":"Feature","properties":{"name":"Leutasch Moos Rödlach Parkplatz","highway":"bus_stop","public_transport":"platform","bus":"yes","osm":"node/2064006923"},"geometry":{"type":"Point","coordinates":[11.12899,47.34687]}},{"type":"Feature","properties":{"name":"Leutasch Moos Rödlach Parkplatz","highway":"bus_stop","public_transport":"platform","bus":"yes","osm":"node/11091482724"},"geometry":{"type":"Point","coordinates":[11.12823,47.34679]}},{"type":"Feature","properties":{"name":"Leutasch Obern","highway":"bus_stop","public_transport":"platform","bus":"yes","osm":"node/11091482725"},"geometry":{"type":"Point","coordinates":[11.12336,47.35688]}},{"type":"Feature","properties":{"name":"Leutasch Ostbach Hotel Karwendel","highway":"bus_stop","public_transport":"platform","bus":"yes","osm":"node/2063998144"},"geometry":{"type":"Point","coordinates":[11.13295,47.35747]}},{"type":"Feature","properties":{"name":"Leutasch Ostbach Hotel Karwendel","highway":"bus_stop","public_transport":"platform","bus":"yes","osm":"node/6226746251"},"geometry":{"type":"Point","coordinates":[11.13342,47.35771]}},{"type":"Feature","properties":{"name":"Leutasch Unterkelle","highway":"bus_stop","public_transport":"platform","bus":"yes","osm":"node/2063972288"},"geometry":{"type":"Point","coordinates":[11.18225,47.34785]}},{"type":"Feature","properties":{"name":"Leutasch Unterkelle","highway":"bus_stop","public_transport":"platform","bus":"yes","osm":"node/2063972289"},"geometry":{"type":"Point","coordinates":[11.18232,47.34805]}},{"type":"Feature","properties":{"name":"Leutasch Weiler Moos","highway":"bus_stop","public_transport":"platform","bus":"yes","osm":"node/1050064493"},"geometry":{"type":"Point","coordinates":[11.1231,47.34986]}},{"type":"Feature","properties":{"name":"Leutasch Weiler Moos","highway":"bus_stop","public_transport":"platform","bus":"yes","osm":"node/11091482718"},"geometry":{"type":"Point","coordinates":[11.12329,47.34979]}},{"type":"Feature","properties":{"name":"Lohbachsiedlung Ost","public_transport":"stop_position","railway":"tram_stop","tram":"yes","osm":"node/5252739914"},"geometry":{"type":"Point","coordinates":[11.35716,47.26348]}},{"type":"Feature","properties":{"name":"Lohbachsiedlung Ost","public_transport":"stop_position","railway":"tram_stop","tram":"yes","osm":"node/5252739915"},"geometry":{"type":"Point","coordinates":[11.35644,47.26346]}},{"type":"Feature","properties":{"name":"Lohbachsiedlung Ost","highway":"bus_stop","osm":"node/13274242644"},"geometry":{"type":"Point","coordinates":[11.35664,47.2635]}},{"type":"Feature","properties":{"name":"Lohbachsiedlung Ost","highway":"bus_stop","osm":"node/13274242646"},"geometry":{"type":"Point","coordinates":[11.35701,47.26344]}},{"type":"Feature","properties":{"name":"Lohbachsiedlung West","public_transport":"stop_position","railway":"tram_stop","tram":"yes","osm":"node/3794151100"},"geometry":{"type":"Point","coordinates":[11.3517,47.26334]}},{"type":"Feature","properties":{"name":"Lohbachsiedlung West","public_transport":"stop_position","railway":"tram_stop","tram":"yes","osm":"node/3794151103"},"geometry":{"type":"Point","coordinates":[11.35163,47.2637]}},{"type":"Feature","properties":{"name":"Lohbachsiedlung West","highway":"bus_stop","osm":"node/13121540916"},"geometry":{"type":"Point","coordinates":[11.35175,47.26361]}},{"type":"Feature","properties":{"name":"Lohbachsiedlung West","highway":"bus_stop","osm":"node/13121540933"},"geometry":{"type":"Point","coordinates":[11.35158,47.26341]}},{"type":"Feature","properties":{"name":"Lorettoweg","highway":"bus_stop","public_transport":"stop_position","bus":"yes","osm":"node/10568051391"},"geometry":{"type":"Point","coordinates":[11.47278,47.29128]}},{"type":"Feature","properties":{"name":"Lufthansa Express Bus","website":"https://www.lufthansa.com/de/de/lufthansa-express-bus","highway":"bus_stop","public_transport":"platform","bus":"yes","osm":"node/12620023947"},"geometry":{"type":"Point","coordinates":[11.35262,47.25728]}},{"type":"Feature","properties":{"name":"Luigenstraße","highway":"bus_stop","osm":"node/13383350038"},"geometry":{"type":"Point","coordinates":[11.43511,47.25932]}},{"type":"Feature","properties":{"name":"Luigenstraße","highway":"bus_stop","osm":"node/13383515699"},"geometry":{"type":"Point","coordinates":[11.43503,47.25883]}},{"type":"Feature","properties":{"name":"Luis-Zuegg-Straße","public_transport":"stop_position","railway":"tram_stop","tram":"yes","osm":"node/5252739911"},"geometry":{"type":"Point","coordinates":[11.34608,47.2668]}},{"type":"Feature","properties":{"name":"Luis-Zuegg-Straße","public_transport":"stop_position","railway":"tram_stop","tram":"yes","osm":"node/5252739912"},"geometry":{"type":"Point","coordinates":[11.34587,47.26633]}},{"type":"Feature","properties":{"name":"Luis-Zuegg-Straße","highway":"bus_stop","osm":"node/12593222807"},"geometry":{"type":"Point","coordinates":[11.3461,47.26671]}},{"type":"Feature","properties":{"name":"Luis-Zuegg-Straße","highway":"bus_stop","osm":"node/12593222819"},"geometry":{"type":"Point","coordinates":[11.34584,47.26643]}},{"type":"Feature","properties":{"name":"Längenfeld Abzw Winklen","highway":"bus_stop","public_transport":"platform","bus":"yes","osm":"node/8125050027"},"geometry":{"type":"Point","coordinates":[10.95224,47.10059]}},{"type":"Feature","properties":{"name":"Längenfeld Abzw Winklen","highway":"bus_stop","public_transport":"platform","bus":"yes","osm":"node/8129003472"},"geometry":{"type":"Point","coordinates":[10.95127,47.1005]}},{"type":"Feature","properties":{"name":"Längenfeld Au","highway":"bus_stop","public_transport":"platform","bus":"yes","osm":"node/2103492060"},"geometry":{"type":"Point","coordinates":[10.95342,47.09892]}},{"type":"Feature","properties":{"name":"Längenfeld Au","highway":"bus_stop","public_transport":"platform","bus":"yes","osm":"node/2297604886"},"geometry":{"type":"Point","coordinates":[10.95362,47.09869]}},{"type":"Feature","properties":{"name":"Längenfeld Dorf","highway":"bus_stop","public_transport":"platform","bus":"yes","osm":"node/8125050039"},"geometry":{"type":"Point","coordinates":[10.95975,47.08976]}},{"type":"Feature","properties":{"name":"Längenfeld Espan","highway":"bus_stop","public_transport":"platform","bus":"yes","osm":"node/8125050028"},"geometry":{"type":"Point","coordinates":[10.95591,47.09283]}},{"type":"Feature","properties":{"name":"Längenfeld Espan","highway":"bus_stop","public_transport":"platform","bus":"yes","osm":"node/8125050029"},"geometry":{"type":"Point","coordinates":[10.95581,47.09322]}},{"type":"Feature","properties":{"name":"Lönsstraße","highway":"bus_stop","osm":"node/13432693906"},"geometry":{"type":"Point","coordinates":[11.42413,47.26382]}},{"type":"Feature","properties":{"name":"Lönsstraße","highway":"bus_stop","osm":"node/13432693913"},"geometry":{"type":"Point","coordinates":[11.42423,47.2639]}},{"type":"Feature","properties":{"name":"MED-EL","highway":"bus_stop","osm":"node/13273839344"},"geometry":{"type":"Point","coordinates":[11.37464,47.26305]}},{"type":"Feature","properties":{"name":"MED-EL","highway":"bus_stop","osm":"node/13273839363"},"geometry":{"type":"Point","coordinates":[11.37474,47.26327]}},{"type":"Feature","properties":{"name":"MIttelschule","highway":"bus_stop","public_transport":"platform","bus":"yes","osm":"node/3997526583"},"geometry":{"type":"Point","coordinates":[11.59261,47.29316]}},{"type":"Feature","properties":{"name":"MIttelschule","highway":"bus_stop","public_transport":"platform","bus":"yes","osm":"node/8097765109"},"geometry":{"type":"Point","coordinates":[11.59284,47.29329]}},{"type":"Feature","properties":{"name":"Mairbach","highway":"bus_stop","public_transport":"platform","bus":"yes","osm":"node/1377771288"},"geometry":{"type":"Point","coordinates":[11.60468,47.3266]}},{"type":"Feature","properties":{"name":"Maria-Theresien-Straße","public_transport":"stop_position","railway":"tram_stop","tram":"yes","osm":"node/4114940735"},"geometry":{"type":"Point","coordinates":[11.39265,47.26689]}},{"type":"Feature","properties":{"name":"Maria-Theresien-Straße","public_transport":"stop_position","railway":"tram_stop","tram":"yes","osm":"node/4114940736"},"geometry":{"type":"Point","coordinates":[11.39335,47.26696]}},{"type":"Feature","properties":{"name":"Maria-Theresien-Straße","highway":"bus_stop","osm":"node/13701773240"},"geometry":{"type":"Point","coordinates":[11.3932,47.2669]}},{"type":"Feature","properties":{"name":"Maria-Theresien-Straße","highway":"bus_stop","osm":"node/13704121959"},"geometry":{"type":"Point","coordinates":[11.39284,47.26696]}},{"type":"Feature","properties":{"name":"Mariahilfpark","highway":"bus_stop","osm":"node/13720609078"},"geometry":{"type":"Point","coordinates":[11.38734,47.26786]}},{"type":"Feature","properties":{"name":"Mariahilfpark","highway":"bus_stop","osm":"node/13720609097"},"geometry":{"type":"Point","coordinates":[11.38685,47.26789]}},{"type":"Feature","properties":{"name":"Marktplatz","highway":"bus_stop","bus":"yes","osm":"node/12282460731"},"geometry":{"type":"Point","coordinates":[11.39076,47.2676]}},{"type":"Feature","properties":{"name":"Marktplatz","highway":"bus_stop","osm":"node/13623539226"},"geometry":{"type":"Point","coordinates":[11.39133,47.26753]}},{"type":"Feature","properties":{"name":"Martin-Luther-Platz/HAK","highway":"bus_stop","osm":"node/13514100376"},"geometry":{"type":"Point","coordinates":[11.40086,47.27593]}},{"type":"Feature","properties":{"name":"Martin-Luther-Platz/HAK","highway":"bus_stop","osm":"node/13514100389"},"geometry":{"type":"Point","coordinates":[11.40112,47.27603]}},{"type":"Feature","properties":{"name":"Matrei a. Br. Abzw Autobahn","highway":"bus_stop","public_transport":"platform","osm":"node/1463216787"},"geometry":{"type":"Point","coordinates":[11.45057,47.12183]}},{"type":"Feature","properties":{"name":"Matrei a. Br. Abzw Autobahn","highway":"bus_stop","public_transport":"platform","osm":"node/1463216791"},"geometry":{"type":"Point","coordinates":[11.45076,47.12187]}},{"type":"Feature","properties":{"name":"Matrei a. Br. Abzw Waldrast","highway":"bus_stop","public_transport":"platform","bus":"yes","osm":"node/1493819304"},"geometry":{"type":"Point","coordinates":[11.45232,47.13369]}},{"type":"Feature","properties":{"name":"Matrei a. Br. Abzw Waldrast","highway":"bus_stop","public_transport":"platform","bus":"yes","osm":"node/1493819309"},"geometry":{"type":"Point","coordinates":[11.45211,47.13341]}},{"type":"Feature","properties":{"name":"Matrei a. Br. Gh Lamm","highway":"bus_stop","public_transport":"platform","bus":"yes","osm":"node/1493819311"},"geometry":{"type":"Point","coordinates":[11.45315,47.13071]}},{"type":"Feature","properties":{"name":"Matrei a. Br. Gh Lamm","highway":"bus_stop","public_transport":"platform","bus":"yes","osm":"node/1493819312"},"geometry":{"type":"Point","coordinates":[11.45306,47.13073]}},{"type":"Feature","properties":{"name":"Matrei a. Br. Haslachsiedlung","highway":"bus_stop","public_transport":"platform","bus":"yes","osm":"node/13959314279"},"geometry":{"type":"Point","coordinates":[11.45481,47.12371]}},{"type":"Feature","properties":{"name":"Matrei a. Br. Haslachsiedlung","highway":"bus_stop","public_transport":"platform","bus":"yes","osm":"node/13959314280"},"geometry":{"type":"Point","coordinates":[11.45496,47.12373]}},{"type":"Feature","properties":{"name":"Matrei a. Br. Hauptschule","highway":"bus_stop","public_transport":"platform","bus":"yes","osm":"node/12505331552"},"geometry":{"type":"Point","coordinates":[11.45411,47.13283]}},{"type":"Feature","properties":{"name":"Matrei a. Br. Puig","highway":"bus_stop","public_transport":"platform","osm":"node/1493826574"},"geometry":{"type":"Point","coordinates":[11.45181,47.11249]}},{"type":"Feature","properties":{"name":"Matrei a. Br. Puig","highway":"bus_stop","public_transport":"platform","osm":"node/1493826575"},"geometry":{"type":"Point","coordinates":[11.45197,47.11251]}},{"type":"Feature","properties":{"name":"Matrei a. Br. Statz","highway":"bus_stop","public_transport":"platform","osm":"node/1493826576"},"geometry":{"type":"Point","coordinates":[11.45123,47.11779]}},{"type":"Feature","properties":{"name":"Matrei a. Br. Statz","highway":"bus_stop","public_transport":"platform","osm":"node/1493826577"},"geometry":{"type":"Point","coordinates":[11.45094,47.11833]}},{"type":"Feature","properties":{"name":"Matrei a. Br. Weißes Rössl","highway":"bus_stop","public_transport":"platform","bus":"yes","osm":"node/1463216813"},"geometry":{"type":"Point","coordinates":[11.45293,47.12547]}},{"type":"Feature","properties":{"name":"Matrei a. Br. Weißes Rössl","highway":"bus_stop","public_transport":"platform","bus":"yes","osm":"node/1463216816"},"geometry":{"type":"Point","coordinates":[11.45296,47.12555]}},{"type":"Feature","properties":{"name":"Matrei am Brenner","operator":"ÖBB-Infrastruktur AG","wikidata":"Q18283757","public_transport":"station","railway":"station","osm":"node/245788989"},"geometry":{"type":"Point","coordinates":[11.45282,47.12714]}},{"type":"Feature","properties":{"name":"Matrei am Brenner Bahnhof","highway":"bus_stop","public_transport":"platform","bus":"yes","osm":"node/1463216810"},"geometry":{"type":"Point","coordinates":[11.45228,47.12722]}},{"type":"Feature","properties":{"name":"Matrei am Brenner Bahnhof","highway":"bus_stop","public_transport":"platform","bus":"yes","osm":"node/1493819310"},"geometry":{"type":"Point","coordinates":[11.45238,47.1272]}},{"type":"Feature","properties":{"name":"Maximilianstraße","direction":"forward","public_transport":"stop_position","railway":"tram_stop","tram":"yes","osm":"node/3675081245"},"geometry":{"type":"Point","coordinates":[11.39131,47.26211]}},{"type":"Feature","properties":{"name":"Maximilianstraße","public_transport":"stop_position","railway":"tram_stop","tram":"yes","osm":"node/4114940737"},"geometry":{"type":"Point","coordinates":[11.39103,47.26271]}},{"type":"Feature","properties":{"name":"Maximilianstraße","highway":"bus_stop","osm":"node/11216086853"},"geometry":{"type":"Point","coordinates":[11.39098,47.26272]}},{"type":"Feature","properties":{"name":"Maximilianstraße","highway":"bus_stop","osm":"node/13737333231"},"geometry":{"type":"Point","coordinates":[11.39139,47.26208]}},{"type":"Feature","properties":{"name":"Medraz Dorf","highway":"bus_stop","public_transport":"platform","bus":"yes","osm":"node/297357645"},"geometry":{"type":"Point","coordinates":[11.3419,47.14239]}},{"type":"Feature","properties":{"name":"Medraz Dorf","highway":"bus_stop","public_transport":"platform","bus":"yes","osm":"node/3046060426"},"geometry":{"type":"Point","coordinates":[11.34216,47.14222]}},{"type":"Feature","properties":{"name":"Meinhardstraße","highway":"bus_stop","osm":"node/13361310282"},"geometry":{"type":"Point","coordinates":[11.39899,47.26641]}},{"type":"Feature","properties":{"name":"Meinhardstraße","highway":"bus_stop","osm":"node/13647201857"},"geometry":{"type":"Point","coordinates":[11.39927,47.26646]}},{"type":"Feature","properties":{"name":"Melans","highway":"bus_stop","public_transport":"platform","bus":"yes","osm":"node/1379319260"},"geometry":{"type":"Point","coordinates":[11.50957,47.29947]}},{"type":"Feature","properties":{"name":"Mentlberg","highway":"bus_stop","osm":"node/13992527133"},"geometry":{"type":"Point","coordinates":[11.37124,47.24962]}},{"type":"Feature","properties":{"name":"Messe Bahnhof","highway":"bus_stop","osm":"node/13427110661"},"geometry":{"type":"Point","coordinates":[11.40787,47.27295]}},{"type":"Feature","properties":{"name":"Messe Bahnhof","highway":"bus_stop","osm":"node/13427123220"},"geometry":{"type":"Point","coordinates":[11.40815,47.27309]}},{"type":"Feature","properties":{"name":"Messe/Zeughaus","wikidata":"Q116642856","public_transport":"stop_position","railway":"tram_stop","tram":"yes","osm":"node/3675106951"},"geometry":{"type":"Point","coordinates":[11.40443,47.27112]}},{"type":"Feature","properties":{"name":"Messe/Zeughaus","wikidata":"Q116642856","public_transport":"stop_position","railway":"tram_stop","tram":"yes","osm":"node/3790696598"},"geometry":{"type":"Point","coordinates":[11.40418,47.27099]}},{"type":"Feature","properties":{"name":"Messe/Zeughaus","highway":"bus_stop","osm":"node/13836323005"},"geometry":{"type":"Point","coordinates":[11.40424,47.27111]}},{"type":"Feature","properties":{"name":"Messe/Zeughaus","highway":"bus_stop","osm":"node/13836323020"},"geometry":{"type":"Point","coordinates":[11.40437,47.27104]}},{"type":"Feature","properties":{"name":"Michael-Gaismair-Straße","highway":"bus_stop","osm":"node/11216086848"},"geometry":{"type":"Point","coordinates":[11.39556,47.26054]}},{"type":"Feature","properties":{"name":"Mieders Raika","operator":"IVB","highway":"bus_stop","public_transport":"stop_position","bus":"yes","osm":"node/2048986167"},"geometry":{"type":"Point","coordinates":[11.38327,47.1712]}},{"type":"Feature","properties":{"name":"Mieming Barwies Kirche","highway":"bus_stop","public_transport":"platform","bus":"yes","osm":"node/1684731361"},"geometry":{"type":"Point","coordinates":[10.9678,47.30488]}},{"type":"Feature","properties":{"name":"Mieming Barwies Kirche","highway":"bus_stop","public_transport":"platform","bus":"yes","osm":"node/2053452098"},"geometry":{"type":"Point","coordinates":[10.96776,47.30481]}},{"type":"Feature","properties":{"name":"Mieming Fronhausen Ort","highway":"bus_stop","public_transport":"stop_position","bus":"yes","osm":"node/314167536"},"geometry":{"type":"Point","coordinates":[10.95748,47.30171]}},{"type":"Feature","properties":{"name":"Mieming Gemeindeamt","highway":"bus_stop","public_transport":"platform","bus":"yes","osm":"node/1684731927"},"geometry":{"type":"Point","coordinates":[10.97932,47.30592]}},{"type":"Feature","properties":{"name":"Mieming Gemeindeamt","highway":"bus_stop","public_transport":"platform","bus":"yes","osm":"node/4126532799"},"geometry":{"type":"Point","coordinates":[10.97921,47.30578]}},{"type":"Feature","properties":{"name":"Mieming Gh Post","operator":"Österreichische Postbus AG","highway":"bus_stop","public_transport":"platform","bus":"yes","osm":"node/2053452104"},"geometry":{"type":"Point","coordinates":[10.98522,47.30442]}},{"type":"Feature","properties":{"name":"Mieming Gh Post","operator":"Österreichische Postbus AG","highway":"bus_stop","public_transport":"platform","bus":"yes","osm":"node/2053452120"},"geometry":{"type":"Point","coordinates":[10.98562,47.30457]}},{"type":"Feature","properties":{"name":"Milders Brücke","highway":"bus_stop","public_transport":"platform","bus":"yes","osm":"node/290793211"},"geometry":{"type":"Point","coordinates":[11.28801,47.10259]}},{"type":"Feature","properties":{"name":"Milders Brücke","highway":"bus_stop","public_transport":"platform","bus":"yes","osm":"node/3045963986"},"geometry":{"type":"Point","coordinates":[11.2884,47.1028]}},{"type":"Feature","properties":{"name":"Milders Luener","highway":"bus_stop","public_transport":"platform","bus":"yes","osm":"node/27188127"},"geometry":{"type":"Point","coordinates":[11.27989,47.09554]}},{"type":"Feature","properties":{"name":"Milders Luener","highway":"bus_stop","public_transport":"platform","bus":"yes","osm":"node/3045963995"},"geometry":{"type":"Point","coordinates":[11.28001,47.09532]}},{"type":"Feature","properties":{"name":"Milders Ort","highway":"bus_stop","public_transport":"platform","bus":"yes","osm":"node/1580858584"},"geometry":{"type":"Point","coordinates":[11.28309,47.09872]}},{"type":"Feature","properties":{"name":"Milders Ort","highway":"bus_stop","public_transport":"platform","bus":"yes","osm":"node/3045963994"},"geometry":{"type":"Point","coordinates":[11.2834,47.09887]}},{"type":"Feature","properties":{"name":"Mils B171/Abzw Ort","highway":"bus_stop","public_transport":"platform","bus":"yes","osm":"node/11302074891"},"geometry":{"type":"Point","coordinates":[11.52767,47.28011]}},{"type":"Feature","properties":{"name":"Mils B171/Abzw Ort","highway":"bus_stop","public_transport":"platform","bus":"yes","osm":"node/11302074892"},"geometry":{"type":"Point","coordinates":[11.52917,47.28046]}},{"type":"Feature","properties":{"name":"Mils Dorfstraße","highway":"bus_stop","public_transport":"platform","bus":"yes","osm":"node/1459397197"},"geometry":{"type":"Point","coordinates":[11.52873,47.28124]}},{"type":"Feature","properties":{"name":"Mils Dorfstraße","highway":"bus_stop","public_transport":"platform","bus":"yes","osm":"node/1459397206"},"geometry":{"type":"Point","coordinates":[11.52862,47.28126]}},{"type":"Feature","properties":{"name":"Mils Gewerbepark","highway":"bus_stop","public_transport":"platform","bus":"yes","osm":"node/1139564932"},"geometry":{"type":"Point","coordinates":[11.54465,47.28281]}},{"type":"Feature","properties":{"name":"Mils Gewerbepark","highway":"bus_stop","public_transport":"platform","bus":"yes","osm":"node/1139565036"},"geometry":{"type":"Point","coordinates":[11.54365,47.2828]}},{"type":"Feature","properties":{"name":"Mils Marklfeld","highway":"bus_stop","public_transport":"platform","bus":"yes","osm":"node/9722314794"},"geometry":{"type":"Point","coordinates":[11.52842,47.2849]}},{"type":"Feature","properties":{"name":"Mils Marklfeld","highway":"bus_stop","public_transport":"platform","bus":"yes","osm":"node/9722314795"},"geometry":{"type":"Point","coordinates":[11.5283,47.28484]}},{"type":"Feature","properties":{"name":"Mils Vereinshaus","highway":"bus_stop","public_transport":"platform","bus":"yes","osm":"node/11914283239"},"geometry":{"type":"Point","coordinates":[11.52922,47.28935]}},{"type":"Feature","properties":{"name":"Milser Straße","highway":"bus_stop","public_transport":"platform","bus":"yes","osm":"node/1519456254"},"geometry":{"type":"Point","coordinates":[11.52011,47.28343]}},{"type":"Feature","properties":{"name":"Milser Straße","highway":"bus_stop","public_transport":"platform","bus":"yes","osm":"node/2113070650"},"geometry":{"type":"Point","coordinates":[11.52131,47.28357]}},{"type":"Feature","properties":{"name":"Milser Straße","highway":"bus_stop","public_transport":"platform","bus":"yes","osm":"node/5022910678"},"geometry":{"type":"Point","coordinates":[11.52161,47.28402]}},{"type":"Feature","properties":{"name":"Milser Straße","highway":"bus_stop","public_transport":"platform","bus":"yes","osm":"node/11163230859"},"geometry":{"type":"Point","coordinates":[11.52129,47.28389]}},{"type":"Feature","properties":{"name":"Mitterhoferstraße","wikidata":"Q116663123","public_transport":"stop_position","railway":"tram_stop","tram":"yes","osm":"node/6221829080"},"geometry":{"type":"Point","coordinates":[11.41272,47.27085]}},{"type":"Feature","properties":{"name":"Mitterhoferstraße","wikidata":"Q116663123","public_transport":"stop_position","railway":"tram_stop","tram":"yes","osm":"node/6221829081"},"geometry":{"type":"Point","coordinates":[11.41308,47.27093]}},{"type":"Feature","properties":{"name":"Mitterhoferstraße","highway":"bus_stop","public_transport":"platform","bus":"yes","osm":"node/8072074229"},"geometry":{"type":"Point","coordinates":[11.51384,47.30176]}},{"type":"Feature","properties":{"name":"Mitterhoferstraße","highway":"bus_stop","osm":"node/8092046046"},"geometry":{"type":"Point","coordinates":[11.41276,47.2709]}},{"type":"Feature","properties":{"name":"Mitterhoferstraße","highway":"bus_stop","osm":"node/12590298078"},"geometry":{"type":"Point","coordinates":[11.41305,47.27088]}},{"type":"Feature","properties":{"name":"Mitterweg","highway":"bus_stop","osm":"node/13288652352"},"geometry":{"type":"Point","coordinates":[11.36797,47.25727]}},{"type":"Feature","properties":{"name":"Mitterweg Unterführung","highway":"bus_stop","osm":"node/13302093684"},"geometry":{"type":"Point","coordinates":[11.3752,47.25902]}},{"type":"Feature","properties":{"name":"Mitterweg Unterführung","highway":"bus_stop","osm":"node/13302107726"},"geometry":{"type":"Point","coordinates":[11.3756,47.25894]}},{"type":"Feature","properties":{"name":"Moos Kreisverkehr Ost","highway":"bus_stop","public_transport":"platform","bus":"yes","osm":"node/1552056500"},"geometry":{"type":"Point","coordinates":[11.10359,47.31273]}},{"type":"Feature","properties":{"name":"Moos Kreisverkehr Ost","highway":"bus_stop","public_transport":"platform","bus":"yes","osm":"node/8063319432"},"geometry":{"type":"Point","coordinates":[11.10245,47.31266]}},{"type":"Feature","properties":{"name":"Moos Kreisverkehr West","highway":"bus_stop","public_transport":"platform","bus":"yes","osm":"node/8063319431"},"geometry":{"type":"Point","coordinates":[11.10099,47.3123]}},{"type":"Feature","properties":{"name":"Moos Wohnpark","highway":"bus_stop","public_transport":"platform","bus":"yes","osm":"node/11132668467"},"geometry":{"type":"Point","coordinates":[11.09671,47.31402]}},{"type":"Feature","properties":{"name":"Moosgasse","highway":"bus_stop","public_transport":"stop_position","bus":"yes","osm":"node/10568051396"},"geometry":{"type":"Point","coordinates":[11.47493,47.29656]}},{"type":"Feature","properties":{"name":"Moosweg","highway":"bus_stop","public_transport":"platform","bus":"yes","osm":"node/13305893007"},"geometry":{"type":"Point","coordinates":[11.45182,47.28848]}},{"type":"Feature","properties":{"name":"Mozartstraße","highway":"bus_stop","osm":"node/13446502136"},"geometry":{"type":"Point","coordinates":[11.40919,47.27544]}},{"type":"Feature","properties":{"name":"Mozartstraße","highway":"bus_stop","osm":"node/13446502159"},"geometry":{"type":"Point","coordinates":[11.40929,47.27557]}},{"type":"Feature","properties":{"name":"Murstraße","highway":"bus_stop","public_transport":"stop_position","bus":"yes","osm":"node/1446579755"},"geometry":{"type":"Point","coordinates":[11.45241,47.28644]}},{"type":"Feature","properties":{"name":"Murstraße","highway":"bus_stop","public_transport":"stop_position","bus":"yes","osm":"node/3032770546"},"geometry":{"type":"Point","coordinates":[11.45319,47.28687]}},{"type":"Feature","properties":{"name":"Murstraße","highway":"bus_stop","public_transport":"stop_position","bus":"yes","osm":"node/5745765306"},"geometry":{"type":"Point","coordinates":[11.45207,47.28709]}},{"type":"Feature","properties":{"name":"Museumstraße","wikidata":"Q116637509","public_transport":"stop_position","railway":"tram_stop","tram":"yes","osm":"node/4114940738"},"geometry":{"type":"Point","coordinates":[11.396,47.26719]}},{"type":"Feature","properties":{"name":"Museumstraße","wikidata":"Q116637509","public_transport":"stop_position","railway":"tram_stop","tram":"yes","osm":"node/4114940739"},"geometry":{"type":"Point","coordinates":[11.39502,47.26735]}},{"type":"Feature","properties":{"name":"Museumstraße","highway":"bus_stop","osm":"node/13700766421"},"geometry":{"type":"Point","coordinates":[11.39523,47.26736]}},{"type":"Feature","properties":{"name":"Museumstraße","highway":"bus_stop","osm":"node/13704220872"},"geometry":{"type":"Point","coordinates":[11.3959,47.26716]}},{"type":"Feature","properties":{"name":"Musikschule","highway":"bus_stop","public_transport":"platform","bus":"yes","osm":"node/2124487019"},"geometry":{"type":"Point","coordinates":[11.06685,47.30841]}},{"type":"Feature","properties":{"name":"Musikschule","highway":"bus_stop","public_transport":"platform","bus":"yes","osm":"node/2124487022"},"geometry":{"type":"Point","coordinates":[11.06652,47.30923]}},{"type":"Feature","properties":{"name":"Mutters","ele":"818.65","operator":"IVB","wikidata":"Q116629449","public_transport":"station","railway":"station","tram":"yes","osm":"node/3120627289"},"geometry":{"type":"Point","coordinates":[11.37841,47.22874]}},{"type":"Feature","properties":{"name":"Mutters Außerkreith","ele":"947.5","operator":"IVB","wikidata":"Q116618804","public_transport":"station","railway":"station","osm":"node/293731789"},"geometry":{"type":"Point","coordinates":[11.37817,47.20941]}},{"type":"Feature","properties":{"name":"Mutters Birchfeld","operator":"IVB","wikidata":"Q116618800","public_transport":"stop_position","railway":"tram_stop","tram":"yes","osm":"node/293729837"},"geometry":{"type":"Point","coordinates":[11.36776,47.2285]}},{"type":"Feature","properties":{"name":"Mutters Birchfeld/Sportplatz","highway":"bus_stop","public_transport":"platform","osm":"node/6113436412"},"geometry":{"type":"Point","coordinates":[11.36956,47.22828]}},{"type":"Feature","properties":{"name":"Mutters Birchfeld/Sportplatz","highway":"bus_stop","public_transport":"platform","osm":"node/6113436747"},"geometry":{"type":"Point","coordinates":[11.36889,47.22832]}},{"type":"Feature","properties":{"name":"Mutters Brandeck","operator":"IVB","wikidata":"Q116618805","public_transport":"station","railway":"station","osm":"node/293732921"},"geometry":{"type":"Point","coordinates":[11.38274,47.19687]}},{"type":"Feature","properties":{"name":"Mutters Burgstall","operator":"IVB","wikidata":"Q109497299","public_transport":"stop_position","railway":"tram_stop","tram":"yes","osm":"node/288209093"},"geometry":{"type":"Point","coordinates":[11.3821,47.23029]}},{"type":"Feature","properties":{"name":"Mutters Dorfstraße","highway":"bus_stop","public_transport":"platform","bus":"yes","osm":"node/8065364797"},"geometry":{"type":"Point","coordinates":[11.37471,47.22761]}},{"type":"Feature","properties":{"name":"Mutters Dorfstraße","highway":"bus_stop","public_transport":"platform","bus":"yes","osm":"node/8065364798"},"geometry":{"type":"Point","coordinates":[11.37587,47.22749]}},{"type":"Feature","properties":{"name":"Mutters Feldeler","operator":"IVB","wikidata":"Q116618803","public_transport":"station","railway":"station","osm":"node/3122767793"},"geometry":{"type":"Point","coordinates":[11.37535,47.21497]}},{"type":"Feature","properties":{"name":"Mutters Gewerbepark","highway":"bus_stop","public_transport":"platform","bus":"yes","osm":"node/10881743875"},"geometry":{"type":"Point","coordinates":[11.38561,47.22938]}},{"type":"Feature","properties":{"name":"Mutters Kreith","ele":"980","operator":"IVB","wikidata":"Q123059311","public_transport":"station","railway":"station","osm":"node/3123231256"},"geometry":{"type":"Point","coordinates":[11.38083,47.20261]}},{"type":"Feature","properties":{"name":"Mutters Muttereralm Bergbahnen","highway":"bus_stop","public_transport":"platform","bus":"yes","osm":"node/8146262122"},"geometry":{"type":"Point","coordinates":[11.36749,47.22215]}},{"type":"Feature","properties":{"name":"Mutters Natterer Straße","highway":"bus_stop","public_transport":"platform","bus":"yes","osm":"node/8065364799"},"geometry":{"type":"Point","coordinates":[11.37589,47.23021]}},{"type":"Feature","properties":{"name":"Mutters Natterer Straße","highway":"bus_stop","public_transport":"platform","bus":"yes","osm":"node/8065364803"},"geometry":{"type":"Point","coordinates":[11.37697,47.22908]}},{"type":"Feature","properties":{"name":"Mutters Nockhofweg/Muttereralm Bahn","operator":"IVB","wikidata":"Q116618801","public_transport":"station","railway":"station","tram":"yes","osm":"node/3742471538"},"geometry":{"type":"Point","coordinates":[11.37175,47.22425]}},{"type":"Feature","properties":{"name":"Mutters Raitis","operator":"IVB","wikidata":"Q116618802","public_transport":"stop_position","railway":"tram_stop","tram":"yes","osm":"node/288209190"},"geometry":{"type":"Point","coordinates":[11.3748,47.21835]}},{"type":"Feature","properties":{"name":"Mösern Hinterfeldlift","highway":"bus_stop","public_transport":"platform","bus":"yes","osm":"node/546823256"},"geometry":{"type":"Point","coordinates":[11.15165,47.31124]}},{"type":"Feature","properties":{"name":"Mösern Hinterfeldlift","highway":"bus_stop","public_transport":"platform","bus":"yes","osm":"node/8399862073"},"geometry":{"type":"Point","coordinates":[11.15178,47.31106]}},{"type":"Feature","properties":{"name":"Mösern Kirche","highway":"bus_stop","public_transport":"platform","bus":"yes","osm":"node/546823237"},"geometry":{"type":"Point","coordinates":[11.14646,47.31131]}},{"type":"Feature","properties":{"name":"Mösern Kirche","highway":"bus_stop","public_transport":"platform","bus":"yes","osm":"node/11091814298"},"geometry":{"type":"Point","coordinates":[11.14634,47.31144]}},{"type":"Feature","properties":{"name":"Mösern Lifte Seewaldalm","highway":"bus_stop","public_transport":"platform","bus":"yes","osm":"node/547029062"},"geometry":{"type":"Point","coordinates":[11.1615,47.31342]}},{"type":"Feature","properties":{"name":"Mösern Lifte Seewaldalm","highway":"bus_stop","public_transport":"platform","bus":"yes","osm":"node/10184389593"},"geometry":{"type":"Point","coordinates":[11.16132,47.31347]}},{"type":"Feature","properties":{"name":"Mötz","ele":"644","operator":"ÖBB-Infrastruktur AG","wikidata":"Q111044843","railway":"halt","osm":"node/2986260474"},"geometry":{"type":"Point","coordinates":[10.96082,47.27568]}},{"type":"Feature","properties":{"name":"Mötz Bahnhaltestelle","highway":"bus_stop","public_transport":"platform","bus":"yes","osm":"node/2134365707"},"geometry":{"type":"Point","coordinates":[10.95992,47.27487]}},{"type":"Feature","properties":{"name":"Mötz Bahnhaltestelle","highway":"bus_stop","public_transport":"platform","bus":"yes","osm":"node/2134365708"},"geometry":{"type":"Point","coordinates":[10.95975,47.27497]}},{"type":"Feature","properties":{"name":"Mötz Kirche","highway":"bus_stop","public_transport":"platform","bus":"yes","osm":"node/2134365709"},"geometry":{"type":"Point","coordinates":[10.95608,47.28057]}},{"type":"Feature","properties":{"name":"Mötz Kirche","highway":"bus_stop","public_transport":"platform","bus":"yes","osm":"node/11203342590"},"geometry":{"type":"Point","coordinates":[10.95612,47.28077]}},{"type":"Feature","properties":{"name":"Mötz Süd","highway":"bus_stop","public_transport":"platform","bus":"yes","osm":"node/3670610630"},"geometry":{"type":"Point","coordinates":[10.95649,47.27758]}},{"type":"Feature","properties":{"name":"Mötz Süd","highway":"bus_stop","public_transport":"platform","bus":"yes","osm":"node/11203342593"},"geometry":{"type":"Point","coordinates":[10.95673,47.27844]}},{"type":"Feature","properties":{"name":"Mötz TIWAG Siedlung","highway":"bus_stop","public_transport":"platform","bus":"yes","osm":"node/2134365710"},"geometry":{"type":"Point","coordinates":[10.95702,47.28578]}},{"type":"Feature","properties":{"name":"Mötz TIWAG Siedlung","highway":"bus_stop","public_transport":"platform","bus":"yes","osm":"node/2134365711"},"geometry":{"type":"Point","coordinates":[10.95714,47.28579]}},{"type":"Feature","properties":{"name":"Mühlau","highway":"bus_stop","osm":"node/13923312029"},"geometry":{"type":"Point","coordinates":[11.41307,47.28317]}},{"type":"Feature","properties":{"name":"Mühlau","highway":"bus_stop","osm":"node/13923312034"},"geometry":{"type":"Point","coordinates":[11.41306,47.2833]}},{"type":"Feature","properties":{"name":"Mühlauer Brücke","wikidata":"Q116642866","public_transport":"stop_position","railway":"tram_stop","tram":"yes","osm":"node/338909651"},"geometry":{"type":"Point","coordinates":[11.40391,47.27822]}},{"type":"Feature","properties":{"name":"Mühlauer Brücke","highway":"bus_stop","osm":"node/2026726147"},"geometry":{"type":"Point","coordinates":[11.40315,47.27872]}},{"type":"Feature","properties":{"name":"Mühlauer Brücke","highway":"bus_stop","osm":"node/2026726148"},"geometry":{"type":"Point","coordinates":[11.40294,47.27886]}},{"type":"Feature","properties":{"name":"Mühlbachl Gh Gschleirs","highway":"bus_stop","public_transport":"platform","bus":"yes","osm":"node/5276233400"},"geometry":{"type":"Point","coordinates":[11.43718,47.16388]}},{"type":"Feature","properties":{"name":"Mühlbachl Gh Nusser","highway":"bus_stop","public_transport":"platform","bus":"yes","osm":"node/5276233394"},"geometry":{"type":"Point","coordinates":[11.4518,47.13807]}},{"type":"Feature","properties":{"name":"Mühlbachl Gh Nusser","highway":"bus_stop","public_transport":"platform","bus":"yes","osm":"node/5276233395"},"geometry":{"type":"Point","coordinates":[11.45182,47.13832]}},{"type":"Feature","properties":{"name":"Mühlbachl Haus Zachen","highway":"bus_stop","public_transport":"platform","bus":"yes","osm":"node/5276233401"},"geometry":{"type":"Point","coordinates":[11.42999,47.17044]}},{"type":"Feature","properties":{"name":"Mühlbachl Muigg","highway":"bus_stop","public_transport":"platform","bus":"yes","osm":"node/5276233398"},"geometry":{"type":"Point","coordinates":[11.44107,47.15908]}},{"type":"Feature","properties":{"name":"Mühlbachl Muigg","highway":"bus_stop","public_transport":"platform","bus":"yes","osm":"node/5276233399"},"geometry":{"type":"Point","coordinates":[11.44173,47.15868]}},{"type":"Feature","properties":{"name":"Mühlbachl Salfaun","highway":"bus_stop","public_transport":"platform","osm":"node/1493826625"},"geometry":{"type":"Point","coordinates":[11.45684,47.10709]}},{"type":"Feature","properties":{"name":"Mühlbachl Samerhof","highway":"bus_stop","public_transport":"platform","bus":"yes","osm":"node/5276233396"},"geometry":{"type":"Point","coordinates":[11.44551,47.15333]}},{"type":"Feature","properties":{"name":"Mühlbachl Samerhof","highway":"bus_stop","public_transport":"platform","bus":"yes","osm":"node/5276233397"},"geometry":{"type":"Point","coordinates":[11.44568,47.15345]}},{"type":"Feature","properties":{"name":"Mühlbrückl","highway":"bus_stop","public_transport":"platform","bus":"yes","osm":"node/1518097029"},"geometry":{"type":"Point","coordinates":[11.26061,47.25458]}},{"type":"Feature","properties":{"name":"Mühlbrückl","highway":"bus_stop","public_transport":"platform","bus":"yes","osm":"node/1518097033"},"geometry":{"type":"Point","coordinates":[11.26051,47.25474]}},{"type":"Feature","properties":{"name":"Mühlenweg","highway":"bus_stop","public_transport":"platform","bus":"yes","osm":"node/1459405134"},"geometry":{"type":"Point","coordinates":[11.52773,47.29495]}},{"type":"Feature","properties":{"name":"Mühlenweg","highway":"bus_stop","public_transport":"platform","bus":"yes","osm":"node/1459405135"},"geometry":{"type":"Point","coordinates":[11.52792,47.29487]}},{"type":"Feature","properties":{"name":"Mühlenweg","highway":"bus_stop","public_transport":"platform","bus":"yes","osm":"node/2028009872"},"geometry":{"type":"Point","coordinates":[11.41584,47.2823]}},{"type":"Feature","properties":{"name":"Mühlsee","wikidata":"Q116678709","public_transport":"stop_position","railway":"tram_stop","tram":"yes","osm":"node/288208357"},"geometry":{"type":"Point","coordinates":[11.4313,47.24461]}},{"type":"Feature","properties":{"name":"Natterer Auffahrt","highway":"bus_stop","bus":"yes","osm":"node/1517905619"},"geometry":{"type":"Point","coordinates":[11.38971,47.24187]}},{"type":"Feature","properties":{"name":"Natters","ele":"765.14","operator":"IVB","wikidata":"Q116629566","public_transport":"stop_position","railway":"tram_stop","tram":"yes","osm":"node/288213241"},"geometry":{"type":"Point","coordinates":[11.37853,47.23293]}},{"type":"Feature","properties":{"name":"Natters Dorfplatz","highway":"bus_stop","public_transport":"platform","bus":"yes","osm":"node/4109496169"},"geometry":{"type":"Point","coordinates":[11.37347,47.23412]}},{"type":"Feature","properties":{"name":"Natters Dorfplatz","highway":"bus_stop","public_transport":"platform","bus":"yes","osm":"node/4109496170"},"geometry":{"type":"Point","coordinates":[11.37335,47.23409]}},{"type":"Feature","properties":{"name":"Natters Dorfplatz","highway":"bus_stop","public_transport":"platform","bus":"yes","osm":"node/4109496171"},"geometry":{"type":"Point","coordinates":[11.37322,47.23382]}},{"type":"Feature","properties":{"name":"Natters Dorfplatz","highway":"bus_stop","public_transport":"platform","bus":"yes","osm":"node/8065364806"},"geometry":{"type":"Point","coordinates":[11.37345,47.23384]}},{"type":"Feature","properties":{"name":"Natters Gemeindeamt","highway":"bus_stop","public_transport":"platform","bus":"yes","osm":"node/8065364811"},"geometry":{"type":"Point","coordinates":[11.37577,47.23439]}},{"type":"Feature","properties":{"name":"Natters Gemeindeamt","highway":"bus_stop","public_transport":"platform","bus":"yes","osm":"node/8065364812"},"geometry":{"type":"Point","coordinates":[11.37569,47.23443]}},{"type":"Feature","properties":{"name":"Natters Gärberbach","ele":"705.23","operator":"IVB","wikidata":"Q116629661","public_transport":"stop_position","railway":"tram_stop","tram":"yes","osm":"node/293728588"},"geometry":{"type":"Point","coordinates":[11.38971,47.24227]}},{"type":"Feature","properties":{"name":"Natters Hölltal","highway":"bus_stop","public_transport":"stop_position","bus":"yes","osm":"node/55061591"},"geometry":{"type":"Point","coordinates":[11.38057,47.23843]}},{"type":"Feature","properties":{"name":"Natters Hölltal","operator":"IVB","wikidata":"Q72834179","public_transport":"station","railway":"station","tram":"yes","osm":"node/3118273249"},"geometry":{"type":"Point","coordinates":[11.38469,47.23856]}},{"type":"Feature","properties":{"name":"Natters Hölltal","highway":"bus_stop","public_transport":"platform","bus":"yes","osm":"node/4042674525"},"geometry":{"type":"Point","coordinates":[11.3833,47.2388]}},{"type":"Feature","properties":{"name":"Natters Landeskrankenhaus","highway":"bus_stop","public_transport":"stop_position","bus":"yes","osm":"node/396548334"},"geometry":{"type":"Point","coordinates":[11.3666,47.23983]}},{"type":"Feature","properties":{"name":"Natters Natterer See Bad","highway":"bus_stop","public_transport":"stop_position","bus":"yes","osm":"node/1517883965"},"geometry":{"type":"Point","coordinates":[11.34208,47.23753]}},{"type":"Feature","properties":{"name":"Navis Abzw Grün","highway":"bus_stop","public_transport":"platform","bus":"yes","osm":"node/12505208378"},"geometry":{"type":"Point","coordinates":[11.54376,47.13557]}},{"type":"Feature","properties":{"name":"Navis Abzw Grün","highway":"bus_stop","public_transport":"platform","bus":"yes","osm":"node/12505208379"},"geometry":{"type":"Point","coordinates":[11.54384,47.13542]}},{"type":"Feature","properties":{"name":"Navis Abzw Grün","highway":"bus_stop","public_transport":"platform","bus":"yes","osm":"node/12505208380"},"geometry":{"type":"Point","coordinates":[11.54358,47.13543]}},{"type":"Feature","properties":{"name":"Navis Abzw Kerschbaumsiedlung","highway":"bus_stop","public_transport":"platform","bus":"yes","osm":"node/12505208389"},"geometry":{"type":"Point","coordinates":[11.50684,47.12791]}},{"type":"Feature","properties":{"name":"Navis Abzw Kerschbaumsiedlung","highway":"bus_stop","public_transport":"platform","bus":"yes","osm":"node/12505208390"},"geometry":{"type":"Point","coordinates":[11.50672,47.12799]}},{"type":"Feature","properties":{"name":"Navis Abzw Kerschbaumsiedlung","highway":"bus_stop","public_transport":"platform","bus":"yes","osm":"node/12505208391"},"geometry":{"type":"Point","coordinates":[11.50708,47.12799]}},{"type":"Feature","properties":{"name":"Navis Dorf","highway":"bus_stop","public_transport":"platform","bus":"yes","osm":"node/1183385468"},"geometry":{"type":"Point","coordinates":[11.54058,47.13078]}},{"type":"Feature","properties":{"name":"Navis Friesnerhof","highway":"bus_stop","public_transport":"platform","bus":"yes","osm":"node/1463231321"},"geometry":{"type":"Point","coordinates":[11.48033,47.12227]}},{"type":"Feature","properties":{"name":"Navis Friesnerhof","highway":"bus_stop","public_transport":"platform","bus":"yes","osm":"node/1463231323"},"geometry":{"type":"Point","coordinates":[11.48036,47.12233]}},{"type":"Feature","properties":{"name":"Navis Gh Eppensteiner","highway":"bus_stop","public_transport":"platform","bus":"yes","osm":"node/12505208383"},"geometry":{"type":"Point","coordinates":[11.53133,47.13204]}},{"type":"Feature","properties":{"name":"Navis Gh Eppensteiner","highway":"bus_stop","public_transport":"platform","bus":"yes","osm":"node/12505208384"},"geometry":{"type":"Point","coordinates":[11.53095,47.13191]}},{"type":"Feature","properties":{"name":"Navis Grünhöfe","highway":"bus_stop","public_transport":"platform","bus":"yes","osm":"node/12505208377"},"geometry":{"type":"Point","coordinates":[11.54801,47.13799]}},{"type":"Feature","properties":{"name":"Navis Jenewein","highway":"bus_stop","public_transport":"platform","bus":"yes","osm":"node/1463247034"},"geometry":{"type":"Point","coordinates":[11.53543,47.12976]}},{"type":"Feature","properties":{"name":"Navis Jenewein","highway":"bus_stop","public_transport":"platform","bus":"yes","osm":"node/1463247038"},"geometry":{"type":"Point","coordinates":[11.53539,47.12984]}},{"type":"Feature","properties":{"name":"Navis Kastner","highway":"bus_stop","public_transport":"platform","bus":"yes","osm":"node/12505208385"},"geometry":{"type":"Point","coordinates":[11.52488,47.13074]}},{"type":"Feature","properties":{"name":"Navis Kastner","highway":"bus_stop","public_transport":"platform","bus":"yes","osm":"node/12505208386"},"geometry":{"type":"Point","coordinates":[11.52503,47.13071]}},{"type":"Feature","properties":{"name":"Navis Kerschbaumsiedlung","highway":"bus_stop","public_transport":"platform","bus":"yes","osm":"node/12505208392"},"geometry":{"type":"Point","coordinates":[11.50565,47.12867]}},{"type":"Feature","properties":{"name":"Navis Kopfers","highway":"bus_stop","public_transport":"platform","bus":"yes","osm":"node/1463240341"},"geometry":{"type":"Point","coordinates":[11.51485,47.12517]}},{"type":"Feature","properties":{"name":"Navis Kopfers","highway":"bus_stop","public_transport":"platform","bus":"yes","osm":"node/1463240345"},"geometry":{"type":"Point","coordinates":[11.51484,47.12524]}},{"type":"Feature","properties":{"name":"Navis Krustn","highway":"bus_stop","public_transport":"platform","bus":"yes","osm":"node/1463240347"},"geometry":{"type":"Point","coordinates":[11.5039,47.12516]}},{"type":"Feature","properties":{"name":"Navis Krustn","highway":"bus_stop","public_transport":"platform","bus":"yes","osm":"node/1463240355"},"geometry":{"type":"Point","coordinates":[11.50392,47.12521]}},{"type":"Feature","properties":{"name":"Navis Lehmbühel","highway":"bus_stop","public_transport":"platform","bus":"yes","osm":"node/12505331558"},"geometry":{"type":"Point","coordinates":[11.45702,47.12111]}},{"type":"Feature","properties":{"name":"Navis Lehmbühel","highway":"bus_stop","public_transport":"platform","bus":"yes","osm":"node/12505331559"},"geometry":{"type":"Point","coordinates":[11.45694,47.12134]}},{"type":"Feature","properties":{"name":"Navis Partull","highway":"bus_stop","public_transport":"platform","bus":"yes","osm":"node/1463227999"},"geometry":{"type":"Point","coordinates":[11.47306,47.12083]}},{"type":"Feature","properties":{"name":"Navis Partull","highway":"bus_stop","public_transport":"platform","bus":"yes","osm":"node/1463228005"},"geometry":{"type":"Point","coordinates":[11.47306,47.12091]}},{"type":"Feature","properties":{"name":"Navis Penz","highway":"bus_stop","public_transport":"platform","bus":"yes","osm":"node/12505331556"},"geometry":{"type":"Point","coordinates":[11.52601,47.12796]}},{"type":"Feature","properties":{"name":"Navis Penz","highway":"bus_stop","public_transport":"platform","bus":"yes","osm":"node/12505331557"},"geometry":{"type":"Point","coordinates":[11.5272,47.12831]}},{"type":"Feature","properties":{"name":"Navis Poltn","highway":"bus_stop","public_transport":"platform","bus":"yes","osm":"node/1463240358"},"geometry":{"type":"Point","coordinates":[11.53027,47.12901]}},{"type":"Feature","properties":{"name":"Navis Poltn","highway":"bus_stop","public_transport":"platform","bus":"yes","osm":"node/1463240361"},"geometry":{"type":"Point","coordinates":[11.53025,47.12908]}},{"type":"Feature","properties":{"name":"Navis Reimer Kreuz","highway":"bus_stop","public_transport":"platform","bus":"yes","osm":"node/1463231325"},"geometry":{"type":"Point","coordinates":[11.48505,47.1217]}},{"type":"Feature","properties":{"name":"Navis Reimer Kreuz","highway":"bus_stop","public_transport":"platform","bus":"yes","osm":"node/1463231329"},"geometry":{"type":"Point","coordinates":[11.48507,47.12177]}},{"type":"Feature","properties":{"name":"Navis Schranzberg","highway":"bus_stop","public_transport":"platform","bus":"yes","osm":"node/12505331554"},"geometry":{"type":"Point","coordinates":[11.54558,47.13328]}},{"type":"Feature","properties":{"name":"Navis Schranzberg","highway":"bus_stop","public_transport":"platform","bus":"yes","osm":"node/12505331555"},"geometry":{"type":"Point","coordinates":[11.54547,47.13321]}},{"type":"Feature","properties":{"name":"Navis Spörr","highway":"bus_stop","public_transport":"platform","bus":"yes","osm":"node/12505208387"},"geometry":{"type":"Point","coordinates":[11.51461,47.12925]}},{"type":"Feature","properties":{"name":"Navis Spörr","highway":"bus_stop","public_transport":"platform","bus":"yes","osm":"node/12505208388"},"geometry":{"type":"Point","coordinates":[11.51472,47.12922]}},{"type":"Feature","properties":{"name":"Navis St. Kathrein","highway":"bus_stop","public_transport":"platform","bus":"yes","osm":"node/1463228007"},"geometry":{"type":"Point","coordinates":[11.46719,47.11867]}},{"type":"Feature","properties":{"name":"Navis St. Kathrein","highway":"bus_stop","public_transport":"platform","bus":"yes","osm":"node/1463228008"},"geometry":{"type":"Point","coordinates":[11.46713,47.11871]}},{"type":"Feature","properties":{"name":"Navis Stöckl","highway":"bus_stop","public_transport":"platform","bus":"yes","osm":"node/12505208381"},"geometry":{"type":"Point","coordinates":[11.54007,47.13381]}},{"type":"Feature","properties":{"name":"Navis Stöckl","highway":"bus_stop","public_transport":"platform","bus":"yes","osm":"node/12505208382"},"geometry":{"type":"Point","coordinates":[11.54001,47.13377]}},{"type":"Feature","properties":{"name":"Navis Wegscheid","highway":"bus_stop","public_transport":"platform","bus":"yes","osm":"node/1463233834"},"geometry":{"type":"Point","coordinates":[11.49609,47.12533]}},{"type":"Feature","properties":{"name":"Navis Wegscheid","highway":"bus_stop","public_transport":"platform","bus":"yes","osm":"node/1463233836"},"geometry":{"type":"Point","coordinates":[11.49612,47.1254]}},{"type":"Feature","properties":{"name":"Neder Grießbrücke","highway":"bus_stop","public_transport":"platform","bus":"yes","osm":"node/3188363556"},"geometry":{"type":"Point","coordinates":[11.32669,47.11781]}},{"type":"Feature","properties":{"name":"Neder Grießbrücke","operator":"Neustifter Funktaxi im Auftrag von Elferlifte Neustift","highway":"bus_stop","public_transport":"platform","bus":"yes","osm":"node/3188372701"},"geometry":{"type":"Point","coordinates":[11.32661,47.11748]}},{"type":"Feature","properties":{"name":"Neu Arzl","highway":"bus_stop","osm":"node/1461831352"},"geometry":{"type":"Point","coordinates":[11.44125,47.27702]}},{"type":"Feature","properties":{"name":"Neu-Rum Abzw Innstraße","highway":"bus_stop","osm":"node/286797175"},"geometry":{"type":"Point","coordinates":[11.44657,47.27766]}},{"type":"Feature","properties":{"name":"Neu-Rum Abzw Innstraße","highway":"bus_stop","osm":"node/1459357334"},"geometry":{"type":"Point","coordinates":[11.44656,47.27746]}},{"type":"Feature","properties":{"name":"Neu-Rum Glungezerstraße","wikidata":"Q116978185","public_transport":"stop_position","railway":"tram_stop","tram":"yes","osm":"node/10314524684"},"geometry":{"type":"Point","coordinates":[11.45221,47.2761]}},{"type":"Feature","properties":{"name":"Neu-Rum Glungezerstraße","wikidata":"Q116978185","public_transport":"stop_position","railway":"tram_stop","tram":"yes","osm":"node/10314524722"},"geometry":{"type":"Point","coordinates":[11.4517,47.27594]}},{"type":"Feature","properties":{"name":"Neu-Rum Interspar","highway":"bus_stop","osm":"node/1446561029"},"geometry":{"type":"Point","coordinates":[11.45203,47.2756]}},{"type":"Feature","properties":{"name":"Neu-Rum Kirche","highway":"bus_stop","osm":"node/12382585754"},"geometry":{"type":"Point","coordinates":[11.44893,47.27352]}},{"type":"Feature","properties":{"name":"Neu-Rum Kirche","highway":"bus_stop","osm":"node/12382585765"},"geometry":{"type":"Point","coordinates":[11.44908,47.27359]}},{"type":"Feature","properties":{"name":"Neu-Rum Sportplatzweg","highway":"bus_stop","osm":"node/12393406510"},"geometry":{"type":"Point","coordinates":[11.45024,47.27094]}},{"type":"Feature","properties":{"name":"Neu-Rum Steinbockallee","highway":"bus_stop","osm":"node/12390676343"},"geometry":{"type":"Point","coordinates":[11.44761,47.27035]}},{"type":"Feature","properties":{"name":"Neu-Rum Volksschule Serlesstraße","wikidata":"Q116978180","public_transport":"stop_position","railway":"tram_stop","tram":"yes","osm":"node/10314509575"},"geometry":{"type":"Point","coordinates":[11.44905,47.27484]}},{"type":"Feature","properties":{"name":"Neu-Rum Volksschule Serlesstraße","wikidata":"Q116978180","public_transport":"stop_position","railway":"tram_stop","tram":"yes","osm":"node/10314524715"},"geometry":{"type":"Point","coordinates":[11.44843,47.27466]}},{"type":"Feature","properties":{"name":"Neugötzner Straße","highway":"bus_stop","public_transport":"stop_position","bus":"yes","osm":"node/1517883960"},"geometry":{"type":"Point","coordinates":[11.31893,47.23337]}},{"type":"Feature","properties":{"name":"Neustift Almhof","highway":"bus_stop","public_transport":"platform","bus":"yes","osm":"node/3688389532"},"geometry":{"type":"Point","coordinates":[11.28028,47.10095]}},{"type":"Feature","properties":{"name":"Neustift Neder","highway":"bus_stop","public_transport":"stop_position","bus":"yes","osm":"node/6796429150"},"geometry":{"type":"Point","coordinates":[11.32639,47.12182]}},{"type":"Feature","properties":{"name":"Neustift Rain","highway":"bus_stop","public_transport":"stop_position","bus":"yes","osm":"node/2641439796"},"geometry":{"type":"Point","coordinates":[11.31185,47.11394]}},{"type":"Feature","properties":{"name":"Neustift Rain","highway":"bus_stop","public_transport":"stop_position","bus":"yes","osm":"node/3045963991"},"geometry":{"type":"Point","coordinates":[11.31187,47.11385]}},{"type":"Feature","properties":{"name":"Neustift i. St. Burgstall","highway":"bus_stop","public_transport":"platform","bus":"yes","osm":"node/3188566371"},"geometry":{"type":"Point","coordinates":[11.33357,47.12462]}},{"type":"Feature","properties":{"name":"Neustift i. St. Elferlifte","operator":"stubai","highway":"bus_stop","public_transport":"platform","bus":"yes","osm":"node/3188349863"},"geometry":{"type":"Point","coordinates":[11.31198,47.11143]}},{"type":"Feature","properties":{"name":"Neustift i. St. Elferlifte","highway":"bus_stop","public_transport":"platform","bus":"yes","osm":"node/3188396956"},"geometry":{"type":"Point","coordinates":[11.31202,47.11137]}},{"type":"Feature","properties":{"name":"Neustift i. St. Kindergarten","highway":"bus_stop","public_transport":"platform","bus":"yes","osm":"node/885891426"},"geometry":{"type":"Point","coordinates":[11.30473,47.10871]}},{"type":"Feature","properties":{"name":"Neustift i. St. Oberkampl","highway":"bus_stop","public_transport":"platform","bus":"yes","osm":"node/285577007"},"geometry":{"type":"Point","coordinates":[11.33771,47.12507]}},{"type":"Feature","properties":{"name":"Niederthai Falknerhof/Alpina","highway":"bus_stop","public_transport":"platform","bus":"yes","osm":"node/11534991223"},"geometry":{"type":"Point","coordinates":[10.96931,47.12615]}},{"type":"Feature","properties":{"name":"Niederthai Falknerhof/Alpina","highway":"bus_stop","public_transport":"platform","bus":"yes","osm":"node/11691852943"},"geometry":{"type":"Point","coordinates":[10.96919,47.12611]}},{"type":"Feature","properties":{"name":"Niederthai Gh Stuibenfall","highway":"bus_stop","public_transport":"platform","bus":"yes","osm":"node/11534991225"},"geometry":{"type":"Point","coordinates":[10.954,47.12601]}},{"type":"Feature","properties":{"name":"Niederthai Gh Tauferberg","highway":"bus_stop","public_transport":"platform","bus":"yes","osm":"node/11534991224"},"geometry":{"type":"Point","coordinates":[10.9616,47.12445]}},{"type":"Feature","properties":{"name":"Niederthai Gh Tauferberg","highway":"bus_stop","public_transport":"platform","bus":"yes","osm":"node/11691852940"},"geometry":{"type":"Point","coordinates":[10.9617,47.12445]}},{"type":"Feature","properties":{"name":"Niederthai Höfle","highway":"bus_stop","public_transport":"platform","bus":"yes","osm":"node/11534991213"},"geometry":{"type":"Point","coordinates":[10.95332,47.12861]}},{"type":"Feature","properties":{"name":"Niederthai Informationsbüro","highway":"bus_stop","public_transport":"platform","bus":"yes","osm":"node/11534991220"},"geometry":{"type":"Point","coordinates":[10.96782,47.12833]}},{"type":"Feature","properties":{"name":"Niederthai Langlaufzentrum","highway":"bus_stop","public_transport":"platform","bus":"yes","osm":"node/11534991221"},"geometry":{"type":"Point","coordinates":[10.96457,47.12069]}},{"type":"Feature","properties":{"name":"Niederthai Langlaufzentrum","highway":"bus_stop","public_transport":"platform","bus":"yes","osm":"node/11691852941"},"geometry":{"type":"Point","coordinates":[10.96459,47.12074]}},{"type":"Feature","properties":{"name":"Niederthai Überfeld","highway":"bus_stop","public_transport":"platform","bus":"yes","osm":"node/11534991222"},"geometry":{"type":"Point","coordinates":[10.96844,47.12259]}},{"type":"Feature","properties":{"name":"Niederthai Überfeld","highway":"bus_stop","public_transport":"platform","bus":"yes","osm":"node/11691852942"},"geometry":{"type":"Point","coordinates":[10.96833,47.12259]}},{"type":"Feature","properties":{"name":"Nockspitzbahn","highway":"bus_stop","public_transport":"platform","bus":"yes","osm":"node/2581721025"},"geometry":{"type":"Point","coordinates":[11.31491,47.23195]}},{"type":"Feature","properties":{"name":"Nordkette","highway":"bus_stop","bus":"yes","osm":"node/2028102837"},"geometry":{"type":"Point","coordinates":[11.39901,47.28579]}},{"type":"Feature","properties":{"name":"ORF Tirol","ele":"576","operator":"Innsbrucker Verkehrsbetriebe","wikidata":"Q116619717","public_transport":"stop_position","railway":"halt","osm":"node/277401532"},"geometry":{"type":"Point","coordinates":[11.39715,47.27521]}},{"type":"Feature","properties":{"name":"ORF Tirol","highway":"bus_stop","osm":"node/3033281765"},"geometry":{"type":"Point","coordinates":[11.39718,47.27493]}},{"type":"Feature","properties":{"name":"ORF Tirol","highway":"bus_stop","osm":"node/3033281766"},"geometry":{"type":"Point","coordinates":[11.39827,47.27559]}},{"type":"Feature","properties":{"name":"Obere Gasse","highway":"bus_stop","public_transport":"platform","osm":"node/1518097013"},"geometry":{"type":"Point","coordinates":[11.20755,47.2557]}},{"type":"Feature","properties":{"name":"Oberellbögen Abzw. Lechen","highway":"bus_stop","public_transport":"stop_position","bus":"yes","osm":"node/1411700519"},"geometry":{"type":"Point","coordinates":[11.45812,47.16947]}},{"type":"Feature","properties":{"name":"Oberellbögen Dörfl","highway":"bus_stop","public_transport":"stop_position","bus":"yes","osm":"node/1674531329"},"geometry":{"type":"Point","coordinates":[11.45008,47.17038]}},{"type":"Feature","properties":{"name":"Oberellbögen Fuchs","highway":"bus_stop","public_transport":"stop_position","bus":"yes","osm":"node/1411700622"},"geometry":{"type":"Point","coordinates":[11.4558,47.16984]}},{"type":"Feature","properties":{"name":"Oberellbögen Parkplatz Hinterlarcher","highway":"bus_stop","public_transport":"stop_position","bus":"yes","osm":"node/261976946"},"geometry":{"type":"Point","coordinates":[11.46491,47.16925]}},{"type":"Feature","properties":{"name":"Oberellbögen Schneider","highway":"bus_stop","public_transport":"stop_position","bus":"yes","osm":"node/1408901187"},"geometry":{"type":"Point","coordinates":[11.44754,47.17239]}},{"type":"Feature","properties":{"name":"Oberellbögen Waldele","highway":"bus_stop","public_transport":"stop_position","bus":"yes","osm":"node/724339402"},"geometry":{"type":"Point","coordinates":[11.46357,47.16729]}},{"type":"Feature","properties":{"name":"Oberhofen Alois-Daum-Weg","highway":"bus_stop","public_transport":"platform","bus":"yes","osm":"node/2124590565"},"geometry":{"type":"Point","coordinates":[11.09568,47.29994]}},{"type":"Feature","properties":{"name":"Oberhofen Alois-Daum-Weg","highway":"bus_stop","public_transport":"platform","bus":"yes","osm":"node/11132668484"},"geometry":{"type":"Point","coordinates":[11.09485,47.30001]}},{"type":"Feature","properties":{"name":"Oberhofen Bahnhst","highway":"bus_stop","public_transport":"platform","bus":"yes","osm":"node/2124590564"},"geometry":{"type":"Point","coordinates":[11.09543,47.30188]}},{"type":"Feature","properties":{"name":"Oberhofen Gasse","highway":"bus_stop","public_transport":"platform","bus":"yes","osm":"node/2124590566"},"geometry":{"type":"Point","coordinates":[11.09634,47.30012]}},{"type":"Feature","properties":{"name":"Oberhofen MPREIS","highway":"bus_stop","public_transport":"platform","bus":"yes","osm":"node/2124590567"},"geometry":{"type":"Point","coordinates":[11.09136,47.29974]}},{"type":"Feature","properties":{"name":"Oberhofen MPREIS","highway":"bus_stop","public_transport":"platform","bus":"yes","osm":"node/6314113109"},"geometry":{"type":"Point","coordinates":[11.09136,47.29982]}},{"type":"Feature","properties":{"name":"Oberhofen Ried","highway":"bus_stop","public_transport":"platform","bus":"yes","osm":"node/11132668476"},"geometry":{"type":"Point","coordinates":[11.08645,47.29934]}},{"type":"Feature","properties":{"name":"Oberhofen Ried","highway":"bus_stop","public_transport":"platform","bus":"yes","osm":"node/11132668478"},"geometry":{"type":"Point","coordinates":[11.08742,47.2995]}},{"type":"Feature","properties":{"name":"Oberhofen im Inntal","ele":"620","operator":"ÖBB-Infrastruktur AG","wikidata":"Q111044830","railway":"halt","osm":"node/2985082426"},"geometry":{"type":"Point","coordinates":[11.09555,47.302]}},{"type":"Feature","properties":{"name":"Oberissalm","highway":"bus_stop","osm":"node/3688389535"},"geometry":{"type":"Point","coordinates":[11.19352,47.09484]}},{"type":"Feature","properties":{"name":"Obermarkt","highway":"bus_stop","public_transport":"platform","bus":"yes","osm":"node/8063319386"},"geometry":{"type":"Point","coordinates":[11.06863,47.30711]}},{"type":"Feature","properties":{"name":"Obermarkt","highway":"bus_stop","public_transport":"platform","bus":"yes","osm":"node/8063319388"},"geometry":{"type":"Point","coordinates":[11.06848,47.30705]}},{"type":"Feature","properties":{"name":"Oberperfuss Aigen","highway":"bus_stop","public_transport":"platform","bus":"yes","osm":"node/1518096951"},"geometry":{"type":"Point","coordinates":[11.24236,47.24539]}},{"type":"Feature","properties":{"name":"Oberperfuss Aigen","highway":"bus_stop","public_transport":"platform","bus":"yes","osm":"node/1518096959"},"geometry":{"type":"Point","coordinates":[11.24211,47.24548]}},{"type":"Feature","properties":{"name":"Oberperfuss Berchtesgaden","highway":"bus_stop","public_transport":"platform","bus":"yes","osm":"node/2108060486"},"geometry":{"type":"Point","coordinates":[11.23643,47.23527]}},{"type":"Feature","properties":{"name":"Oberperfuss Berchtesgaden","highway":"bus_stop","public_transport":"platform","bus":"yes","osm":"node/2108060487"},"geometry":{"type":"Point","coordinates":[11.2362,47.23535]}},{"type":"Feature","properties":{"name":"Oberperfuss Brandstatt","highway":"bus_stop","public_transport":"platform","bus":"yes","osm":"node/2108060488"},"geometry":{"type":"Point","coordinates":[11.2473,47.24004]}},{"type":"Feature","properties":{"name":"Oberperfuss Brandstatt","highway":"bus_stop","public_transport":"platform","bus":"yes","osm":"node/2108060489"},"geometry":{"type":"Point","coordinates":[11.24791,47.24038]}},{"type":"Feature","properties":{"name":"Oberperfuss Dickicht","highway":"bus_stop","public_transport":"platform","bus":"yes","osm":"node/1518096962"},"geometry":{"type":"Point","coordinates":[11.23537,47.24628]}},{"type":"Feature","properties":{"name":"Oberperfuss Dickicht","highway":"bus_stop","public_transport":"platform","bus":"yes","osm":"node/8069272988"},"geometry":{"type":"Point","coordinates":[11.23544,47.24635]}},{"type":"Feature","properties":{"name":"Oberperfuss Gemeindeamt (Nord)","highway":"bus_stop","public_transport":"platform","bus":"yes","osm":"node/2108060494"},"geometry":{"type":"Point","coordinates":[11.24782,47.24473]}},{"type":"Feature","properties":{"name":"Oberperfuss Gemeindeamt (Nord)","highway":"bus_stop","public_transport":"platform","bus":"yes","osm":"node/8069269179"},"geometry":{"type":"Point","coordinates":[11.24795,47.24491]}},{"type":"Feature","properties":{"name":"Oberperfuss Gemeindeamt (West)","highway":"bus_stop","public_transport":"platform","bus":"yes","osm":"node/1518096965"},"geometry":{"type":"Point","coordinates":[11.2472,47.2446]}},{"type":"Feature","properties":{"name":"Oberperfuss Gemeindeamt (West)","highway":"bus_stop","public_transport":"platform","bus":"yes","osm":"node/12456375112"},"geometry":{"type":"Point","coordinates":[11.24648,47.24473]}},{"type":"Feature","properties":{"name":"Oberperfuss Huebe","highway":"bus_stop","public_transport":"platform","bus":"yes","osm":"node/13742866901"},"geometry":{"type":"Point","coordinates":[11.24454,47.24756]}},{"type":"Feature","properties":{"name":"Oberperfuss Huebe","highway":"bus_stop","public_transport":"platform","bus":"yes","osm":"node/13742867101"},"geometry":{"type":"Point","coordinates":[11.2445,47.24766]}},{"type":"Feature","properties":{"name":"Oberperfuss Kammerland","highway":"bus_stop","public_transport":"platform","bus":"yes","osm":"node/2108060490"},"geometry":{"type":"Point","coordinates":[11.24514,47.23758]}},{"type":"Feature","properties":{"name":"Oberperfuss Kammerland","highway":"bus_stop","public_transport":"platform","bus":"yes","osm":"node/2108060491"},"geometry":{"type":"Point","coordinates":[11.24503,47.23759]}},{"type":"Feature","properties":{"name":"Oberperfuss Muchn","highway":"bus_stop","public_transport":"platform","bus":"yes","osm":"node/2108060492"},"geometry":{"type":"Point","coordinates":[11.24165,47.2351]}},{"type":"Feature","properties":{"name":"Oberperfuss Muchn","highway":"bus_stop","public_transport":"platform","bus":"yes","osm":"node/2108060493"},"geometry":{"type":"Point","coordinates":[11.24199,47.23528]}},{"type":"Feature","properties":{"name":"Oberperfuss Paulusbrunnen","highway":"bus_stop","public_transport":"platform","bus":"yes","osm":"node/12456375110"},"geometry":{"type":"Point","coordinates":[11.23792,47.25035]}},{"type":"Feature","properties":{"name":"Oberperfuss Rangger Köpfl Lift","highway":"bus_stop","public_transport":"platform","bus":"yes","osm":"node/1424374997"},"geometry":{"type":"Point","coordinates":[11.23786,47.24576]}},{"type":"Feature","properties":{"name":"Oberperfuss Rangger Köpfl Lift","highway":"bus_stop","public_transport":"platform","bus":"yes","osm":"node/12456375111"},"geometry":{"type":"Point","coordinates":[11.2379,47.24585]}},{"type":"Feature","properties":{"name":"Oberperfuss Totengassl","highway":"bus_stop","public_transport":"platform","bus":"yes","osm":"node/12456375109"},"geometry":{"type":"Point","coordinates":[11.24163,47.24983]}},{"type":"Feature","properties":{"name":"Oberperfuss Völsesgasse","highway":"bus_stop","public_transport":"platform","bus":"yes","osm":"node/1518096968"},"geometry":{"type":"Point","coordinates":[11.22487,47.24946]}},{"type":"Feature","properties":{"name":"Oberperfuss Zirler","highway":"bus_stop","public_transport":"platform","bus":"yes","osm":"node/1518096993"},"geometry":{"type":"Point","coordinates":[11.22974,47.24979]}},{"type":"Feature","properties":{"name":"Oberperfussberg Abzw Stieglreith","highway":"bus_stop","public_transport":"platform","bus":"yes","osm":"node/11212335991"},"geometry":{"type":"Point","coordinates":[11.22317,47.23155]}},{"type":"Feature","properties":{"name":"Oberperfussberg Gh Bergheim","highway":"bus_stop","public_transport":"platform","bus":"yes","osm":"node/11212335993"},"geometry":{"type":"Point","coordinates":[11.22716,47.23232]}},{"type":"Feature","properties":{"name":"Oberperfussberg Hinterburg","highway":"bus_stop","public_transport":"platform","bus":"yes","osm":"node/11212335985"},"geometry":{"type":"Point","coordinates":[11.2146,47.23041]}},{"type":"Feature","properties":{"name":"Oberperfussberg Kirche","highway":"bus_stop","public_transport":"platform","bus":"yes","osm":"node/1261399469"},"geometry":{"type":"Point","coordinates":[11.2312,47.23405]}},{"type":"Feature","properties":{"name":"Oberperfussberg Tiefental","highway":"bus_stop","public_transport":"platform","bus":"yes","osm":"node/11212335986"},"geometry":{"type":"Point","coordinates":[11.21716,47.23097]}},{"type":"Feature","properties":{"name":"Oberperfussberg Wendestelle","highway":"bus_stop","public_transport":"platform","osm":"node/1261399616"},"geometry":{"type":"Point","coordinates":[11.22973,47.23339]}},{"type":"Feature","properties":{"name":"Oberpettnau","highway":"bus_stop","public_transport":"platform","bus":"yes","osm":"node/8062351267"},"geometry":{"type":"Point","coordinates":[11.1414,47.29925]}},{"type":"Feature","properties":{"name":"Oberpettnau","highway":"bus_stop","public_transport":"platform","bus":"yes","osm":"node/8062351268"},"geometry":{"type":"Point","coordinates":[11.14065,47.29937]}},{"type":"Feature","properties":{"name":"Ochsengarten Abzw Mareil","highway":"bus_stop","public_transport":"platform","bus":"yes","osm":"node/2144782633"},"geometry":{"type":"Point","coordinates":[10.97205,47.22522]}},{"type":"Feature","properties":{"name":"Ochsengarten Abzw Mareil","highway":"bus_stop","public_transport":"platform","bus":"yes","osm":"node/2144782634"},"geometry":{"type":"Point","coordinates":[10.97187,47.22545]}},{"type":"Feature","properties":{"name":"Olympiabrücke","highway":"bus_stop","osm":"node/13840516509"},"geometry":{"type":"Point","coordinates":[11.40509,47.25791]}},{"type":"Feature","properties":{"name":"Olympiaworld","description":"Internationale Linien","highway":"bus_stop","osm":"node/13881186816"},"geometry":{"type":"Point","coordinates":[11.40814,47.25802]}},{"type":"Feature","properties":{"name":"Olympiaworld","highway":"bus_stop","osm":"node/13881186834"},"geometry":{"type":"Point","coordinates":[11.40725,47.25786]}},{"type":"Feature","properties":{"name":"Olympiaworld","highway":"bus_stop","osm":"node/13881186850"},"geometry":{"type":"Point","coordinates":[11.40759,47.25793]}},{"type":"Feature","properties":{"name":"Olympiaworld","highway":"bus_stop","osm":"node/13885183319"},"geometry":{"type":"Point","coordinates":[11.40814,47.25842]}},{"type":"Feature","properties":{"name":"Olympstraße","highway":"bus_stop","public_transport":"platform","bus":"yes","osm":"node/11132710531"},"geometry":{"type":"Point","coordinates":[11.06929,47.30927]}},{"type":"Feature","properties":{"name":"Ortsmitte","highway":"bus_stop","public_transport":"platform","bus":"yes","osm":"node/885939470"},"geometry":{"type":"Point","coordinates":[11.30607,47.11006]}},{"type":"Feature","properties":{"name":"Ortsmitte","highway":"bus_stop","public_transport":"platform","bus":"yes","osm":"node/2971331121"},"geometry":{"type":"Point","coordinates":[11.30658,47.10917]}},{"type":"Feature","properties":{"name":"Ortsmitte/Hypo","highway":"bus_stop","public_transport":"platform","bus":"yes","osm":"node/297357660"},"geometry":{"type":"Point","coordinates":[11.34809,47.15203]}},{"type":"Feature","properties":{"name":"Ortsmitte/Hypo","highway":"bus_stop","public_transport":"platform","bus":"yes","osm":"node/3046060833"},"geometry":{"type":"Point","coordinates":[11.34825,47.15195]}},{"type":"Feature","properties":{"name":"Otto-Gamper-Weg","highway":"bus_stop","public_transport":"platform","osm":"node/13370618638"},"geometry":{"type":"Point","coordinates":[11.41226,47.28701]}},{"type":"Feature","properties":{"name":"Oweges","highway":"bus_stop","public_transport":"platform","bus":"yes","osm":"node/297357672"},"geometry":{"type":"Point","coordinates":[11.38707,47.17337]}},{"type":"Feature","properties":{"name":"Oweges","highway":"bus_stop","public_transport":"platform","bus":"yes","osm":"node/3046159908"},"geometry":{"type":"Point","coordinates":[11.38791,47.17381]}},{"type":"Feature","properties":{"name":"Pacherstraße","highway":"bus_stop","osm":"node/13799366391"},"geometry":{"type":"Point","coordinates":[11.40967,47.26044]}},{"type":"Feature","properties":{"name":"Pacherstraße","highway":"bus_stop","osm":"node/13799402537"},"geometry":{"type":"Point","coordinates":[11.40953,47.26031]}},{"type":"Feature","properties":{"name":"Patergraben","highway":"bus_stop","public_transport":"platform","bus":"yes","osm":"node/1461930300"},"geometry":{"type":"Point","coordinates":[11.50498,47.28295]}},{"type":"Feature","properties":{"name":"Patsch","operator":"ÖBB-Infrastruktur AG","wikipedia":"de:Bahnhof Patsch","wikidata":"Q14912780","railway":"halt","osm":"node/314137117"},"geometry":{"type":"Point","coordinates":[11.41656,47.1932]}},{"type":"Feature","properties":{"name":"Patsch Dorf","highway":"bus_stop","public_transport":"platform","bus":"yes","osm":"node/1493786735"},"geometry":{"type":"Point","coordinates":[11.41599,47.20529]}},{"type":"Feature","properties":{"name":"Patsch Dorf","highway":"bus_stop","public_transport":"platform","bus":"yes","osm":"node/1598825475"},"geometry":{"type":"Point","coordinates":[11.41601,47.20544]}},{"type":"Feature","properties":{"name":"Patsch Goldbichl","highway":"bus_stop","public_transport":"platform","bus":"yes","osm":"node/1493786741"},"geometry":{"type":"Point","coordinates":[11.41819,47.21478]}},{"type":"Feature","properties":{"name":"Patsch Goldbichl","highway":"bus_stop","public_transport":"platform","bus":"yes","osm":"node/1493786747"},"geometry":{"type":"Point","coordinates":[11.41819,47.21498]}},{"type":"Feature","properties":{"name":"Patsch Grünwalderhof","highway":"bus_stop","public_transport":"platform","bus":"yes","osm":"node/1493786751"},"geometry":{"type":"Point","coordinates":[11.41625,47.2107]}},{"type":"Feature","properties":{"name":"Patsch Grünwalderhof","highway":"bus_stop","public_transport":"platform","bus":"yes","osm":"node/1493786755"},"geometry":{"type":"Point","coordinates":[11.41647,47.21194]}},{"type":"Feature","properties":{"name":"Patsch Rugschrain","highway":"bus_stop","public_transport":"platform","osm":"node/1493786757"},"geometry":{"type":"Point","coordinates":[11.425,47.19828]}},{"type":"Feature","properties":{"name":"Patsch Rugschrain","highway":"bus_stop","public_transport":"platform","osm":"node/1493786775"},"geometry":{"type":"Point","coordinates":[11.4248,47.19827]}},{"type":"Feature","properties":{"name":"Patscherkofel","highway":"bus_stop","bus":"yes","osm":"node/3032430979"},"geometry":{"type":"Point","coordinates":[11.42568,47.22206]}},{"type":"Feature","properties":{"name":"Pauluskirche","wikidata":"Q116663122","public_transport":"stop_position","railway":"tram_stop","tram":"yes","osm":"node/6221829078"},"geometry":{"type":"Point","coordinates":[11.41617,47.27321]}},{"type":"Feature","properties":{"name":"Pauluskirche","wikidata":"Q116663122","public_transport":"stop_position","railway":"tram_stop","tram":"yes","osm":"node/6221829079"},"geometry":{"type":"Point","coordinates":[11.41591,47.27296]}},{"type":"Feature","properties":{"name":"Pauluskirche","highway":"bus_stop","osm":"node/12590483133"},"geometry":{"type":"Point","coordinates":[11.41593,47.27307]}},{"type":"Feature","properties":{"name":"Pauluskirche","highway":"bus_stop","osm":"node/12590483134"},"geometry":{"type":"Point","coordinates":[11.41616,47.27315]}},{"type":"Feature","properties":{"name":"Peerhofsiedlung","highway":"bus_stop","public_transport":"stop_position","bus":"yes","osm":"node/377494415"},"geometry":{"type":"Point","coordinates":[11.34634,47.26894]}},{"type":"Feature","properties":{"name":"Peerhofsiedlung","public_transport":"stop_position","railway":"tram_stop","tram":"yes","osm":"node/5252739909"},"geometry":{"type":"Point","coordinates":[11.34607,47.26888]}},{"type":"Feature","properties":{"name":"Peerhofsiedlung","public_transport":"stop_position","railway":"tram_stop","tram":"yes","osm":"node/5252739910"},"geometry":{"type":"Point","coordinates":[11.34633,47.2689]}},{"type":"Feature","properties":{"name":"Peterbrünnl","highway":"bus_stop","osm":"node/2043163394"},"geometry":{"type":"Point","coordinates":[11.36922,47.25017]}},{"type":"Feature","properties":{"name":"Peterbrünnl","highway":"bus_stop","osm":"node/2043163400"},"geometry":{"type":"Point","coordinates":[11.37012,47.25103]}},{"type":"Feature","properties":{"name":"Peterbrünnl","highway":"bus_stop","osm":"node/11216086857"},"geometry":{"type":"Point","coordinates":[11.36887,47.25031]}},{"type":"Feature","properties":{"name":"Peterbrünnl","highway":"bus_stop","osm":"node/11216086906"},"geometry":{"type":"Point","coordinates":[11.36942,47.25075]}},{"type":"Feature","properties":{"name":"Peterbrünnlweg","highway":"bus_stop","osm":"node/14020365828"},"geometry":{"type":"Point","coordinates":[11.36814,47.25136]}},{"type":"Feature","properties":{"name":"Peterbrünnlweg","highway":"bus_stop","osm":"node/14020365868"},"geometry":{"type":"Point","coordinates":[11.36845,47.2514]}},{"type":"Feature","properties":{"name":"Pettnau","highway":"bus_stop","public_transport":"platform","bus":"yes","osm":"node/1552056475"},"geometry":{"type":"Point","coordinates":[11.1597,47.29213]}},{"type":"Feature","properties":{"name":"Pettnau","highway":"bus_stop","public_transport":"platform","bus":"yes","osm":"node/1552056481"},"geometry":{"type":"Point","coordinates":[11.16,47.29191]}},{"type":"Feature","properties":{"name":"Pfaffenhofen Abzw Bahnhof","highway":"bus_stop","public_transport":"platform","bus":"yes","osm":"node/2124590570"},"geometry":{"type":"Point","coordinates":[11.07754,47.29949]}},{"type":"Feature","properties":{"name":"Pfaffenhofen Gewerbegebiet Ost","highway":"bus_stop","public_transport":"platform","bus":"yes","osm":"node/11132710546"},"geometry":{"type":"Point","coordinates":[11.074,47.30011]}},{"type":"Feature","properties":{"name":"Pfaffenhofen Gewerbegebiet West","highway":"bus_stop","public_transport":"platform","bus":"yes","osm":"node/11132710547"},"geometry":{"type":"Point","coordinates":[11.06608,47.29859]}},{"type":"Feature","properties":{"name":"Pfaffenhofen Gewerbegebiet West","highway":"bus_stop","public_transport":"platform","bus":"yes","osm":"node/11132710548"},"geometry":{"type":"Point","coordinates":[11.06606,47.29874]}},{"type":"Feature","properties":{"name":"Pfaffenhofen Schwarzer Adler","highway":"bus_stop","public_transport":"platform","bus":"yes","osm":"node/2124590571"},"geometry":{"type":"Point","coordinates":[11.08273,47.29881]}},{"type":"Feature","properties":{"name":"Pfaffenhofen Schwarzer Adler","highway":"bus_stop","public_transport":"platform","bus":"yes","osm":"node/2124590572"},"geometry":{"type":"Point","coordinates":[11.08212,47.29906]}},{"type":"Feature","properties":{"name":"Pfaffensteig","highway":"bus_stop","public_transport":"platform","bus":"yes","osm":"node/11769129636"},"geometry":{"type":"Point","coordinates":[11.4383,47.25944]}},{"type":"Feature","properties":{"name":"Pfaffensteig","highway":"bus_stop","public_transport":"platform","bus":"yes","osm":"node/12066275592"},"geometry":{"type":"Point","coordinates":[11.43839,47.25938]}},{"type":"Feature","properties":{"name":"Pfons Feuerwehr","highway":"bus_stop","public_transport":"platform","bus":"yes","osm":"node/1493810346"},"geometry":{"type":"Point","coordinates":[11.46042,47.13997]}},{"type":"Feature","properties":{"name":"Pfons Feuerwehr","highway":"bus_stop","public_transport":"platform","bus":"yes","osm":"node/1493810347"},"geometry":{"type":"Point","coordinates":[11.46042,47.14044]}},{"type":"Feature","properties":{"name":"Pfons Gedeir","highway":"bus_stop","public_transport":"platform","osm":"node/1493810348"},"geometry":{"type":"Point","coordinates":[11.45385,47.15643]}},{"type":"Feature","properties":{"name":"Pfons Gedeir","highway":"bus_stop","public_transport":"platform","osm":"node/1493810349"},"geometry":{"type":"Point","coordinates":[11.45394,47.15699]}},{"type":"Feature","properties":{"name":"Pfons Gh Fuchs","highway":"bus_stop","public_transport":"platform","bus":"yes","osm":"node/1493810350"},"geometry":{"type":"Point","coordinates":[11.46055,47.14244]}},{"type":"Feature","properties":{"name":"Pfons Gh Fuchs","highway":"bus_stop","public_transport":"platform","bus":"yes","osm":"node/1493810351"},"geometry":{"type":"Point","coordinates":[11.46042,47.14219]}},{"type":"Feature","properties":{"name":"Pfons Pfarrkirche Matrei","highway":"bus_stop","public_transport":"platform","bus":"yes","osm":"node/1493819314"},"geometry":{"type":"Point","coordinates":[11.45355,47.137]}},{"type":"Feature","properties":{"name":"Pfons Pfarrkirche Matrei","highway":"bus_stop","public_transport":"platform","bus":"yes","osm":"node/10772410911"},"geometry":{"type":"Point","coordinates":[11.4536,47.13692]}},{"type":"Feature","properties":{"name":"Pfons Wiesengrund","highway":"bus_stop","public_transport":"platform","bus":"yes","osm":"node/1493810352"},"geometry":{"type":"Point","coordinates":[11.45546,47.15032]}},{"type":"Feature","properties":{"name":"Pfons Wiesengrund","highway":"bus_stop","public_transport":"platform","bus":"yes","osm":"node/1493810353"},"geometry":{"type":"Point","coordinates":[11.45572,47.15008]}},{"type":"Feature","properties":{"name":"Philippine-Welser-Straße","wikidata":"Q116677062","public_transport":"stop_position","railway":"tram_stop","tram":"yes","osm":"node/1773746307"},"geometry":{"type":"Point","coordinates":[11.42287,47.25794]}},{"type":"Feature","properties":{"name":"Philippine-Welser-Straße","wikidata":"Q116677062","public_transport":"stop_position","railway":"tram_stop","tram":"yes","osm":"node/2960672313"},"geometry":{"type":"Point","coordinates":[11.4229,47.25789]}},{"type":"Feature","properties":{"name":"Physiothermstraße","highway":"bus_stop","public_transport":"stop_position","bus":"yes","osm":"node/10568051394"},"geometry":{"type":"Point","coordinates":[11.4701,47.27618]}},{"type":"Feature","properties":{"name":"Pirmingasse","highway":"bus_stop","osm":"node/13266910846"},"geometry":{"type":"Point","coordinates":[11.36519,47.26219]}},{"type":"Feature","properties":{"name":"Pirmingasse","highway":"bus_stop","osm":"node/13270406035"},"geometry":{"type":"Point","coordinates":[11.3651,47.26157]}},{"type":"Feature","properties":{"name":"Piuskirche","wikidata":"Q116663115","public_transport":"stop_position","railway":"tram_stop","tram":"yes","osm":"node/5583103930"},"geometry":{"type":"Point","coordinates":[11.43857,47.27415]}},{"type":"Feature","properties":{"name":"Piuskirche","wikidata":"Q116663115","public_transport":"stop_position","railway":"tram_stop","tram":"yes","osm":"node/6221829070"},"geometry":{"type":"Point","coordinates":[11.43798,47.27425]}},{"type":"Feature","properties":{"name":"Piuskirche","highway":"bus_stop","osm":"node/12551002590"},"geometry":{"type":"Point","coordinates":[11.43808,47.27433]}},{"type":"Feature","properties":{"name":"Piuskirche","highway":"bus_stop","osm":"node/12551002591"},"geometry":{"type":"Point","coordinates":[11.43731,47.27419]}},{"type":"Feature","properties":{"name":"Planitz","highway":"bus_stop","public_transport":"platform","bus":"yes","osm":"node/1459405136"},"geometry":{"type":"Point","coordinates":[11.52519,47.30714]}},{"type":"Feature","properties":{"name":"Platten","highway":"bus_stop","public_transport":"platform","bus":"yes","osm":"node/8062351257"},"geometry":{"type":"Point","coordinates":[11.13394,47.30186]}},{"type":"Feature","properties":{"name":"Platten","highway":"bus_stop","public_transport":"platform","bus":"yes","osm":"node/8062351258"},"geometry":{"type":"Point","coordinates":[11.13376,47.302]}},{"type":"Feature","properties":{"name":"Plattenhof","highway":"bus_stop","osm":"node/2028102773"},"geometry":{"type":"Point","coordinates":[11.38656,47.27622]}},{"type":"Feature","properties":{"name":"Plattenhof","highway":"bus_stop","osm":"node/8869418310"},"geometry":{"type":"Point","coordinates":[11.38633,47.27622]}},{"type":"Feature","properties":{"name":"Polizeidirektion","highway":"bus_stop","osm":"node/13551487023"},"geometry":{"type":"Point","coordinates":[11.39987,47.26998]}},{"type":"Feature","properties":{"name":"Polizeidirektion","highway":"bus_stop","osm":"node/13556294393"},"geometry":{"type":"Point","coordinates":[11.39953,47.26978]}},{"type":"Feature","properties":{"name":"Polling Dorfplatz","highway":"bus_stop","public_transport":"platform","bus":"yes","osm":"node/2124611028"},"geometry":{"type":"Point","coordinates":[11.15053,47.28123]}},{"type":"Feature","properties":{"name":"Polling Dorfplatz","highway":"bus_stop","public_transport":"platform","bus":"yes","osm":"node/2124611029"},"geometry":{"type":"Point","coordinates":[11.14987,47.28164]}},{"type":"Feature","properties":{"name":"Polling Kapelle","highway":"bus_stop","public_transport":"platform","bus":"yes","osm":"node/2124611030"},"geometry":{"type":"Point","coordinates":[11.14744,47.28266]}},{"type":"Feature","properties":{"name":"Polling Kapelle","highway":"bus_stop","public_transport":"platform","bus":"yes","osm":"node/2124611031"},"geometry":{"type":"Point","coordinates":[11.14714,47.28287]}},{"type":"Feature","properties":{"name":"Polling Klammbach","highway":"bus_stop","public_transport":"platform","bus":"yes","osm":"node/9857490517"},"geometry":{"type":"Point","coordinates":[11.15577,47.28026]}},{"type":"Feature","properties":{"name":"Polling Klammbach","highway":"bus_stop","public_transport":"platform","bus":"yes","osm":"node/9857490917"},"geometry":{"type":"Point","coordinates":[11.15512,47.28016]}},{"type":"Feature","properties":{"name":"Pradler Friedhof","wikidata":"Q116677063","public_transport":"stop_position","railway":"tram_stop","tram":"yes","osm":"node/3675591840"},"geometry":{"type":"Point","coordinates":[11.42146,47.2588]}},{"type":"Feature","properties":{"name":"Pradler Friedhof","wikidata":"Q116677063","direction":"forward","public_transport":"stop_position","railway":"tram_stop","tram":"yes","osm":"node/3688277404"},"geometry":{"type":"Point","coordinates":[11.42084,47.2596]}},{"type":"Feature","properties":{"name":"Pradler Friedhof","highway":"bus_stop","osm":"node/13898298989"},"geometry":{"type":"Point","coordinates":[11.42101,47.25956]}},{"type":"Feature","properties":{"name":"Pradler Friedhof","highway":"bus_stop","osm":"node/13898333129"},"geometry":{"type":"Point","coordinates":[11.42126,47.25888]}},{"type":"Feature","properties":{"name":"Pradler Straße","highway":"bus_stop","osm":"node/12533914008"},"geometry":{"type":"Point","coordinates":[11.40936,47.26962]}},{"type":"Feature","properties":{"name":"Pradler Straße","highway":"bus_stop","osm":"node/12533914014"},"geometry":{"type":"Point","coordinates":[11.40922,47.26937]}},{"type":"Feature","properties":{"name":"Praxmar Abzw Lüsens","highway":"bus_stop","public_transport":"platform","bus":"yes","osm":"node/2102104493"},"geometry":{"type":"Point","coordinates":[11.13796,47.15763]}},{"type":"Feature","properties":{"name":"Praxmar Pension Waldfrieden","highway":"bus_stop","public_transport":"platform","bus":"yes","osm":"node/2102104495"},"geometry":{"type":"Point","coordinates":[11.13603,47.15816]}},{"type":"Feature","properties":{"name":"Praxmar Pension Waldfrieden","highway":"bus_stop","public_transport":"platform","bus":"yes","osm":"node/2102104496"},"geometry":{"type":"Point","coordinates":[11.13684,47.1582]}},{"type":"Feature","properties":{"name":"Praxmar Wendestelle","highway":"bus_stop","public_transport":"platform","bus":"yes","osm":"node/2102104497"},"geometry":{"type":"Point","coordinates":[11.13347,47.14944]}},{"type":"Feature","properties":{"name":"Primelweg","highway":"bus_stop","public_transport":"stop_position","bus":"yes","osm":"node/276092218"},"geometry":{"type":"Point","coordinates":[11.36102,47.25259]}},{"type":"Feature","properties":{"name":"Primelweg","highway":"bus_stop","public_transport":"stop_position","bus":"yes","osm":"node/1465298129"},"geometry":{"type":"Point","coordinates":[11.35982,47.2528]}},{"type":"Feature","properties":{"name":"Radetzkystraße","wikidata":"Q116663120","public_transport":"stop_position","railway":"tram_stop","tram":"yes","osm":"node/6221829076"},"geometry":{"type":"Point","coordinates":[11.41999,47.27518]}},{"type":"Feature","properties":{"name":"Radetzkystraße","wikidata":"Q116663120","public_transport":"stop_position","railway":"tram_stop","tram":"yes","osm":"node/6221829077"},"geometry":{"type":"Point","coordinates":[11.41966,47.27519]}},{"type":"Feature","properties":{"name":"Radetzkystraße","highway":"bus_stop","osm":"node/12556829768"},"geometry":{"type":"Point","coordinates":[11.41931,47.27475]}},{"type":"Feature","properties":{"name":"Radetzkystraße","highway":"bus_stop","osm":"node/12556829772"},"geometry":{"type":"Point","coordinates":[11.41973,47.2746]}},{"type":"Feature","properties":{"name":"Radetzkystraße","highway":"bus_stop","osm":"node/12580232507"},"geometry":{"type":"Point","coordinates":[11.42183,47.27538]}},{"type":"Feature","properties":{"name":"Radetzkystraße","highway":"bus_stop","osm":"node/12580244657"},"geometry":{"type":"Point","coordinates":[11.42024,47.27514]}},{"type":"Feature","properties":{"name":"Ranggen Abzw Itzlranggen","highway":"bus_stop","public_transport":"platform","bus":"yes","osm":"node/1518096996"},"geometry":{"type":"Point","coordinates":[11.23506,47.25443]}},{"type":"Feature","properties":{"name":"Ranggen Abzw Itzlranggen","highway":"bus_stop","public_transport":"platform","osm":"node/1518097001"},"geometry":{"type":"Point","coordinates":[11.23565,47.2547]}},{"type":"Feature","properties":{"name":"Rathaus/Apotheke","highway":"bus_stop","public_transport":"platform","bus":"yes","osm":"node/8063319390"},"geometry":{"type":"Point","coordinates":[11.07169,47.30621]}},{"type":"Feature","properties":{"name":"Rehgasse","highway":"bus_stop","osm":"node/13288718265"},"geometry":{"type":"Point","coordinates":[11.36291,47.25586]}},{"type":"Feature","properties":{"name":"Reimmilchstraße","highway":"bus_stop","public_transport":"platform","bus":"yes","osm":"node/3667868352"},"geometry":{"type":"Point","coordinates":[11.49744,47.28569]}},{"type":"Feature","properties":{"name":"Reith Auland Gstoag","highway":"bus_stop","public_transport":"platform","bus":"yes","osm":"node/2063937266"},"geometry":{"type":"Point","coordinates":[11.1991,47.31422]}},{"type":"Feature","properties":{"name":"Reith Auland Gstoag","highway":"bus_stop","public_transport":"platform","bus":"yes","osm":"node/2063937267"},"geometry":{"type":"Point","coordinates":[11.19854,47.31475]}},{"type":"Feature","properties":{"name":"Reith Auland Sagweg","highway":"bus_stop","public_transport":"platform","bus":"yes","osm":"node/2063937268"},"geometry":{"type":"Point","coordinates":[11.20007,47.30882]}},{"type":"Feature","properties":{"name":"Reith Auland Sagweg","highway":"bus_stop","public_transport":"platform","bus":"yes","osm":"node/5424856441"},"geometry":{"type":"Point","coordinates":[11.19972,47.3086]}},{"type":"Feature","properties":{"name":"Reith Information","highway":"bus_stop","public_transport":"platform","bus":"yes","osm":"node/2063937269"},"geometry":{"type":"Point","coordinates":[11.20327,47.29929]}},{"type":"Feature","properties":{"name":"Reith Information","highway":"bus_stop","public_transport":"platform","bus":"yes","osm":"node/2063937270"},"geometry":{"type":"Point","coordinates":[11.20338,47.29933]}},{"type":"Feature","properties":{"name":"Reith Kaiserstandweg","highway":"bus_stop","public_transport":"platform","bus":"yes","osm":"node/11044364783"},"geometry":{"type":"Point","coordinates":[11.20761,47.29679]}},{"type":"Feature","properties":{"name":"Reith Kaiserstandweg","highway":"bus_stop","public_transport":"platform","bus":"yes","osm":"node/11091644504"},"geometry":{"type":"Point","coordinates":[11.20752,47.29683]}},{"type":"Feature","properties":{"name":"Reith Kirche","highway":"bus_stop","public_transport":"platform","bus":"yes","osm":"node/2063937271"},"geometry":{"type":"Point","coordinates":[11.20536,47.29808]}},{"type":"Feature","properties":{"name":"Reith Kirche","highway":"bus_stop","public_transport":"platform","bus":"yes","osm":"node/2063937272"},"geometry":{"type":"Point","coordinates":[11.20538,47.29814]}},{"type":"Feature","properties":{"name":"Reith b. S. Krinz","highway":"bus_stop","public_transport":"platform","bus":"yes","osm":"node/2063916389"},"geometry":{"type":"Point","coordinates":[11.19869,47.32676]}},{"type":"Feature","properties":{"name":"Reith b. S. Krinz","highway":"bus_stop","public_transport":"platform","bus":"yes","osm":"node/2063916390"},"geometry":{"type":"Point","coordinates":[11.19895,47.32762]}},{"type":"Feature","properties":{"name":"Reith bei Seefeld","ele":"1120","operator":"ÖBB-Infrastruktur AG","wikidata":"Q38177050","public_transport":"station","railway":"station","osm":"node/32854131"},"geometry":{"type":"Point","coordinates":[11.20063,47.30105]}},{"type":"Feature","properties":{"name":"Reith bei Seefeld Feuerwehr","highway":"bus_stop","public_transport":"platform","bus":"yes","osm":"node/11044364782"},"geometry":{"type":"Point","coordinates":[11.2013,47.3011]}},{"type":"Feature","properties":{"name":"Reith bei Seefeld Feuerwehr","highway":"bus_stop","public_transport":"platform","bus":"yes","osm":"node/11091701207"},"geometry":{"type":"Point","coordinates":[11.20134,47.30097]}},{"type":"Feature","properties":{"name":"Reithmannstraße","highway":"bus_stop","osm":"node/12563579420"},"geometry":{"type":"Point","coordinates":[11.41658,47.27111]}},{"type":"Feature","properties":{"name":"Reithmannstraße","highway":"bus_stop","osm":"node/12563579434"},"geometry":{"type":"Point","coordinates":[11.4172,47.27113]}},{"type":"Feature","properties":{"name":"Rennerschule","wikidata":"Q116663127","public_transport":"stop_position","railway":"tram_stop","tram":"yes","osm":"node/4449721005"},"geometry":{"type":"Point","coordinates":[11.41188,47.26822]}},{"type":"Feature","properties":{"name":"Rennerschule","wikidata":"Q116663127","public_transport":"stop_position","railway":"tram_stop","tram":"yes","osm":"node/4449721006"},"geometry":{"type":"Point","coordinates":[11.41167,47.26871]}},{"type":"Feature","properties":{"name":"Rennerschule","highway":"bus_stop","osm":"node/12512422919"},"geometry":{"type":"Point","coordinates":[11.41153,47.26885]}},{"type":"Feature","properties":{"name":"Rennerschule","highway":"bus_stop","osm":"node/12514839554"},"geometry":{"type":"Point","coordinates":[11.41198,47.26815]}},{"type":"Feature","properties":{"name":"Riedgasse","highway":"bus_stop","public_transport":"stop_position","bus":"yes","osm":"node/1519543587"},"geometry":{"type":"Point","coordinates":[11.39177,47.27404]}},{"type":"Feature","properties":{"name":"Rietz","ele":"635","operator":"ÖBB-Infrastruktur AG","railway":"halt","osm":"node/2985980335"},"geometry":{"type":"Point","coordinates":[11.02407,47.29198]}},{"type":"Feature","properties":{"name":"Rietz Bahnhaltestelle","highway":"bus_stop","public_transport":"platform","bus":"yes","osm":"node/2985995947"},"geometry":{"type":"Point","coordinates":[11.0252,47.29197]}},{"type":"Feature","properties":{"name":"Rietz Dorferwirt","highway":"bus_stop","public_transport":"platform","bus":"yes","osm":"node/3670607023"},"geometry":{"type":"Point","coordinates":[11.03668,47.28694]}},{"type":"Feature","properties":{"name":"Rietz Dürre","highway":"bus_stop","public_transport":"platform","bus":"yes","osm":"node/11519743504"},"geometry":{"type":"Point","coordinates":[11.04234,47.29239]}},{"type":"Feature","properties":{"name":"Rietz Dürre","highway":"bus_stop","public_transport":"platform","bus":"yes","osm":"node/11519743505"},"geometry":{"type":"Point","coordinates":[11.04119,47.29197]}},{"type":"Feature","properties":{"name":"Rietz Gemeindeamt","highway":"bus_stop","public_transport":"platform","bus":"yes","osm":"node/3670607024"},"geometry":{"type":"Point","coordinates":[11.03036,47.28603]}},{"type":"Feature","properties":{"name":"Rietz Kapelle","highway":"bus_stop","public_transport":"platform","bus":"yes","osm":"node/3670607022"},"geometry":{"type":"Point","coordinates":[11.0415,47.28691]}},{"type":"Feature","properties":{"name":"Rietz Unterdorf","highway":"bus_stop","public_transport":"platform","bus":"yes","osm":"node/3670610625"},"geometry":{"type":"Point","coordinates":[11.0271,47.28813]}},{"type":"Feature","properties":{"name":"Rinn Camping Judenstein","highway":"bus_stop","public_transport":"platform","bus":"yes","osm":"node/13421809368"},"geometry":{"type":"Point","coordinates":[11.50405,47.25944]}},{"type":"Feature","properties":{"name":"Rinn Gh Judenstein","highway":"bus_stop","public_transport":"platform","bus":"yes","osm":"node/11101578583"},"geometry":{"type":"Point","coordinates":[11.50444,47.25979]}},{"type":"Feature","properties":{"name":"Rinn Gspeck","highway":"bus_stop","public_transport":"platform","bus":"yes","osm":"node/11101578579"},"geometry":{"type":"Point","coordinates":[11.50312,47.25256]}},{"type":"Feature","properties":{"name":"Rinn Gspeck","highway":"bus_stop","public_transport":"platform","bus":"yes","osm":"node/11101578580"},"geometry":{"type":"Point","coordinates":[11.50303,47.25252]}},{"type":"Feature","properties":{"name":"Rinn Kirchplatz","highway":"bus_stop","public_transport":"platform","bus":"yes","osm":"node/291620384"},"geometry":{"type":"Point","coordinates":[11.50121,47.24886]}},{"type":"Feature","properties":{"name":"Rinn Kirchplatz","highway":"bus_stop","public_transport":"platform","bus":"yes","osm":"node/291620385"},"geometry":{"type":"Point","coordinates":[11.50145,47.24884]}},{"type":"Feature","properties":{"name":"Rinn Lavierenbad","highway":"bus_stop","public_transport":"platform","bus":"yes","osm":"node/287711140"},"geometry":{"type":"Point","coordinates":[11.50995,47.25218]}},{"type":"Feature","properties":{"name":"Rinn Lavierenbad","highway":"bus_stop","public_transport":"platform","bus":"yes","osm":"node/287711143"},"geometry":{"type":"Point","coordinates":[11.51024,47.25218]}},{"type":"Feature","properties":{"name":"Rinn Obere Hochstraße","highway":"bus_stop","public_transport":"platform","bus":"yes","osm":"node/11101578585"},"geometry":{"type":"Point","coordinates":[11.50964,47.26169]}},{"type":"Feature","properties":{"name":"Rinn Sennerhof","highway":"bus_stop","public_transport":"platform","bus":"yes","osm":"node/11101578582"},"geometry":{"type":"Point","coordinates":[11.50125,47.25762]}},{"type":"Feature","properties":{"name":"Rinn Sennerhof","highway":"bus_stop","public_transport":"platform","bus":"yes","osm":"node/13421875602"},"geometry":{"type":"Point","coordinates":[11.5008,47.25754]}},{"type":"Feature","properties":{"name":"Rinn Triendlsiedlung","highway":"bus_stop","public_transport":"platform","bus":"yes","osm":"node/291617901"},"geometry":{"type":"Point","coordinates":[11.48533,47.2488]}},{"type":"Feature","properties":{"name":"Rinn Triendlsiedlung","highway":"bus_stop","public_transport":"platform","bus":"yes","osm":"node/291617903"},"geometry":{"type":"Point","coordinates":[11.48461,47.24893]}},{"type":"Feature","properties":{"name":"Rinn Volksschule","highway":"bus_stop","public_transport":"platform","bus":"yes","osm":"node/287711145"},"geometry":{"type":"Point","coordinates":[11.5045,47.25011]}},{"type":"Feature","properties":{"name":"Rinn Volksschule","highway":"bus_stop","public_transport":"platform","bus":"yes","osm":"node/13421809367"},"geometry":{"type":"Point","coordinates":[11.50459,47.25023]}},{"type":"Feature","properties":{"name":"Rinn Wiesenweg/Lift","highway":"bus_stop","public_transport":"platform","bus":"yes","osm":"node/291620386"},"geometry":{"type":"Point","coordinates":[11.49664,47.24835]}},{"type":"Feature","properties":{"name":"Rinn Wiesenweg/Lift","highway":"bus_stop","public_transport":"platform","bus":"yes","osm":"node/291620387"},"geometry":{"type":"Point","coordinates":[11.49691,47.24832]}},{"type":"Feature","properties":{"name":"Romedihof","highway":"bus_stop","public_transport":"stop_position","bus":"yes","osm":"node/1493771317"},"geometry":{"type":"Point","coordinates":[11.41721,47.23682]}},{"type":"Feature","properties":{"name":"Rosengarten","highway":"bus_stop","public_transport":"platform","bus":"yes","osm":"node/27188010"},"geometry":{"type":"Point","coordinates":[11.29192,47.10518]}},{"type":"Feature","properties":{"name":"Rosengarten","highway":"bus_stop","public_transport":"platform","bus":"yes","osm":"node/3045963997"},"geometry":{"type":"Point","coordinates":[11.2917,47.10479]}},{"type":"Feature","properties":{"name":"Rossau West","highway":"bus_stop","osm":"node/12544014569"},"geometry":{"type":"Point","coordinates":[11.4286,47.27061]}},{"type":"Feature","properties":{"name":"Rossau West","highway":"bus_stop","osm":"node/12544014574"},"geometry":{"type":"Point","coordinates":[11.42845,47.27074]}},{"type":"Feature","properties":{"name":"Rotadlerstraße","highway":"bus_stop","osm":"node/321305302"},"geometry":{"type":"Point","coordinates":[11.43649,47.27623]}},{"type":"Feature","properties":{"name":"Rotadlerstraße","highway":"bus_stop","osm":"node/2690334867"},"geometry":{"type":"Point","coordinates":[11.43737,47.27609]}},{"type":"Feature","properties":{"name":"Roßbachstraße","wikidata":"Q116663119","public_transport":"stop_position","railway":"tram_stop","tram":"yes","osm":"node/6221829074"},"geometry":{"type":"Point","coordinates":[11.42344,47.27517]}},{"type":"Feature","properties":{"name":"Roßbachstraße","wikidata":"Q116663119","public_transport":"stop_position","railway":"tram_stop","tram":"yes","osm":"node/6221829075"},"geometry":{"type":"Point","coordinates":[11.42384,47.27502]}},{"type":"Feature","properties":{"name":"Roßbachstraße","highway":"bus_stop","osm":"node/12566005389"},"geometry":{"type":"Point","coordinates":[11.42352,47.27503]}},{"type":"Feature","properties":{"name":"Roßbachstraße","highway":"bus_stop","osm":"node/12566005396"},"geometry":{"type":"Point","coordinates":[11.42418,47.27504]}},{"type":"Feature","properties":{"name":"Rudolf-Greinz-Straße","wikidata":"Q116677065","public_transport":"stop_position","railway":"tram_stop","tram":"yes","osm":"node/3790471090"},"geometry":{"type":"Point","coordinates":[11.41644,47.26176]}},{"type":"Feature","properties":{"name":"Rudolf-Greinz-Straße","wikidata":"Q116677065","public_transport":"stop_position","railway":"tram_stop","tram":"yes","osm":"node/3790471091"},"geometry":{"type":"Point","coordinates":[11.41617,47.26186]}},{"type":"Feature","properties":{"name":"Rudolf-Greinz-Straße","highway":"bus_stop","osm":"node/13140683372"},"geometry":{"type":"Point","coordinates":[11.41629,47.26187]}},{"type":"Feature","properties":{"name":"Rudolf-Greinz-Straße","highway":"bus_stop","osm":"node/13140683375"},"geometry":{"type":"Point","coordinates":[11.41622,47.26178]}},{"type":"Feature","properties":{"name":"Rudolfstraße","highway":"bus_stop","public_transport":"platform","bus":"yes","osm":"node/11163230855"},"geometry":{"type":"Point","coordinates":[11.50638,47.28766]}},{"type":"Feature","properties":{"name":"Rum","operator":"ÖBB-Infrastruktur AG","wikidata":"Q15261678","railway":"halt","osm":"node/2989179307"},"geometry":{"type":"Point","coordinates":[11.45698,47.27795]}},{"type":"Feature","properties":{"name":"Rum Abzw Gartenweg","highway":"bus_stop","osm":"node/1446561062"},"geometry":{"type":"Point","coordinates":[11.45102,47.27803]}},{"type":"Feature","properties":{"name":"Rum Abzw Gartenweg","highway":"bus_stop","bus":"yes","osm":"node/1461831355"},"geometry":{"type":"Point","coordinates":[11.45127,47.27784]}},{"type":"Feature","properties":{"name":"Rum Ahornstraße","highway":"bus_stop","public_transport":"platform","bus":"yes","osm":"node/1446579750"},"geometry":{"type":"Point","coordinates":[11.45049,47.28704]}},{"type":"Feature","properties":{"name":"Rum Bahnhof","highway":"bus_stop","osm":"node/6789697256"},"geometry":{"type":"Point","coordinates":[11.45609,47.27793]}},{"type":"Feature","properties":{"name":"Rum Bahnhof","wikidata":"Q116978191","public_transport":"stop_position","railway":"tram_stop","tram":"yes","osm":"node/10314509526"},"geometry":{"type":"Point","coordinates":[11.45768,47.27777]}},{"type":"Feature","properties":{"name":"Rum Bahnhof","wikidata":"Q116978191","public_transport":"stop_position","railway":"tram_stop","tram":"yes","osm":"node/10314509527"},"geometry":{"type":"Point","coordinates":[11.45768,47.2778]}},{"type":"Feature","properties":{"name":"Rum Bahnhof","highway":"bus_stop","osm":"node/10855749733"},"geometry":{"type":"Point","coordinates":[11.45645,47.2779]}},{"type":"Feature","properties":{"name":"Rum Bahnhof","highway":"bus_stop","osm":"node/10855749735"},"geometry":{"type":"Point","coordinates":[11.45763,47.27753]}},{"type":"Feature","properties":{"name":"Rum Bahnhofstraße","highway":"bus_stop","public_transport":"platform","bus":"yes","osm":"node/1446561063"},"geometry":{"type":"Point","coordinates":[11.45619,47.28013]}},{"type":"Feature","properties":{"name":"Rum Friedhof","highway":"bus_stop","public_transport":"platform","bus":"yes","osm":"node/1446561065"},"geometry":{"type":"Point","coordinates":[11.46013,47.28797]}},{"type":"Feature","properties":{"name":"Rum Gartenweg","highway":"bus_stop","public_transport":"platform","bus":"yes","osm":"node/1446579752"},"geometry":{"type":"Point","coordinates":[11.45517,47.27937]}},{"type":"Feature","properties":{"name":"Rum Kirche","highway":"bus_stop","public_transport":"platform","osm":"node/13375719471"},"geometry":{"type":"Point","coordinates":[11.45989,47.28687]}},{"type":"Feature","properties":{"name":"Rum Lärchenstraße","highway":"bus_stop","public_transport":"platform","osm":"node/13375719475"},"geometry":{"type":"Point","coordinates":[11.44595,47.29004]}},{"type":"Feature","properties":{"name":"Rum Marienkapelle","highway":"bus_stop","public_transport":"platform","bus":"yes","osm":"node/1446579753"},"geometry":{"type":"Point","coordinates":[11.45397,47.28767]}},{"type":"Feature","properties":{"name":"Rum Naturpark Karwendel","highway":"bus_stop","public_transport":"platform","osm":"node/13375719476"},"geometry":{"type":"Point","coordinates":[11.44224,47.2919]}},{"type":"Feature","properties":{"name":"Rum Ost","highway":"bus_stop","public_transport":"platform","bus":"yes","osm":"node/1446579756"},"geometry":{"type":"Point","coordinates":[11.46181,47.28668]}},{"type":"Feature","properties":{"name":"Rum Ost","highway":"bus_stop","public_transport":"platform","bus":"yes","osm":"node/8072074278"},"geometry":{"type":"Point","coordinates":[11.46189,47.2868]}},{"type":"Feature","properties":{"name":"Rum Sanatorium","highway":"bus_stop","public_transport":"platform","bus":"yes","osm":"node/8016735529"},"geometry":{"type":"Point","coordinates":[11.44814,47.28871]}},{"type":"Feature","properties":{"name":"Rum Schulstraße","highway":"bus_stop","public_transport":"platform","bus":"yes","osm":"node/1446561074"},"geometry":{"type":"Point","coordinates":[11.45862,47.28333]}},{"type":"Feature","properties":{"name":"Rum Schulstraße","highway":"bus_stop","public_transport":"platform","bus":"yes","osm":"node/12469210040"},"geometry":{"type":"Point","coordinates":[11.45842,47.28289]}},{"type":"Feature","properties":{"name":"Römerstraße","highway":"bus_stop","public_transport":"stop_position","bus":"yes","osm":"node/333383782"},"geometry":{"type":"Point","coordinates":[11.43322,47.23782]}},{"type":"Feature","properties":{"name":"Römerstraße","highway":"bus_stop","public_transport":"platform","bus":"yes","osm":"node/2109919572"},"geometry":{"type":"Point","coordinates":[11.46286,47.26267]}},{"type":"Feature","properties":{"name":"Römerstraße","highway":"bus_stop","public_transport":"platform","bus":"yes","osm":"node/2109919573"},"geometry":{"type":"Point","coordinates":[11.46315,47.26284]}},{"type":"Feature","properties":{"name":"SOS-Kinderdorf","highway":"bus_stop","public_transport":"platform","bus":"yes","osm":"node/2109946304"},"geometry":{"type":"Point","coordinates":[11.44814,47.26037]}},{"type":"Feature","properties":{"name":"SOS-Kinderdorf","highway":"bus_stop","public_transport":"platform","bus":"yes","osm":"node/2112887463"},"geometry":{"type":"Point","coordinates":[11.44766,47.26036]}},{"type":"Feature","properties":{"name":"Sadrach","operator":"IVB","highway":"bus_stop","osm":"node/2028009845"},"geometry":{"type":"Point","coordinates":[11.3689,47.26963]}},{"type":"Feature","properties":{"name":"Sagl Fa. Liebherr","highway":"bus_stop","public_transport":"platform","bus":"yes","osm":"node/8063319429"},"geometry":{"type":"Point","coordinates":[11.10124,47.31375]}},{"type":"Feature","properties":{"name":"Sagl Fa. Liebherr","highway":"bus_stop","public_transport":"platform","bus":"yes","osm":"node/11132668464"},"geometry":{"type":"Point","coordinates":[11.10041,47.31444]}},{"type":"Feature","properties":{"name":"Sagl Kreisverkehr","highway":"bus_stop","public_transport":"platform","bus":"yes","osm":"node/1552056503"},"geometry":{"type":"Point","coordinates":[11.09065,47.31612]}},{"type":"Feature","properties":{"name":"Sagl Kreisverkehr","highway":"bus_stop","public_transport":"platform","bus":"yes","osm":"node/8063319424"},"geometry":{"type":"Point","coordinates":[11.09066,47.31598]}},{"type":"Feature","properties":{"name":"Sagl MPREIS","highway":"bus_stop","public_transport":"platform","bus":"yes","osm":"node/2098904590"},"geometry":{"type":"Point","coordinates":[11.09171,47.31644]}},{"type":"Feature","properties":{"name":"Sagl Wolf","highway":"bus_stop","public_transport":"platform","bus":"yes","osm":"node/2124541234"},"geometry":{"type":"Point","coordinates":[11.09636,47.31732]}},{"type":"Feature","properties":{"name":"Salzbergstraße","highway":"bus_stop","public_transport":"platform","bus":"yes","osm":"node/8072074222"},"geometry":{"type":"Point","coordinates":[11.51761,47.30439]}},{"type":"Feature","properties":{"name":"Salzbergstraße","highway":"bus_stop","public_transport":"platform","bus":"yes","osm":"node/8072074223"},"geometry":{"type":"Point","coordinates":[11.51746,47.30441]}},{"type":"Feature","properties":{"name":"Samerweg","highway":"bus_stop","public_transport":"platform","bus":"yes","osm":"node/11163230853"},"geometry":{"type":"Point","coordinates":[11.49503,47.28843]}},{"type":"Feature","properties":{"name":"Sandegg","highway":"bus_stop","public_transport":"platform","bus":"yes","osm":"node/1459405137"},"geometry":{"type":"Point","coordinates":[11.52746,47.30148]}},{"type":"Feature","properties":{"name":"Sankt Pirmin/Volkshaus","highway":"bus_stop","osm":"node/12554537061"},"geometry":{"type":"Point","coordinates":[11.42536,47.26931]}},{"type":"Feature","properties":{"name":"Sankt Pirmin/Volkshaus","highway":"bus_stop","osm":"node/12554537070"},"geometry":{"type":"Point","coordinates":[11.42477,47.26996]}},{"type":"Feature","properties":{"name":"Schaller","highway":"bus_stop","public_transport":"platform","bus":"yes","osm":"node/885891455"},"geometry":{"type":"Point","coordinates":[11.27743,47.09006]}},{"type":"Feature","properties":{"name":"Schaller","highway":"bus_stop","public_transport":"platform","bus":"yes","osm":"node/3045954961"},"geometry":{"type":"Point","coordinates":[11.27815,47.09041]}},{"type":"Feature","properties":{"name":"Scheibe","highway":"bus_stop","public_transport":"platform","bus":"yes","osm":"node/2050645117"},"geometry":{"type":"Point","coordinates":[11.30088,47.10853]}},{"type":"Feature","properties":{"name":"Scheibe","highway":"bus_stop","public_transport":"platform","bus":"yes","osm":"node/3045963999"},"geometry":{"type":"Point","coordinates":[11.30138,47.1085]}},{"type":"Feature","properties":{"name":"Scheidensteinstraße","highway":"bus_stop","public_transport":"platform","bus":"yes","osm":"node/9162074174"},"geometry":{"type":"Point","coordinates":[11.50063,47.28398]}},{"type":"Feature","properties":{"name":"Schidlachstraße","highway":"bus_stop","osm":"node/13714551237"},"geometry":{"type":"Point","coordinates":[11.39752,47.25821]}},{"type":"Feature","properties":{"name":"Schillerweg","highway":"bus_stop","osm":"node/13370618639"},"geometry":{"type":"Point","coordinates":[11.41528,47.28904]}},{"type":"Feature","properties":{"name":"Schlerngasse","highway":"bus_stop","osm":"node/2028102755"},"geometry":{"type":"Point","coordinates":[11.38912,47.27349]}},{"type":"Feature","properties":{"name":"Schlerngasse","highway":"bus_stop","osm":"node/2028102766"},"geometry":{"type":"Point","coordinates":[11.38935,47.27499]}},{"type":"Feature","properties":{"name":"Schloss Ambras","highway":"bus_stop","public_transport":"stop_position","bus":"yes","osm":"node/3079027059"},"geometry":{"type":"Point","coordinates":[11.42994,47.25562]}},{"type":"Feature","properties":{"name":"Schloss Büchsenhausen","check_date":"2024-03-24","highway":"bus_stop","public_transport":"stop_position","bus":"yes","osm":"node/734713692"},"geometry":{"type":"Point","coordinates":[11.39402,47.27638]}},{"type":"Feature","properties":{"name":"Schloss Büchsenhausen","highway":"bus_stop","public_transport":"stop_position","bus":"yes","osm":"node/734713699"},"geometry":{"type":"Point","coordinates":[11.39343,47.2759]}},{"type":"Feature","properties":{"name":"Schlotthofweg","highway":"bus_stop","public_transport":"stop_position","bus":"yes","osm":"node/599043007"},"geometry":{"type":"Point","coordinates":[11.37337,47.26842]}},{"type":"Feature","properties":{"name":"Schmelzergasse","highway":"bus_stop","osm":"node/13640700154"},"geometry":{"type":"Point","coordinates":[11.39401,47.27356]}},{"type":"Feature","properties":{"name":"Schmelzergasse","highway":"bus_stop","osm":"node/13640751116"},"geometry":{"type":"Point","coordinates":[11.39376,47.27354]}},{"type":"Feature","properties":{"name":"Schmiedemuseum","highway":"bus_stop","public_transport":"platform","bus":"yes","osm":"node/8091509035"},"geometry":{"type":"Point","coordinates":[11.34786,47.15536]}},{"type":"Feature","properties":{"name":"Schmirn Glinzen","highway":"bus_stop","public_transport":"stop_position","bus":"yes","osm":"node/4399187503"},"geometry":{"type":"Point","coordinates":[11.58417,47.09117]}},{"type":"Feature","properties":{"name":"Schmirn Kasern","highway":"bus_stop","public_transport":"stop_position","bus":"yes","osm":"node/261959355"},"geometry":{"type":"Point","coordinates":[11.60297,47.10712]}},{"type":"Feature","properties":{"name":"Schmirn Obere Holzebensiedlung","highway":"bus_stop","public_transport":"stop_position","bus":"yes","osm":"node/333491569"},"geometry":{"type":"Point","coordinates":[11.57219,47.0831]}},{"type":"Feature","properties":{"name":"Schmirn Toldern","highway":"bus_stop","public_transport":"stop_position","bus":"yes","osm":"node/1641983920"},"geometry":{"type":"Point","coordinates":[11.57978,47.08714]}},{"type":"Feature","properties":{"name":"Schmirn Untere Holzebensiedlung","highway":"bus_stop","public_transport":"stop_position","bus":"yes","osm":"node/333491546"},"geometry":{"type":"Point","coordinates":[11.56813,47.08136]}},{"type":"Feature","properties":{"name":"Schnatzenbichl","highway":"bus_stop","public_transport":"platform","bus":"yes","osm":"node/1446579757"},"geometry":{"type":"Point","coordinates":[11.44751,47.28979]}},{"type":"Feature","properties":{"name":"Schobergasse","highway":"bus_stop","osm":"node/13370618634"},"geometry":{"type":"Point","coordinates":[11.43047,47.28465]}},{"type":"Feature","properties":{"name":"Schul- und Sportzentrum","highway":"bus_stop","public_transport":"platform","bus":"yes","osm":"node/11132710538"},"geometry":{"type":"Point","coordinates":[11.06684,47.3045]}},{"type":"Feature","properties":{"name":"Schulgasse","highway":"bus_stop","public_transport":"stop_position","bus":"yes","osm":"node/10568051389"},"geometry":{"type":"Point","coordinates":[11.47431,47.29246]}},{"type":"Feature","properties":{"name":"Schusterbergweg","highway":"bus_stop","osm":"node/376121922"},"geometry":{"type":"Point","coordinates":[11.43126,47.28156]}},{"type":"Feature","properties":{"name":"Schusterbergweg","highway":"bus_stop","osm":"node/376121924"},"geometry":{"type":"Point","coordinates":[11.43096,47.28177]}},{"type":"Feature","properties":{"name":"Schutzengelkirche","highway":"bus_stop","osm":"node/13008849478"},"geometry":{"type":"Point","coordinates":[11.41641,47.26597]}},{"type":"Feature","properties":{"name":"Schutzengelkirche","highway":"bus_stop","osm":"node/13065089015"},"geometry":{"type":"Point","coordinates":[11.41637,47.26572]}},{"type":"Feature","properties":{"name":"Schwimmbad","highway":"bus_stop","public_transport":"platform","bus":"yes","osm":"node/4529062900"},"geometry":{"type":"Point","coordinates":[11.49703,47.2843]}},{"type":"Feature","properties":{"name":"Schönberg i. St. Brennerstraße","highway":"bus_stop","public_transport":"platform","bus":"yes","osm":"node/5276233402"},"geometry":{"type":"Point","coordinates":[11.41779,47.17835]}},{"type":"Feature","properties":{"name":"Schönberg i. St. Unterbrücke","highway":"bus_stop","public_transport":"platform","bus":"yes","osm":"node/2584344709"},"geometry":{"type":"Point","coordinates":[11.41606,47.18059]}},{"type":"Feature","properties":{"name":"Schönberg i. St. Unterbrücke","highway":"bus_stop","public_transport":"platform","bus":"yes","osm":"node/3047029353"},"geometry":{"type":"Point","coordinates":[11.41602,47.18086]}},{"type":"Feature","properties":{"name":"Schönberg im Stubaital Dorfmitte","operator":"VVT","highway":"bus_stop","public_transport":"platform","bus":"yes","osm":"node/12498398007"},"geometry":{"type":"Point","coordinates":[11.40496,47.18606]}},{"type":"Feature","properties":{"name":"Schönegg Kirche","highway":"bus_stop","public_transport":"platform","bus":"yes","osm":"node/11163230823"},"geometry":{"type":"Point","coordinates":[11.52334,47.28526]}},{"type":"Feature","properties":{"name":"Schönegg Kirche","highway":"bus_stop","public_transport":"platform","bus":"yes","osm":"node/11163230824"},"geometry":{"type":"Point","coordinates":[11.52331,47.28514]}},{"type":"Feature","properties":{"name":"Schönruh","wikidata":"Q116678712","public_transport":"stop_position","railway":"tram_stop","tram":"yes","osm":"node/391657967"},"geometry":{"type":"Point","coordinates":[11.43083,47.25429]}},{"type":"Feature","properties":{"name":"Schützenstraße","wikidata":"Q116663114","public_transport":"stop_position","railway":"tram_stop","tram":"yes","osm":"node/6221829068"},"geometry":{"type":"Point","coordinates":[11.44258,47.27381]}},{"type":"Feature","properties":{"name":"Schützenstraße","wikidata":"Q116663114","public_transport":"stop_position","railway":"tram_stop","tram":"yes","osm":"node/6221829069"},"geometry":{"type":"Point","coordinates":[11.44197,47.27391]}},{"type":"Feature","properties":{"name":"Schützenstraße","highway":"bus_stop","osm":"node/12550986711"},"geometry":{"type":"Point","coordinates":[11.44224,47.27395]}},{"type":"Feature","properties":{"name":"Schützenstraße","highway":"bus_stop","osm":"node/12550986744"},"geometry":{"type":"Point","coordinates":[11.4426,47.27374]}},{"type":"Feature","properties":{"name":"Schützenstraße","highway":"bus_stop","osm":"node/12550986764"},"geometry":{"type":"Point","coordinates":[11.44295,47.27326]}},{"type":"Feature","properties":{"name":"Sebastian-Scheel-Straße","highway":"bus_stop","osm":"node/13446376197"},"geometry":{"type":"Point","coordinates":[11.41167,47.27384]}},{"type":"Feature","properties":{"name":"Sebastian-Scheel-Straße","highway":"bus_stop","osm":"node/13446438916"},"geometry":{"type":"Point","coordinates":[11.41188,47.2739]}},{"type":"Feature","properties":{"name":"Seefeld Gschwandtkopflift Talstation","highway":"bus_stop","public_transport":"platform","bus":"yes","osm":"node/2065524607"},"geometry":{"type":"Point","coordinates":[11.17893,47.32461]}},{"type":"Feature","properties":{"name":"Seefeld Leutascher Straße","highway":"bus_stop","public_transport":"platform","bus":"yes","osm":"node/2063972293"},"geometry":{"type":"Point","coordinates":[11.18075,47.33023]}},{"type":"Feature","properties":{"name":"Seefeld Reitstall","highway":"bus_stop","public_transport":"platform","bus":"yes","osm":"node/5328105203"},"geometry":{"type":"Point","coordinates":[11.17693,47.33471]}},{"type":"Feature","properties":{"name":"Seefeld i. T. Am Kirchwald Henke","highway":"bus_stop","public_transport":"platform","bus":"yes","osm":"node/11044364778"},"geometry":{"type":"Point","coordinates":[11.17896,47.33006]}},{"type":"Feature","properties":{"name":"Seefeld i. T. Am Klosterwald","highway":"bus_stop","public_transport":"platform","bus":"yes","osm":"node/11044364777"},"geometry":{"type":"Point","coordinates":[11.17804,47.33311]}},{"type":"Feature","properties":{"name":"Seefeld i. T. Birkenlift","highway":"bus_stop","public_transport":"platform","bus":"yes","osm":"node/2063972290"},"geometry":{"type":"Point","coordinates":[11.17851,47.33679]}},{"type":"Feature","properties":{"name":"Seefeld i. T. Birkenlift","highway":"bus_stop","public_transport":"platform","bus":"yes","osm":"node/2063972291"},"geometry":{"type":"Point","coordinates":[11.17868,47.33726]}},{"type":"Feature","properties":{"name":"Seefeld i. T. Claudiastr./A.-Hofer-Str.","highway":"bus_stop","public_transport":"platform","bus":"yes","osm":"node/13610465770"},"geometry":{"type":"Point","coordinates":[11.19185,47.33002]}},{"type":"Feature","properties":{"name":"Seefeld i. T. Claudiastr./Schönangerweg","highway":"bus_stop","public_transport":"platform","bus":"yes","osm":"node/11044364771"},"geometry":{"type":"Point","coordinates":[11.19265,47.33147]}},{"type":"Feature","properties":{"name":"Seefeld i. T. Feuerwehr","highway":"bus_stop","public_transport":"platform","bus":"yes","osm":"node/11044364770"},"geometry":{"type":"Point","coordinates":[11.19172,47.33442]}},{"type":"Feature","properties":{"name":"Seefeld i. T. Feuerwehr","highway":"bus_stop","public_transport":"platform","bus":"yes","osm":"node/13611734877"},"geometry":{"type":"Point","coordinates":[11.1916,47.33445]}},{"type":"Feature","properties":{"name":"Seefeld i. T. Fiakerplatz","highway":"bus_stop","public_transport":"platform","bus":"yes","osm":"node/11044364781"},"geometry":{"type":"Point","coordinates":[11.18824,47.32695]}},{"type":"Feature","properties":{"name":"Seefeld i. T. Friedhof","highway":"bus_stop","public_transport":"platform","bus":"yes","osm":"node/11044364772"},"geometry":{"type":"Point","coordinates":[11.19712,47.32965]}},{"type":"Feature","properties":{"name":"Seefeld i. T. Geigenbühel/Lärchenweg","highway":"bus_stop","public_transport":"platform","bus":"yes","osm":"node/5329921555"},"geometry":{"type":"Point","coordinates":[11.18604,47.33608]}},{"type":"Feature","properties":{"name":"Seefeld i. T. Geigenbühel/Lärchenweg","highway":"bus_stop","public_transport":"platform","bus":"yes","osm":"node/11091701225"},"geometry":{"type":"Point","coordinates":[11.18586,47.33601]}},{"type":"Feature","properties":{"name":"Seefeld i. T. Geigenbühellift","highway":"bus_stop","public_transport":"platform","bus":"yes","osm":"node/11044364769"},"geometry":{"type":"Point","coordinates":[11.18803,47.33203]}},{"type":"Feature","properties":{"name":"Seefeld i. T. Geigenbühelstr./Alpin Resort Sacher","highway":"bus_stop","public_transport":"platform","bus":"yes","osm":"node/5329921554"},"geometry":{"type":"Point","coordinates":[11.1865,47.33487]}},{"type":"Feature","properties":{"name":"Seefeld i. T. Geigenbühelstr./Alpin Resort Sacher","highway":"bus_stop","public_transport":"platform","bus":"yes","osm":"node/11091701224"},"geometry":{"type":"Point","coordinates":[11.18635,47.33491]}},{"type":"Feature","properties":{"name":"Seefeld i. T. Golfplatz","highway":"bus_stop","public_transport":"platform","bus":"yes","osm":"node/11044364774"},"geometry":{"type":"Point","coordinates":[11.19136,47.32686]}},{"type":"Feature","properties":{"name":"Seefeld i. T. Kirchwald West","highway":"bus_stop","public_transport":"platform","bus":"yes","osm":"node/11044364779"},"geometry":{"type":"Point","coordinates":[11.17846,47.32818]}},{"type":"Feature","properties":{"name":"Seefeld i. T. Leutascher Straße","highway":"bus_stop","public_transport":"platform","bus":"yes","osm":"node/2063972292"},"geometry":{"type":"Point","coordinates":[11.18171,47.32988]}},{"type":"Feature","properties":{"name":"Seefeld i. T. Mittelschule","highway":"bus_stop","public_transport":"platform","bus":"yes","osm":"node/6229049187"},"geometry":{"type":"Point","coordinates":[11.19734,47.32725]}},{"type":"Feature","properties":{"name":"Seefeld i. T. Mittelschule","highway":"bus_stop","public_transport":"platform","bus":"yes","osm":"node/11044364773"},"geometry":{"type":"Point","coordinates":[11.1971,47.32729]}},{"type":"Feature","properties":{"name":"Seefeld i. T. Möserer Straße","highway":"bus_stop","public_transport":"platform","bus":"yes","osm":"node/13611734875"},"geometry":{"type":"Point","coordinates":[11.18168,47.32817]}},{"type":"Feature","properties":{"name":"Seefeld i. T. Münchner Straße/Kreisverkehr","highway":"bus_stop","public_transport":"platform","bus":"yes","osm":"node/5328102219"},"geometry":{"type":"Point","coordinates":[11.18844,47.331]}},{"type":"Feature","properties":{"name":"Seefeld i. T. Münchner Straße/Kreisverkehr","highway":"bus_stop","public_transport":"platform","bus":"yes","osm":"node/8085518532"},"geometry":{"type":"Point","coordinates":[11.1885,47.33088]}},{"type":"Feature","properties":{"name":"Seefeld i. T. Münchner Straße/Kreisverkehr","highway":"bus_stop","public_transport":"platform","bus":"yes","osm":"node/8895656745"},"geometry":{"type":"Point","coordinates":[11.18806,47.33132]}},{"type":"Feature","properties":{"name":"Seefeld i. T. Münchner Straße/Kreisverkehr","highway":"bus_stop","public_transport":"stop_position","bus":"yes","osm":"node/9180288502"},"geometry":{"type":"Point","coordinates":[11.18847,47.33094]}},{"type":"Feature","properties":{"name":"Seefeld i. T. Münchner Straße/Kreisverkehr","highway":"bus_stop","public_transport":"platform","bus":"yes","osm":"node/13611734876"},"geometry":{"type":"Point","coordinates":[11.1879,47.33141]}},{"type":"Feature","properties":{"name":"Seefeld i. T. Olympiabad","highway":"bus_stop","public_transport":"platform","bus":"yes","osm":"node/11044364775"},"geometry":{"type":"Point","coordinates":[11.18325,47.32834]}},{"type":"Feature","properties":{"name":"Seefeld i. T. Olympiastraße","operator":"VVT","highway":"bus_stop","public_transport":"platform","bus":"yes","osm":"node/5139194857"},"geometry":{"type":"Point","coordinates":[11.18514,47.32969]}},{"type":"Feature","properties":{"name":"Seefeld i. T. Olympiastraße","highway":"bus_stop","public_transport":"platform","bus":"yes","osm":"node/11091754607"},"geometry":{"type":"Point","coordinates":[11.18507,47.32981]}},{"type":"Feature","properties":{"name":"Seefeld i. T. Panoramaweg","highway":"bus_stop","public_transport":"platform","bus":"yes","osm":"node/5329921556"},"geometry":{"type":"Point","coordinates":[11.18951,47.33506]}},{"type":"Feature","properties":{"name":"Seefeld i. T. Panoramaweg","highway":"bus_stop","public_transport":"platform","bus":"yes","osm":"node/11091701226"},"geometry":{"type":"Point","coordinates":[11.18967,47.33488]}},{"type":"Feature","properties":{"name":"Seefeld i. T. Rettung","highway":"bus_stop","public_transport":"platform","bus":"yes","osm":"node/11044364776"},"geometry":{"type":"Point","coordinates":[11.17937,47.33306]}},{"type":"Feature","properties":{"name":"Seefeld i. T. Rettung","highway":"bus_stop","public_transport":"platform","bus":"yes","osm":"node/11091728204"},"geometry":{"type":"Point","coordinates":[11.17939,47.33324]}},{"type":"Feature","properties":{"name":"Seefeld i. T. Rosshütte","highway":"bus_stop","public_transport":"platform","bus":"yes","osm":"node/2063907020"},"geometry":{"type":"Point","coordinates":[11.20007,47.33115]}},{"type":"Feature","properties":{"name":"Seefeld i. T. Seniorenresidenz","highway":"bus_stop","public_transport":"platform","bus":"yes","osm":"node/3730894839"},"geometry":{"type":"Point","coordinates":[11.19527,47.32999]}},{"type":"Feature","properties":{"name":"Seefeld i. T. Seniorenresidenz","highway":"bus_stop","public_transport":"platform","bus":"yes","osm":"node/13611906751"},"geometry":{"type":"Point","coordinates":[11.19528,47.33008]}},{"type":"Feature","properties":{"name":"Seefeld i. T. WM-Halle","highway":"bus_stop","public_transport":"platform","bus":"yes","osm":"node/11044364780"},"geometry":{"type":"Point","coordinates":[11.17723,47.32638]}},{"type":"Feature","properties":{"name":"Seefeld i. T. WM-Halle","highway":"bus_stop","public_transport":"platform","bus":"yes","osm":"node/13611734874"},"geometry":{"type":"Point","coordinates":[11.17716,47.32642]}},{"type":"Feature","properties":{"name":"Seefeld in Tirol","ele":"1182","operator":"ÖBB-Infrastruktur AG","wikipedia":"de:Bahnhof Seefeld in Tirol","wikidata":"Q20873522","public_transport":"station","railway":"station","osm":"node/32854094"},"geometry":{"type":"Point","coordinates":[11.18921,47.32884]}},{"type":"Feature","properties":{"name":"Seefeld in Tirol Bahnhof","highway":"bus_stop","public_transport":"platform","bus":"yes","osm":"node/1625663958"},"geometry":{"type":"Point","coordinates":[11.18943,47.32789]}},{"type":"Feature","properties":{"name":"Seefeld in Tirol Bahnhof","highway":"bus_stop","public_transport":"platform","bus":"yes","osm":"node/7141464209"},"geometry":{"type":"Point","coordinates":[11.18941,47.32803]}},{"type":"Feature","properties":{"name":"Seefeld in Tirol Bahnhof","highway":"bus_stop","public_transport":"platform","bus":"yes","osm":"node/7141464210"},"geometry":{"type":"Point","coordinates":[11.18939,47.32816]}},{"type":"Feature","properties":{"name":"Seefeld in Tirol Bahnhof","highway":"bus_stop","public_transport":"platform","bus":"yes","osm":"node/7141464211"},"geometry":{"type":"Point","coordinates":[11.18938,47.32829]}},{"type":"Feature","properties":{"name":"Seefeld in Tirol Bahnhof","highway":"bus_stop","public_transport":"platform","bus":"yes","osm":"node/7141464212"},"geometry":{"type":"Point","coordinates":[11.18936,47.32842]}},{"type":"Feature","properties":{"name":"Seefeld in Tirol Bahnhof","highway":"bus_stop","public_transport":"platform","bus":"yes","osm":"node/11091846586"},"geometry":{"type":"Point","coordinates":[11.18906,47.32806]}},{"type":"Feature","properties":{"name":"Seefeld in Tirol Bahnhof","highway":"bus_stop","public_transport":"platform","bus":"yes","osm":"node/13611734873"},"geometry":{"type":"Point","coordinates":[11.18941,47.32803]}},{"type":"Feature","properties":{"name":"Seefeld in Tirol Wildmoos","highway":"bus_stop","public_transport":"platform","bus":"yes","osm":"node/3741734726"},"geometry":{"type":"Point","coordinates":[11.16095,47.33569]}},{"type":"Feature","properties":{"name":"Sellrain Abzw Mitterfeld","highway":"bus_stop","public_transport":"platform","bus":"yes","osm":"node/11212335981"},"geometry":{"type":"Point","coordinates":[11.22335,47.22488]}},{"type":"Feature","properties":{"name":"Sellrain Abzw St. Quirin","highway":"bus_stop","public_transport":"platform","bus":"yes","osm":"node/11212335978"},"geometry":{"type":"Point","coordinates":[11.21917,47.21872]}},{"type":"Feature","properties":{"name":"Sellrain Abzw Staudenhof","highway":"bus_stop","public_transport":"platform","bus":"yes","osm":"node/11212335971"},"geometry":{"type":"Point","coordinates":[11.21804,47.20645]}},{"type":"Feature","properties":{"name":"Sellrain Au","highway":"bus_stop","public_transport":"platform","bus":"yes","osm":"node/1516192251"},"geometry":{"type":"Point","coordinates":[11.23545,47.22561]}},{"type":"Feature","properties":{"name":"Sellrain Au","highway":"bus_stop","public_transport":"platform","bus":"yes","osm":"node/1516192252"},"geometry":{"type":"Point","coordinates":[11.23548,47.22574]}},{"type":"Feature","properties":{"name":"Sellrain Auffang","highway":"bus_stop","public_transport":"platform","bus":"yes","osm":"node/1516192250"},"geometry":{"type":"Point","coordinates":[11.22805,47.22214]}},{"type":"Feature","properties":{"name":"Sellrain Auffang","highway":"bus_stop","public_transport":"platform","bus":"yes","osm":"node/1518312104"},"geometry":{"type":"Point","coordinates":[11.22931,47.2224]}},{"type":"Feature","properties":{"name":"Sellrain Bodnerbrücke","highway":"bus_stop","public_transport":"platform","bus":"yes","osm":"node/1516192255"},"geometry":{"type":"Point","coordinates":[11.20206,47.20918]}},{"type":"Feature","properties":{"name":"Sellrain Bodnerbrücke","highway":"bus_stop","public_transport":"platform","bus":"yes","osm":"node/11216086879"},"geometry":{"type":"Point","coordinates":[11.20234,47.20911]}},{"type":"Feature","properties":{"name":"Sellrain Brücke","highway":"bus_stop","public_transport":"platform","bus":"yes","osm":"node/11212335975"},"geometry":{"type":"Point","coordinates":[11.21195,47.21467]}},{"type":"Feature","properties":{"name":"Sellrain Feuerwehr","highway":"bus_stop","public_transport":"platform","bus":"yes","osm":"node/2099114344"},"geometry":{"type":"Point","coordinates":[11.2159,47.21491]}},{"type":"Feature","properties":{"name":"Sellrain Feuerwehr","highway":"bus_stop","public_transport":"platform","bus":"yes","osm":"node/2099114347"},"geometry":{"type":"Point","coordinates":[11.21579,47.21495]}},{"type":"Feature","properties":{"name":"Sellrain Feuerwehr Gasse","highway":"bus_stop","public_transport":"platform","bus":"yes","osm":"node/11212335979"},"geometry":{"type":"Point","coordinates":[11.22157,47.22202]}},{"type":"Feature","properties":{"name":"Sellrain Gemeindeamt","highway":"bus_stop","public_transport":"platform","bus":"yes","osm":"node/1516192259"},"geometry":{"type":"Point","coordinates":[11.21758,47.21587]}},{"type":"Feature","properties":{"name":"Sellrain Gemeindeamt","highway":"bus_stop","public_transport":"platform","bus":"yes","osm":"node/1516192260"},"geometry":{"type":"Point","coordinates":[11.21812,47.21587]}},{"type":"Feature","properties":{"name":"Sellrain Gemeindeamt (MPREIS)","highway":"bus_stop","public_transport":"platform","bus":"yes","osm":"node/13732081934"},"geometry":{"type":"Point","coordinates":[11.21854,47.21581]}},{"type":"Feature","properties":{"name":"Sellrain Gh Neuwirt","highway":"bus_stop","public_transport":"platform","bus":"yes","osm":"node/1516192602"},"geometry":{"type":"Point","coordinates":[11.21285,47.21315]}},{"type":"Feature","properties":{"name":"Sellrain Gh Neuwirt","highway":"bus_stop","public_transport":"platform","bus":"yes","osm":"node/1516192603"},"geometry":{"type":"Point","coordinates":[11.21315,47.21312]}},{"type":"Feature","properties":{"name":"Sellrain Grenzscheide","highway":"bus_stop","public_transport":"platform","bus":"yes","osm":"node/2101999618"},"geometry":{"type":"Point","coordinates":[11.18116,47.20343]}},{"type":"Feature","properties":{"name":"Sellrain Grenzscheide","highway":"bus_stop","public_transport":"platform","bus":"yes","osm":"node/2101999619"},"geometry":{"type":"Point","coordinates":[11.1808,47.20339]}},{"type":"Feature","properties":{"name":"Sellrain Hnr. 156/L233","highway":"bus_stop","public_transport":"platform","bus":"yes","osm":"node/11212335976"},"geometry":{"type":"Point","coordinates":[11.21391,47.21627]}},{"type":"Feature","properties":{"name":"Sellrain Hnr. 156/L233","highway":"bus_stop","public_transport":"platform","bus":"yes","osm":"node/11212335977"},"geometry":{"type":"Point","coordinates":[11.21433,47.21661]}},{"type":"Feature","properties":{"name":"Sellrain Marchebnerbrücke","highway":"bus_stop","public_transport":"platform","bus":"yes","osm":"node/2101999620"},"geometry":{"type":"Point","coordinates":[11.18947,47.20453]}},{"type":"Feature","properties":{"name":"Sellrain Marchebnerbrücke","highway":"bus_stop","public_transport":"platform","bus":"yes","osm":"node/2101999621"},"geometry":{"type":"Point","coordinates":[11.18939,47.20465]}},{"type":"Feature","properties":{"name":"Sellrain Salzhäusl","highway":"bus_stop","public_transport":"platform","bus":"yes","osm":"node/2099114350"},"geometry":{"type":"Point","coordinates":[11.19921,47.20728]}},{"type":"Feature","properties":{"name":"Sellrain Salzhäusl","highway":"bus_stop","public_transport":"platform","bus":"yes","osm":"node/2099114354"},"geometry":{"type":"Point","coordinates":[11.19809,47.20685]}},{"type":"Feature","properties":{"name":"Sellrain Tanneben Hnr. 33","highway":"bus_stop","public_transport":"platform","bus":"yes","osm":"node/11212335968"},"geometry":{"type":"Point","coordinates":[11.22498,47.21416]}},{"type":"Feature","properties":{"name":"Sellrain Tanneben Hnr. 49","highway":"bus_stop","public_transport":"platform","bus":"yes","osm":"node/11212335969"},"geometry":{"type":"Point","coordinates":[11.22205,47.21247]}},{"type":"Feature","properties":{"name":"Sellrain Tanneben Kapelle","highway":"bus_stop","public_transport":"platform","bus":"yes","osm":"node/11212335970"},"geometry":{"type":"Point","coordinates":[11.21891,47.21094]}},{"type":"Feature","properties":{"name":"Sellrain Tauegert","highway":"bus_stop","public_transport":"platform","bus":"yes","osm":"node/11212335983"},"geometry":{"type":"Point","coordinates":[11.22127,47.22834]}},{"type":"Feature","properties":{"name":"Sellrain Tauegert West","highway":"bus_stop","public_transport":"platform","bus":"yes","osm":"node/11212335984"},"geometry":{"type":"Point","coordinates":[11.21932,47.22881]}},{"type":"Feature","properties":{"name":"Sellrain Wanderparkplatz Eisbrücke","highway":"bus_stop","public_transport":"platform","bus":"yes","osm":"node/11212335974"},"geometry":{"type":"Point","coordinates":[11.21976,47.20207]}},{"type":"Feature","properties":{"name":"Sennerei","highway":"bus_stop","public_transport":"platform","bus":"yes","osm":"node/291617925"},"geometry":{"type":"Point","coordinates":[11.43463,47.23956]}},{"type":"Feature","properties":{"name":"Sennerei","highway":"bus_stop","public_transport":"platform","bus":"yes","osm":"node/291617927"},"geometry":{"type":"Point","coordinates":[11.43478,47.23953]}},{"type":"Feature","properties":{"name":"Serlesbahnen","highway":"bus_stop","public_transport":"platform","bus":"yes","osm":"node/259478811"},"geometry":{"type":"Point","coordinates":[11.37901,47.16399]}},{"type":"Feature","properties":{"name":"Serlesbahnen","highway":"bus_stop","public_transport":"platform","bus":"yes","osm":"node/3046159904"},"geometry":{"type":"Point","coordinates":[11.3794,47.16407]}},{"type":"Feature","properties":{"name":"Sewerstraße","highway":"bus_stop","public_transport":"platform","bus":"yes","osm":"node/12997324780"},"geometry":{"type":"Point","coordinates":[11.50186,47.28451]}},{"type":"Feature","properties":{"name":"Sewerstraße","highway":"bus_stop","public_transport":"platform","bus":"yes","osm":"node/12997410106"},"geometry":{"type":"Point","coordinates":[11.50167,47.28465]}},{"type":"Feature","properties":{"name":"Sieglanger","highway":"bus_stop","osm":"node/14022069837"},"geometry":{"type":"Point","coordinates":[11.35501,47.25382]}},{"type":"Feature","properties":{"name":"Sieglanger Schule","highway":"bus_stop","osm":"node/14041585708"},"geometry":{"type":"Point","coordinates":[11.3652,47.25179]}},{"type":"Feature","properties":{"name":"Sieglanger Schule","highway":"bus_stop","osm":"node/14041585718"},"geometry":{"type":"Point","coordinates":[11.36516,47.25189]}},{"type":"Feature","properties":{"name":"Siemens","highway":"bus_stop","osm":"node/1461779695"},"geometry":{"type":"Point","coordinates":[11.43209,47.27729]}},{"type":"Feature","properties":{"name":"Siemens","highway":"bus_stop","osm":"node/1461779697"},"geometry":{"type":"Point","coordinates":[11.43138,47.27703]}},{"type":"Feature","properties":{"name":"Siemensstraße","highway":"bus_stop","osm":"node/12546713488"},"geometry":{"type":"Point","coordinates":[11.44828,47.27278]}},{"type":"Feature","properties":{"name":"Siemensstraße","highway":"bus_stop","osm":"node/12546713490"},"geometry":{"type":"Point","coordinates":[11.44867,47.27295]}},{"type":"Feature","properties":{"name":"Sillhöfe","highway":"bus_stop","osm":"node/13848658880"},"geometry":{"type":"Point","coordinates":[11.40397,47.25689]}},{"type":"Feature","properties":{"name":"Sillhöfe","highway":"bus_stop","osm":"node/13848670838"},"geometry":{"type":"Point","coordinates":[11.40417,47.25697]}},{"type":"Feature","properties":{"name":"Sillpark","highway":"bus_stop","public_transport":"stop_position","bus":"yes","osm":"node/289573507"},"geometry":{"type":"Point","coordinates":[11.40273,47.26579]}},{"type":"Feature","properties":{"name":"Sillpark","wikidata":"Q116663132","public_transport":"stop_position","railway":"tram_stop","tram":"yes","osm":"node/3675081299"},"geometry":{"type":"Point","coordinates":[11.40289,47.2656]}},{"type":"Feature","properties":{"name":"Sillpark","public_transport":"stop_position","railway":"tram_stop","tram":"yes","osm":"node/4114940740"},"geometry":{"type":"Point","coordinates":[11.40265,47.26594]}},{"type":"Feature","properties":{"name":"Sillpark","highway":"bus_stop","bus":"yes","osm":"node/13617864894"},"geometry":{"type":"Point","coordinates":[11.40274,47.26674]}},{"type":"Feature","properties":{"name":"Sillpark","highway":"bus_stop","osm":"node/13618052950"},"geometry":{"type":"Point","coordinates":[11.40292,47.26646]}},{"type":"Feature","properties":{"name":"Sonnensiedlung Nord","highway":"bus_stop","public_transport":"platform","bus":"yes","osm":"node/7441244348"},"geometry":{"type":"Point","coordinates":[11.05655,47.32427]}},{"type":"Feature","properties":{"name":"Sonnenstraße","highway":"bus_stop","public_transport":"stop_position","bus":"yes","osm":"node/473417953"},"geometry":{"type":"Point","coordinates":[11.37631,47.26645]}},{"type":"Feature","properties":{"name":"Sonnenstraße","highway":"bus_stop","public_transport":"stop_position","bus":"yes","osm":"node/1655479655"},"geometry":{"type":"Point","coordinates":[11.37635,47.26632]}},{"type":"Feature","properties":{"name":"Sonnpark","wikidata":"Q116677067","public_transport":"stop_position","railway":"tram_stop","tram":"yes","osm":"node/5287587380"},"geometry":{"type":"Point","coordinates":[11.40881,47.26326]}},{"type":"Feature","properties":{"name":"Sonnpark","public_transport":"stop_position","railway":"tram_stop","tram":"yes","osm":"node/5477359889"},"geometry":{"type":"Point","coordinates":[11.40858,47.26341]}},{"type":"Feature","properties":{"name":"Speckweg","highway":"bus_stop","public_transport":"stop_position","bus":"yes","osm":"node/473417952"},"geometry":{"type":"Point","coordinates":[11.37297,47.26619]}},{"type":"Feature","properties":{"name":"Speikweg","highway":"bus_stop","public_transport":"stop_position","bus":"yes","osm":"node/1465298132"},"geometry":{"type":"Point","coordinates":[11.35708,47.25329]}},{"type":"Feature","properties":{"name":"Sportplatz Lend","highway":"bus_stop","public_transport":"platform","bus":"yes","osm":"node/11163230882"},"geometry":{"type":"Point","coordinates":[11.51293,47.27778]}},{"type":"Feature","properties":{"name":"Sportplatz Lend","highway":"bus_stop","public_transport":"platform","bus":"yes","osm":"node/11163230884"},"geometry":{"type":"Point","coordinates":[11.51349,47.27774]}},{"type":"Feature","properties":{"name":"Sportzentrum","highway":"bus_stop","public_transport":"platform","bus":"yes","osm":"node/1459405138"},"geometry":{"type":"Point","coordinates":[11.52776,47.29772]}},{"type":"Feature","properties":{"name":"Sportzentrum","highway":"bus_stop","public_transport":"platform","bus":"yes","osm":"node/1459405139"},"geometry":{"type":"Point","coordinates":[11.52774,47.2984]}},{"type":"Feature","properties":{"name":"St. Georgen Lechner","highway":"bus_stop","public_transport":"platform","bus":"yes","osm":"node/2124541235"},"geometry":{"type":"Point","coordinates":[11.07713,47.31506]}},{"type":"Feature","properties":{"name":"St. Josef","highway":"bus_stop","public_transport":"platform","bus":"yes","osm":"node/11163230817"},"geometry":{"type":"Point","coordinates":[11.53024,47.29006]}},{"type":"Feature","properties":{"name":"St. Josef","highway":"bus_stop","public_transport":"platform","bus":"yes","osm":"node/11163230818"},"geometry":{"type":"Point","coordinates":[11.53066,47.29011]}},{"type":"Feature","properties":{"name":"St. Martin","highway":"bus_stop","public_transport":"platform","bus":"yes","osm":"node/604465783"},"geometry":{"type":"Point","coordinates":[11.55443,47.32004]}},{"type":"Feature","properties":{"name":"St. Martin","highway":"bus_stop","public_transport":"platform","bus":"yes","osm":"node/604465795"},"geometry":{"type":"Point","coordinates":[11.55424,47.32007]}},{"type":"Feature","properties":{"name":"St. Michael","highway":"bus_stop","public_transport":"platform","bus":"yes","osm":"node/1377771295"},"geometry":{"type":"Point","coordinates":[11.57613,47.32353]}},{"type":"Feature","properties":{"name":"St. Michael","highway":"bus_stop","public_transport":"platform","osm":"node/1377771299"},"geometry":{"type":"Point","coordinates":[11.57618,47.32342]}},{"type":"Feature","properties":{"name":"St. Sigmund Ferienhaüser","highway":"bus_stop","public_transport":"platform","bus":"yes","osm":"node/2102134034"},"geometry":{"type":"Point","coordinates":[11.08931,47.20682]}},{"type":"Feature","properties":{"name":"St. Sigmund Ferienhaüser","highway":"bus_stop","public_transport":"platform","bus":"yes","osm":"node/2102134038"},"geometry":{"type":"Point","coordinates":[11.08914,47.20741]}},{"type":"Feature","properties":{"name":"St. Sigmund Gleirschtal","highway":"bus_stop","public_transport":"platform","bus":"yes","osm":"node/1031388252"},"geometry":{"type":"Point","coordinates":[11.10258,47.20148]}},{"type":"Feature","properties":{"name":"St. Sigmund Gleirschtal","highway":"bus_stop","public_transport":"platform","bus":"yes","osm":"node/2102134061"},"geometry":{"type":"Point","coordinates":[11.10197,47.20135]}},{"type":"Feature","properties":{"name":"St. Sigmund Haggen","highway":"bus_stop","public_transport":"platform","bus":"yes","osm":"node/2102134042"},"geometry":{"type":"Point","coordinates":[11.08555,47.20905]}},{"type":"Feature","properties":{"name":"St. Sigmund Haggen","highway":"bus_stop","public_transport":"platform","bus":"yes","osm":"node/2102134047"},"geometry":{"type":"Point","coordinates":[11.08548,47.20918]}},{"type":"Feature","properties":{"name":"St. Sigmund Kreuzlehn","highway":"bus_stop","public_transport":"platform","bus":"yes","osm":"node/2102104498"},"geometry":{"type":"Point","coordinates":[11.13649,47.20003]}},{"type":"Feature","properties":{"name":"St. Sigmund Kreuzlehn","highway":"bus_stop","public_transport":"platform","bus":"yes","osm":"node/2102104499"},"geometry":{"type":"Point","coordinates":[11.13629,47.20027]}},{"type":"Feature","properties":{"name":"St. Sigmund i. S. Alt Peida","highway":"bus_stop","public_transport":"platform","bus":"yes","osm":"node/2102134029"},"geometry":{"type":"Point","coordinates":[11.11262,47.20306]}},{"type":"Feature","properties":{"name":"St. Sigmund i. S. Alt Peida","highway":"bus_stop","public_transport":"platform","bus":"yes","osm":"node/2102134033"},"geometry":{"type":"Point","coordinates":[11.11192,47.20302]}},{"type":"Feature","properties":{"name":"St. Sigmund i. S. Neu Peida","highway":"bus_stop","public_transport":"platform","bus":"yes","osm":"node/2102134051"},"geometry":{"type":"Point","coordinates":[11.09899,47.20319]}},{"type":"Feature","properties":{"name":"St. Sigmund i. S. Neu Peida","highway":"bus_stop","public_transport":"platform","bus":"yes","osm":"node/2102134057"},"geometry":{"type":"Point","coordinates":[11.0985,47.20327]}},{"type":"Feature","properties":{"name":"Stackler","highway":"bus_stop","public_transport":"platform","bus":"yes","osm":"node/2050645121"},"geometry":{"type":"Point","coordinates":[11.30084,47.10438]}},{"type":"Feature","properties":{"name":"Stackler","highway":"bus_stop","public_transport":"platform","bus":"yes","osm":"node/3046145591"},"geometry":{"type":"Point","coordinates":[11.30054,47.10403]}},{"type":"Feature","properties":{"name":"Stadtgraben","highway":"bus_stop","public_transport":"platform","bus":"yes","osm":"node/1547246366"},"geometry":{"type":"Point","coordinates":[11.50424,47.28109]}},{"type":"Feature","properties":{"name":"Stadtgraben","highway":"bus_stop","public_transport":"platform","bus":"yes","osm":"node/1547247604"},"geometry":{"type":"Point","coordinates":[11.5049,47.28064]}},{"type":"Feature","properties":{"name":"Stainerstraße","highway":"bus_stop","public_transport":"platform","bus":"yes","osm":"node/1379319252"},"geometry":{"type":"Point","coordinates":[11.50663,47.29809]}},{"type":"Feature","properties":{"name":"Stams","ele":"639","operator":"ÖBB-Infrastruktur AG","wikidata":"Q38086475","public_transport":"station","railway":"station","osm":"node/2986009137"},"geometry":{"type":"Point","coordinates":[10.97992,47.28196]}},{"type":"Feature","properties":{"name":"Stams Abzw Bahnhaltestelle","highway":"bus_stop","public_transport":"stop_position","bus":"yes","osm":"node/973766874"},"geometry":{"type":"Point","coordinates":[10.9823,47.28082]}},{"type":"Feature","properties":{"name":"Stams Galerie","highway":"bus_stop","public_transport":"platform","bus":"yes","osm":"node/7070570679"},"geometry":{"type":"Point","coordinates":[11.0561,47.22371]}},{"type":"Feature","properties":{"name":"Stams Galerie","highway":"bus_stop","public_transport":"platform","bus":"yes","osm":"node/7070570680"},"geometry":{"type":"Point","coordinates":[11.04715,47.2214]}},{"type":"Feature","properties":{"name":"Stams Gymnasium","highway":"bus_stop","public_transport":"platform","bus":"yes","osm":"node/2133034159"},"geometry":{"type":"Point","coordinates":[10.98278,47.27882]}},{"type":"Feature","properties":{"name":"Stams Kloster","highway":"bus_stop","public_transport":"platform","bus":"yes","osm":"node/3670610627"},"geometry":{"type":"Point","coordinates":[10.9828,47.27687]}},{"type":"Feature","properties":{"name":"Stams Thannrein","highway":"bus_stop","public_transport":"platform","bus":"yes","osm":"node/3670610626"},"geometry":{"type":"Point","coordinates":[11.00718,47.28688]}},{"type":"Feature","properties":{"name":"Stams Zirmbachalm","highway":"bus_stop","public_transport":"platform","bus":"yes","osm":"node/2102134011"},"geometry":{"type":"Point","coordinates":[11.06903,47.22018]}},{"type":"Feature","properties":{"name":"Stams Zirmbachalm","highway":"bus_stop","public_transport":"platform","bus":"yes","osm":"node/2102134025"},"geometry":{"type":"Point","coordinates":[11.0691,47.22033]}},{"type":"Feature","properties":{"name":"Steinach a. Br. Bergeralm","highway":"bus_stop","public_transport":"platform","bus":"yes","osm":"node/11028445816"},"geometry":{"type":"Point","coordinates":[11.46049,47.08759]}},{"type":"Feature","properties":{"name":"Steinach a. Br. Gh Rose","highway":"bus_stop","public_transport":"platform","bus":"yes","osm":"node/1493826621"},"geometry":{"type":"Point","coordinates":[11.46689,47.09246]}},{"type":"Feature","properties":{"name":"Steinach a. Br. Gh Rose","highway":"bus_stop","public_transport":"platform","bus":"yes","osm":"node/1493826622"},"geometry":{"type":"Point","coordinates":[11.46677,47.09244]}},{"type":"Feature","properties":{"name":"Steinach a. Br. Rathaus","highway":"bus_stop","public_transport":"platform","bus":"yes","osm":"node/1493826623"},"geometry":{"type":"Point","coordinates":[11.46685,47.09059]}},{"type":"Feature","properties":{"name":"Steinach a. Br. Rathaus","highway":"bus_stop","public_transport":"platform","bus":"yes","osm":"node/1493826624"},"geometry":{"type":"Point","coordinates":[11.46719,47.09015]}},{"type":"Feature","properties":{"name":"Steinach a. Br. Schule","highway":"bus_stop","public_transport":"stop_position","bus":"yes","osm":"node/1841920554"},"geometry":{"type":"Point","coordinates":[11.46487,47.09333]}},{"type":"Feature","properties":{"name":"Steinach am Brenner","operator":"ÖBB-Infrastruktur AG","wikidata":"Q23198763","public_transport":"station","railway":"station","osm":"node/245789006"},"geometry":{"type":"Point","coordinates":[11.46987,47.08945]}},{"type":"Feature","properties":{"name":"Steinach am Brenner Bahnhst","highway":"bus_stop","public_transport":"platform","bus":"yes","osm":"node/440905977"},"geometry":{"type":"Point","coordinates":[11.4697,47.08911]}},{"type":"Feature","properties":{"name":"Steinbockweg","highway":"bus_stop","osm":"node/5271807250"},"geometry":{"type":"Point","coordinates":[11.36099,47.25917]}},{"type":"Feature","properties":{"name":"Steinbockweg","highway":"bus_stop","osm":"node/7527097082"},"geometry":{"type":"Point","coordinates":[11.36141,47.25951]}},{"type":"Feature","properties":{"name":"Stift Wilten","highway":"bus_stop","bus":"yes","osm":"node/8069387482"},"geometry":{"type":"Point","coordinates":[11.40002,47.2532]}},{"type":"Feature","properties":{"name":"StuBay","highway":"bus_stop","public_transport":"platform","bus":"yes","osm":"node/3362394767"},"geometry":{"type":"Point","coordinates":[11.35553,47.1606]}},{"type":"Feature","properties":{"name":"StuBay","highway":"bus_stop","public_transport":"platform","bus":"yes","osm":"node/3362394768"},"geometry":{"type":"Point","coordinates":[11.35581,47.16084]}},{"type":"Feature","properties":{"name":"Stubai Center","highway":"bus_stop","public_transport":"platform","bus":"yes","osm":"node/2041131424"},"geometry":{"type":"Point","coordinates":[11.39868,47.18267]}},{"type":"Feature","properties":{"name":"Stubai Center","highway":"bus_stop","public_transport":"platform","bus":"yes","osm":"node/2041131425"},"geometry":{"type":"Point","coordinates":[11.39816,47.18261]}},{"type":"Feature","properties":{"name":"Stubaierhof","highway":"bus_stop","public_transport":"platform","bus":"yes","osm":"node/8094329781"},"geometry":{"type":"Point","coordinates":[11.34646,47.15305]}},{"type":"Feature","properties":{"name":"Stubaitalbahnhof","operator":"IVB","public_transport":"stop_position","railway":"tram_stop","tram":"yes","osm":"node/338170327"},"geometry":{"type":"Point","coordinates":[11.39708,47.25375]}},{"type":"Feature","properties":{"name":"Stubaitalbahnhof","operator":"IVB","direction":"forward","public_transport":"stop_position","railway":"tram_stop","tram":"yes","osm":"node/2007342642"},"geometry":{"type":"Point","coordinates":[11.39831,47.25373]}},{"type":"Feature","properties":{"name":"Stubaitalbahnhof","operator":"IVB","highway":"bus_stop","osm":"node/13898331960"},"geometry":{"type":"Point","coordinates":[11.39819,47.25371]}},{"type":"Feature","properties":{"name":"Stubaitalbahnhof","operator":"IVB","highway":"bus_stop","osm":"node/14173879396"},"geometry":{"type":"Point","coordinates":[11.39723,47.25377]}},{"type":"Feature","properties":{"name":"Stöcklenalm","highway":"bus_stop","osm":"node/3688389534"},"geometry":{"type":"Point","coordinates":[11.20664,47.10003]}},{"type":"Feature","properties":{"name":"Swarovski Kristallwelten","operator":"D. Swarovski Tourism Services GmbH","highway":"bus_stop","public_transport":"platform","bus":"yes","osm":"node/11417419436"},"geometry":{"type":"Point","coordinates":[11.60119,47.29507]}},{"type":"Feature","properties":{"name":"Sägewerk Dollinger","highway":"bus_stop","public_transport":"platform","bus":"yes","osm":"node/6162530932"},"geometry":{"type":"Point","coordinates":[11.45143,47.24771]}},{"type":"Feature","properties":{"name":"Sägewerk Dollinger","highway":"bus_stop","public_transport":"platform","bus":"yes","osm":"node/6774924861"},"geometry":{"type":"Point","coordinates":[11.45224,47.24817]}},{"type":"Feature","properties":{"name":"Südbahnstraße","highway":"bus_stop","osm":"node/13714545713"},"geometry":{"type":"Point","coordinates":[11.39984,47.25842]}},{"type":"Feature","properties":{"name":"Südring","wikidata":"Q116677064","public_transport":"stop_position","railway":"tram_stop","tram":"yes","osm":"node/3790504461"},"geometry":{"type":"Point","coordinates":[11.41945,47.2608]}},{"type":"Feature","properties":{"name":"Südring","wikidata":"Q116677064","public_transport":"stop_position","railway":"tram_stop","tram":"yes","osm":"node/3790504462"},"geometry":{"type":"Point","coordinates":[11.4192,47.26092]}},{"type":"Feature","properties":{"name":"Südring","highway":"bus_stop","osm":"node/13154827424"},"geometry":{"type":"Point","coordinates":[11.41932,47.26081]}},{"type":"Feature","properties":{"name":"Südring","highway":"bus_stop","osm":"node/13154827426"},"geometry":{"type":"Point","coordinates":[11.41941,47.26088]}},{"type":"Feature","properties":{"name":"Südring","highway":"bus_stop","osm":"node/13227612838"},"geometry":{"type":"Point","coordinates":[11.42112,47.26097]}},{"type":"Feature","properties":{"name":"Südring","highway":"bus_stop","osm":"node/13787418436"},"geometry":{"type":"Point","coordinates":[11.41804,47.26036]}},{"type":"Feature","properties":{"name":"Südtiroler Siedlung Nord","highway":"bus_stop","public_transport":"platform","bus":"yes","osm":"node/7441244347"},"geometry":{"type":"Point","coordinates":[11.05599,47.31771]}},{"type":"Feature","properties":{"name":"Südtiroler Siedlung Süd","highway":"bus_stop","public_transport":"platform","bus":"yes","osm":"node/2124326456"},"geometry":{"type":"Point","coordinates":[11.05971,47.31513]}},{"type":"Feature","properties":{"name":"Südtiroler Siedlung Süd","highway":"bus_stop","public_transport":"platform","bus":"yes","osm":"node/2124326473"},"geometry":{"type":"Point","coordinates":[11.05923,47.31545]}},{"type":"Feature","properties":{"name":"Tantegert","wikidata":"Q116678711","public_transport":"stop_position","railway":"tram_stop","tram":"yes","osm":"node/391657966"},"geometry":{"type":"Point","coordinates":[11.42287,47.25092]}},{"type":"Feature","properties":{"name":"Tantegert","public_transport":"stop_position","railway":"tram_stop","tram":"yes","osm":"node/2217062374"},"geometry":{"type":"Point","coordinates":[11.42313,47.25099]}},{"type":"Feature","properties":{"name":"Technik","public_transport":"stop_position","railway":"tram_stop","tram":"yes","osm":"node/3794151127"},"geometry":{"type":"Point","coordinates":[11.34684,47.26515]}},{"type":"Feature","properties":{"name":"Technik","public_transport":"stop_position","railway":"tram_stop","tram":"yes","osm":"node/5252739913"},"geometry":{"type":"Point","coordinates":[11.34625,47.26529]}},{"type":"Feature","properties":{"name":"Technik","highway":"bus_stop","osm":"node/12593222867"},"geometry":{"type":"Point","coordinates":[11.34669,47.26512]}},{"type":"Feature","properties":{"name":"Technik","highway":"bus_stop","osm":"node/12593222870"},"geometry":{"type":"Point","coordinates":[11.34646,47.26532]}},{"type":"Feature","properties":{"name":"Technik","highway":"bus_stop","osm":"node/13017745203"},"geometry":{"type":"Point","coordinates":[11.34737,47.26506]}},{"type":"Feature","properties":{"name":"Technik West","public_transport":"stop_position","railway":"tram_stop","tram":"yes","osm":"node/5252739906"},"geometry":{"type":"Point","coordinates":[11.3402,47.26501]}},{"type":"Feature","properties":{"name":"Technik West","public_transport":"stop_position","railway":"tram_stop","tram":"yes","osm":"node/5252739907"},"geometry":{"type":"Point","coordinates":[11.34083,47.26503]}},{"type":"Feature","properties":{"name":"Technik West","highway":"bus_stop","osm":"node/13173278466"},"geometry":{"type":"Point","coordinates":[11.34043,47.26509]}},{"type":"Feature","properties":{"name":"Technik West","highway":"bus_stop","osm":"node/13173278479"},"geometry":{"type":"Point","coordinates":[11.3406,47.26497]}},{"type":"Feature","properties":{"name":"Technologiezentrum Ost","highway":"bus_stop","osm":"node/12511942967"},"geometry":{"type":"Point","coordinates":[11.43408,47.26477]}},{"type":"Feature","properties":{"name":"Technologiezentrum Ost","highway":"bus_stop","osm":"node/12511942972"},"geometry":{"type":"Point","coordinates":[11.43515,47.26465]}},{"type":"Feature","properties":{"name":"Technologiezentrum West","highway":"bus_stop","osm":"node/12514174909"},"geometry":{"type":"Point","coordinates":[11.432,47.2652]}},{"type":"Feature","properties":{"name":"Technologiezentrum West","highway":"bus_stop","osm":"node/12514174947"},"geometry":{"type":"Point","coordinates":[11.4318,47.26521]}},{"type":"Feature","properties":{"name":"Telfes Luimes","ele":"1006","operator":"IVB","wikidata":"Q116618796","public_transport":"station","railway":"station","tram":"yes","osm":"node/3123664972"},"geometry":{"type":"Point","coordinates":[11.36732,47.17288]}},{"type":"Feature","properties":{"name":"Telfes Ort","ele":"1003.25","operator":"IVB","wikidata":"Q37903176","public_transport":"station","railway":"station","tram":"yes","osm":"node/3123654578"},"geometry":{"type":"Point","coordinates":[11.3599,47.16515]}},{"type":"Feature","properties":{"name":"Telfes Ort","highway":"bus_stop","public_transport":"platform","bus":"yes","osm":"node/8081468755"},"geometry":{"type":"Point","coordinates":[11.35953,47.16431]}},{"type":"Feature","properties":{"name":"Telfes StuBay","operator":"IVB","wikidata":"Q116618798","public_transport":"station","railway":"halt","tram":"yes","osm":"node/13264647293"},"geometry":{"type":"Point","coordinates":[11.35458,47.16193]}},{"type":"Feature","properties":{"name":"Telfes Telfer Wiesen","ele":"1002","operator":"IVB","wikidata":"Q116621419","public_transport":"station","railway":"station","osm":"node/3123691265"},"geometry":{"type":"Point","coordinates":[11.38599,47.18925]}},{"type":"Feature","properties":{"name":"Telfs Abzw Sonnensiedlung","highway":"bus_stop","public_transport":"platform","bus":"yes","osm":"node/2124626779"},"geometry":{"type":"Point","coordinates":[11.05975,47.31934]}},{"type":"Feature","properties":{"name":"Telfs Anton-Auer-Straße","highway":"bus_stop","public_transport":"platform","bus":"yes","osm":"node/8063319391"},"geometry":{"type":"Point","coordinates":[11.07345,47.30497]}},{"type":"Feature","properties":{"name":"Telfs Anton-Auer-Straße","highway":"bus_stop","public_transport":"platform","bus":"yes","osm":"node/8063319392"},"geometry":{"type":"Point","coordinates":[11.07349,47.30514]}},{"type":"Feature","properties":{"name":"Telfs Bairbach","highway":"bus_stop","public_transport":"platform","bus":"yes","osm":"node/2098816824"},"geometry":{"type":"Point","coordinates":[11.11947,47.31668]}},{"type":"Feature","properties":{"name":"Telfs Bairbach","highway":"bus_stop","public_transport":"platform","bus":"yes","osm":"node/2098816831"},"geometry":{"type":"Point","coordinates":[11.12127,47.31684]}},{"type":"Feature","properties":{"name":"Telfs Hinterberg","highway":"bus_stop","public_transport":"platform","bus":"yes","osm":"node/2124620601"},"geometry":{"type":"Point","coordinates":[11.06743,47.31694]}},{"type":"Feature","properties":{"name":"Telfs Hinterberg","highway":"bus_stop","public_transport":"platform","bus":"yes","osm":"node/2124620607"},"geometry":{"type":"Point","coordinates":[11.06736,47.31981]}},{"type":"Feature","properties":{"name":"Telfs Lumma Krehbachgasse","highway":"bus_stop","public_transport":"platform","bus":"yes","osm":"node/514074209"},"geometry":{"type":"Point","coordinates":[11.06329,47.31013]}},{"type":"Feature","properties":{"name":"Telfs Lumma Krehbachgasse","highway":"bus_stop","public_transport":"platform","bus":"yes","osm":"node/10887548321"},"geometry":{"type":"Point","coordinates":[11.06343,47.31022]}},{"type":"Feature","properties":{"name":"Telfs Lumma Sandbühel","highway":"bus_stop","public_transport":"stop_position","bus":"yes","osm":"node/7533768640"},"geometry":{"type":"Point","coordinates":[11.06094,47.30987]}},{"type":"Feature","properties":{"name":"Telfs Sagl MPREIS","highway":"bus_stop","bus":"yes","osm":"node/2098904591"},"geometry":{"type":"Point","coordinates":[11.09237,47.31649]}},{"type":"Feature","properties":{"name":"Telfs Siedlung/Glaserei Waldhart","highway":"bus_stop","public_transport":"platform","bus":"yes","osm":"node/2124326477"},"geometry":{"type":"Point","coordinates":[11.05641,47.31667]}},{"type":"Feature","properties":{"name":"Telfs Sonnensiedlung","highway":"bus_stop","public_transport":"platform","bus":"yes","osm":"node/2124626782"},"geometry":{"type":"Point","coordinates":[11.06279,47.31985]}},{"type":"Feature","properties":{"name":"Telfs Sonnensiedlung","highway":"bus_stop","public_transport":"platform","bus":"yes","osm":"node/2124626783"},"geometry":{"type":"Point","coordinates":[11.06274,47.31992]}},{"type":"Feature","properties":{"name":"Telfs-Pfaffenhofen","ele":"623","operator":"ÖBB-Infrastruktur AG","wikidata":"Q72833913","public_transport":"station","railway":"station","osm":"node/286392419"},"geometry":{"type":"Point","coordinates":[11.07865,47.30066]}},{"type":"Feature","properties":{"name":"Telfs-Pfaffenhofen Bahnhof","highway":"bus_stop","public_transport":"platform","bus":"yes","osm":"node/2098928080"},"geometry":{"type":"Point","coordinates":[11.07888,47.30027]}},{"type":"Feature","properties":{"name":"Templstraße","highway":"bus_stop","osm":"node/13383782812"},"geometry":{"type":"Point","coordinates":[11.39364,47.25943]}},{"type":"Feature","properties":{"name":"Terminal Marktplatz","public_transport":"stop_position","railway":"tram_stop","tram":"yes","osm":"node/4114940741"},"geometry":{"type":"Point","coordinates":[11.38974,47.26629]}},{"type":"Feature","properties":{"name":"Terminal Marktplatz","public_transport":"stop_position","railway":"tram_stop","tram":"yes","osm":"node/4114940742"},"geometry":{"type":"Point","coordinates":[11.39028,47.26664]}},{"type":"Feature","properties":{"name":"Terminal Marktplatz","highway":"bus_stop","osm":"node/13713911361"},"geometry":{"type":"Point","coordinates":[11.39004,47.26643]}},{"type":"Feature","properties":{"name":"Terminal Marktplatz","highway":"bus_stop","osm":"node/13713911380"},"geometry":{"type":"Point","coordinates":[11.38999,47.26652]}},{"type":"Feature","properties":{"name":"Thaur Mitte","highway":"bus_stop","public_transport":"platform","bus":"yes","osm":"node/1461891763"},"geometry":{"type":"Point","coordinates":[11.47134,47.29348]}},{"type":"Feature","properties":{"name":"Thaur Mitte","highway":"bus_stop","public_transport":"platform","bus":"yes","osm":"node/8072074248"},"geometry":{"type":"Point","coordinates":[11.47158,47.29359]}},{"type":"Feature","properties":{"name":"Thaur West","highway":"bus_stop","public_transport":"platform","bus":"yes","osm":"node/1461891766"},"geometry":{"type":"Point","coordinates":[11.46529,47.28932]}},{"type":"Feature","properties":{"name":"Thaur West","highway":"bus_stop","public_transport":"platform","bus":"yes","osm":"node/1461891768"},"geometry":{"type":"Point","coordinates":[11.4651,47.28933]}},{"type":"Feature","properties":{"name":"Theresienkirche","highway":"bus_stop","bus":"yes","osm":"node/2028102843"},"geometry":{"type":"Point","coordinates":[11.39816,47.28639]}},{"type":"Feature","properties":{"name":"Thurnfeldgasse","highway":"bus_stop","public_transport":"platform","bus":"yes","osm":"node/11163230843"},"geometry":{"type":"Point","coordinates":[11.51118,47.28515]}},{"type":"Feature","properties":{"name":"Thurnfeldgasse","highway":"bus_stop","public_transport":"platform","bus":"yes","osm":"node/11163230868"},"geometry":{"type":"Point","coordinates":[11.51097,47.28508]}},{"type":"Feature","properties":{"name":"Tiergartenstraße","highway":"bus_stop","osm":"node/13285796476"},"geometry":{"type":"Point","coordinates":[11.36909,47.25957]}},{"type":"Feature","properties":{"name":"Tiergartenstraße","highway":"bus_stop","osm":"node/13285796486"},"geometry":{"type":"Point","coordinates":[11.36916,47.25907]}},{"type":"Feature","properties":{"name":"Tirol Panorama","highway":"bus_stop","osm":"node/12077142946"},"geometry":{"type":"Point","coordinates":[11.40082,47.25086]}},{"type":"Feature","properties":{"name":"Tirolerhof","highway":"bus_stop","public_transport":"platform","bus":"yes","osm":"node/5465504233"},"geometry":{"type":"Point","coordinates":[11.34657,47.14957]}},{"type":"Feature","properties":{"name":"Tivoli Stadion","highway":"bus_stop","osm":"node/13388355211"},"geometry":{"type":"Point","coordinates":[11.41231,47.25666]}},{"type":"Feature","properties":{"name":"Tivoli Stadion","highway":"bus_stop","osm":"node/13388719983"},"geometry":{"type":"Point","coordinates":[11.41226,47.25736]}},{"type":"Feature","properties":{"name":"Trientlgasse","highway":"bus_stop","osm":"node/12542430033"},"geometry":{"type":"Point","coordinates":[11.43403,47.26988]}},{"type":"Feature","properties":{"name":"Trientlgasse","highway":"bus_stop","osm":"node/12542430047"},"geometry":{"type":"Point","coordinates":[11.43364,47.27006]}},{"type":"Feature","properties":{"name":"Trientlstraße","highway":"bus_stop","public_transport":"platform","bus":"yes","osm":"node/11163230849"},"geometry":{"type":"Point","coordinates":[11.49026,47.28025]}},{"type":"Feature","properties":{"name":"Trins (Tirol) Gemeindeamt","highway":"bus_stop","public_transport":"stop_position","bus":"yes","osm":"node/2115063462"},"geometry":{"type":"Point","coordinates":[11.41636,47.08287]}},{"type":"Feature","properties":{"name":"Trins (Tirol) Gh Wiener","highway":"bus_stop","public_transport":"stop_position","bus":"yes","osm":"node/4370202303"},"geometry":{"type":"Point","coordinates":[11.41881,47.08357]}},{"type":"Feature","properties":{"name":"Trins (Tirol) Kleiseler Hof","highway":"bus_stop","public_transport":"stop_position","bus":"yes","osm":"node/3319444428"},"geometry":{"type":"Point","coordinates":[11.44145,47.0881]}},{"type":"Feature","properties":{"name":"Trins (Tirol) Sonnwendalm","highway":"bus_stop","public_transport":"stop_position","bus":"yes","osm":"node/261936356"},"geometry":{"type":"Point","coordinates":[11.45247,47.08842]}},{"type":"Feature","properties":{"name":"Trins (Tirol) Tirolerhof","highway":"bus_stop","public_transport":"platform","bus":"yes","osm":"node/310801154"},"geometry":{"type":"Point","coordinates":[11.41133,47.08125]}},{"type":"Feature","properties":{"name":"Trins (Tirol) Trinserhof","highway":"bus_stop","public_transport":"stop_position","bus":"yes","osm":"node/3319444429"},"geometry":{"type":"Point","coordinates":[11.4217,47.08414]}},{"type":"Feature","properties":{"name":"Triumphpforte/Casino","wikidata":"Q116618808","direction":"forward","public_transport":"stop_position","railway":"tram_stop","bus":"yes","tram":"yes","osm":"node/337851485"},"geometry":{"type":"Point","coordinates":[11.39518,47.26278]}},{"type":"Feature","properties":{"name":"Triumphpforte/Casino","wikidata":"Q116618808","direction":"forward","public_transport":"stop_position","railway":"tram_stop","bus":"yes","tram":"yes","osm":"node/2013121445"},"geometry":{"type":"Point","coordinates":[11.39583,47.2627]}},{"type":"Feature","properties":{"name":"Triumphpforte/Casino","highway":"bus_stop","osm":"node/13627157665"},"geometry":{"type":"Point","coordinates":[11.39558,47.26264]}},{"type":"Feature","properties":{"name":"Triumphpforte/Casino","highway":"bus_stop","osm":"node/13890959933"},"geometry":{"type":"Point","coordinates":[11.39515,47.26281]}},{"type":"Feature","properties":{"name":"Trogerstraße","highway":"bus_stop","osm":"node/7788452676"},"geometry":{"type":"Point","coordinates":[11.39674,47.27667]}},{"type":"Feature","properties":{"name":"Trogerstraße","highway":"bus_stop","osm":"node/11560166205"},"geometry":{"type":"Point","coordinates":[11.39633,47.27632]}},{"type":"Feature","properties":{"name":"Tschiggfreystraße","highway":"bus_stop","public_transport":"stop_position","bus":"yes","osm":"node/377503908"},"geometry":{"type":"Point","coordinates":[11.3509,47.26727]}},{"type":"Feature","properties":{"name":"Tschurtschenthalerstraße","highway":"bus_stop","osm":"node/13372420443"},"geometry":{"type":"Point","coordinates":[11.39978,47.27406]}},{"type":"Feature","properties":{"name":"Tschurtschenthalerstraße","highway":"bus_stop","osm":"node/13372420452"},"geometry":{"type":"Point","coordinates":[11.39983,47.27414]}},{"type":"Feature","properties":{"name":"Tulfes Abzweig Gasteig","highway":"bus_stop","public_transport":"platform","osm":"node/287711130"},"geometry":{"type":"Point","coordinates":[11.53422,47.2697]}},{"type":"Feature","properties":{"name":"Tulfes Abzweig Gasteig","highway":"bus_stop","public_transport":"platform","osm":"node/1248453653"},"geometry":{"type":"Point","coordinates":[11.53431,47.26959]}},{"type":"Feature","properties":{"name":"Tulfes Birnbaum","highway":"bus_stop","public_transport":"platform","osm":"node/292944808"},"geometry":{"type":"Point","coordinates":[11.53365,47.26367]}},{"type":"Feature","properties":{"name":"Tulfes Birnbaum","highway":"bus_stop","public_transport":"platform","osm":"node/292944811"},"geometry":{"type":"Point","coordinates":[11.53357,47.26363]}},{"type":"Feature","properties":{"name":"Tulfes Glockenhof","highway":"bus_stop","public_transport":"platform","bus":"yes","osm":"node/287711122"},"geometry":{"type":"Point","coordinates":[11.52838,47.27391]}},{"type":"Feature","properties":{"name":"Tulfes Glockenhof","highway":"bus_stop","public_transport":"platform","bus":"yes","osm":"node/1387604196"},"geometry":{"type":"Point","coordinates":[11.52828,47.27416]}},{"type":"Feature","properties":{"name":"Tulfes Glungezerbahn Talstation","highway":"bus_stop","public_transport":"platform","bus":"yes","osm":"node/2112823911"},"geometry":{"type":"Point","coordinates":[11.53572,47.25644]}},{"type":"Feature","properties":{"name":"Tulfes Kreuzhäusl","highway":"bus_stop","public_transport":"platform","bus":"yes","osm":"node/287711125"},"geometry":{"type":"Point","coordinates":[11.53398,47.27361]}},{"type":"Feature","properties":{"name":"Tulfes Kreuzhäusl","highway":"bus_stop","public_transport":"platform","bus":"yes","osm":"node/424270857"},"geometry":{"type":"Point","coordinates":[11.53459,47.27352]}},{"type":"Feature","properties":{"name":"Tulfes Kößlersäge","highway":"bus_stop","public_transport":"platform","bus":"yes","osm":"node/2112848668"},"geometry":{"type":"Point","coordinates":[11.53096,47.26752]}},{"type":"Feature","properties":{"name":"Tulfes Pfuner","highway":"bus_stop","public_transport":"platform","bus":"yes","osm":"node/313715011"},"geometry":{"type":"Point","coordinates":[11.51738,47.25266]}},{"type":"Feature","properties":{"name":"Tulfes Pfuner","highway":"bus_stop","public_transport":"platform","bus":"yes","osm":"node/313715012"},"geometry":{"type":"Point","coordinates":[11.51687,47.25289]}},{"type":"Feature","properties":{"name":"Tulfes Sonnhof","highway":"bus_stop","public_transport":"platform","bus":"yes","osm":"node/2112848669"},"geometry":{"type":"Point","coordinates":[11.53515,47.26222]}},{"type":"Feature","properties":{"name":"Tulfes Sonnhof","highway":"bus_stop","public_transport":"platform","bus":"yes","osm":"node/2112848671"},"geometry":{"type":"Point","coordinates":[11.53517,47.26248]}},{"type":"Feature","properties":{"name":"Tulfes Volderwald","highway":"bus_stop","public_transport":"platform","bus":"yes","osm":"node/287711120"},"geometry":{"type":"Point","coordinates":[11.52103,47.27445]}},{"type":"Feature","properties":{"name":"Tulfes Volderwald","highway":"bus_stop","public_transport":"platform","bus":"yes","osm":"node/2112848678"},"geometry":{"type":"Point","coordinates":[11.52222,47.27467]}},{"type":"Feature","properties":{"name":"Tummelplatz","public_transport":"stop_position","railway":"tram_stop","tram":"yes","osm":"node/391659381"},"geometry":{"type":"Point","coordinates":[11.42792,47.25504]}},{"type":"Feature","properties":{"name":"UNI-Sportstätten","highway":"bus_stop","osm":"node/2045253199"},"geometry":{"type":"Point","coordinates":[11.3565,47.25747]}},{"type":"Feature","properties":{"name":"UNI-Sportstätten","highway":"bus_stop","osm":"node/2045253201"},"geometry":{"type":"Point","coordinates":[11.3561,47.25754]}},{"type":"Feature","properties":{"name":"Unterberg Abzw Sillwerk","highway":"bus_stop","public_transport":"platform","osm":"node/2584344710"},"geometry":{"type":"Point","coordinates":[11.39876,47.20692]}},{"type":"Feature","properties":{"name":"Unterberg Gh Stefansbrücke","highway":"bus_stop","public_transport":"platform","osm":"node/1432507868"},"geometry":{"type":"Point","coordinates":[11.3919,47.2114]}},{"type":"Feature","properties":{"name":"Unterberg Gh Stefansbrücke","highway":"bus_stop","public_transport":"platform","osm":"node/10879674588"},"geometry":{"type":"Point","coordinates":[11.39239,47.21137]}},{"type":"Feature","properties":{"name":"Unterberg-Stefansbrücke","operator":"ÖBB-Infrastruktur AG","wikidata":"Q15261675","railway":"halt","osm":"node/1267914450"},"geometry":{"type":"Point","coordinates":[11.39184,47.21412]}},{"type":"Feature","properties":{"name":"Unterbergerstraße","highway":"bus_stop","osm":"node/13273840217"},"geometry":{"type":"Point","coordinates":[11.37661,47.26362]}},{"type":"Feature","properties":{"name":"Unterer Stadtplatz","highway":"bus_stop","public_transport":"platform","bus":"yes","osm":"node/289152092"},"geometry":{"type":"Point","coordinates":[11.50768,47.2806]}},{"type":"Feature","properties":{"name":"Unterer Stadtplatz","highway":"bus_stop","public_transport":"platform","bus":"yes","osm":"node/289152094"},"geometry":{"type":"Point","coordinates":[11.50674,47.28029]}},{"type":"Feature","properties":{"name":"Unterfeld","highway":"bus_stop","public_transport":"platform","bus":"yes","osm":"node/8097765076"},"geometry":{"type":"Point","coordinates":[11.55457,47.29004]}},{"type":"Feature","properties":{"name":"Unterfeld","highway":"bus_stop","public_transport":"platform","bus":"yes","osm":"node/8097765077"},"geometry":{"type":"Point","coordinates":[11.55453,47.29013]}},{"type":"Feature","properties":{"name":"Untermieming Abzw Badesee","highway":"bus_stop","public_transport":"platform","bus":"yes","osm":"node/2133055345"},"geometry":{"type":"Point","coordinates":[10.97256,47.29334]}},{"type":"Feature","properties":{"name":"Untermieming Abzw Badesee","highway":"bus_stop","public_transport":"platform","bus":"yes","osm":"node/2133055347"},"geometry":{"type":"Point","coordinates":[10.97247,47.29336]}},{"type":"Feature","properties":{"name":"Untermieming Kirche","highway":"bus_stop","public_transport":"platform","bus":"yes","osm":"node/2133060206"},"geometry":{"type":"Point","coordinates":[10.98443,47.29554]}},{"type":"Feature","properties":{"name":"Untermieming Kirche","highway":"bus_stop","public_transport":"platform","bus":"yes","osm":"node/2133060211"},"geometry":{"type":"Point","coordinates":[10.98437,47.29555]}},{"type":"Feature","properties":{"name":"Untermieming See","highway":"bus_stop","public_transport":"platform","bus":"yes","osm":"node/7533710744"},"geometry":{"type":"Point","coordinates":[10.97054,47.29592]}},{"type":"Feature","properties":{"name":"Untermieming See","highway":"bus_stop","public_transport":"platform","bus":"yes","osm":"node/7533710745"},"geometry":{"type":"Point","coordinates":[10.97038,47.29584]}},{"type":"Feature","properties":{"name":"Untermieming Volksschule","highway":"bus_stop","public_transport":"platform","bus":"yes","osm":"node/2133060218"},"geometry":{"type":"Point","coordinates":[10.98171,47.2959]}},{"type":"Feature","properties":{"name":"Untermieming Volksschule","highway":"bus_stop","public_transport":"platform","bus":"yes","osm":"node/2133060223"},"geometry":{"type":"Point","coordinates":[10.98177,47.29595]}},{"type":"Feature","properties":{"name":"Untermieming Weidach Badesee","highway":"bus_stop","public_transport":"platform","bus":"yes","osm":"node/2133055351"},"geometry":{"type":"Point","coordinates":[10.97678,47.29616]}},{"type":"Feature","properties":{"name":"Untermieming Weidach Badesee","highway":"bus_stop","public_transport":"platform","bus":"yes","osm":"node/2133055355"},"geometry":{"type":"Point","coordinates":[10.97677,47.29621]}},{"type":"Feature","properties":{"name":"Untermieming Zein","highway":"bus_stop","public_transport":"platform","bus":"yes","osm":"node/2133049544"},"geometry":{"type":"Point","coordinates":[10.96983,47.29045]}},{"type":"Feature","properties":{"name":"Untermieming Zein","highway":"bus_stop","public_transport":"platform","bus":"yes","osm":"node/2133049550"},"geometry":{"type":"Point","coordinates":[10.96976,47.29049]}},{"type":"Feature","properties":{"name":"Unterperfuss Ortsmitte","highway":"bus_stop","public_transport":"platform","bus":"yes","osm":"node/2102270222"},"geometry":{"type":"Point","coordinates":[11.25744,47.26022]}},{"type":"Feature","properties":{"name":"Vill","highway":"bus_stop","public_transport":"stop_position","bus":"yes","osm":"node/277726030"},"geometry":{"type":"Point","coordinates":[11.40239,47.2364]}},{"type":"Feature","properties":{"name":"Villa Blanka","check_date":"2024-03-24","highway":"bus_stop","public_transport":"stop_position","bus":"yes","osm":"node/734713694"},"geometry":{"type":"Point","coordinates":[11.39693,47.27931]}},{"type":"Feature","properties":{"name":"Vinzenzweg","highway":"bus_stop","public_transport":"platform","bus":"yes","osm":"node/1459397208"},"geometry":{"type":"Point","coordinates":[11.52839,47.29055]}},{"type":"Feature","properties":{"name":"Vinzenzweg","highway":"bus_stop","public_transport":"platform","bus":"yes","osm":"node/1459397211"},"geometry":{"type":"Point","coordinates":[11.52829,47.29054]}},{"type":"Feature","properties":{"name":"Volderer Brücke","highway":"bus_stop","public_transport":"platform","bus":"yes","osm":"node/1461968581"},"geometry":{"type":"Point","coordinates":[11.55783,47.28414]}},{"type":"Feature","properties":{"name":"Volderer Brücke","highway":"bus_stop","public_transport":"platform","bus":"yes","osm":"node/1461968582"},"geometry":{"type":"Point","coordinates":[11.55744,47.2842]}},{"type":"Feature","properties":{"name":"Volders Mittelschule","highway":"bus_stop","public_transport":"platform","bus":"yes","osm":"node/3997526585"},"geometry":{"type":"Point","coordinates":[11.57021,47.28961]}},{"type":"Feature","properties":{"name":"Volders Ost","highway":"bus_stop","public_transport":"platform","bus":"yes","osm":"node/1461968578"},"geometry":{"type":"Point","coordinates":[11.57103,47.28783]}},{"type":"Feature","properties":{"name":"Volders Ost","highway":"bus_stop","public_transport":"platform","bus":"yes","osm":"node/1461968580"},"geometry":{"type":"Point","coordinates":[11.57234,47.28792]}},{"type":"Feature","properties":{"name":"Volders-Baumkirchen","operator":"ÖBB-Infrastruktur AG","wikimedia_commons":"File:Bahnhof_Volders-Baumkirchen.jpg","wikidata":"Q111044840","railway":"halt","osm":"node/2990048183"},"geometry":{"type":"Point","coordinates":[11.56389,47.296]}},{"type":"Feature","properties":{"name":"Volksschule","highway":"bus_stop","public_transport":"platform","bus":"yes","osm":"node/297357671"},"geometry":{"type":"Point","coordinates":[11.37969,47.1677]}},{"type":"Feature","properties":{"name":"Volksschule","highway":"bus_stop","public_transport":"platform","bus":"yes","osm":"node/3046159900"},"geometry":{"type":"Point","coordinates":[11.3798,47.16762]}},{"type":"Feature","properties":{"name":"Volksschule Schönegg","highway":"bus_stop","public_transport":"platform","bus":"yes","osm":"node/4529048684"},"geometry":{"type":"Point","coordinates":[11.52148,47.28505]}},{"type":"Feature","properties":{"name":"Vögelebichl","public_transport":"stop_position","railway":"tram_stop","tram":"yes","osm":"node/4071646033"},"geometry":{"type":"Point","coordinates":[11.36336,47.26398]}},{"type":"Feature","properties":{"name":"Vögelebichl","public_transport":"stop_position","railway":"tram_stop","tram":"yes","osm":"node/5252739916"},"geometry":{"type":"Point","coordinates":[11.36406,47.26405]}},{"type":"Feature","properties":{"name":"Vögelebichl","highway":"bus_stop","osm":"node/11216086843"},"geometry":{"type":"Point","coordinates":[11.36398,47.26399]}},{"type":"Feature","properties":{"name":"Vögelebichl","highway":"bus_stop","osm":"node/13273787770"},"geometry":{"type":"Point","coordinates":[11.3634,47.26403]}},{"type":"Feature","properties":{"name":"Völs","ele":"586","operator":"ÖBB-Infrastruktur AG","wikidata":"Q72833970","public_transport":"station","railway":"station","osm":"node/286389462"},"geometry":{"type":"Point","coordinates":[11.32136,47.25576]}},{"type":"Feature","properties":{"name":"Völs Bahnhof/Bahnhofstraße","highway":"bus_stop","public_transport":"platform","bus":"yes","osm":"node/440642901"},"geometry":{"type":"Point","coordinates":[11.3213,47.25488]}},{"type":"Feature","properties":{"name":"Völs Bahnhof/Bahnhofstraße","highway":"bus_stop","public_transport":"platform","bus":"yes","osm":"node/8065757063"},"geometry":{"type":"Point","coordinates":[11.32146,47.25473]}},{"type":"Feature","properties":{"name":"Völs Bahnhof/Landesstraße","highway":"bus_stop","osm":"node/11216086847"},"geometry":{"type":"Point","coordinates":[11.32197,47.25576]}},{"type":"Feature","properties":{"name":"Völs Cyta Nord","highway":"bus_stop","osm":"node/13728028006"},"geometry":{"type":"Point","coordinates":[11.32241,47.25995]}},{"type":"Feature","properties":{"name":"Völs Cyta Süd","highway":"bus_stop","osm":"node/13728060038"},"geometry":{"type":"Point","coordinates":[11.32575,47.25562]}},{"type":"Feature","properties":{"name":"Völs Dorfmitte","highway":"bus_stop","public_transport":"platform","bus":"yes","osm":"node/440637530"},"geometry":{"type":"Point","coordinates":[11.32803,47.25207]}},{"type":"Feature","properties":{"name":"Völs Dorfmitte","highway":"bus_stop","public_transport":"platform","bus":"yes","osm":"node/1518097037"},"geometry":{"type":"Point","coordinates":[11.32832,47.25203]}},{"type":"Feature","properties":{"name":"Völs EKZ Cyta Süd","highway":"bus_stop","public_transport":"platform","bus":"yes","osm":"node/11216086846"},"geometry":{"type":"Point","coordinates":[11.32508,47.25506]}},{"type":"Feature","properties":{"name":"Völs Friedenssiedlung","highway":"bus_stop","public_transport":"platform","bus":"yes","osm":"node/1518097045"},"geometry":{"type":"Point","coordinates":[11.30963,47.25697]}},{"type":"Feature","properties":{"name":"Völs Friedenssiedlung","highway":"bus_stop","public_transport":"platform","bus":"yes","osm":"node/1673210572"},"geometry":{"type":"Point","coordinates":[11.31017,47.25681]}},{"type":"Feature","properties":{"name":"Völs Metzgerei Singer","highway":"bus_stop","public_transport":"platform","bus":"yes","osm":"node/440638611"},"geometry":{"type":"Point","coordinates":[11.32588,47.25326]}},{"type":"Feature","properties":{"name":"Völs Metzgerei Singer","highway":"bus_stop","public_transport":"platform","bus":"yes","osm":"node/1518097056"},"geometry":{"type":"Point","coordinates":[11.3259,47.25308]}},{"type":"Feature","properties":{"name":"Völs Ost","highway":"bus_stop","public_transport":"platform","bus":"yes","osm":"node/440638613"},"geometry":{"type":"Point","coordinates":[11.33482,47.25113]}},{"type":"Feature","properties":{"name":"Völs Ost","highway":"bus_stop","public_transport":"platform","bus":"yes","osm":"node/1308258401"},"geometry":{"type":"Point","coordinates":[11.33476,47.251]}},{"type":"Feature","properties":{"name":"Völs Seesiedlung/Apotheke","highway":"bus_stop","public_transport":"platform","bus":"yes","osm":"node/440643692"},"geometry":{"type":"Point","coordinates":[11.31683,47.25611]}},{"type":"Feature","properties":{"name":"Völs Seesiedlung/Apotheke","highway":"bus_stop","public_transport":"platform","bus":"yes","osm":"node/1308276518"},"geometry":{"type":"Point","coordinates":[11.31641,47.25594]}},{"type":"Feature","properties":{"name":"Völs Seesiedlung/Landesstraße","highway":"bus_stop","public_transport":"platform","bus":"yes","osm":"node/1551901016"},"geometry":{"type":"Point","coordinates":[11.31505,47.2561]}},{"type":"Feature","properties":{"name":"Völs Seesiedlung/Landesstraße","highway":"bus_stop","public_transport":"platform","bus":"yes","osm":"node/1672807558"},"geometry":{"type":"Point","coordinates":[11.31486,47.25623]}},{"type":"Feature","properties":{"name":"Völs West","highway":"bus_stop","public_transport":"platform","bus":"yes","osm":"node/440647206"},"geometry":{"type":"Point","coordinates":[11.31121,47.25545]}},{"type":"Feature","properties":{"name":"Walderbrücke","highway":"bus_stop","public_transport":"platform","bus":"yes","osm":"node/11163230831"},"geometry":{"type":"Point","coordinates":[11.52186,47.30736]}},{"type":"Feature","properties":{"name":"Walderbrücke","highway":"bus_stop","public_transport":"platform","bus":"yes","osm":"node/11163230832"},"geometry":{"type":"Point","coordinates":[11.52232,47.30743]}},{"type":"Feature","properties":{"name":"Wattens Fa. Swarco","highway":"bus_stop","public_transport":"platform","bus":"yes","osm":"node/1461977889"},"geometry":{"type":"Point","coordinates":[11.58703,47.28875]}},{"type":"Feature","properties":{"name":"Wattens Fa. Swarco","highway":"bus_stop","public_transport":"platform","bus":"yes","osm":"node/12164070498"},"geometry":{"type":"Point","coordinates":[11.58631,47.28861]}},{"type":"Feature","properties":{"name":"Wattnerstraße","highway":"bus_stop","public_transport":"platform","bus":"yes","osm":"node/8097765057"},"geometry":{"type":"Point","coordinates":[11.57144,47.30031]}},{"type":"Feature","properties":{"name":"Wattnerstraße","highway":"bus_stop","public_transport":"platform","bus":"yes","osm":"node/8097765058"},"geometry":{"type":"Point","coordinates":[11.57139,47.30014]}},{"type":"Feature","properties":{"name":"Westbahnhof","wikidata":"Q116618812","public_transport":"stop_position","railway":"tram_stop","tram":"yes","osm":"node/338169527"},"geometry":{"type":"Point","coordinates":[11.39182,47.25653]}},{"type":"Feature","properties":{"name":"Westbahnhof","highway":"bus_stop","osm":"node/1145607928"},"geometry":{"type":"Point","coordinates":[11.39191,47.25591]}},{"type":"Feature","properties":{"name":"Westbahnhof","wikidata":"Q116618812","public_transport":"stop_position","railway":"tram_stop","tram":"yes","osm":"node/4114940743"},"geometry":{"type":"Point","coordinates":[11.39187,47.2566]}},{"type":"Feature","properties":{"name":"Westbahnhof","highway":"bus_stop","osm":"node/14155512702"},"geometry":{"type":"Point","coordinates":[11.39193,47.25652]}},{"type":"Feature","properties":{"name":"Westbahnhof","highway":"bus_stop","osm":"node/14155512743"},"geometry":{"type":"Point","coordinates":[11.3915,47.25617]}},{"type":"Feature","properties":{"name":"Westbahnhof","highway":"bus_stop","osm":"node/14155512763"},"geometry":{"type":"Point","coordinates":[11.39177,47.25658]}},{"type":"Feature","properties":{"name":"Westfriedhof","highway":"bus_stop","osm":"node/2045397258"},"geometry":{"type":"Point","coordinates":[11.38464,47.25703]}},{"type":"Feature","properties":{"name":"Westfriedhof","highway":"bus_stop","osm":"node/2045397261"},"geometry":{"type":"Point","coordinates":[11.38411,47.25743]}},{"type":"Feature","properties":{"name":"Widumanger","highway":"bus_stop","public_transport":"platform","bus":"yes","osm":"node/8063319398"},"geometry":{"type":"Point","coordinates":[11.07607,47.30876]}},{"type":"Feature","properties":{"name":"Widumanger","highway":"bus_stop","public_transport":"platform","bus":"yes","osm":"node/8063319399"},"geometry":{"type":"Point","coordinates":[11.07628,47.30876]}},{"type":"Feature","properties":{"name":"Wiesengasse","highway":"bus_stop","osm":"node/13361878446"},"geometry":{"type":"Point","coordinates":[11.41176,47.25528]}},{"type":"Feature","properties":{"name":"Wiesenhof","highway":"bus_stop","public_transport":"platform","osm":"node/1377771291"},"geometry":{"type":"Point","coordinates":[11.5471,47.3167]}},{"type":"Feature","properties":{"name":"Wiesenhof","highway":"bus_stop","public_transport":"platform","bus":"yes","osm":"node/1377771303"},"geometry":{"type":"Point","coordinates":[11.54703,47.3168]}},{"type":"Feature","properties":{"name":"Wiesenhöfe","highway":"bus_stop","public_transport":"platform","bus":"yes","osm":"node/291617904"},"geometry":{"type":"Point","coordinates":[11.47969,47.24867]}},{"type":"Feature","properties":{"name":"Wiesenhöfe","highway":"bus_stop","public_transport":"platform","bus":"yes","osm":"node/291617906"},"geometry":{"type":"Point","coordinates":[11.48124,47.24866]}},{"type":"Feature","properties":{"name":"Wildermieming Abzw Gerhardhof","highway":"bus_stop","public_transport":"platform","bus":"yes","osm":"node/2053387892"},"geometry":{"type":"Point","coordinates":[11.025,47.31109]}},{"type":"Feature","properties":{"name":"Wildermieming Abzw Gerhardhof","highway":"bus_stop","public_transport":"platform","bus":"yes","osm":"node/9094449558"},"geometry":{"type":"Point","coordinates":[11.02492,47.3112]}},{"type":"Feature","properties":{"name":"Wildermieming Affenhausen","operator":"Österreichische Postbus AG","highway":"bus_stop","public_transport":"platform","bus":"yes","osm":"node/9003460389"},"geometry":{"type":"Point","coordinates":[11.00381,47.31215]}},{"type":"Feature","properties":{"name":"Wildermieming Affenhausen","operator":"Österreichische Postbus AG","highway":"bus_stop","public_transport":"platform","bus":"yes","osm":"node/9003460390"},"geometry":{"type":"Point","coordinates":[11.00401,47.31218]}},{"type":"Feature","properties":{"name":"Wildermieming Gemeindeamt","highway":"bus_stop","public_transport":"stop_position","bus":"yes","osm":"node/371015573"},"geometry":{"type":"Point","coordinates":[11.00673,47.31847]}},{"type":"Feature","properties":{"name":"Wohnheim Hötting","highway":"bus_stop","bus":"yes","osm":"node/2028102741"},"geometry":{"type":"Point","coordinates":[11.38722,47.27279]}},{"type":"Feature","properties":{"name":"Wohnheim Saggen","highway":"bus_stop","osm":"node/13426253063"},"geometry":{"type":"Point","coordinates":[11.41083,47.27614]}},{"type":"Feature","properties":{"name":"Wohnheim Saggen","highway":"bus_stop","osm":"node/13426987383"},"geometry":{"type":"Point","coordinates":[11.41036,47.27542]}},{"type":"Feature","properties":{"name":"Zentrum","highway":"bus_stop","public_transport":"platform","bus":"yes","osm":"node/5320515503"},"geometry":{"type":"Point","coordinates":[11.53243,47.28837]}},{"type":"Feature","properties":{"name":"Zentrum","highway":"bus_stop","public_transport":"platform","bus":"yes","osm":"node/11163230820"},"geometry":{"type":"Point","coordinates":[11.53203,47.28802]}},{"type":"Feature","properties":{"name":"Ziegelweg","highway":"bus_stop","public_transport":"platform","bus":"yes","osm":"node/11163230851"},"geometry":{"type":"Point","coordinates":[11.49071,47.28249]}},{"type":"Feature","properties":{"name":"Zimmeterweg","highway":"bus_stop","osm":"node/13370618633"},"geometry":{"type":"Point","coordinates":[11.42771,47.28292]}},{"type":"Feature","properties":{"name":"Zirl","ele":"597","operator":"ÖBB-Infrastruktur AG","wikidata":"Q72834002","public_transport":"station","railway":"station","osm":"node/247482878"},"geometry":{"type":"Point","coordinates":[11.22984,47.26589]}},{"type":"Feature","properties":{"name":"Zirl Bahnhof","highway":"bus_stop","public_transport":"platform","bus":"yes","osm":"node/11132710517"},"geometry":{"type":"Point","coordinates":[11.22917,47.26655]}},{"type":"Feature","properties":{"name":"Zirl Brücke","highway":"bus_stop","public_transport":"platform","bus":"yes","osm":"node/11132710518"},"geometry":{"type":"Point","coordinates":[11.2371,47.26867]}},{"type":"Feature","properties":{"name":"Zirl Brücke","highway":"bus_stop","public_transport":"platform","bus":"yes","osm":"node/11132710521"},"geometry":{"type":"Point","coordinates":[11.23802,47.2691]}},{"type":"Feature","properties":{"name":"Zirl Dir.-Prantl-Straße/Glentweg","highway":"bus_stop","public_transport":"platform","bus":"yes","osm":"node/11132668469"},"geometry":{"type":"Point","coordinates":[11.24886,47.26816]}},{"type":"Feature","properties":{"name":"Zirl Gemeindeamt","highway":"bus_stop","public_transport":"platform","bus":"yes","osm":"node/4042674550"},"geometry":{"type":"Point","coordinates":[11.24175,47.27345]}},{"type":"Feature","properties":{"name":"Zirl Gemeindeamt","highway":"bus_stop","public_transport":"platform","bus":"yes","osm":"node/4042674552"},"geometry":{"type":"Point","coordinates":[11.24176,47.27357]}},{"type":"Feature","properties":{"name":"Zirl Gemeindeamt","highway":"bus_stop","public_transport":"platform","bus":"yes","osm":"node/11132710522"},"geometry":{"type":"Point","coordinates":[11.24194,47.27362]}},{"type":"Feature","properties":{"name":"Zirl Gewerbegebiet","highway":"bus_stop","public_transport":"platform","bus":"yes","osm":"node/11132710514"},"geometry":{"type":"Point","coordinates":[11.22237,47.26661]}},{"type":"Feature","properties":{"name":"Zirl Gewerbegebiet","highway":"bus_stop","public_transport":"platform","bus":"yes","osm":"node/11132710516"},"geometry":{"type":"Point","coordinates":[11.2225,47.26675]}},{"type":"Feature","properties":{"name":"Zirl Gh Schwarzer Adler","highway":"bus_stop","public_transport":"platform","bus":"yes","osm":"node/1585904509"},"geometry":{"type":"Point","coordinates":[11.24977,47.27159]}},{"type":"Feature","properties":{"name":"Zirl Gh Schwarzer Adler","highway":"bus_stop","public_transport":"platform","bus":"yes","osm":"node/1585904513"},"geometry":{"type":"Point","coordinates":[11.24985,47.27167]}},{"type":"Feature","properties":{"name":"Zirl Martinsbühel","highway":"bus_stop","public_transport":"platform","bus":"yes","osm":"node/1552056519"},"geometry":{"type":"Point","coordinates":[11.26432,47.26882]}},{"type":"Feature","properties":{"name":"Zirl Martinsbühel","highway":"bus_stop","public_transport":"platform","bus":"yes","osm":"node/1552056522"},"geometry":{"type":"Point","coordinates":[11.26396,47.26894]}},{"type":"Feature","properties":{"name":"ÖGK","highway":"bus_stop","public_transport":"platform","bus":"yes","osm":"node/2124501757"},"geometry":{"type":"Point","coordinates":[11.07644,47.30654]}},{"type":"Feature","properties":{"name":"ÖGK","highway":"bus_stop","public_transport":"platform","bus":"yes","osm":"node/2124501758"},"geometry":{"type":"Point","coordinates":[11.0761,47.30655]}},{"type":"Feature","properties":{"name":"Ölberg","highway":"bus_stop","osm":"node/2028102802"},"geometry":{"type":"Point","coordinates":[11.38758,47.27873]}},{"type":"Feature","properties":{"name":"Ölberg","highway":"bus_stop","osm":"node/2028102806"},"geometry":{"type":"Point","coordinates":[11.3892,47.28009]}}]}