{"type":"FeatureCollection","features":[{"type":"Feature","properties":{"amenity":"drinking_water","operator":"Forstamt Innsbruck","osm":"node/274379242"},"geometry":{"type":"Point","coordinates":[11.40334,47.29655]}},{"type":"Feature","properties":{"amenity":"drinking_water","check_date":"2023-05-22","osm":"node/274379245"},"geometry":{"type":"Point","coordinates":[11.36676,47.29839]}},{"type":"Feature","properties":{"amenity":"drinking_water","osm":"node/278005646"},"geometry":{"type":"Point","coordinates":[11.43061,47.21713]}},{"type":"Feature","properties":{"amenity":"drinking_water","check_date":"2025-05-12","osm":"node/279206905"},"geometry":{"type":"Point","coordinates":[11.39404,47.27421]}},{"type":"Feature","properties":{"amenity":"drinking_water","check_date":"2024-09-06","osm":"node/280875532"},"geometry":{"type":"Point","coordinates":[11.35629,47.25569]}},{"type":"Feature","properties":{"amenity":"drinking_water","osm":"node/282970561"},"geometry":{"type":"Point","coordinates":[11.60378,47.29842]}},{"type":"Feature","properties":{"amenity":"drinking_water","operator":"Vigilbrunnen","wikidata":"Q37765019","osm":"node/293077972"},"geometry":{"type":"Point","coordinates":[11.4747,47.29389]}},{"type":"Feature","properties":{"amenity":"drinking_water","osm":"node/296011842"},"geometry":{"type":"Point","coordinates":[11.55326,47.28004]}},{"type":"Feature","properties":{"amenity":"drinking_water","check_date":"2026-05-03","osm":"node/301249802"},"geometry":{"type":"Point","coordinates":[11.26627,47.28016]}},{"type":"Feature","properties":{"amenity":"drinking_water","check_date":"2026-07-15","osm":"node/322176665"},"geometry":{"type":"Point","coordinates":[11.24183,47.27242]}},{"type":"Feature","properties":{"amenity":"drinking_water","osm":"node/331844992"},"geometry":{"type":"Point","coordinates":[11.46778,47.30135]}},{"type":"Feature","properties":{"waterway":"waterfall","osm":"node/333298907"},"geometry":{"type":"Point","coordinates":[11.60915,47.10818]}},{"type":"Feature","properties":{"waterway":"waterfall","osm":"node/333310601"},"geometry":{"type":"Point","coordinates":[11.23855,47.29385]}},{"type":"Feature","properties":{"waterway":"waterfall","osm":"node/333314964"},"geometry":{"type":"Point","coordinates":[11.25537,47.30533]}},{"type":"Feature","properties":{"waterway":"waterfall","osm":"node/333314984"},"geometry":{"type":"Point","coordinates":[11.25446,47.30383]}},{"type":"Feature","properties":{"waterway":"waterfall","osm":"node/333315037"},"geometry":{"type":"Point","coordinates":[11.25064,47.30092]}},{"type":"Feature","properties":{"waterway":"waterfall","osm":"node/333325509"},"geometry":{"type":"Point","coordinates":[11.27448,47.084]}},{"type":"Feature","properties":{"waterway":"waterfall","osm":"node/333325511"},"geometry":{"type":"Point","coordinates":[11.2753,47.08436]}},{"type":"Feature","properties":{"waterway":"waterfall","osm":"node/333325513"},"geometry":{"type":"Point","coordinates":[11.27567,47.08465]}},{"type":"Feature","properties":{"waterway":"waterfall","osm":"node/333325515"},"geometry":{"type":"Point","coordinates":[11.27581,47.08502]}},{"type":"Feature","properties":{"waterway":"waterfall","osm":"node/333325517"},"geometry":{"type":"Point","coordinates":[11.2758,47.0852]}},{"type":"Feature","properties":{"waterway":"waterfall","osm":"node/333325519"},"geometry":{"type":"Point","coordinates":[11.2757,47.08544]}},{"type":"Feature","properties":{"waterway":"waterfall","osm":"node/333325521"},"geometry":{"type":"Point","coordinates":[11.27552,47.08593]}},{"type":"Feature","properties":{"waterway":"waterfall","osm":"node/333325526"},"geometry":{"type":"Point","coordinates":[11.27569,47.08667]}},{"type":"Feature","properties":{"waterway":"waterfall","osm":"node/333325530"},"geometry":{"type":"Point","coordinates":[11.27582,47.08684]}},{"type":"Feature","properties":{"waterway":"waterfall","osm":"node/333325532"},"geometry":{"type":"Point","coordinates":[11.27618,47.0871]}},{"type":"Feature","properties":{"waterway":"waterfall","osm":"node/333325534"},"geometry":{"type":"Point","coordinates":[11.27661,47.08732]}},{"type":"Feature","properties":{"waterway":"waterfall","osm":"node/333325536"},"geometry":{"type":"Point","coordinates":[11.27701,47.08754]}},{"type":"Feature","properties":{"waterway":"waterfall","osm":"node/333325538"},"geometry":{"type":"Point","coordinates":[11.2773,47.08785]}},{"type":"Feature","properties":{"waterway":"waterfall","osm":"node/333325540"},"geometry":{"type":"Point","coordinates":[11.27741,47.08851]}},{"type":"Feature","properties":{"waterway":"waterfall","osm":"node/333325542"},"geometry":{"type":"Point","coordinates":[11.27746,47.08899]}},{"type":"Feature","properties":{"waterway":"waterfall","osm":"node/333325547"},"geometry":{"type":"Point","coordinates":[11.27814,47.08964]}},{"type":"Feature","properties":{"waterway":"waterfall","osm":"node/333325550"},"geometry":{"type":"Point","coordinates":[11.27964,47.09043]}},{"type":"Feature","properties":{"waterway":"waterfall","osm":"node/333325552"},"geometry":{"type":"Point","coordinates":[11.27974,47.09067]}},{"type":"Feature","properties":{"amenity":"drinking_water","osm":"node/333540982"},"geometry":{"type":"Point","coordinates":[11.47168,47.30086]}},{"type":"Feature","properties":{"tourism":"viewpoint","osm":"node/342977882"},"geometry":{"type":"Point","coordinates":[11.53752,47.29472]}},{"type":"Feature","properties":{"amenity":"drinking_water","check_date":"2023-09-03","osm":"node/382803516"},"geometry":{"type":"Point","coordinates":[11.32763,47.25025]}},{"type":"Feature","properties":{"waterway":"waterfall","osm":"node/385249519"},"geometry":{"type":"Point","coordinates":[11.26153,47.24391]}},{"type":"Feature","properties":{"amenity":"drinking_water","check_date":"2026-07-16","drinking_water":"yes","osm":"node/386829538"},"geometry":{"type":"Point","coordinates":[11.39485,47.27195]}},{"type":"Feature","properties":{"amenity":"drinking_water","osm":"node/408902502"},"geometry":{"type":"Point","coordinates":[11.36933,47.23151]}},{"type":"Feature","properties":{"tourism":"viewpoint","direction":"270","osm":"node/409540591"},"geometry":{"type":"Point","coordinates":[11.44629,47.31222]}},{"type":"Feature","properties":{"amenity":"drinking_water","osm":"node/414723399"},"geometry":{"type":"Point","coordinates":[11.26839,47.24827]}},{"type":"Feature","properties":{"amenity":"drinking_water","osm":"node/420796209"},"geometry":{"type":"Point","coordinates":[11.35349,47.2889]}},{"type":"Feature","properties":{"amenity":"drinking_water","osm":"node/434141922"},"geometry":{"type":"Point","coordinates":[11.46692,47.22174]}},{"type":"Feature","properties":{"amenity":"drinking_water","osm":"node/434142045"},"geometry":{"type":"Point","coordinates":[11.4876,47.23042]}},{"type":"Feature","properties":{"amenity":"drinking_water","check_date":"2025-07-19","osm":"node/434397430"},"geometry":{"type":"Point","coordinates":[11.37874,47.28257]}},{"type":"Feature","properties":{"amenity":"drinking_water","osm":"node/434400903"},"geometry":{"type":"Point","coordinates":[11.39507,47.28985]}},{"type":"Feature","properties":{"tourism":"viewpoint","amenity":"drinking_water","osm":"node/437814697"},"geometry":{"type":"Point","coordinates":[11.10168,47.20943]}},{"type":"Feature","properties":{"tourism":"viewpoint","osm":"node/437814856"},"geometry":{"type":"Point","coordinates":[11.04309,47.21444]}},{"type":"Feature","properties":{"tourism":"viewpoint","direction":"S","highway":"turning_circle","osm":"node/445294937"},"geometry":{"type":"Point","coordinates":[11.14902,47.20249]}},{"type":"Feature","properties":{"tourism":"viewpoint","osm":"node/453575110"},"geometry":{"type":"Point","coordinates":[11.46816,47.32123]}},{"type":"Feature","properties":{"drinking_water":"yes","natural":"spring","osm":"node/513728282"},"geometry":{"type":"Point","coordinates":[11.13688,47.22875]}},{"type":"Feature","properties":{"natural":"saddle","osm":"node/524577498"},"geometry":{"type":"Point","coordinates":[11.38442,47.31279]}},{"type":"Feature","properties":{"natural":"saddle","osm":"node/524663462"},"geometry":{"type":"Point","coordinates":[11.43263,47.32224]}},{"type":"Feature","properties":{"amenity":"drinking_water","osm":"node/529840329"},"geometry":{"type":"Point","coordinates":[11.33694,47.24009]}},{"type":"Feature","properties":{"amenity":"drinking_water","osm":"node/600504740"},"geometry":{"type":"Point","coordinates":[11.30486,47.22931]}},{"type":"Feature","properties":{"amenity":"drinking_water","website":"https://www.tirol.gv.at/gesundheit-vorsorge/oeffentliche-gesundheit/hitze-und-gesundheit/trinkwassermapping-tirol/birgitz-brunnen-friedhof/","wikidata":"Q94076768","osm":"node/600527210"},"geometry":{"type":"Point","coordinates":[11.29929,47.23496]}},{"type":"Feature","properties":{"amenity":"drinking_water","website":"https://www.tirol.gv.at/gesundheit-vorsorge/oeffentliche-gesundheit/hitze-und-gesundheit/trinkwassermapping-tirol/birgitz-tolers-brunnen/","osm":"node/600527217"},"geometry":{"type":"Point","coordinates":[11.29901,47.23691]}},{"type":"Feature","properties":{"amenity":"drinking_water","website":"https://www.tirol.gv.at/gesundheit-vorsorge/oeffentliche-gesundheit/hitze-und-gesundheit/trinkwassermapping-tirol/birgitz-knollens-brunnen/","wikimedia_commons":"File:Birgitz Brunnen gegenüber Kapellenweg 2.jpg","osm":"node/600527224"},"geometry":{"type":"Point","coordinates":[11.30001,47.23664]}},{"type":"Feature","properties":{"waterway":"waterfall","osm":"node/603174031"},"geometry":{"type":"Point","coordinates":[10.98748,47.28746]}},{"type":"Feature","properties":{"amenity":"drinking_water","check_date":"2023-09-26","man_made":"water_tap","osm":"node/603587728"},"geometry":{"type":"Point","coordinates":[11.28214,47.2303]}},{"type":"Feature","properties":{"amenity":"drinking_water","osm":"node/604467699"},"geometry":{"type":"Point","coordinates":[11.56364,47.32846]}},{"type":"Feature","properties":{"amenity":"drinking_water","check_date":"2023-04-13","osm":"node/608406090"},"geometry":{"type":"Point","coordinates":[11.41287,47.2834]}},{"type":"Feature","properties":{"amenity":"drinking_water","osm":"node/618281378"},"geometry":{"type":"Point","coordinates":[11.33226,47.2549]}},{"type":"Feature","properties":{"amenity":"drinking_water","osm":"node/626003980"},"geometry":{"type":"Point","coordinates":[11.27717,47.24151]}},{"type":"Feature","properties":{"amenity":"drinking_water","osm":"node/626003988"},"geometry":{"type":"Point","coordinates":[11.28613,47.24328]}},{"type":"Feature","properties":{"amenity":"drinking_water","osm":"node/626003991"},"geometry":{"type":"Point","coordinates":[11.29592,47.24542]}},{"type":"Feature","properties":{"amenity":"drinking_water","check_date":"2023-09-05","osm":"node/633676224"},"geometry":{"type":"Point","coordinates":[11.31475,47.24699]}},{"type":"Feature","properties":{"tourism":"viewpoint","osm":"node/644626806"},"geometry":{"type":"Point","coordinates":[11.40555,47.28899]}},{"type":"Feature","properties":{"amenity":"drinking_water","access":"yes","osm":"node/656634755"},"geometry":{"type":"Point","coordinates":[10.9562,47.30673]}},{"type":"Feature","properties":{"amenity":"drinking_water","osm":"node/699804815"},"geometry":{"type":"Point","coordinates":[11.50505,47.26013]}},{"type":"Feature","properties":{"amenity":"drinking_water","osm":"node/738095832"},"geometry":{"type":"Point","coordinates":[11.50536,47.29942]}},{"type":"Feature","properties":{"amenity":"drinking_water","osm":"node/738095855"},"geometry":{"type":"Point","coordinates":[11.49973,47.29465]}},{"type":"Feature","properties":{"amenity":"drinking_water","osm":"node/738095868"},"geometry":{"type":"Point","coordinates":[11.48116,47.30136]}},{"type":"Feature","properties":{"amenity":"drinking_water","osm":"node/738095897"},"geometry":{"type":"Point","coordinates":[11.49422,47.28716]}},{"type":"Feature","properties":{"amenity":"drinking_water","osm":"node/738095910"},"geometry":{"type":"Point","coordinates":[11.49571,47.28844]}},{"type":"Feature","properties":{"amenity":"drinking_water","wikidata":"Q37812421","osm":"node/759647762"},"geometry":{"type":"Point","coordinates":[11.38786,47.26806]}},{"type":"Feature","properties":{"tourism":"viewpoint","amenity":"bench","osm":"node/765320601"},"geometry":{"type":"Point","coordinates":[11.305,47.22808]}},{"type":"Feature","properties":{"amenity":"drinking_water","osm":"node/766894652"},"geometry":{"type":"Point","coordinates":[11.25959,47.33587]}},{"type":"Feature","properties":{"tourism":"viewpoint","amenity":"bench","osm":"node/810003624"},"geometry":{"type":"Point","coordinates":[11.39902,47.29771]}},{"type":"Feature","properties":{"tourism":"viewpoint","amenity":"bench","osm":"node/810003625"},"geometry":{"type":"Point","coordinates":[11.41825,47.30124]}},{"type":"Feature","properties":{"amenity":"drinking_water","osm":"node/823041369"},"geometry":{"type":"Point","coordinates":[11.36976,47.27866]}},{"type":"Feature","properties":{"tourism":"viewpoint","osm":"node/823506611"},"geometry":{"type":"Point","coordinates":[11.40439,47.10763]}},{"type":"Feature","properties":{"amenity":"drinking_water","osm":"node/846255498"},"geometry":{"type":"Point","coordinates":[11.37257,47.23489]}},{"type":"Feature","properties":{"amenity":"drinking_water","osm":"node/848914898"},"geometry":{"type":"Point","coordinates":[11.40966,47.26177]}},{"type":"Feature","properties":{"amenity":"drinking_water","check_date":"2022-07-20","osm":"node/849870287"},"geometry":{"type":"Point","coordinates":[11.36293,47.16703]}},{"type":"Feature","properties":{"amenity":"drinking_water","osm":"node/849871246"},"geometry":{"type":"Point","coordinates":[11.38244,47.19751]}},{"type":"Feature","properties":{"amenity":"drinking_water","osm":"node/849871378"},"geometry":{"type":"Point","coordinates":[11.35943,47.16447]}},{"type":"Feature","properties":{"amenity":"drinking_water","osm":"node/849871421"},"geometry":{"type":"Point","coordinates":[11.37934,47.20433]}},{"type":"Feature","properties":{"amenity":"drinking_water","osm":"node/850808180"},"geometry":{"type":"Point","coordinates":[11.43695,47.29555]}},{"type":"Feature","properties":{"amenity":"drinking_water","osm":"node/850808210"},"geometry":{"type":"Point","coordinates":[11.44112,47.29133]}},{"type":"Feature","properties":{"amenity":"drinking_water","wikidata":"Q37909126","osm":"node/854941364"},"geometry":{"type":"Point","coordinates":[11.41555,47.28941]}},{"type":"Feature","properties":{"amenity":"drinking_water","osm":"node/861682963"},"geometry":{"type":"Point","coordinates":[11.56498,47.2997]}},{"type":"Feature","properties":{"amenity":"drinking_water","osm":"node/861682987"},"geometry":{"type":"Point","coordinates":[11.57775,47.30268]}},{"type":"Feature","properties":{"amenity":"drinking_water","osm":"node/861683817"},"geometry":{"type":"Point","coordinates":[11.5638,47.30108]}},{"type":"Feature","properties":{"summit:cross":"yes","man_made":"cross","osm":"node/876250541"},"geometry":{"type":"Point","coordinates":[11.16947,47.13834]}},{"type":"Feature","properties":{"tourism":"viewpoint","osm":"node/876386029"},"geometry":{"type":"Point","coordinates":[11.28334,47.13034]}},{"type":"Feature","properties":{"amenity":"drinking_water","check_date":"2026-05-03","osm":"node/876468609"},"geometry":{"type":"Point","coordinates":[11.274,47.28357]}},{"type":"Feature","properties":{"tourism":"viewpoint","osm":"node/879407069"},"geometry":{"type":"Point","coordinates":[11.26115,47.28138]}},{"type":"Feature","properties":{"amenity":"drinking_water","osm":"node/893393708"},"geometry":{"type":"Point","coordinates":[11.44589,47.26918]}},{"type":"Feature","properties":{"amenity":"drinking_water","osm":"node/894523299"},"geometry":{"type":"Point","coordinates":[11.28379,47.22675]}},{"type":"Feature","properties":{"amenity":"drinking_water","osm":"node/896283057"},"geometry":{"type":"Point","coordinates":[11.40221,47.23488]}},{"type":"Feature","properties":{"amenity":"drinking_water","check_date":"2025-07-13","osm":"node/900512862"},"geometry":{"type":"Point","coordinates":[11.41286,47.28483]}},{"type":"Feature","properties":{"amenity":"drinking_water","osm":"node/907033088"},"geometry":{"type":"Point","coordinates":[11.40125,47.23573]}},{"type":"Feature","properties":{"amenity":"drinking_water","check_date":"2025-09-09","osm":"node/907033101"},"geometry":{"type":"Point","coordinates":[11.41337,47.20561]}},{"type":"Feature","properties":{"tourism":"viewpoint","osm":"node/923332793"},"geometry":{"type":"Point","coordinates":[11.24982,47.35497]}},{"type":"Feature","properties":{"amenity":"drinking_water","osm":"node/923991275"},"geometry":{"type":"Point","coordinates":[11.50549,47.28027]}},{"type":"Feature","properties":{"amenity":"drinking_water","osm":"node/923991280"},"geometry":{"type":"Point","coordinates":[11.60268,47.34331]}},{"type":"Feature","properties":{"amenity":"drinking_water","ele":"1211","description":"Abwasser vom Ochsenbründlbrunnen","natural":"spring","osm":"node/933866521"},"geometry":{"type":"Point","coordinates":[11.01354,47.32475]}},{"type":"Feature","properties":{"tourism":"viewpoint","osm":"node/973598931"},"geometry":{"type":"Point","coordinates":[10.9754,47.28617]}},{"type":"Feature","properties":{"tourism":"viewpoint","osm":"node/973598981"},"geometry":{"type":"Point","coordinates":[10.98049,47.28761]}},{"type":"Feature","properties":{"tourism":"viewpoint","osm":"node/973599094"},"geometry":{"type":"Point","coordinates":[10.9855,47.28738]}},{"type":"Feature","properties":{"tourism":"viewpoint","osm":"node/1075398977"},"geometry":{"type":"Point","coordinates":[11.12001,47.1527]}},{"type":"Feature","properties":{"waterway":"waterfall","osm":"node/1098539879"},"geometry":{"type":"Point","coordinates":[11.59431,47.15179]}},{"type":"Feature","properties":{"amenity":"drinking_water","check_date":"2025-10-30","osm":"node/1237563597"},"geometry":{"type":"Point","coordinates":[11.43094,47.2846]}},{"type":"Feature","properties":{"amenity":"drinking_water","check_date":"2026-02-26","osm":"node/1240272365"},"geometry":{"type":"Point","coordinates":[11.19211,47.33443]}},{"type":"Feature","properties":{"amenity":"drinking_water","osm":"node/1257740885"},"geometry":{"type":"Point","coordinates":[11.30308,47.19368]}},{"type":"Feature","properties":{"amenity":"drinking_water","check_date":"2022-01-10","osm":"node/1259637111"},"geometry":{"type":"Point","coordinates":[11.39801,47.25391]}},{"type":"Feature","properties":{"amenity":"drinking_water","osm":"node/1259637143"},"geometry":{"type":"Point","coordinates":[11.44204,47.21626]}},{"type":"Feature","properties":{"amenity":"drinking_water","osm":"node/1261399553"},"geometry":{"type":"Point","coordinates":[11.24136,47.24152]}},{"type":"Feature","properties":{"amenity":"drinking_water","osm":"node/1262448793"},"geometry":{"type":"Point","coordinates":[11.39725,47.27044]}},{"type":"Feature","properties":{"waterway":"waterfall","osm":"node/1271459290"},"geometry":{"type":"Point","coordinates":[11.00043,47.10547]}},{"type":"Feature","properties":{"amenity":"drinking_water","osm":"node/1285234036"},"geometry":{"type":"Point","coordinates":[11.25858,47.22807]}},{"type":"Feature","properties":{"amenity":"drinking_water","osm":"node/1286912375"},"geometry":{"type":"Point","coordinates":[11.43527,47.22991]}},{"type":"Feature","properties":{"amenity":"drinking_water","osm":"node/1291649413"},"geometry":{"type":"Point","coordinates":[11.53205,47.28982]}},{"type":"Feature","properties":{"amenity":"drinking_water","osm":"node/1291649414"},"geometry":{"type":"Point","coordinates":[11.53349,47.29045]}},{"type":"Feature","properties":{"amenity":"drinking_water","check_date":"2023-08-05","osm":"node/1291649415"},"geometry":{"type":"Point","coordinates":[11.52878,47.28673]}},{"type":"Feature","properties":{"amenity":"drinking_water","check_date":"2024-04-22","osm":"node/1291649426"},"geometry":{"type":"Point","coordinates":[11.5323,47.2892]}},{"type":"Feature","properties":{"tourism":"viewpoint","osm":"node/1326599587"},"geometry":{"type":"Point","coordinates":[11.39831,47.19849]}},{"type":"Feature","properties":{"waterway":"waterfall","osm":"node/1340013081"},"geometry":{"type":"Point","coordinates":[11.53118,47.35521]}},{"type":"Feature","properties":{"amenity":"drinking_water","osm":"node/1340474540"},"geometry":{"type":"Point","coordinates":[11.31398,47.32499]}},{"type":"Feature","properties":{"amenity":"drinking_water","osm":"node/1354052471"},"geometry":{"type":"Point","coordinates":[11.3477,47.19234]}},{"type":"Feature","properties":{"amenity":"drinking_water","osm":"node/1354052472"},"geometry":{"type":"Point","coordinates":[11.30296,47.21201]}},{"type":"Feature","properties":{"tourism":"viewpoint","osm":"node/1354566943"},"geometry":{"type":"Point","coordinates":[11.1951,47.22207]}},{"type":"Feature","properties":{"amenity":"drinking_water","osm":"node/1354645732"},"geometry":{"type":"Point","coordinates":[11.39748,47.27562]}},{"type":"Feature","properties":{"amenity":"drinking_water","osm":"node/1357055502"},"geometry":{"type":"Point","coordinates":[11.30803,47.20366]}},{"type":"Feature","properties":{"amenity":"drinking_water","check_date":"2025-04-28","man_made":"water_tap","osm":"node/1361014428"},"geometry":{"type":"Point","coordinates":[11.38284,47.26448]}},{"type":"Feature","properties":{"amenity":"shelter","shelter_type":"weather_shelter","osm":"node/1361275848"},"geometry":{"type":"Point","coordinates":[11.55177,47.35368]}},{"type":"Feature","properties":{"amenity":"drinking_water","osm":"node/1361275850"},"geometry":{"type":"Point","coordinates":[11.55167,47.3537]}},{"type":"Feature","properties":{"amenity":"drinking_water","check_date":"2026-04-20","osm":"node/1374274737"},"geometry":{"type":"Point","coordinates":[11.39543,47.24973]}},{"type":"Feature","properties":{"tourism":"viewpoint","osm":"node/1375171270"},"geometry":{"type":"Point","coordinates":[11.40138,47.25135]}},{"type":"Feature","properties":{"amenity":"drinking_water","check_date":"2023-07-30","natural":"spring","osm":"node/1379160900"},"geometry":{"type":"Point","coordinates":[11.56524,47.32166]}},{"type":"Feature","properties":{"waterway":"waterfall","osm":"node/1380521522"},"geometry":{"type":"Point","coordinates":[11.47021,47.30113]}},{"type":"Feature","properties":{"amenity":"drinking_water","osm":"node/1382096638"},"geometry":{"type":"Point","coordinates":[11.57651,47.33216]}},{"type":"Feature","properties":{"amenity":"drinking_water","osm":"node/1382096639"},"geometry":{"type":"Point","coordinates":[11.56444,47.33362]}},{"type":"Feature","properties":{"amenity":"drinking_water","osm":"node/1382264291"},"geometry":{"type":"Point","coordinates":[11.55706,47.32102]}},{"type":"Feature","properties":{"tourism":"viewpoint","osm":"node/1385850612"},"geometry":{"type":"Point","coordinates":[11.24848,47.20026]}},{"type":"Feature","properties":{"amenity":"drinking_water","osm":"node/1388521312"},"geometry":{"type":"Point","coordinates":[11.33326,47.27331]}},{"type":"Feature","properties":{"amenity":"drinking_water","check_date":"2024-11-30","osm":"node/1395207858"},"geometry":{"type":"Point","coordinates":[11.38291,47.27163]}},{"type":"Feature","properties":{"amenity":"drinking_water","osm":"node/1398277698"},"geometry":{"type":"Point","coordinates":[11.5952,47.28719]}},{"type":"Feature","properties":{"amenity":"drinking_water","check_date":"2023-04-12","osm":"node/1400371696"},"geometry":{"type":"Point","coordinates":[11.37243,47.23302]}},{"type":"Feature","properties":{"amenity":"drinking_water","osm":"node/1403011210"},"geometry":{"type":"Point","coordinates":[10.98145,47.31685]}},{"type":"Feature","properties":{"amenity":"drinking_water","osm":"node/1403011327"},"geometry":{"type":"Point","coordinates":[10.97427,47.3251]}},{"type":"Feature","properties":{"amenity":"drinking_water","check_date":"2025-07-17","osm":"node/1419856930"},"geometry":{"type":"Point","coordinates":[11.20497,47.28192]}},{"type":"Feature","properties":{"amenity":"drinking_water","check_date":"2022-11-15","osm":"node/1429430323"},"geometry":{"type":"Point","coordinates":[11.4303,47.21669]}},{"type":"Feature","properties":{"waterway":"waterfall","osm":"node/1435182814"},"geometry":{"type":"Point","coordinates":[11.53686,47.32369]}},{"type":"Feature","properties":{"amenity":"drinking_water","website":"https://www.tirol.gv.at/gesundheit-vorsorge/oeffentliche-gesundheit/hitze-und-gesundheit/trinkwassermapping-tirol/birgitz-dicktns-brunnen/","wikimedia_commons":"File:Birgitz Brunnen vor Dorfstraße 22.jpg","osm":"node/1440505331"},"geometry":{"type":"Point","coordinates":[11.30101,47.23605]}},{"type":"Feature","properties":{"amenity":"drinking_water","check_date":"2025-07-01","osm":"node/1459656314"},"geometry":{"type":"Point","coordinates":[11.4558,47.21786]}},{"type":"Feature","properties":{"amenity":"drinking_water","check_date":"2026-04-11","osm":"node/1460925392"},"geometry":{"type":"Point","coordinates":[11.17135,47.28983]}},{"type":"Feature","properties":{"tourism":"viewpoint","ele":"2080","osm":"node/1501943849"},"geometry":{"type":"Point","coordinates":[11.23959,47.34028]}},{"type":"Feature","properties":{"waterway":"waterfall","osm":"node/1506211779"},"geometry":{"type":"Point","coordinates":[11.2776,47.08924]}},{"type":"Feature","properties":{"amenity":"drinking_water","osm":"node/1509481285"},"geometry":{"type":"Point","coordinates":[11.30603,47.28745]}},{"type":"Feature","properties":{"tourism":"viewpoint","osm":"node/1535161410"},"geometry":{"type":"Point","coordinates":[11.58191,47.28785]}},{"type":"Feature","properties":{"amenity":"drinking_water","osm":"node/1537851611"},"geometry":{"type":"Point","coordinates":[11.27232,47.25423]}},{"type":"Feature","properties":{"waterway":"waterfall","osm":"node/1575857036"},"geometry":{"type":"Point","coordinates":[11.46825,47.30198]}},{"type":"Feature","properties":{"waterway":"waterfall","osm":"node/1575857247"},"geometry":{"type":"Point","coordinates":[11.4704,47.30982]}},{"type":"Feature","properties":{"waterway":"waterfall","osm":"node/1575857285"},"geometry":{"type":"Point","coordinates":[11.47198,47.31188]}},{"type":"Feature","properties":{"amenity":"drinking_water","osm":"node/1590386176"},"geometry":{"type":"Point","coordinates":[11.05642,47.30738]}},{"type":"Feature","properties":{"amenity":"drinking_water","osm":"node/1590399089"},"geometry":{"type":"Point","coordinates":[11.0476,47.3105]}},{"type":"Feature","properties":{"amenity":"drinking_water","wikidata":"Q37762746","osm":"node/1590907623"},"geometry":{"type":"Point","coordinates":[11.00897,47.31812]}},{"type":"Feature","properties":{"amenity":"drinking_water","osm":"node/1590907625"},"geometry":{"type":"Point","coordinates":[11.00818,47.3184]}},{"type":"Feature","properties":{"amenity":"drinking_water","osm":"node/1599005654"},"geometry":{"type":"Point","coordinates":[11.46036,47.14221]}},{"type":"Feature","properties":{"amenity":"drinking_water","check_date":"2025-09-09","osm":"node/1599013255"},"geometry":{"type":"Point","coordinates":[11.4383,47.17776]}},{"type":"Feature","properties":{"amenity":"drinking_water","osm":"node/1599017787"},"geometry":{"type":"Point","coordinates":[11.43723,47.18583]}},{"type":"Feature","properties":{"amenity":"drinking_water","osm":"node/1599028822"},"geometry":{"type":"Point","coordinates":[11.42475,47.19688]}},{"type":"Feature","properties":{"tourism":"viewpoint","ele":"1215.656","direction":"292-67","osm":"node/1641317669"},"geometry":{"type":"Point","coordinates":[11.3683,47.15011]}},{"type":"Feature","properties":{"amenity":"drinking_water","check_date":"2025-08-25","osm":"node/1641346484"},"geometry":{"type":"Point","coordinates":[11.44077,47.20848]}},{"type":"Feature","properties":{"tourism":"viewpoint","ele":"1986","osm":"node/1641346553"},"geometry":{"type":"Point","coordinates":[11.45273,47.21185]}},{"type":"Feature","properties":{"amenity":"drinking_water","ele":"1533","osm":"node/1641620156"},"geometry":{"type":"Point","coordinates":[11.46271,47.19893]}},{"type":"Feature","properties":{"amenity":"drinking_water","ele":"1397","osm":"node/1641620718"},"geometry":{"type":"Point","coordinates":[11.46801,47.1695]}},{"type":"Feature","properties":{"amenity":"drinking_water","osm":"node/1641983618"},"geometry":{"type":"Point","coordinates":[11.57972,47.08386]}},{"type":"Feature","properties":{"tourism":"viewpoint","ele":"1585.254","osm":"node/1643424423"},"geometry":{"type":"Point","coordinates":[11.58234,47.2506]}},{"type":"Feature","properties":{"ele":"2398","description":"Gipfelkreuz Bentlstein/Schützenkreuz von Schützenkompanie Steinach am Brenner 1987 aufgestellt.","summit:cross":"yes","natural":"peak","osm":"node/1645109114"},"geometry":{"type":"Point","coordinates":[11.52035,47.1018]}},{"type":"Feature","properties":{"tourism":"viewpoint","ele":"1214","osm":"node/1645593785"},"geometry":{"type":"Point","coordinates":[11.44339,47.09115]}},{"type":"Feature","properties":{"amenity":"drinking_water","ele":"1185","osm":"node/1645593879"},"geometry":{"type":"Point","coordinates":[11.4406,47.09039]}},{"type":"Feature","properties":{"tourism":"viewpoint","ele":"2011.043","osm":"node/1645838197"},"geometry":{"type":"Point","coordinates":[11.37451,47.0825]}},{"type":"Feature","properties":{"amenity":"drinking_water","ele":"1781.923","osm":"node/1648730552"},"geometry":{"type":"Point","coordinates":[11.42164,47.09629]}},{"type":"Feature","properties":{"tourism":"viewpoint","ele":"1700.235","osm":"node/1650237692"},"geometry":{"type":"Point","coordinates":[11.42017,47.0944]}},{"type":"Feature","properties":{"tourism":"viewpoint","ele":"1404.554","osm":"node/1650397605"},"geometry":{"type":"Point","coordinates":[11.4319,47.11676]}},{"type":"Feature","properties":{"tourism":"viewpoint","osm":"node/1650631253"},"geometry":{"type":"Point","coordinates":[11.57249,47.13993]}},{"type":"Feature","properties":{"tourism":"viewpoint","osm":"node/1650631268"},"geometry":{"type":"Point","coordinates":[11.57373,47.14519]}},{"type":"Feature","properties":{"amenity":"drinking_water","ele":"1568","osm":"node/1651017008"},"geometry":{"type":"Point","coordinates":[11.50013,47.13025]}},{"type":"Feature","properties":{"amenity":"drinking_water","ele":"1709","osm":"node/1651476797"},"geometry":{"type":"Point","coordinates":[11.53073,47.13837]}},{"type":"Feature","properties":{"amenity":"drinking_water","osm":"node/1651476822"},"geometry":{"type":"Point","coordinates":[11.51069,47.14208]}},{"type":"Feature","properties":{"amenity":"drinking_water","description":"Hier gibt es sogar gekühlte Getränke zur Entnahme und eine entsprechende Kassa.","osm":"node/1651477960"},"geometry":{"type":"Point","coordinates":[11.5021,47.15132]}},{"type":"Feature","properties":{"ele":"1327","waterway":"waterfall","osm":"node/1651503016"},"geometry":{"type":"Point","coordinates":[11.47544,47.16917]}},{"type":"Feature","properties":{"waterway":"waterfall","osm":"node/1651503036"},"geometry":{"type":"Point","coordinates":[11.47821,47.16973]}},{"type":"Feature","properties":{"tourism":"viewpoint","amenity":"bench","ele":"1001.260","osm":"node/1651605934"},"geometry":{"type":"Point","coordinates":[11.45685,47.1366]}},{"type":"Feature","properties":{"amenity":"drinking_water","osm":"node/1651605983"},"geometry":{"type":"Point","coordinates":[11.45877,47.13472]}},{"type":"Feature","properties":{"amenity":"drinking_water","ele":"1185","osm":"node/1652695587"},"geometry":{"type":"Point","coordinates":[11.45291,47.10463]}},{"type":"Feature","properties":{"tourism":"viewpoint","ele":"1224.09","osm":"node/1652695588"},"geometry":{"type":"Point","coordinates":[11.45037,47.10771]}},{"type":"Feature","properties":{"tourism":"viewpoint","ele":"1420","osm":"node/1652695589"},"geometry":{"type":"Point","coordinates":[11.44423,47.10677]}},{"type":"Feature","properties":{"tourism":"viewpoint","ele":"1359","osm":"node/1652695590"},"geometry":{"type":"Point","coordinates":[11.44614,47.10929]}},{"type":"Feature","properties":{"tourism":"viewpoint","ele":"1359.485","osm":"node/1652799664"},"geometry":{"type":"Point","coordinates":[11.42454,47.12821]}},{"type":"Feature","properties":{"amenity":"drinking_water","ele":"1754.468750","osm":"node/1653271703"},"geometry":{"type":"Point","coordinates":[11.51377,47.13606]}},{"type":"Feature","properties":{"amenity":"drinking_water","ele":"1713","osm":"node/1653271718"},"geometry":{"type":"Point","coordinates":[11.51557,47.13446]}},{"type":"Feature","properties":{"amenity":"drinking_water","ele":"1425","osm":"node/1654252930"},"geometry":{"type":"Point","coordinates":[11.4782,47.16708]}},{"type":"Feature","properties":{"amenity":"drinking_water","ele":"1795","natural":"spring","osm":"node/1654253216"},"geometry":{"type":"Point","coordinates":[11.49331,47.17329]}},{"type":"Feature","properties":{"tourism":"viewpoint","ele":"1936","osm":"node/1654253235"},"geometry":{"type":"Point","coordinates":[11.50298,47.176]}},{"type":"Feature","properties":{"amenity":"drinking_water","osm":"node/1661051313"},"geometry":{"type":"Point","coordinates":[11.44109,47.12473]}},{"type":"Feature","properties":{"amenity":"drinking_water","check_date":"2023-08-21","osm":"node/1665715513"},"geometry":{"type":"Point","coordinates":[11.32031,47.2103]}},{"type":"Feature","properties":{"tourism":"viewpoint","osm":"node/1671829417"},"geometry":{"type":"Point","coordinates":[11.46115,47.12872]}},{"type":"Feature","properties":{"amenity":"drinking_water","osm":"node/1673179199"},"geometry":{"type":"Point","coordinates":[11.34257,47.33746]}},{"type":"Feature","properties":{"tourism":"viewpoint","osm":"node/1678187651"},"geometry":{"type":"Point","coordinates":[11.00638,47.29881]}},{"type":"Feature","properties":{"amenity":"drinking_water","osm":"node/1678187654"},"geometry":{"type":"Point","coordinates":[11.01005,47.30182]}},{"type":"Feature","properties":{"waterway":"waterfall","osm":"node/1726281141"},"geometry":{"type":"Point","coordinates":[11.13942,47.10638]}},{"type":"Feature","properties":{"waterway":"waterfall","osm":"node/1726281165"},"geometry":{"type":"Point","coordinates":[11.13855,47.10658]}},{"type":"Feature","properties":{"amenity":"drinking_water","check_date":"2022-08-13","osm":"node/1748720236"},"geometry":{"type":"Point","coordinates":[11.41209,47.28316]}},{"type":"Feature","properties":{"amenity":"drinking_water","osm":"node/1758795267"},"geometry":{"type":"Point","coordinates":[11.21745,47.21589]}},{"type":"Feature","properties":{"amenity":"drinking_water","osm":"node/1760064599"},"geometry":{"type":"Point","coordinates":[11.32816,47.26475]}},{"type":"Feature","properties":{"tourism":"viewpoint","description":"Blick vom Bootshaus auf den Flughafen","osm":"node/1760622529"},"geometry":{"type":"Point","coordinates":[11.33166,47.25726]}},{"type":"Feature","properties":{"amenity":"drinking_water","check_date":"2022-07-22","osm":"node/1764156017"},"geometry":{"type":"Point","coordinates":[11.59267,47.29323]}},{"type":"Feature","properties":{"amenity":"drinking_water","check_date":"2024-05-14","osm":"node/1764159121"},"geometry":{"type":"Point","coordinates":[11.59192,47.28818]}},{"type":"Feature","properties":{"amenity":"drinking_water","osm":"node/1765659881"},"geometry":{"type":"Point","coordinates":[11.19455,47.23926]}},{"type":"Feature","properties":{"amenity":"drinking_water","osm":"node/1774501519"},"geometry":{"type":"Point","coordinates":[11.29659,47.20702]}},{"type":"Feature","properties":{"amenity":"drinking_water","osm":"node/1776959559"},"geometry":{"type":"Point","coordinates":[11.54028,47.32646]}},{"type":"Feature","properties":{"amenity":"drinking_water","osm":"node/1777867429"},"geometry":{"type":"Point","coordinates":[11.59332,47.22163]}},{"type":"Feature","properties":{"amenity":"drinking_water","osm":"node/1779313529"},"geometry":{"type":"Point","coordinates":[11.61162,47.19989]}},{"type":"Feature","properties":{"amenity":"shelter","osm":"node/1779315095"},"geometry":{"type":"Point","coordinates":[11.61471,47.1718]}},{"type":"Feature","properties":{"amenity":"drinking_water","osm":"node/1779316010"},"geometry":{"type":"Point","coordinates":[11.60378,47.17714]}},{"type":"Feature","properties":{"amenity":"drinking_water","osm":"node/1779758450"},"geometry":{"type":"Point","coordinates":[11.61548,47.22521]}},{"type":"Feature","properties":{"amenity":"drinking_water","osm":"node/1779758858"},"geometry":{"type":"Point","coordinates":[11.61487,47.22413]}},{"type":"Feature","properties":{"amenity":"drinking_water","osm":"node/1795305181"},"geometry":{"type":"Point","coordinates":[11.51097,47.25324]}},{"type":"Feature","properties":{"amenity":"shelter","ele":"2290","description":"Alpine Notfallhütte; klein, liegend: 2 Personen; sitzend 6 Personen; sehr verwahrlost","shelter_type":"basic_hut","osm":"node/1800994818"},"geometry":{"type":"Point","coordinates":[11.40603,47.31791]}},{"type":"Feature","properties":{"amenity":"drinking_water","check_date":"2023-09-12","man_made":"water_tap","osm":"node/1801839207"},"geometry":{"type":"Point","coordinates":[11.33008,47.25249]}},{"type":"Feature","properties":{"amenity":"drinking_water","check_date":"2023-09-12","man_made":"water_tap","osm":"node/1801839208"},"geometry":{"type":"Point","coordinates":[11.32954,47.25249]}},{"type":"Feature","properties":{"amenity":"drinking_water","man_made":"water_tap","osm":"node/1801839209"},"geometry":{"type":"Point","coordinates":[11.32872,47.25267]}},{"type":"Feature","properties":{"amenity":"drinking_water","check_date":"2023-10-14","man_made":"water_tap","osm":"node/1801839210"},"geometry":{"type":"Point","coordinates":[11.32974,47.25231]}},{"type":"Feature","properties":{"waterway":"waterfall","osm":"node/1802075663"},"geometry":{"type":"Point","coordinates":[11.61286,47.25218]}},{"type":"Feature","properties":{"amenity":"drinking_water","check_date":"2023-12-06","man_made":"water_tap","osm":"node/1829124014"},"geometry":{"type":"Point","coordinates":[11.28113,47.23149]}},{"type":"Feature","properties":{"amenity":"drinking_water","osm":"node/1843133838"},"geometry":{"type":"Point","coordinates":[10.96794,47.12841]}},{"type":"Feature","properties":{"amenity":"drinking_water","osm":"node/1850021977"},"geometry":{"type":"Point","coordinates":[11.28103,47.22956]}},{"type":"Feature","properties":{"amenity":"drinking_water","check_date":"2024-03-18","osm":"node/1854299660"},"geometry":{"type":"Point","coordinates":[11.42046,47.26475]}},{"type":"Feature","properties":{"amenity":"drinking_water","man_made":"water_tap","osm":"node/1854356315"},"geometry":{"type":"Point","coordinates":[11.32758,47.26473]}},{"type":"Feature","properties":{"amenity":"drinking_water","osm":"node/1856210235"},"geometry":{"type":"Point","coordinates":[11.28674,47.24215]}},{"type":"Feature","properties":{"tourism":"viewpoint","osm":"node/1856443741"},"geometry":{"type":"Point","coordinates":[11.40021,47.28601]}},{"type":"Feature","properties":{"tourism":"viewpoint","osm":"node/1867519355"},"geometry":{"type":"Point","coordinates":[11.30658,47.21629]}},{"type":"Feature","properties":{"amenity":"drinking_water","osm":"node/1867519397"},"geometry":{"type":"Point","coordinates":[11.29134,47.21797]}},{"type":"Feature","properties":{"amenity":"drinking_water","osm":"node/1867519469"},"geometry":{"type":"Point","coordinates":[11.3045,47.22328]}},{"type":"Feature","properties":{"amenity":"drinking_water","wikidata":"Q37768737","osm":"node/1888501753"},"geometry":{"type":"Point","coordinates":[11.18715,47.32856]}},{"type":"Feature","properties":{"amenity":"drinking_water","check_date":"2025-05-18","drinking_water":"yes","osm":"node/1890238202"},"geometry":{"type":"Point","coordinates":[11.39325,47.26856]}},{"type":"Feature","properties":{"waterway":"waterfall","osm":"node/1902098270"},"geometry":{"type":"Point","coordinates":[11.43886,47.25703]}},{"type":"Feature","properties":{"amenity":"drinking_water","osm":"node/1923885608"},"geometry":{"type":"Point","coordinates":[11.27245,47.28703]}},{"type":"Feature","properties":{"amenity":"drinking_water","osm":"node/1926008997"},"geometry":{"type":"Point","coordinates":[11.28546,47.11303]}},{"type":"Feature","properties":{"amenity":"drinking_water","osm":"node/1933889014"},"geometry":{"type":"Point","coordinates":[11.19826,47.28784]}},{"type":"Feature","properties":{"amenity":"drinking_water","osm":"node/1951100434"},"geometry":{"type":"Point","coordinates":[11.12329,47.35693]}},{"type":"Feature","properties":{"amenity":"drinking_water","check_date":"2025-08-30","osm":"node/1996193212"},"geometry":{"type":"Point","coordinates":[11.41511,47.28314]}},{"type":"Feature","properties":{"amenity":"drinking_water","drinking_water":"yes","man_made":"water_tap","osm":"node/1997929806"},"geometry":{"type":"Point","coordinates":[11.40605,47.2809]}},{"type":"Feature","properties":{"amenity":"drinking_water","osm":"node/2018468729"},"geometry":{"type":"Point","coordinates":[11.53052,47.32539]}},{"type":"Feature","properties":{"amenity":"drinking_water","check_date":"2025-06-18","osm":"node/2034559601"},"geometry":{"type":"Point","coordinates":[11.40727,47.2786]}},{"type":"Feature","properties":{"waterway":"waterfall","osm":"node/2073773437"},"geometry":{"type":"Point","coordinates":[10.95827,47.26084]}},{"type":"Feature","properties":{"amenity":"drinking_water","man_made":"water_tap","osm":"node/2137167549"},"geometry":{"type":"Point","coordinates":[11.39606,47.26307]}},{"type":"Feature","properties":{"waterway":"waterfall","osm":"node/2142258523"},"geometry":{"type":"Point","coordinates":[11.0597,47.08437]}},{"type":"Feature","properties":{"waterway":"waterfall","osm":"node/2142258698"},"geometry":{"type":"Point","coordinates":[11.07004,47.08527]}},{"type":"Feature","properties":{"waterway":"waterfall","osm":"node/2154019399"},"geometry":{"type":"Point","coordinates":[11.13482,47.30588]}},{"type":"Feature","properties":{"waterway":"waterfall","osm":"node/2154019529"},"geometry":{"type":"Point","coordinates":[11.11788,47.31125]}},{"type":"Feature","properties":{"waterway":"waterfall","osm":"node/2173129550"},"geometry":{"type":"Point","coordinates":[11.26179,47.24213]}},{"type":"Feature","properties":{"waterway":"waterfall","osm":"node/2175171038"},"geometry":{"type":"Point","coordinates":[11.57907,47.14954]}},{"type":"Feature","properties":{"waterway":"waterfall","osm":"node/2176851023"},"geometry":{"type":"Point","coordinates":[11.51593,47.17717]}},{"type":"Feature","properties":{"waterway":"waterfall","osm":"node/2177129829"},"geometry":{"type":"Point","coordinates":[11.42396,47.17748]}},{"type":"Feature","properties":{"waterway":"waterfall","osm":"node/2178243869"},"geometry":{"type":"Point","coordinates":[11.27315,47.08337]}},{"type":"Feature","properties":{"waterway":"waterfall","osm":"node/2178243871"},"geometry":{"type":"Point","coordinates":[11.27337,47.08351]}},{"type":"Feature","properties":{"waterway":"waterfall","osm":"node/2178243875"},"geometry":{"type":"Point","coordinates":[11.2755,47.08449]}},{"type":"Feature","properties":{"waterway":"waterfall","osm":"node/2178243878"},"geometry":{"type":"Point","coordinates":[11.27577,47.08482]}},{"type":"Feature","properties":{"waterway":"waterfall","osm":"node/2178243885"},"geometry":{"type":"Point","coordinates":[11.27556,47.08574]}},{"type":"Feature","properties":{"waterway":"waterfall","osm":"node/2178243892"},"geometry":{"type":"Point","coordinates":[11.27554,47.0863]}},{"type":"Feature","properties":{"waterway":"waterfall","osm":"node/2178243895"},"geometry":{"type":"Point","coordinates":[11.2756,47.08649]}},{"type":"Feature","properties":{"waterway":"waterfall","osm":"node/2178243911"},"geometry":{"type":"Point","coordinates":[11.2774,47.08828]}},{"type":"Feature","properties":{"waterway":"waterfall","osm":"node/2178243966"},"geometry":{"type":"Point","coordinates":[11.27783,47.08946]}},{"type":"Feature","properties":{"waterway":"waterfall","osm":"node/2178243977"},"geometry":{"type":"Point","coordinates":[11.27981,47.09147]}},{"type":"Feature","properties":{"waterway":"waterfall","osm":"node/2197699471"},"geometry":{"type":"Point","coordinates":[11.38871,47.23731]}},{"type":"Feature","properties":{"waterway":"waterfall","osm":"node/2197802873"},"geometry":{"type":"Point","coordinates":[11.4358,47.25628]}},{"type":"Feature","properties":{"waterway":"waterfall","osm":"node/2199282389"},"geometry":{"type":"Point","coordinates":[11.28336,47.29136]}},{"type":"Feature","properties":{"waterway":"waterfall","osm":"node/2201419600"},"geometry":{"type":"Point","coordinates":[11.23901,47.27961]}},{"type":"Feature","properties":{"waterway":"waterfall","osm":"node/2201419649"},"geometry":{"type":"Point","coordinates":[11.23945,47.28092]}},{"type":"Feature","properties":{"waterway":"waterfall","osm":"node/2201419816"},"geometry":{"type":"Point","coordinates":[11.23716,47.28429]}},{"type":"Feature","properties":{"waterway":"waterfall","osm":"node/2201419844"},"geometry":{"type":"Point","coordinates":[11.37166,47.28541]}},{"type":"Feature","properties":{"waterway":"waterfall","osm":"node/2201419917"},"geometry":{"type":"Point","coordinates":[11.37136,47.28666]}},{"type":"Feature","properties":{"waterway":"waterfall","osm":"node/2224558544"},"geometry":{"type":"Point","coordinates":[11.58382,47.34805]}},{"type":"Feature","properties":{"waterway":"waterfall","osm":"node/2225478582"},"geometry":{"type":"Point","coordinates":[11.5305,47.32259]}},{"type":"Feature","properties":{"waterway":"waterfall","osm":"node/2225478704"},"geometry":{"type":"Point","coordinates":[11.5299,47.32375]}},{"type":"Feature","properties":{"waterway":"waterfall","osm":"node/2225478770"},"geometry":{"type":"Point","coordinates":[11.52982,47.32464]}},{"type":"Feature","properties":{"waterway":"waterfall","osm":"node/2225478797"},"geometry":{"type":"Point","coordinates":[11.52932,47.32503]}},{"type":"Feature","properties":{"waterway":"waterfall","osm":"node/2225478887"},"geometry":{"type":"Point","coordinates":[11.53026,47.32733]}},{"type":"Feature","properties":{"waterway":"waterfall","osm":"node/2225478910"},"geometry":{"type":"Point","coordinates":[11.53036,47.32804]}},{"type":"Feature","properties":{"waterway":"waterfall","osm":"node/2225478957"},"geometry":{"type":"Point","coordinates":[11.53068,47.32919]}},{"type":"Feature","properties":{"waterway":"waterfall","osm":"node/2228219590"},"geometry":{"type":"Point","coordinates":[11.47,47.30077]}},{"type":"Feature","properties":{"waterway":"waterfall","osm":"node/2246653810"},"geometry":{"type":"Point","coordinates":[11.45741,47.24726]}},{"type":"Feature","properties":{"waterway":"waterfall","osm":"node/2246654240"},"geometry":{"type":"Point","coordinates":[11.46093,47.26001]}},{"type":"Feature","properties":{"amenity":"drinking_water","osm":"node/2327499739"},"geometry":{"type":"Point","coordinates":[11.21824,47.23747]}},{"type":"Feature","properties":{"amenity":"drinking_water","osm":"node/2327501040"},"geometry":{"type":"Point","coordinates":[11.19457,47.25315]}},{"type":"Feature","properties":{"amenity":"drinking_water","osm":"node/2354222745"},"geometry":{"type":"Point","coordinates":[11.41123,47.22871]}},{"type":"Feature","properties":{"amenity":"drinking_water","osm":"node/2354284280"},"geometry":{"type":"Point","coordinates":[11.44605,47.23751]}},{"type":"Feature","properties":{"amenity":"drinking_water","check_date":"2023-08-08","osm":"node/2354308243"},"geometry":{"type":"Point","coordinates":[11.50744,47.27965]}},{"type":"Feature","properties":{"tourism":"viewpoint","osm":"node/2355262243"},"geometry":{"type":"Point","coordinates":[11.01535,47.29653]}},{"type":"Feature","properties":{"amenity":"drinking_water","osm":"node/2355262246"},"geometry":{"type":"Point","coordinates":[10.98555,47.30162]}},{"type":"Feature","properties":{"tourism":"viewpoint","osm":"node/2355262666"},"geometry":{"type":"Point","coordinates":[10.96926,47.33637]}},{"type":"Feature","properties":{"tourism":"viewpoint","description":"Fernglas","osm":"node/2359061299"},"geometry":{"type":"Point","coordinates":[11.37936,47.30617]}},{"type":"Feature","properties":{"amenity":"drinking_water","osm":"node/2375969445"},"geometry":{"type":"Point","coordinates":[11.04291,47.33708]}},{"type":"Feature","properties":{"amenity":"drinking_water","osm":"node/2377383824"},"geometry":{"type":"Point","coordinates":[11.29741,47.24046]}},{"type":"Feature","properties":{"amenity":"drinking_water","osm":"node/2382993476"},"geometry":{"type":"Point","coordinates":[11.54845,47.24875]}},{"type":"Feature","properties":{"amenity":"drinking_water","osm":"node/2383577871"},"geometry":{"type":"Point","coordinates":[11.19023,47.24061]}},{"type":"Feature","properties":{"amenity":"drinking_water","osm":"node/2384425857"},"geometry":{"type":"Point","coordinates":[11.51121,47.14231]}},{"type":"Feature","properties":{"amenity":"drinking_water","osm":"node/2386509525"},"geometry":{"type":"Point","coordinates":[11.21503,47.21414]}},{"type":"Feature","properties":{"amenity":"drinking_water","osm":"node/2389924483"},"geometry":{"type":"Point","coordinates":[11.38956,47.26628]}},{"type":"Feature","properties":{"tourism":"viewpoint","osm":"node/2392138058"},"geometry":{"type":"Point","coordinates":[11.10548,47.13181]}},{"type":"Feature","properties":{"amenity":"drinking_water","osm":"node/2428275922"},"geometry":{"type":"Point","coordinates":[11.35535,47.26485]}},{"type":"Feature","properties":{"amenity":"drinking_water","check_date":"2026-07-02","osm":"node/2449725926"},"geometry":{"type":"Point","coordinates":[10.9854,47.30637]}},{"type":"Feature","properties":{"amenity":"drinking_water","osm":"node/2454398094"},"geometry":{"type":"Point","coordinates":[11.27832,47.28564]}},{"type":"Feature","properties":{"amenity":"drinking_water","osm":"node/2460692006"},"geometry":{"type":"Point","coordinates":[11.61539,47.22374]}},{"type":"Feature","properties":{"tourism":"viewpoint","amenity":"bench","osm":"node/2469078945"},"geometry":{"type":"Point","coordinates":[11.12297,47.16076]}},{"type":"Feature","properties":{"amenity":"drinking_water","osm":"node/2510931662"},"geometry":{"type":"Point","coordinates":[11.27541,47.2457]}},{"type":"Feature","properties":{"amenity":"drinking_water","osm":"node/2520866766"},"geometry":{"type":"Point","coordinates":[11.60366,47.32292]}},{"type":"Feature","properties":{"amenity":"drinking_water","check_date":"2022-10-07","osm":"node/2584415054"},"geometry":{"type":"Point","coordinates":[11.61158,47.2642]}},{"type":"Feature","properties":{"amenity":"drinking_water","drinking_water":"no","osm":"node/2645520170"},"geometry":{"type":"Point","coordinates":[11.30587,47.10977]}},{"type":"Feature","properties":{"tourism":"viewpoint","osm":"node/2909162828"},"geometry":{"type":"Point","coordinates":[11.3293,47.17052]}},{"type":"Feature","properties":{"amenity":"drinking_water","check_date":"2025-06-29","osm":"node/2965033007"},"geometry":{"type":"Point","coordinates":[11.39996,47.25328]}},{"type":"Feature","properties":{"amenity":"drinking_water","opening_hours":"24/7","osm":"node/2965052797"},"geometry":{"type":"Point","coordinates":[11.39688,47.25937]}},{"type":"Feature","properties":{"amenity":"drinking_water","osm":"node/2969261662"},"geometry":{"type":"Point","coordinates":[11.43255,47.23853]}},{"type":"Feature","properties":{"amenity":"drinking_water","osm":"node/2971551119"},"geometry":{"type":"Point","coordinates":[11.35241,47.22694]}},{"type":"Feature","properties":{"amenity":"drinking_water","osm":"node/2971551120"},"geometry":{"type":"Point","coordinates":[11.28148,47.22892]}},{"type":"Feature","properties":{"amenity":"drinking_water","osm":"node/2973539775"},"geometry":{"type":"Point","coordinates":[11.40994,47.23152]}},{"type":"Feature","properties":{"amenity":"shelter","check_date":"2026-02-28","osm":"node/2985082760"},"geometry":{"type":"Point","coordinates":[11.09592,47.30192]}},{"type":"Feature","properties":{"amenity":"shelter","check_date":"2026-02-28","osm":"node/2985082778"},"geometry":{"type":"Point","coordinates":[11.09606,47.30204]}},{"type":"Feature","properties":{"amenity":"drinking_water","check_date":"2023-07-30","natural":"spring","osm":"node/2992338953"},"geometry":{"type":"Point","coordinates":[11.58134,47.323]}},{"type":"Feature","properties":{"amenity":"drinking_water","osm":"node/3007010253"},"geometry":{"type":"Point","coordinates":[10.95543,47.28156]}},{"type":"Feature","properties":{"tourism":"viewpoint","osm":"node/3009196679"},"geometry":{"type":"Point","coordinates":[11.15808,47.3595]}},{"type":"Feature","properties":{"tourism":"viewpoint","osm":"node/3033125489"},"geometry":{"type":"Point","coordinates":[11.15694,47.32871]}},{"type":"Feature","properties":{"amenity":"drinking_water","access":"yes","osm":"node/3058915600"},"geometry":{"type":"Point","coordinates":[11.4028,47.18859]}},{"type":"Feature","properties":{"amenity":"shelter","shelter_type":"public_transport","osm":"node/3068490934"},"geometry":{"type":"Point","coordinates":[11.36772,47.22845]}},{"type":"Feature","properties":{"tourism":"viewpoint","osm":"node/3126648494"},"geometry":{"type":"Point","coordinates":[11.28267,47.22041]}},{"type":"Feature","properties":{"amenity":"drinking_water","osm":"node/3283150393"},"geometry":{"type":"Point","coordinates":[11.19487,47.27378]}},{"type":"Feature","properties":{"amenity":"drinking_water","osm":"node/3452231631"},"geometry":{"type":"Point","coordinates":[11.00116,47.29863]}},{"type":"Feature","properties":{"tourism":"viewpoint","direction":"SE","osm":"node/3452506039"},"geometry":{"type":"Point","coordinates":[11.39532,47.20584]}},{"type":"Feature","properties":{"tourism":"viewpoint","osm":"node/3466298035"},"geometry":{"type":"Point","coordinates":[11.48103,47.31222]}},{"type":"Feature","properties":{"amenity":"drinking_water","osm":"node/3499845579"},"geometry":{"type":"Point","coordinates":[11.06193,47.33224]}},{"type":"Feature","properties":{"amenity":"drinking_water","osm":"node/3546371029"},"geometry":{"type":"Point","coordinates":[11.243,47.28222]}},{"type":"Feature","properties":{"amenity":"drinking_water","osm":"node/3586691216"},"geometry":{"type":"Point","coordinates":[11.25508,47.23036]}},{"type":"Feature","properties":{"amenity":"drinking_water","check_date":"2025-05-31","osm":"node/3597994763"},"geometry":{"type":"Point","coordinates":[11.41072,47.23075]}},{"type":"Feature","properties":{"amenity":"drinking_water","osm":"node/3598004387"},"geometry":{"type":"Point","coordinates":[11.40934,47.23093]}},{"type":"Feature","properties":{"amenity":"drinking_water","check_date":"2022-09-30","osm":"node/3656906367"},"geometry":{"type":"Point","coordinates":[11.41303,47.2741]}},{"type":"Feature","properties":{"amenity":"drinking_water","check_date":"2025-07-18","osm":"node/3656917896"},"geometry":{"type":"Point","coordinates":[11.4186,47.27728]}},{"type":"Feature","properties":{"amenity":"drinking_water","osm":"node/3665746329"},"geometry":{"type":"Point","coordinates":[11.6107,47.27405]}},{"type":"Feature","properties":{"amenity":"drinking_water","seasonal":"no","osm":"node/3692279517"},"geometry":{"type":"Point","coordinates":[11.36524,47.18124]}},{"type":"Feature","properties":{"amenity":"drinking_water","osm":"node/3702713012"},"geometry":{"type":"Point","coordinates":[11.27996,47.3534]}},{"type":"Feature","properties":{"amenity":"drinking_water","osm":"node/3711074131"},"geometry":{"type":"Point","coordinates":[11.03516,47.34826]}},{"type":"Feature","properties":{"amenity":"drinking_water","osm":"node/3712453337"},"geometry":{"type":"Point","coordinates":[10.96398,47.31022]}},{"type":"Feature","properties":{"amenity":"drinking_water","osm":"node/3722401407"},"geometry":{"type":"Point","coordinates":[11.5162,47.32523]}},{"type":"Feature","properties":{"amenity":"drinking_water","osm":"node/3722401420"},"geometry":{"type":"Point","coordinates":[11.54376,47.32697]}},{"type":"Feature","properties":{"tourism":"viewpoint","osm":"node/3744530223"},"geometry":{"type":"Point","coordinates":[11.17898,47.3135]}},{"type":"Feature","properties":{"amenity":"drinking_water","check_date":"2025-09-07","osm":"node/3761817195"},"geometry":{"type":"Point","coordinates":[11.20465,47.29844]}},{"type":"Feature","properties":{"amenity":"drinking_water","check_date":"2026-02-25","osm":"node/3761817200"},"geometry":{"type":"Point","coordinates":[11.20376,47.29881]}},{"type":"Feature","properties":{"amenity":"drinking_water","drinking_water":"yes","osm":"node/3761841207"},"geometry":{"type":"Point","coordinates":[11.27493,47.30135]}},{"type":"Feature","properties":{"amenity":"drinking_water","osm":"node/3761841209"},"geometry":{"type":"Point","coordinates":[11.28075,47.30385]}},{"type":"Feature","properties":{"tourism":"viewpoint","osm":"node/3781420274"},"geometry":{"type":"Point","coordinates":[11.39821,47.14317]}},{"type":"Feature","properties":{"amenity":"drinking_water","osm":"node/3825038186"},"geometry":{"type":"Point","coordinates":[10.96991,47.29051]}},{"type":"Feature","properties":{"waterway":"waterfall","osm":"node/3878559189"},"geometry":{"type":"Point","coordinates":[11.36251,47.29697]}},{"type":"Feature","properties":{"amenity":"drinking_water","osm":"node/3908750194"},"geometry":{"type":"Point","coordinates":[11.20127,47.22448]}},{"type":"Feature","properties":{"amenity":"shelter","check_date":"2026-05-19","shelter_type":"public_transport","osm":"node/4042674523"},"geometry":{"type":"Point","coordinates":[11.31172,47.23875]}},{"type":"Feature","properties":{"amenity":"drinking_water","check_date":"2025-09-21","osm":"node/4105532666"},"geometry":{"type":"Point","coordinates":[11.30628,47.11004]}},{"type":"Feature","properties":{"amenity":"drinking_water","osm":"node/4105532668"},"geometry":{"type":"Point","coordinates":[11.3056,47.1101]}},{"type":"Feature","properties":{"amenity":"drinking_water","osm":"node/4111045181"},"geometry":{"type":"Point","coordinates":[11.39375,47.26694]}},{"type":"Feature","properties":{"tourism":"viewpoint","osm":"node/4174427622"},"geometry":{"type":"Point","coordinates":[11.56226,47.27828]}},{"type":"Feature","properties":{"amenity":"drinking_water","osm":"node/4174427652"},"geometry":{"type":"Point","coordinates":[11.56021,47.28235]}},{"type":"Feature","properties":{"amenity":"drinking_water","osm":"node/4214029069"},"geometry":{"type":"Point","coordinates":[11.53014,47.25676]}},{"type":"Feature","properties":{"amenity":"drinking_water","osm":"node/4214029072"},"geometry":{"type":"Point","coordinates":[11.53398,47.25891]}},{"type":"Feature","properties":{"amenity":"drinking_water","osm":"node/4230626937"},"geometry":{"type":"Point","coordinates":[11.49284,47.27051]}},{"type":"Feature","properties":{"amenity":"drinking_water","osm":"node/4243718768"},"geometry":{"type":"Point","coordinates":[11.45343,47.2535]}},{"type":"Feature","properties":{"amenity":"drinking_water","drinking_water":"yes","osm":"node/4243740613"},"geometry":{"type":"Point","coordinates":[11.4571,47.25999]}},{"type":"Feature","properties":{"amenity":"drinking_water","osm":"node/4247531448"},"geometry":{"type":"Point","coordinates":[11.42044,47.25633]}},{"type":"Feature","properties":{"amenity":"drinking_water","check_date":"2026-07-16","osm":"node/4248057781"},"geometry":{"type":"Point","coordinates":[11.39447,47.27474]}},{"type":"Feature","properties":{"tourism":"viewpoint","osm":"node/4265634051"},"geometry":{"type":"Point","coordinates":[11.42434,47.25053]}},{"type":"Feature","properties":{"amenity":"drinking_water","osm":"node/4266936336"},"geometry":{"type":"Point","coordinates":[11.47634,47.19168]}},{"type":"Feature","properties":{"amenity":"drinking_water","osm":"node/4270454287"},"geometry":{"type":"Point","coordinates":[11.50088,47.24553]}},{"type":"Feature","properties":{"amenity":"drinking_water","seasonal":"yes","osm":"node/4274361337"},"geometry":{"type":"Point","coordinates":[11.42108,47.2959]}},{"type":"Feature","properties":{"amenity":"drinking_water","osm":"node/4298985533"},"geometry":{"type":"Point","coordinates":[11.45047,47.27624]}},{"type":"Feature","properties":{"amenity":"drinking_water","osm":"node/4303280560"},"geometry":{"type":"Point","coordinates":[11.50775,47.2683]}},{"type":"Feature","properties":{"amenity":"drinking_water","check_date":"2025-11-09","drinking_water":"yes","man_made":"water_tap","osm":"node/4309819979"},"geometry":{"type":"Point","coordinates":[11.40106,47.2785]}},{"type":"Feature","properties":{"tourism":"viewpoint","direction":"S-W","osm":"node/4321261998"},"geometry":{"type":"Point","coordinates":[11.45961,47.31925]}},{"type":"Feature","properties":{"tourism":"viewpoint","osm":"node/4329360994"},"geometry":{"type":"Point","coordinates":[11.51511,47.22326]}},{"type":"Feature","properties":{"amenity":"drinking_water","osm":"node/4342272427"},"geometry":{"type":"Point","coordinates":[11.56842,47.14178]}},{"type":"Feature","properties":{"amenity":"drinking_water","osm":"node/4342285419"},"geometry":{"type":"Point","coordinates":[11.27905,47.29393]}},{"type":"Feature","properties":{"amenity":"drinking_water","osm":"node/4373470334"},"geometry":{"type":"Point","coordinates":[11.04413,47.08287]}},{"type":"Feature","properties":{"amenity":"drinking_water","osm":"node/4388845580"},"geometry":{"type":"Point","coordinates":[11.24291,47.21755]}},{"type":"Feature","properties":{"amenity":"drinking_water","osm":"node/4396128389"},"geometry":{"type":"Point","coordinates":[11.36645,47.19707]}},{"type":"Feature","properties":{"amenity":"drinking_water","wikidata":"Q37802001","osm":"node/4412270275"},"geometry":{"type":"Point","coordinates":[11.51495,47.30395]}},{"type":"Feature","properties":{"amenity":"drinking_water","osm":"node/4412270390"},"geometry":{"type":"Point","coordinates":[11.51239,47.30545]}},{"type":"Feature","properties":{"amenity":"drinking_water","osm":"node/4412270391"},"geometry":{"type":"Point","coordinates":[11.50962,47.30545]}},{"type":"Feature","properties":{"amenity":"drinking_water","osm":"node/4421076975"},"geometry":{"type":"Point","coordinates":[11.41453,47.20409]}},{"type":"Feature","properties":{"tourism":"viewpoint","osm":"node/4427419071"},"geometry":{"type":"Point","coordinates":[11.26641,47.14999]}},{"type":"Feature","properties":{"amenity":"drinking_water","osm":"node/4427568590"},"geometry":{"type":"Point","coordinates":[11.12408,47.35963]}},{"type":"Feature","properties":{"description":"Kindergipfel der Franz-Senn-Hütte","summit:cross":"yes","natural":"peak","osm":"node/4429397374"},"geometry":{"type":"Point","coordinates":[11.16859,47.08337]}},{"type":"Feature","properties":{"tourism":"viewpoint","direction":"67-270","osm":"node/4430919893"},"geometry":{"type":"Point","coordinates":[11.07952,47.3255]}},{"type":"Feature","properties":{"amenity":"drinking_water","osm":"node/4436800560"},"geometry":{"type":"Point","coordinates":[11.43611,47.29633]}},{"type":"Feature","properties":{"amenity":"drinking_water","osm":"node/4436800573"},"geometry":{"type":"Point","coordinates":[11.44722,47.2989]}},{"type":"Feature","properties":{"amenity":"drinking_water","osm":"node/4446566031"},"geometry":{"type":"Point","coordinates":[11.56185,47.30174]}},{"type":"Feature","properties":{"amenity":"drinking_water","osm":"node/4446579411"},"geometry":{"type":"Point","coordinates":[11.52803,47.2942]}},{"type":"Feature","properties":{"amenity":"drinking_water","osm":"node/4449672145"},"geometry":{"type":"Point","coordinates":[11.50471,47.24541]}},{"type":"Feature","properties":{"tourism":"viewpoint","osm":"node/4470101003"},"geometry":{"type":"Point","coordinates":[11.39979,47.25046]}},{"type":"Feature","properties":{"amenity":"drinking_water","osm":"node/4475066165"},"geometry":{"type":"Point","coordinates":[11.61801,47.27017]}},{"type":"Feature","properties":{"amenity":"drinking_water","check_date":"2023-01-02","osm":"node/4475310917"},"geometry":{"type":"Point","coordinates":[11.59386,47.28998]}},{"type":"Feature","properties":{"amenity":"drinking_water","osm":"node/4491259288"},"geometry":{"type":"Point","coordinates":[11.50198,47.24917]}},{"type":"Feature","properties":{"amenity":"drinking_water","osm":"node/4531587631"},"geometry":{"type":"Point","coordinates":[11.4878,47.24857]}},{"type":"Feature","properties":{"amenity":"drinking_water","osm":"node/4541905891"},"geometry":{"type":"Point","coordinates":[11.42044,47.24266]}},{"type":"Feature","properties":{"amenity":"drinking_water","osm":"node/4580789827"},"geometry":{"type":"Point","coordinates":[11.43003,47.23829]}},{"type":"Feature","properties":{"amenity":"drinking_water","osm":"node/4580789830"},"geometry":{"type":"Point","coordinates":[11.43118,47.23836]}},{"type":"Feature","properties":{"amenity":"drinking_water","osm":"node/4584227369"},"geometry":{"type":"Point","coordinates":[11.27363,47.29444]}},{"type":"Feature","properties":{"amenity":"drinking_water","osm":"node/4584227380"},"geometry":{"type":"Point","coordinates":[11.27601,47.29577]}},{"type":"Feature","properties":{"amenity":"drinking_water","osm":"node/4612910450"},"geometry":{"type":"Point","coordinates":[11.42637,47.25428]}},{"type":"Feature","properties":{"amenity":"drinking_water","osm":"node/4642815760"},"geometry":{"type":"Point","coordinates":[11.49921,47.24243]}},{"type":"Feature","properties":{"tourism":"viewpoint","osm":"node/4676952657"},"geometry":{"type":"Point","coordinates":[11.40409,47.25859]}},{"type":"Feature","properties":{"amenity":"drinking_water","osm":"node/4700595911"},"geometry":{"type":"Point","coordinates":[11.44665,47.23125]}},{"type":"Feature","properties":{"tourism":"viewpoint","osm":"node/4704521257"},"geometry":{"type":"Point","coordinates":[11.38582,47.31352]}},{"type":"Feature","properties":{"amenity":"drinking_water","osm":"node/4707379379"},"geometry":{"type":"Point","coordinates":[11.26542,47.17702]}},{"type":"Feature","properties":{"tourism":"viewpoint","osm":"node/4749693323"},"geometry":{"type":"Point","coordinates":[10.95283,47.1294]}},{"type":"Feature","properties":{"tourism":"viewpoint","wikimedia_commons":"File:Innsbruck Blick von Schloss Ambras auf Innsbruck.jpg","osm":"node/4770881928"},"geometry":{"type":"Point","coordinates":[11.43444,47.2568]}},{"type":"Feature","properties":{"tourism":"viewpoint","osm":"node/4770881929"},"geometry":{"type":"Point","coordinates":[11.43537,47.25841]}},{"type":"Feature","properties":{"amenity":"drinking_water","osm":"node/4811935076"},"geometry":{"type":"Point","coordinates":[11.53579,47.2682]}},{"type":"Feature","properties":{"tourism":"viewpoint","osm":"node/4831500130"},"geometry":{"type":"Point","coordinates":[11.32838,47.12092]}},{"type":"Feature","properties":{"amenity":"drinking_water","check_date":"2025-07-18","osm":"node/4834692145"},"geometry":{"type":"Point","coordinates":[11.42303,47.27637]}},{"type":"Feature","properties":{"amenity":"drinking_water","wikimedia_commons":"File:Axams Laufbrunnen Murkapelle.jpg","osm":"node/4842595944"},"geometry":{"type":"Point","coordinates":[11.27794,47.2259]}},{"type":"Feature","properties":{"amenity":"drinking_water","osm":"node/4880372347"},"geometry":{"type":"Point","coordinates":[11.45196,47.31386]}},{"type":"Feature","properties":{"amenity":"drinking_water","osm":"node/4895173031"},"geometry":{"type":"Point","coordinates":[11.27374,47.22322]}},{"type":"Feature","properties":{"amenity":"drinking_water","wikimedia_commons":"File:Brunnen beim Adelshof.jpg","osm":"node/4896726951"},"geometry":{"type":"Point","coordinates":[11.28724,47.21716]}},{"type":"Feature","properties":{"tourism":"viewpoint","osm":"node/4900505372"},"geometry":{"type":"Point","coordinates":[11.4154,47.21579]}},{"type":"Feature","properties":{"amenity":"drinking_water","man_made":"water_tap","osm":"node/4904452860"},"geometry":{"type":"Point","coordinates":[11.39587,47.26357]}},{"type":"Feature","properties":{"amenity":"drinking_water","osm":"node/4909562929"},"geometry":{"type":"Point","coordinates":[11.44825,47.26546]}},{"type":"Feature","properties":{"amenity":"drinking_water","check_date":"2026-04-26","osm":"node/4915782000"},"geometry":{"type":"Point","coordinates":[11.39436,47.26544]}},{"type":"Feature","properties":{"tourism":"viewpoint","osm":"node/4917454701"},"geometry":{"type":"Point","coordinates":[11.24252,47.2819]}},{"type":"Feature","properties":{"tourism":"viewpoint","osm":"node/4920534089"},"geometry":{"type":"Point","coordinates":[11.41682,47.21109]}},{"type":"Feature","properties":{"tourism":"viewpoint","amenity":"binoculars","direction":"247-67","osm":"node/4922316424"},"geometry":{"type":"Point","coordinates":[11.46225,47.21325]}},{"type":"Feature","properties":{"amenity":"drinking_water","osm":"node/4922384035"},"geometry":{"type":"Point","coordinates":[11.41736,47.0831]}},{"type":"Feature","properties":{"tourism":"viewpoint","osm":"node/4927153825"},"geometry":{"type":"Point","coordinates":[11.43036,47.21694]}},{"type":"Feature","properties":{"amenity":"drinking_water","check_date":"2025-06-22","osm":"node/4929447458"},"geometry":{"type":"Point","coordinates":[11.02846,47.28582]}},{"type":"Feature","properties":{"amenity":"drinking_water","osm":"node/4929447691"},"geometry":{"type":"Point","coordinates":[11.03448,47.2824]}},{"type":"Feature","properties":{"tourism":"viewpoint","osm":"node/4929448060"},"geometry":{"type":"Point","coordinates":[11.03884,47.26071]}},{"type":"Feature","properties":{"amenity":"drinking_water","check_date":"2024-07-26","osm":"node/4947199238"},"geometry":{"type":"Point","coordinates":[11.58943,47.30665]}},{"type":"Feature","properties":{"amenity":"drinking_water","man_made":"water_tap","osm":"node/4949767683"},"geometry":{"type":"Point","coordinates":[11.44079,47.27101]}},{"type":"Feature","properties":{"amenity":"drinking_water","osm":"node/4957442392"},"geometry":{"type":"Point","coordinates":[11.4203,47.25683]}},{"type":"Feature","properties":{"amenity":"drinking_water","osm":"node/4958595122"},"geometry":{"type":"Point","coordinates":[11.50142,47.2774]}},{"type":"Feature","properties":{"tourism":"viewpoint","osm":"node/4960343136"},"geometry":{"type":"Point","coordinates":[11.40569,47.24944]}},{"type":"Feature","properties":{"tourism":"viewpoint","osm":"node/4960343192"},"geometry":{"type":"Point","coordinates":[11.50371,47.23027]}},{"type":"Feature","properties":{"amenity":"drinking_water","osm":"node/4973681921"},"geometry":{"type":"Point","coordinates":[11.22309,47.10898]}},{"type":"Feature","properties":{"amenity":"drinking_water","man_made":"water_tap","osm":"node/4975073999"},"geometry":{"type":"Point","coordinates":[11.34391,47.26377]}},{"type":"Feature","properties":{"amenity":"drinking_water","osm":"node/5002178795"},"geometry":{"type":"Point","coordinates":[11.29844,47.19883]}},{"type":"Feature","properties":{"amenity":"drinking_water","osm":"node/5017035163"},"geometry":{"type":"Point","coordinates":[11.39148,47.26976]}},{"type":"Feature","properties":{"amenity":"drinking_water","access":"yes","osm":"node/5017042405"},"geometry":{"type":"Point","coordinates":[11.40112,47.28143]}},{"type":"Feature","properties":{"amenity":"drinking_water","check_date":"2023-09-05","osm":"node/5022454949"},"geometry":{"type":"Point","coordinates":[11.5267,47.30387]}},{"type":"Feature","properties":{"amenity":"drinking_water","osm":"node/5024136456"},"geometry":{"type":"Point","coordinates":[11.3248,47.25093]}},{"type":"Feature","properties":{"amenity":"drinking_water","check_date":"2026-05-02","osm":"node/5027149804"},"geometry":{"type":"Point","coordinates":[11.39197,47.26573]}},{"type":"Feature","properties":{"amenity":"drinking_water","osm":"node/5031050375"},"geometry":{"type":"Point","coordinates":[11.51409,47.28458]}},{"type":"Feature","properties":{"amenity":"drinking_water","osm":"node/5031051563"},"geometry":{"type":"Point","coordinates":[11.51079,47.28502]}},{"type":"Feature","properties":{"amenity":"drinking_water","osm":"node/5031051628"},"geometry":{"type":"Point","coordinates":[11.50652,47.28205]}},{"type":"Feature","properties":{"amenity":"drinking_water","access":"yes","osm":"node/5031051630"},"geometry":{"type":"Point","coordinates":[11.50573,47.28283]}},{"type":"Feature","properties":{"amenity":"drinking_water","osm":"node/5031051761"},"geometry":{"type":"Point","coordinates":[11.50823,47.28207]}},{"type":"Feature","properties":{"amenity":"drinking_water","check_date":"2025-09-04","osm":"node/5042869923"},"geometry":{"type":"Point","coordinates":[11.52447,47.22197]}},{"type":"Feature","properties":{"amenity":"drinking_water","image":"File:Zirl-Dorfbrunnen.jpg","wikidata":"Q37808859","osm":"node/5045017057"},"geometry":{"type":"Point","coordinates":[11.24185,47.27397]}},{"type":"Feature","properties":{"tourism":"viewpoint","osm":"node/5056620414"},"geometry":{"type":"Point","coordinates":[11.30752,47.14214]}},{"type":"Feature","properties":{"amenity":"drinking_water","osm":"node/5058836468"},"geometry":{"type":"Point","coordinates":[11.26547,47.21118]}},{"type":"Feature","properties":{"amenity":"drinking_water","check_date":"2026-06-09","man_made":"water_tap","osm":"node/5109853688"},"geometry":{"type":"Point","coordinates":[11.34447,47.26388]}},{"type":"Feature","properties":{"tourism":"viewpoint","direction":"SE","osm":"node/5141324128"},"geometry":{"type":"Point","coordinates":[11.37684,47.30396]}},{"type":"Feature","properties":{"tourism":"viewpoint","osm":"node/5141324129"},"geometry":{"type":"Point","coordinates":[11.37854,47.30464]}},{"type":"Feature","properties":{"tourism":"viewpoint","osm":"node/5193239752"},"geometry":{"type":"Point","coordinates":[11.21193,47.19351]}},{"type":"Feature","properties":{"tourism":"viewpoint","osm":"node/5194449771"},"geometry":{"type":"Point","coordinates":[11.50695,47.3161]}},{"type":"Feature","properties":{"amenity":"drinking_water","access":"yes","osm":"node/5199952846"},"geometry":{"type":"Point","coordinates":[10.95622,47.27548]}},{"type":"Feature","properties":{"amenity":"shelter","osm":"node/5209742154"},"geometry":{"type":"Point","coordinates":[11.49616,47.12542]}},{"type":"Feature","properties":{"amenity":"shelter","shelter_type":"public_transport","osm":"node/5209742155"},"geometry":{"type":"Point","coordinates":[11.50689,47.12809]}},{"type":"Feature","properties":{"amenity":"drinking_water","seasonal":"summer","osm":"node/5418066816"},"geometry":{"type":"Point","coordinates":[11.24551,47.28287]}},{"type":"Feature","properties":{"tourism":"viewpoint","direction":"NE-SW","osm":"node/5451404999"},"geometry":{"type":"Point","coordinates":[11.24613,47.28203]}},{"type":"Feature","properties":{"amenity":"drinking_water","osm":"node/5465503986"},"geometry":{"type":"Point","coordinates":[11.34844,47.15308]}},{"type":"Feature","properties":{"amenity":"drinking_water","osm":"node/5520807561"},"geometry":{"type":"Point","coordinates":[11.20833,47.28042]}},{"type":"Feature","properties":{"amenity":"drinking_water","osm":"node/5531974648"},"geometry":{"type":"Point","coordinates":[11.42532,47.28942]}},{"type":"Feature","properties":{"amenity":"drinking_water","check_date":"2026-04-15","osm":"node/5554406469"},"geometry":{"type":"Point","coordinates":[11.20001,47.30846]}},{"type":"Feature","properties":{"amenity":"drinking_water","drinking_water":"yes","osm":"node/5555212986"},"geometry":{"type":"Point","coordinates":[11.45764,47.2595]}},{"type":"Feature","properties":{"amenity":"drinking_water","osm":"node/5586538948"},"geometry":{"type":"Point","coordinates":[11.10107,47.20266]}},{"type":"Feature","properties":{"tourism":"viewpoint","direction":"155","osm":"node/5609853412"},"geometry":{"type":"Point","coordinates":[11.44817,47.30327]}},{"type":"Feature","properties":{"amenity":"drinking_water","osm":"node/5615839779"},"geometry":{"type":"Point","coordinates":[11.21034,47.25755]}},{"type":"Feature","properties":{"amenity":"drinking_water","check_date":"2026-04-17","osm":"node/5616908359"},"geometry":{"type":"Point","coordinates":[11.15684,47.19525]}},{"type":"Feature","properties":{"amenity":"drinking_water","osm":"node/5741071780"},"geometry":{"type":"Point","coordinates":[11.45708,47.28174]}},{"type":"Feature","properties":{"amenity":"drinking_water","check_date":"2025-11-23","osm":"node/5741087398"},"geometry":{"type":"Point","coordinates":[11.45489,47.28761]}},{"type":"Feature","properties":{"amenity":"drinking_water","wikidata":"Q37765028","osm":"node/5741166346"},"geometry":{"type":"Point","coordinates":[11.47201,47.29186]}},{"type":"Feature","properties":{"amenity":"drinking_water","check_date":"2026-04-12","osm":"node/5741170469"},"geometry":{"type":"Point","coordinates":[11.4682,47.28911]}},{"type":"Feature","properties":{"amenity":"drinking_water","osm":"node/5741187449"},"geometry":{"type":"Point","coordinates":[11.46154,47.2855]}},{"type":"Feature","properties":{"amenity":"drinking_water","osm":"node/5741644727"},"geometry":{"type":"Point","coordinates":[11.46195,47.28691]}},{"type":"Feature","properties":{"amenity":"drinking_water","osm":"node/5779263133"},"geometry":{"type":"Point","coordinates":[11.28065,47.23149]}},{"type":"Feature","properties":{"amenity":"drinking_water","osm":"node/5796926792"},"geometry":{"type":"Point","coordinates":[11.22256,47.31894]}},{"type":"Feature","properties":{"amenity":"drinking_water","osm":"node/5807873263"},"geometry":{"type":"Point","coordinates":[11.34565,47.26635]}},{"type":"Feature","properties":{"ele":"2700","natural":"saddle","osm":"node/5830398766"},"geometry":{"type":"Point","coordinates":[10.99009,47.10222]}},{"type":"Feature","properties":{"ele":"2590","natural":"saddle","osm":"node/5830646819"},"geometry":{"type":"Point","coordinates":[11.52908,47.18511]}},{"type":"Feature","properties":{"amenity":"drinking_water","osm":"node/5842201927"},"geometry":{"type":"Point","coordinates":[11.45966,47.21222]}},{"type":"Feature","properties":{"amenity":"drinking_water","osm":"node/5848355207"},"geometry":{"type":"Point","coordinates":[11.31038,47.11318]}},{"type":"Feature","properties":{"tourism":"viewpoint","osm":"node/5870905329"},"geometry":{"type":"Point","coordinates":[11.15412,47.31187]}},{"type":"Feature","properties":{"tourism":"viewpoint","osm":"node/6030729741"},"geometry":{"type":"Point","coordinates":[11.32279,47.27589]}},{"type":"Feature","properties":{"amenity":"drinking_water","osm":"node/6033415496"},"geometry":{"type":"Point","coordinates":[11.36216,47.16611]}},{"type":"Feature","properties":{"seasonal":"yes","waterway":"waterfall","osm":"node/6125537901"},"geometry":{"type":"Point","coordinates":[11.41337,47.2998]}},{"type":"Feature","properties":{"tourism":"viewpoint","osm":"node/6255349493"},"geometry":{"type":"Point","coordinates":[11.20611,47.22504]}},{"type":"Feature","properties":{"waterway":"waterfall","osm":"node/6329336057"},"geometry":{"type":"Point","coordinates":[11.28998,47.14397]}},{"type":"Feature","properties":{"waterway":"waterfall","osm":"node/6423139733"},"geometry":{"type":"Point","coordinates":[11.45743,47.31255]}},{"type":"Feature","properties":{"waterway":"waterfall","osm":"node/6423213456"},"geometry":{"type":"Point","coordinates":[11.45689,47.31511]}},{"type":"Feature","properties":{"waterway":"waterfall","osm":"node/6431773581"},"geometry":{"type":"Point","coordinates":[11.40101,47.27991]}},{"type":"Feature","properties":{"amenity":"drinking_water","osm":"node/6482760139"},"geometry":{"type":"Point","coordinates":[11.25063,47.24453]}},{"type":"Feature","properties":{"amenity":"drinking_water","osm":"node/6550943715"},"geometry":{"type":"Point","coordinates":[11.46853,47.32866]}},{"type":"Feature","properties":{"amenity":"drinking_water","description":"Sign with \"No drinking water (Kein Trinkwasser)\"","osm":"node/6561567768"},"geometry":{"type":"Point","coordinates":[11.54233,47.31904]}},{"type":"Feature","properties":{"amenity":"drinking_water","osm":"node/6570935152"},"geometry":{"type":"Point","coordinates":[11.56138,47.18602]}},{"type":"Feature","properties":{"amenity":"drinking_water","osm":"node/6582385530"},"geometry":{"type":"Point","coordinates":[11.5512,47.22472]}},{"type":"Feature","properties":{"amenity":"drinking_water","osm":"node/6582385531"},"geometry":{"type":"Point","coordinates":[11.55486,47.2443]}},{"type":"Feature","properties":{"amenity":"drinking_water","osm":"node/6593617937"},"geometry":{"type":"Point","coordinates":[11.1256,47.14517]}},{"type":"Feature","properties":{"amenity":"drinking_water","osm":"node/6593617938"},"geometry":{"type":"Point","coordinates":[11.09876,47.17797]}},{"type":"Feature","properties":{"tourism":"viewpoint","direction":"180-360","osm":"node/6612997199"},"geometry":{"type":"Point","coordinates":[11.51662,47.17626]}},{"type":"Feature","properties":{"amenity":"drinking_water","operator":"Forstamt Innsbruck","osm":"node/6621364823"},"geometry":{"type":"Point","coordinates":[11.42532,47.26209]}},{"type":"Feature","properties":{"amenity":"drinking_water","operator":"Wasserwirtschaft Tirol","osm":"node/6665117297"},"geometry":{"type":"Point","coordinates":[11.53778,47.28731]}},{"type":"Feature","properties":{"amenity":"shelter","check_date":"2026-04-12","shelter_type":"picnic_shelter","osm":"node/6689054937"},"geometry":{"type":"Point","coordinates":[11.52495,47.31397]}},{"type":"Feature","properties":{"amenity":"drinking_water","osm":"node/6695568875"},"geometry":{"type":"Point","coordinates":[11.45811,47.29931]}},{"type":"Feature","properties":{"amenity":"drinking_water","man_made":"water_tap","osm":"node/6743815950"},"geometry":{"type":"Point","coordinates":[11.36995,47.25986]}},{"type":"Feature","properties":{"amenity":"drinking_water","osm":"node/6745795196"},"geometry":{"type":"Point","coordinates":[11.39412,47.26363]}},{"type":"Feature","properties":{"tourism":"viewpoint","ele":"2245","osm":"node/6747101185"},"geometry":{"type":"Point","coordinates":[11.31562,47.29522]}},{"type":"Feature","properties":{"amenity":"drinking_water","osm":"node/6757718317"},"geometry":{"type":"Point","coordinates":[11.46719,47.29423]}},{"type":"Feature","properties":{"amenity":"drinking_water","osm":"node/6757718318"},"geometry":{"type":"Point","coordinates":[11.47162,47.29604]}},{"type":"Feature","properties":{"amenity":"drinking_water","osm":"node/6758973248"},"geometry":{"type":"Point","coordinates":[11.00379,47.32196]}},{"type":"Feature","properties":{"amenity":"drinking_water","osm":"node/6774240660"},"geometry":{"type":"Point","coordinates":[11.47465,47.29643]}},{"type":"Feature","properties":{"waterway":"waterfall","osm":"node/6774262447"},"geometry":{"type":"Point","coordinates":[11.53705,47.3258]}},{"type":"Feature","properties":{"amenity":"drinking_water","osm":"node/6805188487"},"geometry":{"type":"Point","coordinates":[11.48333,47.35652]}},{"type":"Feature","properties":{"amenity":"drinking_water","osm":"node/6805188488"},"geometry":{"type":"Point","coordinates":[11.49156,47.35406]}},{"type":"Feature","properties":{"amenity":"drinking_water","osm":"node/6805192585"},"geometry":{"type":"Point","coordinates":[11.46244,47.35903]}},{"type":"Feature","properties":{"amenity":"drinking_water","osm":"node/6805331585"},"geometry":{"type":"Point","coordinates":[11.099,47.18856]}},{"type":"Feature","properties":{"tourism":"viewpoint","direction":"W","osm":"node/6816013236"},"geometry":{"type":"Point","coordinates":[11.37638,47.25072]}},{"type":"Feature","properties":{"amenity":"drinking_water","osm":"node/6875128185"},"geometry":{"type":"Point","coordinates":[11.01065,47.32978]}},{"type":"Feature","properties":{"amenity":"drinking_water","osm":"node/6875336185"},"geometry":{"type":"Point","coordinates":[11.03823,47.33598]}},{"type":"Feature","properties":{"tourism":"viewpoint","direction":"180","osm":"node/7042365464"},"geometry":{"type":"Point","coordinates":[11.10317,47.34298]}},{"type":"Feature","properties":{"amenity":"drinking_water","osm":"node/7082494100"},"geometry":{"type":"Point","coordinates":[11.50654,47.28061]}},{"type":"Feature","properties":{"amenity":"drinking_water","osm":"node/7110177556"},"geometry":{"type":"Point","coordinates":[11.56252,47.30054]}},{"type":"Feature","properties":{"tourism":"viewpoint","osm":"node/7251743116"},"geometry":{"type":"Point","coordinates":[11.39914,47.199]}},{"type":"Feature","properties":{"amenity":"drinking_water","osm":"node/7400553227"},"geometry":{"type":"Point","coordinates":[11.40184,47.1806]}},{"type":"Feature","properties":{"amenity":"drinking_water","osm":"node/7450079421"},"geometry":{"type":"Point","coordinates":[11.42273,47.29854]}},{"type":"Feature","properties":{"amenity":"drinking_water","osm":"node/7460288723"},"geometry":{"type":"Point","coordinates":[11.4047,47.29791]}},{"type":"Feature","properties":{"tourism":"viewpoint","direction":"NE-SW","osm":"node/7471989022"},"geometry":{"type":"Point","coordinates":[11.36258,47.29523]}},{"type":"Feature","properties":{"amenity":"drinking_water","osm":"node/7473273406"},"geometry":{"type":"Point","coordinates":[11.51523,47.29765]}},{"type":"Feature","properties":{"amenity":"drinking_water","osm":"node/7476935956"},"geometry":{"type":"Point","coordinates":[11.39583,47.28608]}},{"type":"Feature","properties":{"amenity":"drinking_water","osm":"node/7477206416"},"geometry":{"type":"Point","coordinates":[11.35325,47.28877]}},{"type":"Feature","properties":{"drinking_water":"yes","natural":"spring","osm":"node/7533004353"},"geometry":{"type":"Point","coordinates":[11.16163,47.21895]}},{"type":"Feature","properties":{"amenity":"drinking_water","seasonal":"summer","osm":"node/7545128229"},"geometry":{"type":"Point","coordinates":[11.24376,47.28431]}},{"type":"Feature","properties":{"tourism":"viewpoint","direction":"NW","osm":"node/7546421887"},"geometry":{"type":"Point","coordinates":[11.40674,47.24392]}},{"type":"Feature","properties":{"amenity":"drinking_water","osm":"node/7573184172"},"geometry":{"type":"Point","coordinates":[11.38267,47.2726]}},{"type":"Feature","properties":{"amenity":"drinking_water","osm":"node/7578968352"},"geometry":{"type":"Point","coordinates":[11.43605,47.08361]}},{"type":"Feature","properties":{"amenity":"drinking_water","osm":"node/7578968353"},"geometry":{"type":"Point","coordinates":[11.45134,47.08432]}},{"type":"Feature","properties":{"amenity":"drinking_water","osm":"node/7619344325"},"geometry":{"type":"Point","coordinates":[11.49931,47.32558]}},{"type":"Feature","properties":{"amenity":"drinking_water","osm":"node/7656073647"},"geometry":{"type":"Point","coordinates":[11.44873,47.26823]}},{"type":"Feature","properties":{"tourism":"viewpoint","direction":"SE-SW","osm":"node/7687184580"},"geometry":{"type":"Point","coordinates":[11.47481,47.29782]}},{"type":"Feature","properties":{"waterway":"waterfall","osm":"node/7687390121"},"geometry":{"type":"Point","coordinates":[11.47271,47.31278]}},{"type":"Feature","properties":{"amenity":"drinking_water","check_date":"2026-05-30","osm":"node/7761598285"},"geometry":{"type":"Point","coordinates":[11.45301,47.12963]}},{"type":"Feature","properties":{"amenity":"drinking_water","osm":"node/7775837895"},"geometry":{"type":"Point","coordinates":[11.35834,47.22629]}},{"type":"Feature","properties":{"amenity":"drinking_water","osm":"node/7775925588"},"geometry":{"type":"Point","coordinates":[11.58466,47.24427]}},{"type":"Feature","properties":{"amenity":"drinking_water","access":"yes","osm":"node/7777522781"},"geometry":{"type":"Point","coordinates":[11.33232,47.2125]}},{"type":"Feature","properties":{"natural":"saddle","osm":"node/7780957092"},"geometry":{"type":"Point","coordinates":[11.28528,47.16685]}},{"type":"Feature","properties":{"natural":"saddle","osm":"node/7780957093"},"geometry":{"type":"Point","coordinates":[11.28686,47.1689]}},{"type":"Feature","properties":{"drinking_water":"yes","natural":"spring","osm":"node/7797313764"},"geometry":{"type":"Point","coordinates":[11.60847,47.08071]}},{"type":"Feature","properties":{"amenity":"drinking_water","osm":"node/7797894214"},"geometry":{"type":"Point","coordinates":[11.24984,47.14843]}},{"type":"Feature","properties":{"amenity":"drinking_water","osm":"node/7802126093"},"geometry":{"type":"Point","coordinates":[11.4224,47.26599]}},{"type":"Feature","properties":{"amenity":"drinking_water","osm":"node/7802126094"},"geometry":{"type":"Point","coordinates":[11.42301,47.2657]}},{"type":"Feature","properties":{"amenity":"drinking_water","osm":"node/7804648995"},"geometry":{"type":"Point","coordinates":[11.59561,47.3565]}},{"type":"Feature","properties":{"amenity":"drinking_water","osm":"node/7804653267"},"geometry":{"type":"Point","coordinates":[11.14706,47.24297]}},{"type":"Feature","properties":{"amenity":"drinking_water","osm":"node/7818072345"},"geometry":{"type":"Point","coordinates":[11.34858,47.12754]}},{"type":"Feature","properties":{"drinking_water":"yes","natural":"spring","osm":"node/7826005911"},"geometry":{"type":"Point","coordinates":[11.20885,47.1147]}},{"type":"Feature","properties":{"amenity":"drinking_water","osm":"node/7832085246"},"geometry":{"type":"Point","coordinates":[11.58488,47.24395]}},{"type":"Feature","properties":{"amenity":"drinking_water","osm":"node/7846651433"},"geometry":{"type":"Point","coordinates":[11.01846,47.31448]}},{"type":"Feature","properties":{"amenity":"drinking_water","osm":"node/7846651434"},"geometry":{"type":"Point","coordinates":[11.00622,47.31853]}},{"type":"Feature","properties":{"amenity":"drinking_water","osm":"node/7846651435"},"geometry":{"type":"Point","coordinates":[11.00491,47.31835]}},{"type":"Feature","properties":{"tourism":"viewpoint","osm":"node/7876455882"},"geometry":{"type":"Point","coordinates":[11.14982,47.20925]}},{"type":"Feature","properties":{"amenity":"drinking_water","osm":"node/7889204764"},"geometry":{"type":"Point","coordinates":[11.60791,47.26993]}},{"type":"Feature","properties":{"amenity":"drinking_water","access":"yes","man_made":"water_tap","osm":"node/7903115691"},"geometry":{"type":"Point","coordinates":[11.37743,47.257]}},{"type":"Feature","properties":{"amenity":"drinking_water","description":"tap","osm":"node/7906165756"},"geometry":{"type":"Point","coordinates":[11.59765,47.34374]}},{"type":"Feature","properties":{"waterway":"waterfall","osm":"node/7906165767"},"geometry":{"type":"Point","coordinates":[11.59917,47.34677]}},{"type":"Feature","properties":{"tourism":"viewpoint","osm":"node/7916800585"},"geometry":{"type":"Point","coordinates":[11.37891,47.30311]}},{"type":"Feature","properties":{"amenity":"drinking_water","osm":"node/7929161220"},"geometry":{"type":"Point","coordinates":[11.51066,47.31156]}},{"type":"Feature","properties":{"amenity":"drinking_water","osm":"node/7959823861"},"geometry":{"type":"Point","coordinates":[11.29892,47.23505]}},{"type":"Feature","properties":{"tourism":"viewpoint","direction":"S","osm":"node/7999951734"},"geometry":{"type":"Point","coordinates":[11.21295,47.30049]}},{"type":"Feature","properties":{"amenity":"drinking_water","check_date":"2026-05-30","osm":"node/8038424948"},"geometry":{"type":"Point","coordinates":[11.4542,47.13123]}},{"type":"Feature","properties":{"amenity":"drinking_water","osm":"node/8090368568"},"geometry":{"type":"Point","coordinates":[11.37539,47.23323]}},{"type":"Feature","properties":{"amenity":"drinking_water","osm":"node/8090454206"},"geometry":{"type":"Point","coordinates":[11.37298,47.23252]}},{"type":"Feature","properties":{"amenity":"drinking_water","osm":"node/8093062728"},"geometry":{"type":"Point","coordinates":[11.20081,47.28134]}},{"type":"Feature","properties":{"amenity":"drinking_water","operator":"Franz Neuner","osm":"node/8119359553"},"geometry":{"type":"Point","coordinates":[11.39495,47.115]}},{"type":"Feature","properties":{"tourism":"viewpoint","direction":"SE","osm":"node/8146332935"},"geometry":{"type":"Point","coordinates":[11.34257,47.27002]}},{"type":"Feature","properties":{"tourism":"viewpoint","direction":"E-W","osm":"node/8152018699"},"geometry":{"type":"Point","coordinates":[11.39599,47.30331]}},{"type":"Feature","properties":{"amenity":"drinking_water","osm":"node/8158282243"},"geometry":{"type":"Point","coordinates":[11.00493,47.31294]}},{"type":"Feature","properties":{"seasonal":"yes","waterway":"waterfall","osm":"node/8171496049"},"geometry":{"type":"Point","coordinates":[11.46007,47.33683]}},{"type":"Feature","properties":{"amenity":"drinking_water","osm":"node/8229155118"},"geometry":{"type":"Point","coordinates":[11.41767,47.29782]}},{"type":"Feature","properties":{"amenity":"drinking_water","osm":"node/8264523557"},"geometry":{"type":"Point","coordinates":[11.38398,47.27259]}},{"type":"Feature","properties":{"amenity":"drinking_water","osm":"node/8358538298"},"geometry":{"type":"Point","coordinates":[11.25344,47.26662]}},{"type":"Feature","properties":{"amenity":"drinking_water","osm":"node/8402725756"},"geometry":{"type":"Point","coordinates":[11.45742,47.28708]}},{"type":"Feature","properties":{"amenity":"drinking_water","osm":"node/8442481330"},"geometry":{"type":"Point","coordinates":[11.2273,47.27595]}},{"type":"Feature","properties":{"amenity":"drinking_water","osm":"node/8502887141"},"geometry":{"type":"Point","coordinates":[11.34195,47.26697]}},{"type":"Feature","properties":{"tourism":"viewpoint","direction":"W","osm":"node/8570070913"},"geometry":{"type":"Point","coordinates":[11.45418,47.13968]}},{"type":"Feature","properties":{"amenity":"drinking_water","osm":"node/8595307055"},"geometry":{"type":"Point","coordinates":[10.96649,47.1277]}},{"type":"Feature","properties":{"amenity":"drinking_water","osm":"node/8638423665"},"geometry":{"type":"Point","coordinates":[11.45954,47.28115]}},{"type":"Feature","properties":{"tourism":"viewpoint","osm":"node/8638518417"},"geometry":{"type":"Point","coordinates":[10.96309,47.2828]}},{"type":"Feature","properties":{"amenity":"drinking_water","osm":"node/8640056668"},"geometry":{"type":"Point","coordinates":[11.51578,47.31451]}},{"type":"Feature","properties":{"amenity":"drinking_water","osm":"node/8669803300"},"geometry":{"type":"Point","coordinates":[11.54528,47.30773]}},{"type":"Feature","properties":{"amenity":"drinking_water","operator":"Tourismusverband Mils","osm":"node/8669875258"},"geometry":{"type":"Point","coordinates":[11.5371,47.29493]}},{"type":"Feature","properties":{"amenity":"drinking_water","access":"yes","check_date":"2026-04-20","osm":"node/8688664716"},"geometry":{"type":"Point","coordinates":[11.38592,47.23048]}},{"type":"Feature","properties":{"amenity":"drinking_water","osm":"node/8715809231"},"geometry":{"type":"Point","coordinates":[11.37654,47.23449]}},{"type":"Feature","properties":{"amenity":"drinking_water","osm":"node/8750884680"},"geometry":{"type":"Point","coordinates":[11.41828,47.27308]}},{"type":"Feature","properties":{"amenity":"drinking_water","check_date":"2025-04-30","osm":"node/8758716179"},"geometry":{"type":"Point","coordinates":[11.382,47.26192]}},{"type":"Feature","properties":{"tourism":"viewpoint","direction":"S","osm":"node/8758936241"},"geometry":{"type":"Point","coordinates":[11.19901,47.21481]}},{"type":"Feature","properties":{"amenity":"drinking_water","osm":"node/8777894602"},"geometry":{"type":"Point","coordinates":[11.27677,47.28428]}},{"type":"Feature","properties":{"amenity":"drinking_water","osm":"node/8795027629"},"geometry":{"type":"Point","coordinates":[11.56043,47.15277]}},{"type":"Feature","properties":{"amenity":"drinking_water","osm":"node/8796433241"},"geometry":{"type":"Point","coordinates":[11.40719,47.26528]}},{"type":"Feature","properties":{"amenity":"drinking_water","check_date":"2025-07-18","osm":"node/8796433270"},"geometry":{"type":"Point","coordinates":[11.41918,47.27688]}},{"type":"Feature","properties":{"amenity":"drinking_water","wikidata":"Q37818873","osm":"node/8814808231"},"geometry":{"type":"Point","coordinates":[11.14093,47.29928]}},{"type":"Feature","properties":{"tourism":"viewpoint","osm":"node/8833362099"},"geometry":{"type":"Point","coordinates":[11.48716,47.08355]}},{"type":"Feature","properties":{"amenity":"drinking_water","osm":"node/8846790244"},"geometry":{"type":"Point","coordinates":[11.28264,47.09233]}},{"type":"Feature","properties":{"tourism":"viewpoint","direction":"SE-SW","osm":"node/8851144030"},"geometry":{"type":"Point","coordinates":[11.4055,47.29755]}},{"type":"Feature","properties":{"amenity":"drinking_water","check_date":"2026-04-11","osm":"node/8852370500"},"geometry":{"type":"Point","coordinates":[11.17803,47.28815]}},{"type":"Feature","properties":{"amenity":"drinking_water","osm":"node/8852956852"},"geometry":{"type":"Point","coordinates":[11.25741,47.26024]}},{"type":"Feature","properties":{"amenity":"drinking_water","osm":"node/8866660230"},"geometry":{"type":"Point","coordinates":[11.43679,47.30568]}},{"type":"Feature","properties":{"seasonal":"yes","waterway":"waterfall","osm":"node/8869425689"},"geometry":{"type":"Point","coordinates":[11.35591,47.30032]}},{"type":"Feature","properties":{"amenity":"drinking_water","osm":"node/8882415471"},"geometry":{"type":"Point","coordinates":[11.2725,47.25432]}},{"type":"Feature","properties":{"amenity":"drinking_water","osm":"node/8882529678"},"geometry":{"type":"Point","coordinates":[11.27222,47.2498]}},{"type":"Feature","properties":{"amenity":"drinking_water","osm":"node/8892944029"},"geometry":{"type":"Point","coordinates":[11.38059,47.0833]}},{"type":"Feature","properties":{"amenity":"drinking_water","osm":"node/8892944807"},"geometry":{"type":"Point","coordinates":[11.38732,47.09565]}},{"type":"Feature","properties":{"amenity":"drinking_water","check_date":"2026-02-06","osm":"node/8907937198"},"geometry":{"type":"Point","coordinates":[11.39939,47.267]}},{"type":"Feature","properties":{"amenity":"drinking_water","osm":"node/8907937199"},"geometry":{"type":"Point","coordinates":[11.41952,47.2683]}},{"type":"Feature","properties":{"amenity":"drinking_water","osm":"node/8942173077"},"geometry":{"type":"Point","coordinates":[11.23379,47.33982]}},{"type":"Feature","properties":{"waterway":"waterfall","osm":"node/8962694242"},"geometry":{"type":"Point","coordinates":[11.25297,47.30134]}},{"type":"Feature","properties":{"amenity":"drinking_water","wikidata":"Q37817046","osm":"node/8972546937"},"geometry":{"type":"Point","coordinates":[11.5038,47.29539]}},{"type":"Feature","properties":{"tourism":"viewpoint","osm":"node/9038079512"},"geometry":{"type":"Point","coordinates":[11.17822,47.31546]}},{"type":"Feature","properties":{"amenity":"drinking_water","access":"yes","osm":"node/9074474668"},"geometry":{"type":"Point","coordinates":[11.50341,47.17682]}},{"type":"Feature","properties":{"amenity":"drinking_water","access":"yes","osm":"node/9074474669"},"geometry":{"type":"Point","coordinates":[11.50235,47.17685]}},{"type":"Feature","properties":{"amenity":"drinking_water","osm":"node/9074474670"},"geometry":{"type":"Point","coordinates":[11.46555,47.16524]}},{"type":"Feature","properties":{"amenity":"drinking_water","access":"yes","osm":"node/9077550933"},"geometry":{"type":"Point","coordinates":[11.33808,47.14367]}},{"type":"Feature","properties":{"amenity":"drinking_water","osm":"node/9130613637"},"geometry":{"type":"Point","coordinates":[11.4184,47.26202]}},{"type":"Feature","properties":{"tourism":"viewpoint","osm":"node/9133139129"},"geometry":{"type":"Point","coordinates":[11.01666,47.34184]}},{"type":"Feature","properties":{"amenity":"drinking_water","seasonal":"summer","drinking_water":"yes","osm":"node/9133414860"},"geometry":{"type":"Point","coordinates":[11.59301,47.29143]}},{"type":"Feature","properties":{"amenity":"drinking_water","osm":"node/9143327463"},"geometry":{"type":"Point","coordinates":[11.21003,47.25824]}},{"type":"Feature","properties":{"amenity":"drinking_water","osm":"node/9143327464"},"geometry":{"type":"Point","coordinates":[11.21018,47.25861]}},{"type":"Feature","properties":{"amenity":"drinking_water","osm":"node/9178535047"},"geometry":{"type":"Point","coordinates":[11.47358,47.29356]}},{"type":"Feature","properties":{"amenity":"drinking_water","osm":"node/9197999199"},"geometry":{"type":"Point","coordinates":[11.42901,47.25694]}},{"type":"Feature","properties":{"amenity":"drinking_water","check_date":"2026-02-01","osm":"node/9203088015"},"geometry":{"type":"Point","coordinates":[11.43162,47.28484]}},{"type":"Feature","properties":{"amenity":"drinking_water","check_date":"2025-09-04","osm":"node/9230737777"},"geometry":{"type":"Point","coordinates":[11.41611,47.27273]}},{"type":"Feature","properties":{"amenity":"drinking_water","osm":"node/9360459946"},"geometry":{"type":"Point","coordinates":[11.40544,47.27211]}},{"type":"Feature","properties":{"amenity":"drinking_water","osm":"node/9385493116"},"geometry":{"type":"Point","coordinates":[11.32691,47.26502]}},{"type":"Feature","properties":{"amenity":"drinking_water","osm":"node/9387750205"},"geometry":{"type":"Point","coordinates":[11.39542,47.26614]}},{"type":"Feature","properties":{"amenity":"drinking_water","operator":"Gemeinde Thaur","access":"yes","osm":"node/9391700642"},"geometry":{"type":"Point","coordinates":[11.47184,47.29471]}},{"type":"Feature","properties":{"amenity":"drinking_water","access":"yes","check_date":"2025-10-05","osm":"node/9456262194"},"geometry":{"type":"Point","coordinates":[11.35583,47.26812]}},{"type":"Feature","properties":{"natural":"saddle","osm":"node/9461850395"},"geometry":{"type":"Point","coordinates":[11.27548,47.15197]}},{"type":"Feature","properties":{"amenity":"drinking_water","access":"yes","osm":"node/9513810826"},"geometry":{"type":"Point","coordinates":[11.21185,47.25778]}},{"type":"Feature","properties":{"amenity":"drinking_water","check_date":"2025-06-15","osm":"node/9586134915"},"geometry":{"type":"Point","coordinates":[11.08285,47.31899]}},{"type":"Feature","properties":{"tourism":"viewpoint","direction":"SE-NW","osm":"node/9601982250"},"geometry":{"type":"Point","coordinates":[11.43749,47.30746]}},{"type":"Feature","properties":{"amenity":"drinking_water","osm":"node/9609906099"},"geometry":{"type":"Point","coordinates":[11.27834,47.2857]}},{"type":"Feature","properties":{"amenity":"drinking_water","osm":"node/9609906191"},"geometry":{"type":"Point","coordinates":[11.27066,47.28187]}},{"type":"Feature","properties":{"ele":"2484","natural":"saddle","osm":"node/9625071579"},"geometry":{"type":"Point","coordinates":[11.14477,47.2186]}},{"type":"Feature","properties":{"amenity":"drinking_water","access":"yes","osm":"node/9663183308"},"geometry":{"type":"Point","coordinates":[10.95711,47.30191]}},{"type":"Feature","properties":{"amenity":"drinking_water","osm":"node/9669721620"},"geometry":{"type":"Point","coordinates":[11.40844,47.23061]}},{"type":"Feature","properties":{"amenity":"drinking_water","seasonal":"summer","osm":"node/9670499907"},"geometry":{"type":"Point","coordinates":[11.22464,47.30282]}},{"type":"Feature","properties":{"amenity":"drinking_water","osm":"node/9675190598"},"geometry":{"type":"Point","coordinates":[11.2898,47.28633]}},{"type":"Feature","properties":{"waterway":"waterfall","osm":"node/9675321699"},"geometry":{"type":"Point","coordinates":[11.28242,47.29137]}},{"type":"Feature","properties":{"amenity":"drinking_water","osm":"node/9741949161"},"geometry":{"type":"Point","coordinates":[11.23327,47.27031]}},{"type":"Feature","properties":{"amenity":"drinking_water","osm":"node/9759192130"},"geometry":{"type":"Point","coordinates":[10.98925,47.3209]}},{"type":"Feature","properties":{"seasonal":"yes","waterway":"waterfall","osm":"node/9760730477"},"geometry":{"type":"Point","coordinates":[11.45146,47.33557]}},{"type":"Feature","properties":{"amenity":"shelter","capacity":"2","description":"Winternotunterkunft","osm":"node/9760818972"},"geometry":{"type":"Point","coordinates":[11.47359,47.32542]}},{"type":"Feature","properties":{"tourism":"viewpoint","direction":"S","osm":"node/9799630094"},"geometry":{"type":"Point","coordinates":[11.37616,47.29957]}},{"type":"Feature","properties":{"amenity":"drinking_water","osm":"node/9799630098"},"geometry":{"type":"Point","coordinates":[11.35618,47.29865]}},{"type":"Feature","properties":{"amenity":"drinking_water","osm":"node/9820608812"},"geometry":{"type":"Point","coordinates":[11.53021,47.25772]}},{"type":"Feature","properties":{"amenity":"drinking_water","osm":"node/9820621554"},"geometry":{"type":"Point","coordinates":[11.56167,47.18628]}},{"type":"Feature","properties":{"amenity":"drinking_water","osm":"node/9820621613"},"geometry":{"type":"Point","coordinates":[11.48782,47.23069]}},{"type":"Feature","properties":{"amenity":"drinking_water","osm":"node/9828268884"},"geometry":{"type":"Point","coordinates":[10.98443,47.30396]}},{"type":"Feature","properties":{"amenity":"drinking_water","osm":"node/9828268885"},"geometry":{"type":"Point","coordinates":[10.98481,47.30468]}},{"type":"Feature","properties":{"amenity":"drinking_water","osm":"node/9828268886"},"geometry":{"type":"Point","coordinates":[10.9845,47.295]}},{"type":"Feature","properties":{"amenity":"drinking_water","man_made":"water_tap","osm":"node/9831460720"},"geometry":{"type":"Point","coordinates":[11.43159,47.28386]}},{"type":"Feature","properties":{"amenity":"drinking_water","osm":"node/9842322468"},"geometry":{"type":"Point","coordinates":[11.02451,47.2137]}},{"type":"Feature","properties":{"amenity":"drinking_water","osm":"node/9842322469"},"geometry":{"type":"Point","coordinates":[11.02264,47.21339]}},{"type":"Feature","properties":{"waterway":"waterfall","osm":"node/9842334793"},"geometry":{"type":"Point","coordinates":[11.02385,47.18046]}},{"type":"Feature","properties":{"waterway":"waterfall","osm":"node/9842334808"},"geometry":{"type":"Point","coordinates":[11.02276,47.17892]}},{"type":"Feature","properties":{"tourism":"viewpoint","ele":"2215","osm":"node/9842346954"},"geometry":{"type":"Point","coordinates":[11.00965,47.20196]}},{"type":"Feature","properties":{"tourism":"viewpoint","osm":"node/9848744655"},"geometry":{"type":"Point","coordinates":[11.34654,47.27913]}},{"type":"Feature","properties":{"amenity":"drinking_water","operator":"Alpengasthof Rauschbrunnen","description":"Saisonaler Brunnen (während Saison des Gasthof Rauschbrunnen)","access":"permissive","osm":"node/9848744660"},"geometry":{"type":"Point","coordinates":[11.34735,47.27923]}},{"type":"Feature","properties":{"amenity":"drinking_water","access":"yes","osm":"node/9858115380"},"geometry":{"type":"Point","coordinates":[11.36585,47.21943]}},{"type":"Feature","properties":{"tourism":"viewpoint","osm":"node/9864436910"},"geometry":{"type":"Point","coordinates":[11.34778,47.08951]}},{"type":"Feature","properties":{"amenity":"drinking_water","osm":"node/9864611541"},"geometry":{"type":"Point","coordinates":[11.5292,47.22288]}},{"type":"Feature","properties":{"tourism":"viewpoint","osm":"node/9866602874"},"geometry":{"type":"Point","coordinates":[11.13895,47.10649]}},{"type":"Feature","properties":{"amenity":"drinking_water","osm":"node/9870904076"},"geometry":{"type":"Point","coordinates":[11.50584,47.29645]}},{"type":"Feature","properties":{"amenity":"drinking_water","osm":"node/9870904082"},"geometry":{"type":"Point","coordinates":[11.51042,47.296]}},{"type":"Feature","properties":{"amenity":"drinking_water","osm":"node/9875461830"},"geometry":{"type":"Point","coordinates":[11.43846,47.27171]}},{"type":"Feature","properties":{"amenity":"drinking_water","osm":"node/9879664985"},"geometry":{"type":"Point","coordinates":[11.48174,47.30032]}},{"type":"Feature","properties":{"amenity":"drinking_water","osm":"node/9893797169"},"geometry":{"type":"Point","coordinates":[11.44006,47.29294]}},{"type":"Feature","properties":{"amenity":"drinking_water","osm":"node/9908968609"},"geometry":{"type":"Point","coordinates":[10.96506,47.3052]}},{"type":"Feature","properties":{"amenity":"drinking_water","drinking_water":"yes","man_made":"water_tap","osm":"node/9929511632"},"geometry":{"type":"Point","coordinates":[11.39557,47.27008]}},{"type":"Feature","properties":{"amenity":"drinking_water","osm":"node/9955231713"},"geometry":{"type":"Point","coordinates":[11.43226,47.28168]}},{"type":"Feature","properties":{"tourism":"viewpoint","direction":"N","osm":"node/9978596728"},"geometry":{"type":"Point","coordinates":[11.32864,47.1565]}},{"type":"Feature","properties":{"tourism":"viewpoint","osm":"node/10006898596"},"geometry":{"type":"Point","coordinates":[11.2099,47.34089]}},{"type":"Feature","properties":{"amenity":"drinking_water","osm":"node/10008372064"},"geometry":{"type":"Point","coordinates":[11.20156,47.30089]}},{"type":"Feature","properties":{"amenity":"drinking_water","access":"yes","osm":"node/10021692718"},"geometry":{"type":"Point","coordinates":[11.18145,47.32986]}},{"type":"Feature","properties":{"tourism":"viewpoint","direction":"273","osm":"node/10039215105"},"geometry":{"type":"Point","coordinates":[11.30758,47.14648]}},{"type":"Feature","properties":{"amenity":"drinking_water","osm":"node/10084801663"},"geometry":{"type":"Point","coordinates":[11.52992,47.11685]}},{"type":"Feature","properties":{"amenity":"drinking_water","osm":"node/10084801668"},"geometry":{"type":"Point","coordinates":[11.53413,47.11108]}},{"type":"Feature","properties":{"summit:cross":"yes","natural":"peak","osm":"node/10084801669"},"geometry":{"type":"Point","coordinates":[11.53251,47.1098]}},{"type":"Feature","properties":{"description":"Gipfelkreuz Bentlstein/Naviser Kreuz von Jungbauernschaft/Landjugend Innernavis 2004 aufgestellt","summit:cross":"yes","natural":"peak","osm":"node/10084801670"},"geometry":{"type":"Point","coordinates":[11.52385,47.10479]}},{"type":"Feature","properties":{"amenity":"drinking_water","osm":"node/10098274326"},"geometry":{"type":"Point","coordinates":[10.98524,47.28485]}},{"type":"Feature","properties":{"amenity":"drinking_water","osm":"node/10103561837"},"geometry":{"type":"Point","coordinates":[11.25006,47.27165]}},{"type":"Feature","properties":{"amenity":"drinking_water","osm":"node/10116915837"},"geometry":{"type":"Point","coordinates":[11.43025,47.18554]}},{"type":"Feature","properties":{"amenity":"drinking_water","osm":"node/10121832944"},"geometry":{"type":"Point","coordinates":[11.28034,47.30357]}},{"type":"Feature","properties":{"amenity":"drinking_water","seasonal":"summer","osm":"node/10121832949"},"geometry":{"type":"Point","coordinates":[11.29054,47.30899]}},{"type":"Feature","properties":{"amenity":"drinking_water","osm":"node/10125153769"},"geometry":{"type":"Point","coordinates":[11.21291,47.30054]}},{"type":"Feature","properties":{"waterway":"waterfall","osm":"node/10144722434"},"geometry":{"type":"Point","coordinates":[11.27264,47.30204]}},{"type":"Feature","properties":{"tourism":"viewpoint","osm":"node/10175220585"},"geometry":{"type":"Point","coordinates":[11.38375,47.31188]}},{"type":"Feature","properties":{"tourism":"viewpoint","direction":"W","osm":"node/10184253763"},"geometry":{"type":"Point","coordinates":[11.21465,47.3079]}},{"type":"Feature","properties":{"amenity":"drinking_water","seasonal":"summer","osm":"node/10184253777"},"geometry":{"type":"Point","coordinates":[11.22836,47.31219]}},{"type":"Feature","properties":{"amenity":"drinking_water","osm":"node/10188768455"},"geometry":{"type":"Point","coordinates":[11.14705,47.31098]}},{"type":"Feature","properties":{"amenity":"drinking_water","osm":"node/10204358072"},"geometry":{"type":"Point","coordinates":[11.40572,47.29678]}},{"type":"Feature","properties":{"amenity":"drinking_water","osm":"node/10313766860"},"geometry":{"type":"Point","coordinates":[11.36204,47.17233]}},{"type":"Feature","properties":{"tourism":"viewpoint","osm":"node/10314272334"},"geometry":{"type":"Point","coordinates":[11.39972,47.24688]}},{"type":"Feature","properties":{"amenity":"drinking_water","osm":"node/10566513057"},"geometry":{"type":"Point","coordinates":[11.46559,47.29527]}},{"type":"Feature","properties":{"waterway":"waterfall","osm":"node/10681929939"},"geometry":{"type":"Point","coordinates":[11.32217,47.28741]}},{"type":"Feature","properties":{"waterway":"waterfall","osm":"node/10746894661"},"geometry":{"type":"Point","coordinates":[11.27503,47.08424]}},{"type":"Feature","properties":{"waterway":"waterfall","osm":"node/10746894662"},"geometry":{"type":"Point","coordinates":[11.2742,47.08388]}},{"type":"Feature","properties":{"waterway":"waterfall","osm":"node/10746894663"},"geometry":{"type":"Point","coordinates":[11.27365,47.08363]}},{"type":"Feature","properties":{"waterway":"waterfall","osm":"node/10746894664"},"geometry":{"type":"Point","coordinates":[11.27392,47.08375]}},{"type":"Feature","properties":{"waterway":"waterfall","osm":"node/10746894665"},"geometry":{"type":"Point","coordinates":[11.27565,47.08557]}},{"type":"Feature","properties":{"waterway":"waterfall","osm":"node/10746894666"},"geometry":{"type":"Point","coordinates":[11.27553,47.08611]}},{"type":"Feature","properties":{"waterway":"waterfall","osm":"node/10746894667"},"geometry":{"type":"Point","coordinates":[11.27598,47.08698]}},{"type":"Feature","properties":{"waterway":"waterfall","osm":"node/10746894668"},"geometry":{"type":"Point","coordinates":[11.27639,47.08721]}},{"type":"Feature","properties":{"waterway":"waterfall","osm":"node/10746894669"},"geometry":{"type":"Point","coordinates":[11.27682,47.08742]}},{"type":"Feature","properties":{"waterway":"waterfall","osm":"node/10746894670"},"geometry":{"type":"Point","coordinates":[11.27717,47.08769]}},{"type":"Feature","properties":{"waterway":"waterfall","osm":"node/10746894672"},"geometry":{"type":"Point","coordinates":[11.27741,47.08875]}},{"type":"Feature","properties":{"waterway":"waterfall","osm":"node/10746894673"},"geometry":{"type":"Point","coordinates":[11.27847,47.08979]}},{"type":"Feature","properties":{"waterway":"waterfall","osm":"node/10746894674"},"geometry":{"type":"Point","coordinates":[11.27879,47.08993]}},{"type":"Feature","properties":{"waterway":"waterfall","osm":"node/10746894675"},"geometry":{"type":"Point","coordinates":[11.27912,47.09008]}},{"type":"Feature","properties":{"waterway":"waterfall","osm":"node/10746894676"},"geometry":{"type":"Point","coordinates":[11.27942,47.09025]}},{"type":"Feature","properties":{"waterway":"waterfall","osm":"node/10746894677"},"geometry":{"type":"Point","coordinates":[11.27978,47.09093]}},{"type":"Feature","properties":{"waterway":"waterfall","osm":"node/10746894678"},"geometry":{"type":"Point","coordinates":[11.2798,47.0912]}},{"type":"Feature","properties":{"waterway":"waterfall","osm":"node/10746894679"},"geometry":{"type":"Point","coordinates":[11.28006,47.09195]}},{"type":"Feature","properties":{"amenity":"drinking_water","osm":"node/10889967119"},"geometry":{"type":"Point","coordinates":[11.38745,47.27148]}},{"type":"Feature","properties":{"amenity":"shelter","osm":"node/10896591672"},"geometry":{"type":"Point","coordinates":[11.40178,47.23098]}},{"type":"Feature","properties":{"amenity":"drinking_water","osm":"node/10916898068"},"geometry":{"type":"Point","coordinates":[11.5137,47.30159]}},{"type":"Feature","properties":{"amenity":"drinking_water","osm":"node/10935376264"},"geometry":{"type":"Point","coordinates":[11.41509,47.20474]}},{"type":"Feature","properties":{"amenity":"shelter","shelter_type":"gazebo","osm":"node/10937882331"},"geometry":{"type":"Point","coordinates":[11.31621,47.24912]}},{"type":"Feature","properties":{"amenity":"drinking_water","access":"yes","osm":"node/10960266862"},"geometry":{"type":"Point","coordinates":[11.5147,47.2865]}},{"type":"Feature","properties":{"amenity":"drinking_water","osm":"node/10960266863"},"geometry":{"type":"Point","coordinates":[11.51566,47.28438]}},{"type":"Feature","properties":{"amenity":"shelter","osm":"node/10983045614"},"geometry":{"type":"Point","coordinates":[11.45595,47.1386]}},{"type":"Feature","properties":{"tourism":"viewpoint","osm":"node/10988261979"},"geometry":{"type":"Point","coordinates":[11.55628,47.31192]}},{"type":"Feature","properties":{"amenity":"drinking_water","access":"yes","man_made":"water_tap","osm":"node/11021298910"},"geometry":{"type":"Point","coordinates":[11.389,47.25721]}},{"type":"Feature","properties":{"tourism":"viewpoint","direction":"S","osm":"node/11034922973"},"geometry":{"type":"Point","coordinates":[11.39716,47.28213]}},{"type":"Feature","properties":{"amenity":"drinking_water","osm":"node/11037917815"},"geometry":{"type":"Point","coordinates":[11.39921,47.258]}},{"type":"Feature","properties":{"amenity":"drinking_water","osm":"node/11043432640"},"geometry":{"type":"Point","coordinates":[11.42046,47.26718]}},{"type":"Feature","properties":{"amenity":"drinking_water","osm":"node/11051609529"},"geometry":{"type":"Point","coordinates":[11.41361,47.28416]}},{"type":"Feature","properties":{"amenity":"drinking_water","osm":"node/11076374791"},"geometry":{"type":"Point","coordinates":[11.51734,47.31522]}},{"type":"Feature","properties":{"amenity":"drinking_water","osm":"node/11077411653"},"geometry":{"type":"Point","coordinates":[11.55776,47.30384]}},{"type":"Feature","properties":{"amenity":"drinking_water","osm":"node/11101609166"},"geometry":{"type":"Point","coordinates":[11.15042,47.19813]}},{"type":"Feature","properties":{"amenity":"drinking_water","osm":"node/11101609171"},"geometry":{"type":"Point","coordinates":[11.1498,47.20505]}},{"type":"Feature","properties":{"tourism":"viewpoint","direction":"325","osm":"node/11104022890"},"geometry":{"type":"Point","coordinates":[11.42553,47.25593]}},{"type":"Feature","properties":{"tourism":"viewpoint","osm":"node/11107030143"},"geometry":{"type":"Point","coordinates":[11.49225,47.21502]}},{"type":"Feature","properties":{"tourism":"viewpoint","osm":"node/11123717063"},"geometry":{"type":"Point","coordinates":[11.59387,47.15134]}},{"type":"Feature","properties":{"amenity":"drinking_water","osm":"node/11123732879"},"geometry":{"type":"Point","coordinates":[11.15674,47.19576]}},{"type":"Feature","properties":{"amenity":"drinking_water","osm":"node/11126119094"},"geometry":{"type":"Point","coordinates":[11.48774,47.2516]}},{"type":"Feature","properties":{"amenity":"drinking_water","osm":"node/11140307871"},"geometry":{"type":"Point","coordinates":[11.34609,47.33021]}},{"type":"Feature","properties":{"amenity":"drinking_water","osm":"node/11144599980"},"geometry":{"type":"Point","coordinates":[11.24386,47.27282]}},{"type":"Feature","properties":{"amenity":"drinking_water","osm":"node/11146782181"},"geometry":{"type":"Point","coordinates":[11.19001,47.3221]}},{"type":"Feature","properties":{"amenity":"drinking_water","osm":"node/11196035736"},"geometry":{"type":"Point","coordinates":[11.00737,47.31858]}},{"type":"Feature","properties":{"amenity":"drinking_water","osm":"node/11237114970"},"geometry":{"type":"Point","coordinates":[11.01993,47.15806]}},{"type":"Feature","properties":{"waterway":"waterfall","osm":"node/11304380607"},"geometry":{"type":"Point","coordinates":[10.97119,47.2259]}},{"type":"Feature","properties":{"amenity":"drinking_water","osm":"node/11311580483"},"geometry":{"type":"Point","coordinates":[11.27326,47.25409]}},{"type":"Feature","properties":{"amenity":"drinking_water","osm":"node/11401082987"},"geometry":{"type":"Point","coordinates":[11.12483,47.35947]}},{"type":"Feature","properties":{"amenity":"drinking_water","osm":"node/11642184828"},"geometry":{"type":"Point","coordinates":[11.42483,47.24244]}},{"type":"Feature","properties":{"waterway":"waterfall","osm":"node/11704837416"},"geometry":{"type":"Point","coordinates":[11.23725,47.29491]}},{"type":"Feature","properties":{"tourism":"viewpoint","direction":"340","osm":"node/11704837417"},"geometry":{"type":"Point","coordinates":[11.24044,47.28448]}},{"type":"Feature","properties":{"amenity":"drinking_water","osm":"node/11711535011"},"geometry":{"type":"Point","coordinates":[11.3072,47.10992]}},{"type":"Feature","properties":{"waterway":"waterfall","osm":"node/11728160114"},"geometry":{"type":"Point","coordinates":[11.14128,47.11515]}},{"type":"Feature","properties":{"amenity":"shelter","osm":"node/11762121485"},"geometry":{"type":"Point","coordinates":[11.4037,47.18587]}},{"type":"Feature","properties":{"amenity":"drinking_water","osm":"node/11776427012"},"geometry":{"type":"Point","coordinates":[11.51882,47.30833]}},{"type":"Feature","properties":{"amenity":"drinking_water","osm":"node/11776450764"},"geometry":{"type":"Point","coordinates":[11.26247,47.26654]}},{"type":"Feature","properties":{"amenity":"drinking_water","osm":"node/11779072936"},"geometry":{"type":"Point","coordinates":[11.56652,47.28757]}},{"type":"Feature","properties":{"amenity":"drinking_water","osm":"node/11779275966"},"geometry":{"type":"Point","coordinates":[11.5194,47.3087]}},{"type":"Feature","properties":{"amenity":"drinking_water","osm":"node/11809117227"},"geometry":{"type":"Point","coordinates":[11.30966,47.10993]}},{"type":"Feature","properties":{"amenity":"drinking_water","osm":"node/11826191636"},"geometry":{"type":"Point","coordinates":[11.51752,47.26234]}},{"type":"Feature","properties":{"amenity":"drinking_water","osm":"node/11833682810"},"geometry":{"type":"Point","coordinates":[11.46375,47.26154]}},{"type":"Feature","properties":{"amenity":"drinking_water","osm":"node/11833687791"},"geometry":{"type":"Point","coordinates":[11.46633,47.26281]}},{"type":"Feature","properties":{"amenity":"drinking_water","operator":"Gemeinde Wildermieming","description":"Nur im Sommer","access":"yes","osm":"node/11840737552"},"geometry":{"type":"Point","coordinates":[10.99515,47.32]}},{"type":"Feature","properties":{"tourism":"viewpoint","direction":"N","osm":"node/11841598985"},"geometry":{"type":"Point","coordinates":[11.30789,47.10671]}},{"type":"Feature","properties":{"amenity":"drinking_water","osm":"node/11869163965"},"geometry":{"type":"Point","coordinates":[11.3347,47.12761]}},{"type":"Feature","properties":{"amenity":"drinking_water","osm":"node/11869188054"},"geometry":{"type":"Point","coordinates":[11.28017,47.10095]}},{"type":"Feature","properties":{"amenity":"drinking_water","osm":"node/11897326324"},"geometry":{"type":"Point","coordinates":[11.5001,47.28926]}},{"type":"Feature","properties":{"amenity":"drinking_water","access":"yes","osm":"node/11904739679"},"geometry":{"type":"Point","coordinates":[11.08257,47.31505]}},{"type":"Feature","properties":{"amenity":"drinking_water","osm":"node/11935491209"},"geometry":{"type":"Point","coordinates":[11.41022,47.19646]}},{"type":"Feature","properties":{"tourism":"viewpoint","direction":"NE-SW","osm":"node/11952307364"},"geometry":{"type":"Point","coordinates":[11.25134,47.27635]}},{"type":"Feature","properties":{"amenity":"drinking_water","osm":"node/11963660278"},"geometry":{"type":"Point","coordinates":[11.39854,47.25824]}},{"type":"Feature","properties":{"amenity":"drinking_water","osm":"node/11985963317"},"geometry":{"type":"Point","coordinates":[11.26774,47.2673]}},{"type":"Feature","properties":{"amenity":"shelter","osm":"node/12025587767"},"geometry":{"type":"Point","coordinates":[11.59757,47.29855]}},{"type":"Feature","properties":{"amenity":"drinking_water","description":"Trinkwasserbrunnen mit Bergwasser","access":"yes","check_date":"2026-02-26","man_made":"water_tap","osm":"node/12081625374"},"geometry":{"type":"Point","coordinates":[11.1873,47.32882]}},{"type":"Feature","properties":{"tourism":"viewpoint","description":"Im Süden sind hinter ein paar hohen Bäumen die Alpen zu sehen.","check_date":"2024-07-29","direction":"190","osm":"node/12081659059"},"geometry":{"type":"Point","coordinates":[11.15058,47.32441]}},{"type":"Feature","properties":{"waterway":"waterfall","osm":"node/12092459836"},"geometry":{"type":"Point","coordinates":[11.53029,47.33078]}},{"type":"Feature","properties":{"waterway":"waterfall","osm":"node/12092459837"},"geometry":{"type":"Point","coordinates":[11.53035,47.3305]}},{"type":"Feature","properties":{"amenity":"drinking_water","osm":"node/12096023665"},"geometry":{"type":"Point","coordinates":[11.35169,47.20358]}},{"type":"Feature","properties":{"tourism":"viewpoint","direction":"E-S","osm":"node/12096023670"},"geometry":{"type":"Point","coordinates":[11.34019,47.1987]}},{"type":"Feature","properties":{"amenity":"drinking_water","osm":"node/12096870701"},"geometry":{"type":"Point","coordinates":[11.39641,47.27098]}},{"type":"Feature","properties":{"amenity":"drinking_water","access":"yes","osm":"node/12116445770"},"geometry":{"type":"Point","coordinates":[11.40708,47.27471]}},{"type":"Feature","properties":{"amenity":"drinking_water","osm":"node/12118941961"},"geometry":{"type":"Point","coordinates":[11.60064,47.29283]}},{"type":"Feature","properties":{"amenity":"drinking_water","osm":"node/12119175623"},"geometry":{"type":"Point","coordinates":[11.40798,47.23221]}},{"type":"Feature","properties":{"tourism":"viewpoint","osm":"node/12128966880"},"geometry":{"type":"Point","coordinates":[11.38139,47.31228]}},{"type":"Feature","properties":{"amenity":"drinking_water","osm":"node/12150172679"},"geometry":{"type":"Point","coordinates":[11.37352,47.21518]}},{"type":"Feature","properties":{"amenity":"drinking_water","osm":"node/12158236638"},"geometry":{"type":"Point","coordinates":[11.52116,47.30783]}},{"type":"Feature","properties":{"amenity":"drinking_water","osm":"node/12164892689"},"geometry":{"type":"Point","coordinates":[11.33279,47.17319]}},{"type":"Feature","properties":{"amenity":"drinking_water","osm":"node/12166854803"},"geometry":{"type":"Point","coordinates":[11.56426,47.2869]}},{"type":"Feature","properties":{"amenity":"drinking_water","osm":"node/12166854820"},"geometry":{"type":"Point","coordinates":[11.52276,47.27313]}},{"type":"Feature","properties":{"amenity":"drinking_water","osm":"node/12167450508"},"geometry":{"type":"Point","coordinates":[11.35627,47.25391]}},{"type":"Feature","properties":{"amenity":"drinking_water","drinking_water":"yes","osm":"node/12167999494"},"geometry":{"type":"Point","coordinates":[11.50033,47.29883]}},{"type":"Feature","properties":{"amenity":"drinking_water","osm":"node/12170819117"},"geometry":{"type":"Point","coordinates":[11.40672,47.25903]}},{"type":"Feature","properties":{"amenity":"drinking_water","osm":"node/12176683056"},"geometry":{"type":"Point","coordinates":[11.40101,47.09161]}},{"type":"Feature","properties":{"amenity":"drinking_water","osm":"node/12178142274"},"geometry":{"type":"Point","coordinates":[10.98245,47.27915]}},{"type":"Feature","properties":{"amenity":"drinking_water","operator":"Marienbrunnen","osm":"node/12178238351"},"geometry":{"type":"Point","coordinates":[11.03646,47.28702]}},{"type":"Feature","properties":{"tourism":"viewpoint","direction":"45-270","osm":"node/12182864187"},"geometry":{"type":"Point","coordinates":[11.46814,47.30105]}},{"type":"Feature","properties":{"tourism":"viewpoint","direction":"247-90","osm":"node/12182970709"},"geometry":{"type":"Point","coordinates":[11.03468,47.2821]}},{"type":"Feature","properties":{"waterway":"waterfall","osm":"node/12192630855"},"geometry":{"type":"Point","coordinates":[11.56527,47.28261]}},{"type":"Feature","properties":{"amenity":"drinking_water","drinking_water":"yes","man_made":"water_tap","osm":"node/12195471072"},"geometry":{"type":"Point","coordinates":[11.43579,47.27496]}},{"type":"Feature","properties":{"tourism":"viewpoint","direction":"0-360","osm":"node/12200098407"},"geometry":{"type":"Point","coordinates":[11.3922,47.27034]}},{"type":"Feature","properties":{"waterway":"waterfall","osm":"node/12209931391"},"geometry":{"type":"Point","coordinates":[11.12367,47.28841]}},{"type":"Feature","properties":{"amenity":"drinking_water","osm":"node/12209931590"},"geometry":{"type":"Point","coordinates":[11.21358,47.27653]}},{"type":"Feature","properties":{"amenity":"drinking_water","man_made":"water_tap","osm":"node/12212753109"},"geometry":{"type":"Point","coordinates":[11.32982,47.25215]}},{"type":"Feature","properties":{"amenity":"drinking_water","osm":"node/12212753370"},"geometry":{"type":"Point","coordinates":[11.32392,47.25085]}},{"type":"Feature","properties":{"tourism":"viewpoint","osm":"node/12215596416"},"geometry":{"type":"Point","coordinates":[11.02149,47.17849]}},{"type":"Feature","properties":{"amenity":"drinking_water","osm":"node/12227550302"},"geometry":{"type":"Point","coordinates":[11.39658,47.27019]}},{"type":"Feature","properties":{"amenity":"drinking_water","osm":"node/12231205702"},"geometry":{"type":"Point","coordinates":[11.38501,47.26439]}},{"type":"Feature","properties":{"tourism":"viewpoint","direction":"315-45","osm":"node/12232870140"},"geometry":{"type":"Point","coordinates":[11.37306,47.1474]}},{"type":"Feature","properties":{"amenity":"drinking_water","osm":"node/12233573793"},"geometry":{"type":"Point","coordinates":[11.56376,47.30195]}},{"type":"Feature","properties":{"ele":"2182","natural":"saddle","osm":"node/12248553653"},"geometry":{"type":"Point","coordinates":[11.30581,47.14291]}},{"type":"Feature","properties":{"amenity":"drinking_water","osm":"node/12254900249"},"geometry":{"type":"Point","coordinates":[11.53653,47.08088]}},{"type":"Feature","properties":{"amenity":"drinking_water","drinking_water":"yes","osm":"node/12259707679"},"geometry":{"type":"Point","coordinates":[11.58489,47.2967]}},{"type":"Feature","properties":{"amenity":"drinking_water","osm":"node/12259707690"},"geometry":{"type":"Point","coordinates":[11.5692,47.28501]}},{"type":"Feature","properties":{"amenity":"drinking_water","osm":"node/12259707691"},"geometry":{"type":"Point","coordinates":[11.56889,47.28537]}},{"type":"Feature","properties":{"amenity":"drinking_water","osm":"node/12271527536"},"geometry":{"type":"Point","coordinates":[11.45963,47.28697]}},{"type":"Feature","properties":{"tourism":"viewpoint","direction":"225-67","osm":"node/12277359406"},"geometry":{"type":"Point","coordinates":[11.43598,47.25808]}},{"type":"Feature","properties":{"amenity":"drinking_water","osm":"node/12278059000"},"geometry":{"type":"Point","coordinates":[11.19698,47.3265]}},{"type":"Feature","properties":{"tourism":"viewpoint","direction":"225-45","osm":"node/12279561375"},"geometry":{"type":"Point","coordinates":[11.4515,47.21025]}},{"type":"Feature","properties":{"amenity":"drinking_water","osm":"node/12294818045"},"geometry":{"type":"Point","coordinates":[11.53402,47.13329]}},{"type":"Feature","properties":{"amenity":"drinking_water","osm":"node/12322962801"},"geometry":{"type":"Point","coordinates":[11.50146,47.13183]}},{"type":"Feature","properties":{"amenity":"drinking_water","osm":"node/12324607038"},"geometry":{"type":"Point","coordinates":[11.5281,47.2991]}},{"type":"Feature","properties":{"amenity":"drinking_water","osm":"node/12328538971"},"geometry":{"type":"Point","coordinates":[11.33228,47.25492]}},{"type":"Feature","properties":{"amenity":"drinking_water","osm":"node/12333384776"},"geometry":{"type":"Point","coordinates":[11.41456,47.28365]}},{"type":"Feature","properties":{"amenity":"drinking_water","access":"yes","osm":"node/12334404305"},"geometry":{"type":"Point","coordinates":[11.39208,47.27096]}},{"type":"Feature","properties":{"amenity":"shelter","shelter_type":"public_transport","osm":"node/12373593719"},"geometry":{"type":"Point","coordinates":[11.30292,47.19383]}},{"type":"Feature","properties":{"amenity":"drinking_water","osm":"node/12387002584"},"geometry":{"type":"Point","coordinates":[11.47908,47.29152]}},{"type":"Feature","properties":{"amenity":"drinking_water","access":"yes","osm":"node/12394506565"},"geometry":{"type":"Point","coordinates":[11.38145,47.26054]}},{"type":"Feature","properties":{"amenity":"drinking_water","man_made":"water_tap","osm":"node/12394514832"},"geometry":{"type":"Point","coordinates":[11.39596,47.26995]}},{"type":"Feature","properties":{"amenity":"drinking_water","osm":"node/12423185363"},"geometry":{"type":"Point","coordinates":[11.49871,47.28583]}},{"type":"Feature","properties":{"amenity":"drinking_water","osm":"node/12480325372"},"geometry":{"type":"Point","coordinates":[11.28345,47.09891]}},{"type":"Feature","properties":{"amenity":"drinking_water","access":"yes","osm":"node/12510882102"},"geometry":{"type":"Point","coordinates":[11.3771,47.26139]}},{"type":"Feature","properties":{"amenity":"drinking_water","osm":"node/12610278991"},"geometry":{"type":"Point","coordinates":[11.44679,47.28584]}},{"type":"Feature","properties":{"amenity":"drinking_water","osm":"node/12650716515"},"geometry":{"type":"Point","coordinates":[11.17746,47.29006]}},{"type":"Feature","properties":{"tourism":"viewpoint","direction":"E-N","osm":"node/12691507251"},"geometry":{"type":"Point","coordinates":[11.28108,47.18295]}},{"type":"Feature","properties":{"amenity":"shelter","shelter_type":"public_transport","osm":"node/12758346747"},"geometry":{"type":"Point","coordinates":[11.46686,47.11835]}},{"type":"Feature","properties":{"amenity":"drinking_water","access":"yes","osm":"node/12771034955"},"geometry":{"type":"Point","coordinates":[11.45564,47.28983]}},{"type":"Feature","properties":{"amenity":"drinking_water","access":"private","osm":"node/12773145001"},"geometry":{"type":"Point","coordinates":[11.46899,47.32913]}},{"type":"Feature","properties":{"tourism":"viewpoint","osm":"node/12836560207"},"geometry":{"type":"Point","coordinates":[11.40463,47.25197]}},{"type":"Feature","properties":{"amenity":"drinking_water","osm":"node/12847522865"},"geometry":{"type":"Point","coordinates":[11.35844,47.16392]}},{"type":"Feature","properties":{"amenity":"drinking_water","osm":"node/12915012917"},"geometry":{"type":"Point","coordinates":[11.41079,47.22755]}},{"type":"Feature","properties":{"amenity":"shelter","shelter_type":"picnic_shelter","osm":"node/12921136020"},"geometry":{"type":"Point","coordinates":[11.3793,47.26773]}},{"type":"Feature","properties":{"amenity":"drinking_water","osm":"node/12923838530"},"geometry":{"type":"Point","coordinates":[11.38468,47.26007]}},{"type":"Feature","properties":{"tourism":"viewpoint","osm":"node/12927313816"},"geometry":{"type":"Point","coordinates":[11.15033,47.19321]}},{"type":"Feature","properties":{"tourism":"viewpoint","description":"Blick auf Europabrücke, Serles und Habicht","direction":"SW","osm":"node/12942149058"},"geometry":{"type":"Point","coordinates":[11.40465,47.20653]}},{"type":"Feature","properties":{"amenity":"drinking_water","osm":"node/12943277496"},"geometry":{"type":"Point","coordinates":[11.24493,47.23743]}},{"type":"Feature","properties":{"amenity":"drinking_water","access":"yes","osm":"node/12950576120"},"geometry":{"type":"Point","coordinates":[11.49848,47.30137]}},{"type":"Feature","properties":{"amenity":"drinking_water","osm":"node/12972089978"},"geometry":{"type":"Point","coordinates":[11.48311,47.26126]}},{"type":"Feature","properties":{"amenity":"drinking_water","osm":"node/13007249427"},"geometry":{"type":"Point","coordinates":[11.53848,47.31306]}},{"type":"Feature","properties":{"amenity":"drinking_water","access":"yes","osm":"node/13015807591"},"geometry":{"type":"Point","coordinates":[11.39213,47.26789]}},{"type":"Feature","properties":{"amenity":"drinking_water","osm":"node/13026597700"},"geometry":{"type":"Point","coordinates":[11.49964,47.25729]}},{"type":"Feature","properties":{"amenity":"drinking_water","osm":"node/13037156807"},"geometry":{"type":"Point","coordinates":[11.45279,47.20236]}},{"type":"Feature","properties":{"amenity":"drinking_water","osm":"node/13050118852"},"geometry":{"type":"Point","coordinates":[11.2576,47.28237]}},{"type":"Feature","properties":{"amenity":"drinking_water","osm":"node/13062307358"},"geometry":{"type":"Point","coordinates":[11.15033,47.19324]}},{"type":"Feature","properties":{"amenity":"drinking_water","osm":"node/13074876333"},"geometry":{"type":"Point","coordinates":[11.40968,47.25523]}},{"type":"Feature","properties":{"amenity":"drinking_water","operator":"Landesverband der Tiroler Pfadfinder und Pfadfinderinnen","access":"private","osm":"node/13081410421"},"geometry":{"type":"Point","coordinates":[11.43158,47.22274]}},{"type":"Feature","properties":{"amenity":"drinking_water","osm":"node/13081410422"},"geometry":{"type":"Point","coordinates":[11.43027,47.22238]}},{"type":"Feature","properties":{"amenity":"drinking_water","osm":"node/13085199609"},"geometry":{"type":"Point","coordinates":[11.55783,47.27245]}},{"type":"Feature","properties":{"natural":"saddle","osm":"node/13112040458"},"geometry":{"type":"Point","coordinates":[11.53092,47.19905]}},{"type":"Feature","properties":{"amenity":"drinking_water","osm":"node/13112413906"},"geometry":{"type":"Point","coordinates":[11.18899,47.32872]}},{"type":"Feature","properties":{"amenity":"drinking_water","seasonal":"yes","osm":"node/13130485952"},"geometry":{"type":"Point","coordinates":[11.51285,47.26411]}},{"type":"Feature","properties":{"amenity":"drinking_water","osm":"node/13136767171"},"geometry":{"type":"Point","coordinates":[11.43562,47.18533]}},{"type":"Feature","properties":{"amenity":"drinking_water","man_made":"water_tap","osm":"node/13167436229"},"geometry":{"type":"Point","coordinates":[11.16779,47.27794]}},{"type":"Feature","properties":{"amenity":"drinking_water","access":"yes","drinking_water":"yes","man_made":"drinking_fountain","osm":"node/13173435721"},"geometry":{"type":"Point","coordinates":[11.14107,47.31353]}},{"type":"Feature","properties":{"amenity":"drinking_water","osm":"node/13187894688"},"geometry":{"type":"Point","coordinates":[11.45885,47.28706]}},{"type":"Feature","properties":{"amenity":"drinking_water","osm":"node/13308963943"},"geometry":{"type":"Point","coordinates":[11.18082,47.21935]}},{"type":"Feature","properties":{"amenity":"drinking_water","osm":"node/13308963944"},"geometry":{"type":"Point","coordinates":[11.18031,47.21915]}},{"type":"Feature","properties":{"amenity":"drinking_water","osm":"node/13352828778"},"geometry":{"type":"Point","coordinates":[11.325,47.2377]}},{"type":"Feature","properties":{"tourism":"viewpoint","osm":"node/13409290239"},"geometry":{"type":"Point","coordinates":[11.40397,47.24409]}},{"type":"Feature","properties":{"amenity":"drinking_water","osm":"node/13514357128"},"geometry":{"type":"Point","coordinates":[11.50675,47.2911]}},{"type":"Feature","properties":{"amenity":"drinking_water","osm":"node/13514372629"},"geometry":{"type":"Point","coordinates":[11.50623,47.29451]}},{"type":"Feature","properties":{"tourism":"viewpoint","osm":"node/13516687394"},"geometry":{"type":"Point","coordinates":[11.3716,47.26596]}},{"type":"Feature","properties":{"amenity":"drinking_water","access":"yes","osm":"node/13525438693"},"geometry":{"type":"Point","coordinates":[11.15043,47.2812]}},{"type":"Feature","properties":{"tourism":"viewpoint","description":"Großes Holzherz mit Aussicht ins Inntal Richtung Innsbruck","osm":"node/13572778391"},"geometry":{"type":"Point","coordinates":[10.99892,47.31571]}},{"type":"Feature","properties":{"amenity":"drinking_water","osm":"node/13669733767"},"geometry":{"type":"Point","coordinates":[11.46765,47.26378]}},{"type":"Feature","properties":{"amenity":"drinking_water","osm":"node/13675743056"},"geometry":{"type":"Point","coordinates":[11.48935,47.24315]}},{"type":"Feature","properties":{"amenity":"drinking_water","osm":"node/13704420038"},"geometry":{"type":"Point","coordinates":[11.4059,47.26724]}},{"type":"Feature","properties":{"amenity":"drinking_water","osm":"node/13723669399"},"geometry":{"type":"Point","coordinates":[11.37887,47.29247]}},{"type":"Feature","properties":{"tourism":"viewpoint","osm":"node/13726163983"},"geometry":{"type":"Point","coordinates":[11.39688,47.28231]}},{"type":"Feature","properties":{"tourism":"viewpoint","direction":"NNW","osm":"node/13726189355"},"geometry":{"type":"Point","coordinates":[11.39785,47.2825]}},{"type":"Feature","properties":{"waterway":"waterfall","osm":"node/13750252447"},"geometry":{"type":"Point","coordinates":[11.39137,47.27764]}},{"type":"Feature","properties":{"amenity":"drinking_water","osm":"node/13781631451"},"geometry":{"type":"Point","coordinates":[11.42381,47.27084]}},{"type":"Feature","properties":{"amenity":"drinking_water","osm":"node/13785685793"},"geometry":{"type":"Point","coordinates":[11.5199,47.29296]}},{"type":"Feature","properties":{"amenity":"drinking_water","osm":"node/13813893033"},"geometry":{"type":"Point","coordinates":[11.29937,47.24596]}},{"type":"Feature","properties":{"amenity":"drinking_water","osm":"node/13873706822"},"geometry":{"type":"Point","coordinates":[11.54066,47.24307]}},{"type":"Feature","properties":{"amenity":"shelter","shelter_type":"changing_rooms","osm":"node/13885477960"},"geometry":{"type":"Point","coordinates":[11.44934,47.26602]}},{"type":"Feature","properties":{"amenity":"shelter","shelter_type":"changing_rooms","osm":"node/13885477961"},"geometry":{"type":"Point","coordinates":[11.44928,47.26593]}},{"type":"Feature","properties":{"amenity":"drinking_water","osm":"node/13895579233"},"geometry":{"type":"Point","coordinates":[11.54061,47.13069]}},{"type":"Feature","properties":{"amenity":"drinking_water","access":"yes","osm":"node/13897601444"},"geometry":{"type":"Point","coordinates":[11.39018,47.26764]}},{"type":"Feature","properties":{"amenity":"drinking_water","osm":"node/13929618370"},"geometry":{"type":"Point","coordinates":[11.50355,47.29638]}},{"type":"Feature","properties":{"amenity":"drinking_water","osm":"node/13935696830"},"geometry":{"type":"Point","coordinates":[11.20864,47.14309]}},{"type":"Feature","properties":{"amenity":"drinking_water","osm":"node/13935727671"},"geometry":{"type":"Point","coordinates":[11.20455,47.1682]}},{"type":"Feature","properties":{"amenity":"drinking_water","osm":"node/13956249015"},"geometry":{"type":"Point","coordinates":[11.44794,47.23748]}},{"type":"Feature","properties":{"amenity":"drinking_water","osm":"node/13972740289"},"geometry":{"type":"Point","coordinates":[11.0054,47.24913]}},{"type":"Feature","properties":{"amenity":"drinking_water","osm":"node/13972740300"},"geometry":{"type":"Point","coordinates":[11.01163,47.248]}},{"type":"Feature","properties":{"amenity":"drinking_water","osm":"node/13972762103"},"geometry":{"type":"Point","coordinates":[11.00494,47.24926]}},{"type":"Feature","properties":{"amenity":"drinking_water","osm":"node/13972762112"},"geometry":{"type":"Point","coordinates":[10.99489,47.27218]}},{"type":"Feature","properties":{"amenity":"drinking_water","osm":"node/14008080739"},"geometry":{"type":"Point","coordinates":[11.37047,47.25713]}},{"type":"Feature","properties":{"amenity":"shelter","shelter_type":"public_transport","wikidata":"Q111830158","osm":"way/103300816"},"geometry":{"type":"Point","coordinates":[11.32869,47.26957]}},{"type":"Feature","properties":{"amenity":"shelter","shelter_type":"public_transport","osm":"way/108043475"},"geometry":{"type":"Point","coordinates":[11.39897,47.28576]}},{"type":"Feature","properties":{"amenity":"shelter","osm":"way/111267168"},"geometry":{"type":"Point","coordinates":[11.41915,47.23849]}},{"type":"Feature","properties":{"amenity":"shelter","osm":"way/113748324"},"geometry":{"type":"Point","coordinates":[11.42382,47.24112]}},{"type":"Feature","properties":{"amenity":"shelter","osm":"way/113754714"},"geometry":{"type":"Point","coordinates":[11.43136,47.24459]}},{"type":"Feature","properties":{"amenity":"shelter","osm":"way/114327957"},"geometry":{"type":"Point","coordinates":[11.43506,47.24784]}},{"type":"Feature","properties":{"amenity":"shelter","shelter_type":"public_transport","osm":"way/117883682"},"geometry":{"type":"Point","coordinates":[11.50073,47.29581]}},{"type":"Feature","properties":{"amenity":"shelter","shelter_type":"public_transport","osm":"way/120448751"},"geometry":{"type":"Point","coordinates":[11.37844,47.23296]}},{"type":"Feature","properties":{"amenity":"shelter","shelter_type":"weather_shelter","osm":"way/121668943"},"geometry":{"type":"Point","coordinates":[11.55217,47.35358]}},{"type":"Feature","properties":{"amenity":"shelter","shelter_type":"weather_shelter","osm":"way/121668947"},"geometry":{"type":"Point","coordinates":[11.5523,47.35369]}},{"type":"Feature","properties":{"amenity":"shelter","shelter_type":"public_transport","osm":"way/128552330"},"geometry":{"type":"Point","coordinates":[11.41584,47.19352]}},{"type":"Feature","properties":{"amenity":"shelter","wikidata":"Q111830312","osm":"way/135551845"},"geometry":{"type":"Point","coordinates":[11.35343,47.26918]}},{"type":"Feature","properties":{"amenity":"shelter","shelter_type":"public_transport","osm":"way/140784874"},"geometry":{"type":"Point","coordinates":[11.32663,47.12189]}},{"type":"Feature","properties":{"amenity":"shelter","shelter_type":"public_transport","osm":"way/141885754"},"geometry":{"type":"Point","coordinates":[11.32109,47.12041]}},{"type":"Feature","properties":{"amenity":"shelter","shelter_type":"public_transport","osm":"way/142188386"},"geometry":{"type":"Point","coordinates":[11.31173,47.11405]}},{"type":"Feature","properties":{"amenity":"shelter","shelter_type":"public_transport","osm":"way/146537162"},"geometry":{"type":"Point","coordinates":[11.27013,47.08151]}},{"type":"Feature","properties":{"amenity":"shelter","shelter_type":"public_transport","osm":"way/165265848"},"geometry":{"type":"Point","coordinates":[11.08552,47.20919]}},{"type":"Feature","properties":{"amenity":"shelter","shelter_type":"public_transport","osm":"way/165461584"},"geometry":{"type":"Point","coordinates":[11.15029,47.28119]}},{"type":"Feature","properties":{"amenity":"shelter","shelter_type":"public_transport","osm":"way/168655854"},"geometry":{"type":"Point","coordinates":[11.18232,47.34808]}},{"type":"Feature","properties":{"amenity":"shelter","shelter_type":"public_transport","osm":"way/168655886"},"geometry":{"type":"Point","coordinates":[11.18226,47.34782]}},{"type":"Feature","properties":{"amenity":"shelter","shelter_type":"public_transport","osm":"way/168655960"},"geometry":{"type":"Point","coordinates":[11.18208,47.35234]}},{"type":"Feature","properties":{"amenity":"shelter","shelter_type":"public_transport","osm":"way/191594692"},"geometry":{"type":"Point","coordinates":[11.09059,47.31612]}},{"type":"Feature","properties":{"amenity":"shelter","osm":"way/258558406"},"geometry":{"type":"Point","coordinates":[11.30883,47.11134]}},{"type":"Feature","properties":{"amenity":"shelter","shelter_type":"public_transport","osm":"way/258648764"},"geometry":{"type":"Point","coordinates":[11.27737,47.09003]}},{"type":"Feature","properties":{"amenity":"shelter","shelter_type":"public_transport","osm":"way/259084732"},"geometry":{"type":"Point","coordinates":[11.2799,47.09559]}},{"type":"Feature","properties":{"amenity":"shelter","shelter_type":"public_transport","osm":"way/259119840"},"geometry":{"type":"Point","coordinates":[11.28801,47.10264]}},{"type":"Feature","properties":{"amenity":"shelter","shelter_type":"public_transport","osm":"way/264363521"},"geometry":{"type":"Point","coordinates":[11.37475,47.2184]}},{"type":"Feature","properties":{"amenity":"shelter","shelter_type":"public_transport","osm":"way/313158202"},"geometry":{"type":"Point","coordinates":[11.32638,47.12172]}},{"type":"Feature","properties":{"amenity":"shelter","shelter_type":"public_transport","osm":"way/320879126"},"geometry":{"type":"Point","coordinates":[11.39956,47.25295]}},{"type":"Feature","properties":{"amenity":"shelter","shelter_type":"public_transport","osm":"way/392332332"},"geometry":{"type":"Point","coordinates":[11.30035,47.23563]}},{"type":"Feature","properties":{"amenity":"shelter","osm":"way/432381332"},"geometry":{"type":"Point","coordinates":[11.51909,47.30842]}},{"type":"Feature","properties":{"amenity":"shelter","ele":"2075","shelter_type":"basic_hut","osm":"way/457463280"},"geometry":{"type":"Point","coordinates":[11.42088,47.31615]}},{"type":"Feature","properties":{"amenity":"shelter","shelter_type":"public_transport","osm":"way/485726564"},"geometry":{"type":"Point","coordinates":[11.25414,47.22924]}},{"type":"Feature","properties":{"amenity":"shelter","shelter_type":"public_transport","osm":"way/493112103"},"geometry":{"type":"Point","coordinates":[11.32246,47.26]}},{"type":"Feature","properties":{"amenity":"shelter","description":"Wartehäuschen","shelter_type":"public_transport","osm":"way/534484015"},"geometry":{"type":"Point","coordinates":[11.20054,47.30172]}},{"type":"Feature","properties":{"amenity":"shelter","shelter_type":"public_transport","osm":"way/561542558"},"geometry":{"type":"Point","coordinates":[11.36652,47.23984]}},{"type":"Feature","properties":{"amenity":"shelter","shelter_type":"pavilion","osm":"way/561925686"},"geometry":{"type":"Point","coordinates":[11.24551,47.28287]}},{"type":"Feature","properties":{"amenity":"shelter","shelter_type":"public_transport","osm":"way/676087708"},"geometry":{"type":"Point","coordinates":[11.35129,47.14741]}},{"type":"Feature","properties":{"amenity":"shelter","shelter_type":"public_transport","osm":"way/676087710"},"geometry":{"type":"Point","coordinates":[11.35127,47.14767]}},{"type":"Feature","properties":{"amenity":"shelter","shelter_type":"public_transport","osm":"way/858983686"},"geometry":{"type":"Point","coordinates":[11.40391,47.27843]}},{"type":"Feature","properties":{"amenity":"shelter","shelter_type":"public_transport","osm":"way/858983687"},"geometry":{"type":"Point","coordinates":[11.40693,47.27735]}},{"type":"Feature","properties":{"amenity":"shelter","shelter_type":"public_transport","osm":"way/858983688"},"geometry":{"type":"Point","coordinates":[11.40493,47.27605]}},{"type":"Feature","properties":{"amenity":"shelter","shelter_type":"public_transport","osm":"way/858983689"},"geometry":{"type":"Point","coordinates":[11.40487,47.27287]}},{"type":"Feature","properties":{"amenity":"shelter","shelter_type":"public_transport","osm":"way/860137793"},"geometry":{"type":"Point","coordinates":[11.40035,47.27341]}},{"type":"Feature","properties":{"amenity":"shelter","shelter_type":"public_transport","osm":"way/860137794"},"geometry":{"type":"Point","coordinates":[11.40086,47.27589]}},{"type":"Feature","properties":{"amenity":"shelter","shelter_type":"public_transport","osm":"way/860137795"},"geometry":{"type":"Point","coordinates":[11.40112,47.27598]}},{"type":"Feature","properties":{"amenity":"shelter","shelter_type":"public_transport","osm":"way/860137796"},"geometry":{"type":"Point","coordinates":[11.40319,47.27874]}},{"type":"Feature","properties":{"amenity":"shelter","shelter_type":"public_transport","osm":"way/860137797"},"geometry":{"type":"Point","coordinates":[11.40299,47.27888]}},{"type":"Feature","properties":{"amenity":"shelter","shelter_type":"public_transport","osm":"way/860137798"},"geometry":{"type":"Point","coordinates":[11.42403,47.28217]}},{"type":"Feature","properties":{"amenity":"shelter","shelter_type":"public_transport","osm":"way/860137799"},"geometry":{"type":"Point","coordinates":[11.42446,47.28181]}},{"type":"Feature","properties":{"amenity":"shelter","shelter_type":"public_transport","osm":"way/860137800"},"geometry":{"type":"Point","coordinates":[11.45248,47.28639]}},{"type":"Feature","properties":{"amenity":"shelter","shelter_type":"public_transport","osm":"way/860137801"},"geometry":{"type":"Point","coordinates":[11.44795,47.28875]}},{"type":"Feature","properties":{"amenity":"shelter","shelter_type":"public_transport","osm":"way/860312743"},"geometry":{"type":"Point","coordinates":[11.39985,47.26994]}},{"type":"Feature","properties":{"amenity":"shelter","shelter_type":"public_transport","osm":"way/860319201"},"geometry":{"type":"Point","coordinates":[11.36897,47.26962]}},{"type":"Feature","properties":{"amenity":"shelter","shelter_type":"public_transport","osm":"way/860319202"},"geometry":{"type":"Point","coordinates":[11.37088,47.26829]}},{"type":"Feature","properties":{"amenity":"shelter","shelter_type":"public_transport","osm":"way/860319204"},"geometry":{"type":"Point","coordinates":[11.37761,47.26889]}},{"type":"Feature","properties":{"amenity":"shelter","shelter_type":"public_transport","osm":"way/860761075"},"geometry":{"type":"Point","coordinates":[11.39544,47.2701]}},{"type":"Feature","properties":{"amenity":"shelter","shelter_type":"public_transport","osm":"way/860761076"},"geometry":{"type":"Point","coordinates":[11.39525,47.27003]}},{"type":"Feature","properties":{"amenity":"shelter","shelter_type":"public_transport","osm":"way/860761077"},"geometry":{"type":"Point","coordinates":[11.39925,47.26636]}},{"type":"Feature","properties":{"amenity":"shelter","shelter_type":"public_transport","osm":"way/860980832"},"geometry":{"type":"Point","coordinates":[11.4055,47.2646]}},{"type":"Feature","properties":{"amenity":"shelter","shelter_type":"public_transport","osm":"way/860980833"},"geometry":{"type":"Point","coordinates":[11.40564,47.26458]}},{"type":"Feature","properties":{"amenity":"shelter","shelter_type":"public_transport","osm":"way/860980834"},"geometry":{"type":"Point","coordinates":[11.40562,47.26449]}},{"type":"Feature","properties":{"amenity":"shelter","shelter_type":"public_transport","osm":"way/860980835"},"geometry":{"type":"Point","coordinates":[11.40602,47.26455]}},{"type":"Feature","properties":{"amenity":"shelter","shelter_type":"public_transport","osm":"way/860980836"},"geometry":{"type":"Point","coordinates":[11.40613,47.26444]}},{"type":"Feature","properties":{"amenity":"shelter","shelter_type":"public_transport","osm":"way/860980837"},"geometry":{"type":"Point","coordinates":[11.40599,47.26446]}},{"type":"Feature","properties":{"amenity":"shelter","shelter_type":"public_transport","osm":"way/860980838"},"geometry":{"type":"Point","coordinates":[11.40599,47.2644]}},{"type":"Feature","properties":{"amenity":"shelter","shelter_type":"public_transport","osm":"way/860980839"},"geometry":{"type":"Point","coordinates":[11.41302,47.26491]}},{"type":"Feature","properties":{"amenity":"shelter","shelter_type":"public_transport","osm":"way/860980840"},"geometry":{"type":"Point","coordinates":[11.41279,47.26493]}},{"type":"Feature","properties":{"amenity":"shelter","shelter_type":"public_transport","osm":"way/860980846"},"geometry":{"type":"Point","coordinates":[11.41974,47.26667]}},{"type":"Feature","properties":{"amenity":"shelter","shelter_type":"public_transport","osm":"way/860980847"},"geometry":{"type":"Point","coordinates":[11.42314,47.26703]}},{"type":"Feature","properties":{"amenity":"shelter","shelter_type":"public_transport","osm":"way/860980849"},"geometry":{"type":"Point","coordinates":[11.427,47.26099]}},{"type":"Feature","properties":{"amenity":"shelter","shelter_type":"public_transport","osm":"way/860980850"},"geometry":{"type":"Point","coordinates":[11.43508,47.2588]}},{"type":"Feature","properties":{"amenity":"shelter","shelter_type":"public_transport","osm":"way/862129029"},"geometry":{"type":"Point","coordinates":[11.43152,47.26214]}},{"type":"Feature","properties":{"amenity":"shelter","shelter_type":"public_transport","osm":"way/862129030"},"geometry":{"type":"Point","coordinates":[11.35505,47.25377]}},{"type":"Feature","properties":{"amenity":"shelter","shelter_type":"public_transport","osm":"way/862129032"},"geometry":{"type":"Point","coordinates":[11.38985,47.26643]}},{"type":"Feature","properties":{"amenity":"shelter","shelter_type":"public_transport","osm":"way/862129033"},"geometry":{"type":"Point","coordinates":[11.39003,47.26656]}},{"type":"Feature","properties":{"amenity":"shelter","shelter_type":"public_transport","osm":"way/862129035"},"geometry":{"type":"Point","coordinates":[11.3901,47.26647]}},{"type":"Feature","properties":{"amenity":"shelter","shelter_type":"public_transport","osm":"way/862129036"},"geometry":{"type":"Point","coordinates":[11.40267,47.26576]}},{"type":"Feature","properties":{"amenity":"shelter","shelter_type":"public_transport","osm":"way/862129037"},"geometry":{"type":"Point","coordinates":[11.40284,47.26559]}},{"type":"Feature","properties":{"amenity":"shelter","shelter_type":"public_transport","osm":"way/862129038"},"geometry":{"type":"Point","coordinates":[11.40302,47.26546]}},{"type":"Feature","properties":{"amenity":"shelter","shelter_type":"public_transport","osm":"way/862129039"},"geometry":{"type":"Point","coordinates":[11.40296,47.26565]}},{"type":"Feature","properties":{"amenity":"shelter","shelter_type":"public_transport","osm":"way/862129040"},"geometry":{"type":"Point","coordinates":[11.40281,47.26581]}},{"type":"Feature","properties":{"amenity":"shelter","shelter_type":"public_transport","osm":"way/862129041"},"geometry":{"type":"Point","coordinates":[11.40268,47.26598]}},{"type":"Feature","properties":{"amenity":"shelter","shelter_type":"public_transport","osm":"way/862785134"},"geometry":{"type":"Point","coordinates":[11.40314,47.26656]}},{"type":"Feature","properties":{"amenity":"shelter","shelter_type":"public_transport","osm":"way/862785135"},"geometry":{"type":"Point","coordinates":[11.403,47.26649]}},{"type":"Feature","properties":{"amenity":"shelter","shelter_type":"public_transport","osm":"way/862785136"},"geometry":{"type":"Point","coordinates":[11.40563,47.26876]}},{"type":"Feature","properties":{"amenity":"shelter","shelter_type":"public_transport","osm":"way/862785137"},"geometry":{"type":"Point","coordinates":[11.40927,47.26939]}},{"type":"Feature","properties":{"amenity":"shelter","shelter_type":"public_transport","osm":"way/862785138"},"geometry":{"type":"Point","coordinates":[11.40932,47.2696]}},{"type":"Feature","properties":{"amenity":"shelter","shelter_type":"public_transport","osm":"way/862785139"},"geometry":{"type":"Point","coordinates":[11.41194,47.26821]}},{"type":"Feature","properties":{"amenity":"shelter","shelter_type":"public_transport","osm":"way/862785140"},"geometry":{"type":"Point","coordinates":[11.41157,47.26877]}},{"type":"Feature","properties":{"amenity":"shelter","shelter_type":"public_transport","osm":"way/862785141"},"geometry":{"type":"Point","coordinates":[11.42906,47.26472]}},{"type":"Feature","properties":{"amenity":"shelter","shelter_type":"public_transport","osm":"way/862785144"},"geometry":{"type":"Point","coordinates":[11.44645,47.27203]}},{"type":"Feature","properties":{"amenity":"shelter","shelter_type":"public_transport","osm":"way/862962316"},"geometry":{"type":"Point","coordinates":[11.37777,47.265]}},{"type":"Feature","properties":{"amenity":"shelter","shelter_type":"public_transport","osm":"way/862962317"},"geometry":{"type":"Point","coordinates":[11.37789,47.2651]}},{"type":"Feature","properties":{"amenity":"shelter","shelter_type":"public_transport","osm":"way/862962318"},"geometry":{"type":"Point","coordinates":[11.3939,47.26513]}},{"type":"Feature","properties":{"amenity":"shelter","shelter_type":"public_transport","osm":"way/863066846"},"geometry":{"type":"Point","coordinates":[11.44349,47.27162]}},{"type":"Feature","properties":{"amenity":"shelter","shelter_type":"public_transport","osm":"way/863066847"},"geometry":{"type":"Point","coordinates":[11.44337,47.27197]}},{"type":"Feature","properties":{"amenity":"shelter","shelter_type":"public_transport","osm":"way/863066848"},"geometry":{"type":"Point","coordinates":[11.44534,47.27046]}},{"type":"Feature","properties":{"amenity":"shelter","shelter_type":"public_transport","osm":"way/863066851"},"geometry":{"type":"Point","coordinates":[11.35658,47.25748]}},{"type":"Feature","properties":{"amenity":"shelter","shelter_type":"public_transport","osm":"way/863066852"},"geometry":{"type":"Point","coordinates":[11.36103,47.25919]}},{"type":"Feature","properties":{"amenity":"shelter","shelter_type":"public_transport","osm":"way/863066853"},"geometry":{"type":"Point","coordinates":[11.36586,47.26068]}},{"type":"Feature","properties":{"amenity":"shelter","shelter_type":"public_transport","osm":"way/863066854"},"geometry":{"type":"Point","coordinates":[11.36829,47.2613]}},{"type":"Feature","properties":{"amenity":"shelter","shelter_type":"public_transport","osm":"way/863066855"},"geometry":{"type":"Point","coordinates":[11.37113,47.26208]}},{"type":"Feature","properties":{"amenity":"shelter","shelter_type":"public_transport","osm":"way/863066856"},"geometry":{"type":"Point","coordinates":[11.37468,47.26306]}},{"type":"Feature","properties":{"amenity":"shelter","shelter_type":"public_transport","osm":"way/863260282"},"geometry":{"type":"Point","coordinates":[11.40962,47.26049]}},{"type":"Feature","properties":{"amenity":"shelter","shelter_type":"public_transport","osm":"way/863260283"},"geometry":{"type":"Point","coordinates":[11.40955,47.26027]}},{"type":"Feature","properties":{"amenity":"shelter","shelter_type":"public_transport","osm":"way/863260284"},"geometry":{"type":"Point","coordinates":[11.41227,47.25671]}},{"type":"Feature","properties":{"amenity":"shelter","shelter_type":"public_transport","osm":"way/863260285"},"geometry":{"type":"Point","coordinates":[11.41229,47.25732]}},{"type":"Feature","properties":{"amenity":"shelter","shelter_type":"public_transport","osm":"way/863260286"},"geometry":{"type":"Point","coordinates":[11.40236,47.23653]}},{"type":"Feature","properties":{"amenity":"shelter","shelter_type":"public_transport","osm":"way/863260287"},"geometry":{"type":"Point","coordinates":[11.40714,47.2304]}},{"type":"Feature","properties":{"amenity":"shelter","shelter_type":"public_transport","osm":"way/863260290"},"geometry":{"type":"Point","coordinates":[11.42574,47.22208]}},{"type":"Feature","properties":{"amenity":"shelter","shelter_type":"public_transport","osm":"way/863349367"},"geometry":{"type":"Point","coordinates":[11.39378,47.27358]}},{"type":"Feature","properties":{"amenity":"shelter","shelter_type":"public_transport","osm":"way/863349368"},"geometry":{"type":"Point","coordinates":[11.39815,47.28644]}},{"type":"Feature","properties":{"amenity":"shelter","shelter_type":"public_transport","osm":"way/863349370"},"geometry":{"type":"Point","coordinates":[11.3955,47.28444]}},{"type":"Feature","properties":{"amenity":"shelter","shelter_type":"public_transport","osm":"way/863349371"},"geometry":{"type":"Point","coordinates":[11.38756,47.27873]}},{"type":"Feature","properties":{"amenity":"shelter","shelter_type":"public_transport","osm":"way/863349372"},"geometry":{"type":"Point","coordinates":[11.38628,47.27625]}},{"type":"Feature","properties":{"amenity":"shelter","shelter_type":"public_transport","osm":"way/863349373"},"geometry":{"type":"Point","coordinates":[11.38715,47.27132]}},{"type":"Feature","properties":{"amenity":"shelter","shelter_type":"public_transport","osm":"way/863349374"},"geometry":{"type":"Point","coordinates":[11.38707,47.27156]}},{"type":"Feature","properties":{"amenity":"shelter","shelter_type":"public_transport","osm":"way/863564649"},"geometry":{"type":"Point","coordinates":[11.33029,47.26473]}},{"type":"Feature","properties":{"amenity":"shelter","shelter_type":"public_transport","osm":"way/863564650"},"geometry":{"type":"Point","coordinates":[11.32966,47.26241]}},{"type":"Feature","properties":{"amenity":"shelter","shelter_type":"public_transport","osm":"way/863564651"},"geometry":{"type":"Point","coordinates":[11.34069,47.26498]}},{"type":"Feature","properties":{"amenity":"shelter","shelter_type":"public_transport","osm":"way/863564652"},"geometry":{"type":"Point","coordinates":[11.34038,47.26507]}},{"type":"Feature","properties":{"amenity":"shelter","shelter_type":"public_transport","osm":"way/863564654"},"geometry":{"type":"Point","coordinates":[11.34629,47.26532]}},{"type":"Feature","properties":{"amenity":"shelter","shelter_type":"public_transport","osm":"way/863564655"},"geometry":{"type":"Point","coordinates":[11.34628,47.26515]}},{"type":"Feature","properties":{"amenity":"shelter","shelter_type":"public_transport","osm":"way/863564656"},"geometry":{"type":"Point","coordinates":[11.3468,47.26512]}},{"type":"Feature","properties":{"amenity":"shelter","shelter_type":"public_transport","osm":"way/863564657"},"geometry":{"type":"Point","coordinates":[11.34751,47.26506]}},{"type":"Feature","properties":{"amenity":"shelter","shelter_type":"public_transport","osm":"way/863564659"},"geometry":{"type":"Point","coordinates":[11.3461,47.26676]}},{"type":"Feature","properties":{"amenity":"shelter","shelter_type":"public_transport","osm":"way/863564661"},"geometry":{"type":"Point","coordinates":[11.34583,47.26638]}},{"type":"Feature","properties":{"amenity":"shelter","shelter_type":"public_transport","osm":"way/863564662"},"geometry":{"type":"Point","coordinates":[11.34764,47.26772]}},{"type":"Feature","properties":{"amenity":"shelter","shelter_type":"public_transport","osm":"way/863564664"},"geometry":{"type":"Point","coordinates":[11.35541,47.26827]}},{"type":"Feature","properties":{"amenity":"shelter","shelter_type":"public_transport","osm":"way/863737951"},"geometry":{"type":"Point","coordinates":[11.40515,47.25791]}},{"type":"Feature","properties":{"amenity":"shelter","shelter_type":"public_transport","osm":"way/863763765"},"geometry":{"type":"Point","coordinates":[11.4081,47.27311]}},{"type":"Feature","properties":{"amenity":"shelter","shelter_type":"public_transport","osm":"way/863763771"},"geometry":{"type":"Point","coordinates":[11.41295,47.27085]}},{"type":"Feature","properties":{"amenity":"shelter","shelter_type":"public_transport","osm":"way/863763772"},"geometry":{"type":"Point","coordinates":[11.41289,47.27094]}},{"type":"Feature","properties":{"amenity":"shelter","shelter_type":"public_transport","osm":"way/863763784"},"geometry":{"type":"Point","coordinates":[11.41596,47.27311]}},{"type":"Feature","properties":{"amenity":"shelter","shelter_type":"public_transport","osm":"way/863763785"},"geometry":{"type":"Point","coordinates":[11.4162,47.2732]}},{"type":"Feature","properties":{"amenity":"shelter","shelter_type":"public_transport","osm":"way/863763790"},"geometry":{"type":"Point","coordinates":[11.41969,47.27517]}},{"type":"Feature","properties":{"amenity":"shelter","shelter_type":"public_transport","osm":"way/863763791"},"geometry":{"type":"Point","coordinates":[11.41974,47.27457]}},{"type":"Feature","properties":{"amenity":"shelter","shelter_type":"public_transport","osm":"way/863763795"},"geometry":{"type":"Point","coordinates":[11.42227,47.27186]}},{"type":"Feature","properties":{"amenity":"shelter","shelter_type":"public_transport","osm":"way/863763796"},"geometry":{"type":"Point","coordinates":[11.42472,47.26999]}},{"type":"Feature","properties":{"amenity":"shelter","shelter_type":"public_transport","osm":"way/863763811"},"geometry":{"type":"Point","coordinates":[11.4313,47.26226]}},{"type":"Feature","properties":{"amenity":"shelter","shelter_type":"public_transport","osm":"way/863851132"},"geometry":{"type":"Point","coordinates":[11.41164,47.27387]}},{"type":"Feature","properties":{"amenity":"shelter","shelter_type":"public_transport","osm":"way/863851133"},"geometry":{"type":"Point","coordinates":[11.41191,47.27388]}},{"type":"Feature","properties":{"amenity":"shelter","shelter_type":"public_transport","osm":"way/863851134"},"geometry":{"type":"Point","coordinates":[11.35168,47.2637]}},{"type":"Feature","properties":{"amenity":"shelter","shelter_type":"public_transport","osm":"way/863851136"},"geometry":{"type":"Point","coordinates":[11.35657,47.2635]}},{"type":"Feature","properties":{"amenity":"shelter","shelter_type":"public_transport","osm":"way/863851137"},"geometry":{"type":"Point","coordinates":[11.36335,47.26403]}},{"type":"Feature","properties":{"amenity":"shelter","shelter_type":"public_transport","osm":"way/863851138"},"geometry":{"type":"Point","coordinates":[11.36391,47.26397]}},{"type":"Feature","properties":{"amenity":"shelter","shelter_type":"public_transport","osm":"way/863851139"},"geometry":{"type":"Point","coordinates":[11.36407,47.264]}},{"type":"Feature","properties":{"amenity":"shelter","shelter_type":"public_transport","osm":"way/863851140"},"geometry":{"type":"Point","coordinates":[11.38018,47.25902]}},{"type":"Feature","properties":{"amenity":"shelter","shelter_type":"public_transport","osm":"way/863851141"},"geometry":{"type":"Point","coordinates":[11.40826,47.25846]}},{"type":"Feature","properties":{"amenity":"shelter","shelter_type":"public_transport","osm":"way/863851142"},"geometry":{"type":"Point","coordinates":[11.41936,47.26089]}},{"type":"Feature","properties":{"amenity":"shelter","shelter_type":"public_transport","osm":"way/863851148"},"geometry":{"type":"Point","coordinates":[11.36295,47.25587]}},{"type":"Feature","properties":{"amenity":"shelter","shelter_type":"public_transport","osm":"way/863851149"},"geometry":{"type":"Point","coordinates":[11.36907,47.25525]}},{"type":"Feature","properties":{"amenity":"shelter","shelter_type":"public_transport","osm":"way/863851150"},"geometry":{"type":"Point","coordinates":[11.37566,47.25895]}},{"type":"Feature","properties":{"amenity":"shelter","shelter_type":"public_transport","osm":"way/863851151"},"geometry":{"type":"Point","coordinates":[11.37526,47.25903]}},{"type":"Feature","properties":{"amenity":"shelter","shelter_type":"public_transport","osm":"way/864092126"},"geometry":{"type":"Point","coordinates":[11.39886,47.28107]}},{"type":"Feature","properties":{"amenity":"shelter","shelter_type":"public_transport","osm":"way/864118226"},"geometry":{"type":"Point","coordinates":[11.42347,47.27514]}},{"type":"Feature","properties":{"amenity":"shelter","shelter_type":"public_transport","osm":"way/864118229"},"geometry":{"type":"Point","coordinates":[11.42795,47.27364]}},{"type":"Feature","properties":{"amenity":"shelter","shelter_type":"public_transport","osm":"way/864118231"},"geometry":{"type":"Point","coordinates":[11.43181,47.2753]}},{"type":"Feature","properties":{"amenity":"shelter","shelter_type":"public_transport","osm":"way/864118232"},"geometry":{"type":"Point","coordinates":[11.4323,47.27524]}},{"type":"Feature","properties":{"amenity":"shelter","shelter_type":"public_transport","osm":"way/864118235"},"geometry":{"type":"Point","coordinates":[11.43822,47.2742]}},{"type":"Feature","properties":{"amenity":"shelter","shelter_type":"public_transport","osm":"way/864118237"},"geometry":{"type":"Point","coordinates":[11.4423,47.27385]}},{"type":"Feature","properties":{"amenity":"shelter","shelter_type":"public_transport","osm":"way/864156474"},"geometry":{"type":"Point","coordinates":[11.37211,47.26495]}},{"type":"Feature","properties":{"amenity":"shelter","shelter_type":"public_transport","osm":"way/864156475"},"geometry":{"type":"Point","coordinates":[11.37263,47.26484]}},{"type":"Feature","properties":{"amenity":"shelter","shelter_type":"public_transport","osm":"way/864156476"},"geometry":{"type":"Point","coordinates":[11.37247,47.26483]}},{"type":"Feature","properties":{"amenity":"shelter","shelter_type":"public_transport","osm":"way/864156477"},"geometry":{"type":"Point","coordinates":[11.38279,47.26596]}},{"type":"Feature","properties":{"amenity":"shelter","shelter_type":"public_transport","osm":"way/864156478"},"geometry":{"type":"Point","coordinates":[11.3837,47.26596]}},{"type":"Feature","properties":{"amenity":"shelter","shelter_type":"public_transport","osm":"way/864156480"},"geometry":{"type":"Point","coordinates":[11.38615,47.26409]}},{"type":"Feature","properties":{"amenity":"shelter","shelter_type":"public_transport","osm":"way/864156482"},"geometry":{"type":"Point","coordinates":[11.41203,47.26587]}},{"type":"Feature","properties":{"amenity":"shelter","shelter_type":"public_transport","osm":"way/864216065"},"geometry":{"type":"Point","coordinates":[11.38804,47.26541]}},{"type":"Feature","properties":{"amenity":"shelter","shelter_type":"public_transport","osm":"way/864216066"},"geometry":{"type":"Point","coordinates":[11.39714,47.27488]}},{"type":"Feature","properties":{"amenity":"shelter","shelter_type":"public_transport","osm":"way/864216068"},"geometry":{"type":"Point","coordinates":[11.44894,47.27349]}},{"type":"Feature","properties":{"amenity":"shelter","shelter_type":"public_transport","osm":"way/864231734"},"geometry":{"type":"Point","coordinates":[11.42286,47.25791]}},{"type":"Feature","properties":{"amenity":"shelter","shelter_type":"public_transport","osm":"way/864231735"},"geometry":{"type":"Point","coordinates":[11.42589,47.25872]}},{"type":"Feature","properties":{"amenity":"shelter","shelter_type":"public_transport","osm":"way/864231736"},"geometry":{"type":"Point","coordinates":[11.42595,47.25863]}},{"type":"Feature","properties":{"amenity":"shelter","shelter_type":"public_transport","osm":"way/864547528"},"geometry":{"type":"Point","coordinates":[11.40869,47.26333]}},{"type":"Feature","properties":{"amenity":"shelter","shelter_type":"public_transport","osm":"way/864547529"},"geometry":{"type":"Point","coordinates":[11.41313,47.26254]}},{"type":"Feature","properties":{"amenity":"shelter","shelter_type":"public_transport","osm":"way/864547530"},"geometry":{"type":"Point","coordinates":[11.41625,47.26188]}},{"type":"Feature","properties":{"amenity":"shelter","shelter_type":"public_transport","osm":"way/864963713"},"geometry":{"type":"Point","coordinates":[11.20534,47.28127]}},{"type":"Feature","properties":{"amenity":"shelter","shelter_type":"public_transport","osm":"way/864963714"},"geometry":{"type":"Point","coordinates":[11.23548,47.27498]}},{"type":"Feature","properties":{"amenity":"shelter","shelter_type":"public_transport","osm":"way/864963715"},"geometry":{"type":"Point","coordinates":[11.39156,47.26249]}},{"type":"Feature","properties":{"amenity":"shelter","shelter_type":"public_transport","osm":"way/864963716"},"geometry":{"type":"Point","coordinates":[11.39169,47.2625]}},{"type":"Feature","properties":{"amenity":"shelter","shelter_type":"public_transport","osm":"way/864978811"},"geometry":{"type":"Point","coordinates":[11.13364,47.30192]}},{"type":"Feature","properties":{"amenity":"shelter","shelter_type":"public_transport","osm":"way/864978812"},"geometry":{"type":"Point","coordinates":[11.13384,47.302]}},{"type":"Feature","properties":{"amenity":"shelter","shelter_type":"public_transport","osm":"way/864978813"},"geometry":{"type":"Point","coordinates":[11.14077,47.29932]}},{"type":"Feature","properties":{"amenity":"shelter","shelter_type":"public_transport","osm":"way/864978814"},"geometry":{"type":"Point","coordinates":[11.14128,47.2993]}},{"type":"Feature","properties":{"amenity":"shelter","shelter_type":"public_transport","osm":"way/864978815"},"geometry":{"type":"Point","coordinates":[11.15973,47.29197]}},{"type":"Feature","properties":{"amenity":"shelter","shelter_type":"public_transport","osm":"way/864978816"},"geometry":{"type":"Point","coordinates":[11.16974,47.28858]}},{"type":"Feature","properties":{"amenity":"shelter","shelter_type":"public_transport","osm":"way/864978817"},"geometry":{"type":"Point","coordinates":[11.17019,47.28866]}},{"type":"Feature","properties":{"amenity":"shelter","shelter_type":"public_transport","osm":"way/864978818"},"geometry":{"type":"Point","coordinates":[11.19002,47.28422]}},{"type":"Feature","properties":{"amenity":"shelter","shelter_type":"public_transport","osm":"way/864978819"},"geometry":{"type":"Point","coordinates":[11.19095,47.28377]}},{"type":"Feature","properties":{"amenity":"shelter","shelter_type":"public_transport","osm":"way/865093374"},"geometry":{"type":"Point","coordinates":[11.07351,47.30498]}},{"type":"Feature","properties":{"amenity":"shelter","shelter_type":"public_transport","osm":"way/865093375"},"geometry":{"type":"Point","coordinates":[11.07628,47.30889]}},{"type":"Feature","properties":{"amenity":"shelter","shelter_type":"public_transport","osm":"way/865093376"},"geometry":{"type":"Point","coordinates":[11.07979,47.31314]}},{"type":"Feature","properties":{"amenity":"shelter","shelter_type":"public_transport","osm":"way/865093379"},"geometry":{"type":"Point","coordinates":[11.0907,47.31598]}},{"type":"Feature","properties":{"amenity":"shelter","shelter_type":"public_transport","osm":"way/865093381"},"geometry":{"type":"Point","coordinates":[11.10237,47.31266]}},{"type":"Feature","properties":{"amenity":"shelter","shelter_type":"public_transport","osm":"way/865093382"},"geometry":{"type":"Point","coordinates":[11.1035,47.31269]}},{"type":"Feature","properties":{"amenity":"shelter","shelter_type":"public_transport","osm":"way/865299285"},"geometry":{"type":"Point","coordinates":[11.28611,47.24197]}},{"type":"Feature","properties":{"amenity":"shelter","shelter_type":"public_transport","osm":"way/865299286"},"geometry":{"type":"Point","coordinates":[11.27587,47.24444]}},{"type":"Feature","properties":{"amenity":"shelter","shelter_type":"public_transport","osm":"way/865299287"},"geometry":{"type":"Point","coordinates":[11.2691,47.2413]}},{"type":"Feature","properties":{"amenity":"shelter","shelter_type":"public_transport","osm":"way/865299288"},"geometry":{"type":"Point","coordinates":[11.27047,47.24136]}},{"type":"Feature","properties":{"amenity":"shelter","shelter_type":"public_transport","osm":"way/865299289"},"geometry":{"type":"Point","coordinates":[11.27227,47.23073]}},{"type":"Feature","properties":{"amenity":"shelter","shelter_type":"public_transport","osm":"way/865299290"},"geometry":{"type":"Point","coordinates":[11.27216,47.23088]}},{"type":"Feature","properties":{"amenity":"shelter","shelter_type":"public_transport","osm":"way/865299291"},"geometry":{"type":"Point","coordinates":[11.28631,47.23097]}},{"type":"Feature","properties":{"amenity":"shelter","shelter_type":"public_transport","osm":"way/865299292"},"geometry":{"type":"Point","coordinates":[11.2864,47.23085]}},{"type":"Feature","properties":{"amenity":"shelter","shelter_type":"public_transport","osm":"way/865299293"},"geometry":{"type":"Point","coordinates":[11.29148,47.23279]}},{"type":"Feature","properties":{"amenity":"shelter","shelter_type":"public_transport","osm":"way/865299298"},"geometry":{"type":"Point","coordinates":[11.29634,47.2344]}},{"type":"Feature","properties":{"amenity":"shelter","shelter_type":"public_transport","osm":"way/865299301"},"geometry":{"type":"Point","coordinates":[11.31912,47.23335]}},{"type":"Feature","properties":{"amenity":"shelter","shelter_type":"public_transport","osm":"way/865299307"},"geometry":{"type":"Point","coordinates":[11.38054,47.23835]}},{"type":"Feature","properties":{"amenity":"shelter","shelter_type":"public_transport","osm":"way/865345308"},"geometry":{"type":"Point","coordinates":[11.23515,47.25443]}},{"type":"Feature","properties":{"amenity":"shelter","shelter_type":"public_transport","osm":"way/865345309"},"geometry":{"type":"Point","coordinates":[11.26046,47.25476]}},{"type":"Feature","properties":{"amenity":"shelter","shelter_type":"public_transport","osm":"way/865345310"},"geometry":{"type":"Point","coordinates":[11.27323,47.25538]}},{"type":"Feature","properties":{"amenity":"shelter","shelter_type":"public_transport","osm":"way/865345311"},"geometry":{"type":"Point","coordinates":[11.2779,47.25953]}},{"type":"Feature","properties":{"amenity":"shelter","shelter_type":"public_transport","osm":"way/865345312"},"geometry":{"type":"Point","coordinates":[11.27773,47.25911]}},{"type":"Feature","properties":{"amenity":"shelter","shelter_type":"public_transport","osm":"way/865345313"},"geometry":{"type":"Point","coordinates":[11.31021,47.2568]}},{"type":"Feature","properties":{"amenity":"shelter","shelter_type":"public_transport","osm":"way/865345314"},"geometry":{"type":"Point","coordinates":[11.30955,47.25697]}},{"type":"Feature","properties":{"amenity":"shelter","shelter_type":"public_transport","osm":"way/865345315"},"geometry":{"type":"Point","coordinates":[11.31644,47.25593]}},{"type":"Feature","properties":{"amenity":"shelter","shelter_type":"public_transport","osm":"way/865345316"},"geometry":{"type":"Point","coordinates":[11.32594,47.25306]}},{"type":"Feature","properties":{"amenity":"shelter","shelter_type":"public_transport","osm":"way/865345317"},"geometry":{"type":"Point","coordinates":[11.32585,47.25327]}},{"type":"Feature","properties":{"amenity":"shelter","shelter_type":"public_transport","osm":"way/865345319"},"geometry":{"type":"Point","coordinates":[11.32805,47.252]}},{"type":"Feature","properties":{"amenity":"shelter","shelter_type":"public_transport","osm":"way/865345320"},"geometry":{"type":"Point","coordinates":[11.33456,47.25106]}},{"type":"Feature","properties":{"amenity":"shelter","shelter_type":"public_transport","osm":"way/865345321"},"geometry":{"type":"Point","coordinates":[11.33486,47.25111]}},{"type":"Feature","properties":{"amenity":"shelter","shelter_type":"public_transport","osm":"way/865345322"},"geometry":{"type":"Point","coordinates":[11.35198,47.25013]}},{"type":"Feature","properties":{"amenity":"shelter","shelter_type":"public_transport","osm":"way/865345323"},"geometry":{"type":"Point","coordinates":[11.35269,47.25032]}},{"type":"Feature","properties":{"amenity":"shelter","shelter_type":"public_transport","osm":"way/865701902"},"geometry":{"type":"Point","coordinates":[11.22969,47.23337]}},{"type":"Feature","properties":{"amenity":"shelter","shelter_type":"public_transport","osm":"way/865701903"},"geometry":{"type":"Point","coordinates":[11.24723,47.24459]}},{"type":"Feature","properties":{"amenity":"shelter","shelter_type":"public_transport","osm":"way/865714734"},"geometry":{"type":"Point","coordinates":[11.43789,47.24387]}},{"type":"Feature","properties":{"amenity":"shelter","shelter_type":"public_transport","osm":"way/865714735"},"geometry":{"type":"Point","coordinates":[11.4398,47.24667]}},{"type":"Feature","properties":{"amenity":"shelter","shelter_type":"public_transport","osm":"way/865714737"},"geometry":{"type":"Point","coordinates":[11.46817,47.26388]}},{"type":"Feature","properties":{"amenity":"shelter","shelter_type":"public_transport","osm":"way/865714738"},"geometry":{"type":"Point","coordinates":[11.46809,47.26374]}},{"type":"Feature","properties":{"amenity":"shelter","shelter_type":"public_transport","osm":"way/865714740"},"geometry":{"type":"Point","coordinates":[11.42905,47.26369]}},{"type":"Feature","properties":{"amenity":"shelter","shelter_type":"public_transport","osm":"way/865714741"},"geometry":{"type":"Point","coordinates":[11.42828,47.26326]}},{"type":"Feature","properties":{"amenity":"shelter","shelter_type":"public_transport","osm":"way/866014588"},"geometry":{"type":"Point","coordinates":[11.50998,47.25221]}},{"type":"Feature","properties":{"amenity":"shelter","shelter_type":"public_transport","osm":"way/866014589"},"geometry":{"type":"Point","coordinates":[11.5102,47.25215]}},{"type":"Feature","properties":{"amenity":"shelter","shelter_type":"public_transport","osm":"way/866014590"},"geometry":{"type":"Point","coordinates":[11.50447,47.25014]}},{"type":"Feature","properties":{"amenity":"shelter","shelter_type":"public_transport","osm":"way/866014591"},"geometry":{"type":"Point","coordinates":[11.50115,47.24886]}},{"type":"Feature","properties":{"amenity":"shelter","shelter_type":"public_transport","osm":"way/866014594"},"geometry":{"type":"Point","coordinates":[11.49657,47.24832]}},{"type":"Feature","properties":{"amenity":"shelter","shelter_type":"public_transport","osm":"way/866014595"},"geometry":{"type":"Point","coordinates":[11.48469,47.24895]}},{"type":"Feature","properties":{"amenity":"shelter","shelter_type":"public_transport","osm":"way/866014596"},"geometry":{"type":"Point","coordinates":[11.47974,47.24867]}},{"type":"Feature","properties":{"amenity":"shelter","shelter_type":"public_transport","osm":"way/866014597"},"geometry":{"type":"Point","coordinates":[11.47116,47.24703]}},{"type":"Feature","properties":{"amenity":"shelter","shelter_type":"public_transport","osm":"way/866014598"},"geometry":{"type":"Point","coordinates":[11.4615,47.24512]}},{"type":"Feature","properties":{"amenity":"shelter","shelter_type":"public_transport","osm":"way/866014599"},"geometry":{"type":"Point","coordinates":[11.46244,47.24517]}},{"type":"Feature","properties":{"amenity":"shelter","shelter_type":"public_transport","osm":"way/866014600"},"geometry":{"type":"Point","coordinates":[11.46182,47.24483]}},{"type":"Feature","properties":{"amenity":"shelter","shelter_type":"public_transport","osm":"way/866014601"},"geometry":{"type":"Point","coordinates":[11.45607,47.24149]}},{"type":"Feature","properties":{"amenity":"shelter","shelter_type":"public_transport","osm":"way/866014602"},"geometry":{"type":"Point","coordinates":[11.44692,47.23826]}},{"type":"Feature","properties":{"amenity":"shelter","shelter_type":"public_transport","osm":"way/866014605"},"geometry":{"type":"Point","coordinates":[11.43692,47.23805]}},{"type":"Feature","properties":{"amenity":"shelter","shelter_type":"public_transport","osm":"way/866014606"},"geometry":{"type":"Point","coordinates":[11.43677,47.23818]}},{"type":"Feature","properties":{"amenity":"shelter","shelter_type":"public_transport","osm":"way/866014607"},"geometry":{"type":"Point","coordinates":[11.43472,47.23945]}},{"type":"Feature","properties":{"amenity":"shelter","shelter_type":"public_transport","osm":"way/866029842"},"geometry":{"type":"Point","coordinates":[11.51949,47.30308]}},{"type":"Feature","properties":{"amenity":"shelter","shelter_type":"public_transport","osm":"way/866029843"},"geometry":{"type":"Point","coordinates":[11.51916,47.30574]}},{"type":"Feature","properties":{"amenity":"shelter","shelter_type":"public_transport","osm":"way/866029844"},"geometry":{"type":"Point","coordinates":[11.51529,47.30401]}},{"type":"Feature","properties":{"amenity":"shelter","shelter_type":"public_transport","osm":"way/866029845"},"geometry":{"type":"Point","coordinates":[11.51388,47.30179]}},{"type":"Feature","properties":{"amenity":"shelter","shelter_type":"public_transport","osm":"way/866029846"},"geometry":{"type":"Point","coordinates":[11.48275,47.29367]}},{"type":"Feature","properties":{"amenity":"shelter","shelter_type":"public_transport","osm":"way/866029847"},"geometry":{"type":"Point","coordinates":[11.47353,47.29379]}},{"type":"Feature","properties":{"amenity":"shelter","shelter_type":"public_transport","osm":"way/866029848"},"geometry":{"type":"Point","coordinates":[11.47352,47.29391]}},{"type":"Feature","properties":{"amenity":"shelter","shelter_type":"public_transport","osm":"way/866029849"},"geometry":{"type":"Point","coordinates":[11.47132,47.29351]}},{"type":"Feature","properties":{"amenity":"shelter","shelter_type":"public_transport","osm":"way/866029852"},"geometry":{"type":"Point","coordinates":[11.4709,47.29091]}},{"type":"Feature","properties":{"amenity":"shelter","shelter_type":"public_transport","osm":"way/866029853"},"geometry":{"type":"Point","coordinates":[11.47061,47.29096]}},{"type":"Feature","properties":{"amenity":"shelter","shelter_type":"public_transport","osm":"way/866029854"},"geometry":{"type":"Point","coordinates":[11.46508,47.28934]}},{"type":"Feature","properties":{"amenity":"shelter","shelter_type":"public_transport","osm":"way/866029855"},"geometry":{"type":"Point","coordinates":[11.46184,47.28681]}},{"type":"Feature","properties":{"amenity":"shelter","shelter_type":"public_transport","osm":"way/866029856"},"geometry":{"type":"Point","coordinates":[11.46182,47.28664]}},{"type":"Feature","properties":{"amenity":"shelter","shelter_type":"public_transport","osm":"way/866252697"},"geometry":{"type":"Point","coordinates":[11.45306,47.28688]}},{"type":"Feature","properties":{"amenity":"shelter","shelter_type":"public_transport","osm":"way/866252698"},"geometry":{"type":"Point","coordinates":[11.50512,47.29537]}},{"type":"Feature","properties":{"amenity":"shelter","shelter_type":"public_transport","osm":"way/866252699"},"geometry":{"type":"Point","coordinates":[11.51417,47.29467]}},{"type":"Feature","properties":{"amenity":"shelter","shelter_type":"public_transport","osm":"way/866946128"},"geometry":{"type":"Point","coordinates":[11.39848,47.25482]}},{"type":"Feature","properties":{"amenity":"shelter","shelter_type":"public_transport","osm":"way/866993233"},"geometry":{"type":"Point","coordinates":[11.33386,47.12693]}},{"type":"Feature","properties":{"amenity":"shelter","shelter_type":"public_transport","osm":"way/866993234"},"geometry":{"type":"Point","coordinates":[11.33447,47.1274]}},{"type":"Feature","properties":{"amenity":"shelter","shelter_type":"public_transport","osm":"way/866993235"},"geometry":{"type":"Point","coordinates":[11.34045,47.13335]}},{"type":"Feature","properties":{"amenity":"shelter","shelter_type":"public_transport","osm":"way/866993236"},"geometry":{"type":"Point","coordinates":[11.33932,47.13573]}},{"type":"Feature","properties":{"amenity":"shelter","shelter_type":"public_transport","osm":"way/866993238"},"geometry":{"type":"Point","coordinates":[11.34219,47.14219]}},{"type":"Feature","properties":{"amenity":"shelter","shelter_type":"public_transport","osm":"way/866993240"},"geometry":{"type":"Point","coordinates":[11.35949,47.16429]}},{"type":"Feature","properties":{"amenity":"shelter","shelter_type":"public_transport","osm":"way/866993241"},"geometry":{"type":"Point","coordinates":[11.37616,47.16156]}},{"type":"Feature","properties":{"amenity":"shelter","shelter_type":"public_transport","osm":"way/866993242"},"geometry":{"type":"Point","coordinates":[11.37895,47.16397]}},{"type":"Feature","properties":{"amenity":"shelter","shelter_type":"public_transport","osm":"way/866993243"},"geometry":{"type":"Point","coordinates":[11.37943,47.16408]}},{"type":"Feature","properties":{"amenity":"shelter","shelter_type":"public_transport","osm":"way/866993244"},"geometry":{"type":"Point","coordinates":[11.37984,47.16764]}},{"type":"Feature","properties":{"amenity":"shelter","shelter_type":"public_transport","osm":"way/866993245"},"geometry":{"type":"Point","coordinates":[11.37966,47.16766]}},{"type":"Feature","properties":{"amenity":"shelter","shelter_type":"public_transport","osm":"way/866993246"},"geometry":{"type":"Point","coordinates":[11.38708,47.1734]}},{"type":"Feature","properties":{"amenity":"shelter","shelter_type":"public_transport","osm":"way/866993247"},"geometry":{"type":"Point","coordinates":[11.38794,47.17383]}},{"type":"Feature","properties":{"amenity":"shelter","shelter_type":"public_transport","osm":"way/866993250"},"geometry":{"type":"Point","coordinates":[11.39281,47.17788]}},{"type":"Feature","properties":{"amenity":"shelter","shelter_type":"public_transport","osm":"way/866993251"},"geometry":{"type":"Point","coordinates":[11.39339,47.17818]}},{"type":"Feature","properties":{"amenity":"shelter","shelter_type":"public_transport","osm":"way/866993252"},"geometry":{"type":"Point","coordinates":[11.39864,47.18264]}},{"type":"Feature","properties":{"amenity":"shelter","shelter_type":"public_transport","osm":"way/867024096"},"geometry":{"type":"Point","coordinates":[11.26995,47.08164]}},{"type":"Feature","properties":{"amenity":"shelter","shelter_type":"public_transport","osm":"way/867024097"},"geometry":{"type":"Point","coordinates":[11.28344,47.09889]}},{"type":"Feature","properties":{"amenity":"shelter","shelter_type":"public_transport","osm":"way/867024098"},"geometry":{"type":"Point","coordinates":[11.28846,47.10282]}},{"type":"Feature","properties":{"amenity":"shelter","shelter_type":"public_transport","osm":"way/867024099"},"geometry":{"type":"Point","coordinates":[11.30655,47.10901]}},{"type":"Feature","properties":{"amenity":"shelter","shelter_type":"public_transport","osm":"way/867024100"},"geometry":{"type":"Point","coordinates":[11.30602,47.11003]}},{"type":"Feature","properties":{"amenity":"shelter","shelter_type":"public_transport","osm":"way/868074626"},"geometry":{"type":"Point","coordinates":[11.34333,47.14003]}},{"type":"Feature","properties":{"amenity":"shelter","shelter_type":"public_transport","osm":"way/868397866"},"geometry":{"type":"Point","coordinates":[11.35553,47.16063]}},{"type":"Feature","properties":{"amenity":"shelter","shelter_type":"public_transport","osm":"way/868397867"},"geometry":{"type":"Point","coordinates":[11.35584,47.16085]}},{"type":"Feature","properties":{"amenity":"shelter","shelter_type":"public_transport","osm":"way/868762494"},"geometry":{"type":"Point","coordinates":[11.5715,47.30034]}},{"type":"Feature","properties":{"amenity":"shelter","shelter_type":"public_transport","osm":"way/868762495"},"geometry":{"type":"Point","coordinates":[11.57129,47.30012]}},{"type":"Feature","properties":{"amenity":"shelter","shelter_type":"public_transport","osm":"way/868762496"},"geometry":{"type":"Point","coordinates":[11.55778,47.29651]}},{"type":"Feature","properties":{"amenity":"shelter","shelter_type":"public_transport","osm":"way/868762500"},"geometry":{"type":"Point","coordinates":[11.55131,47.28406]}},{"type":"Feature","properties":{"amenity":"shelter","shelter_type":"public_transport","osm":"way/868762501"},"geometry":{"type":"Point","coordinates":[11.55197,47.28437]}},{"type":"Feature","properties":{"amenity":"shelter","shelter_type":"public_transport","osm":"way/868762502"},"geometry":{"type":"Point","coordinates":[11.5579,47.28415]}},{"type":"Feature","properties":{"amenity":"shelter","shelter_type":"public_transport","osm":"way/868762503"},"geometry":{"type":"Point","coordinates":[11.55737,47.2842]}},{"type":"Feature","properties":{"amenity":"shelter","shelter_type":"public_transport","osm":"way/868762504"},"geometry":{"type":"Point","coordinates":[11.56465,47.28731]}},{"type":"Feature","properties":{"amenity":"shelter","shelter_type":"public_transport","osm":"way/868762505"},"geometry":{"type":"Point","coordinates":[11.57095,47.28784]}},{"type":"Feature","properties":{"amenity":"shelter","shelter_type":"public_transport","osm":"way/868762506"},"geometry":{"type":"Point","coordinates":[11.57224,47.28792]}},{"type":"Feature","properties":{"amenity":"shelter","shelter_type":"public_transport","osm":"way/868762509"},"geometry":{"type":"Point","coordinates":[11.58911,47.30645]}},{"type":"Feature","properties":{"amenity":"shelter","shelter_type":"public_transport","osm":"way/868876694"},"geometry":{"type":"Point","coordinates":[11.35695,47.26341]}},{"type":"Feature","properties":{"amenity":"shelter","shelter_type":"public_transport","osm":"way/871493066"},"geometry":{"type":"Point","coordinates":[11.39717,47.25377]}},{"type":"Feature","properties":{"amenity":"shelter","shelter_type":"public_transport","osm":"way/871511927"},"geometry":{"type":"Point","coordinates":[11.39554,47.25632]}},{"type":"Feature","properties":{"amenity":"shelter","shelter_type":"public_transport","osm":"way/871511928"},"geometry":{"type":"Point","coordinates":[11.39563,47.25633]}},{"type":"Feature","properties":{"amenity":"shelter","shelter_type":"public_transport","osm":"way/872360430"},"geometry":{"type":"Point","coordinates":[10.95593,47.09281]}},{"type":"Feature","properties":{"amenity":"shelter","shelter_type":"public_transport","osm":"way/872360431"},"geometry":{"type":"Point","coordinates":[10.95579,47.09324]}},{"type":"Feature","properties":{"amenity":"shelter","shelter_type":"public_transport","osm":"way/875101020"},"geometry":{"type":"Point","coordinates":[11.39097,47.26277]}},{"type":"Feature","properties":{"amenity":"shelter","shelter_type":"public_transport","osm":"way/875101021"},"geometry":{"type":"Point","coordinates":[11.30306,47.19574]}},{"type":"Feature","properties":{"amenity":"shelter","shelter_type":"public_transport","osm":"way/875101022"},"geometry":{"type":"Point","coordinates":[11.28794,47.21745]}},{"type":"Feature","properties":{"amenity":"shelter","shelter_type":"public_transport","osm":"way/875101023"},"geometry":{"type":"Point","coordinates":[11.27659,47.22613]}},{"type":"Feature","properties":{"amenity":"shelter","shelter_type":"public_transport","osm":"way/911610526"},"geometry":{"type":"Point","coordinates":[11.41034,47.28059]}},{"type":"Feature","properties":{"amenity":"shelter","shelter_type":"public_transport","osm":"way/956495937"},"geometry":{"type":"Point","coordinates":[11.15997,47.29214]}},{"type":"Feature","properties":{"amenity":"shelter","shelter_type":"public_transport","osm":"way/956582629"},"geometry":{"type":"Point","coordinates":[11.25745,47.26024]}},{"type":"Feature","properties":{"amenity":"shelter","shelter_type":"public_transport","osm":"way/975173902"},"geometry":{"type":"Point","coordinates":[11.37579,47.23438]}},{"type":"Feature","properties":{"amenity":"shelter","shelter_type":"public_transport","osm":"way/1004360456"},"geometry":{"type":"Point","coordinates":[11.36686,47.26812]}},{"type":"Feature","properties":{"amenity":"shelter","shelter_type":"public_transport","osm":"way/1016867611"},"geometry":{"type":"Point","coordinates":[11.41737,47.19266]}},{"type":"Feature","properties":{"amenity":"shelter","shelter_type":"public_transport","osm":"way/1017674884"},"geometry":{"type":"Point","coordinates":[11.39191,47.21392]}},{"type":"Feature","properties":{"amenity":"shelter","shelter_type":"public_transport","osm":"way/1017674885"},"geometry":{"type":"Point","coordinates":[11.39163,47.21437]}},{"type":"Feature","properties":{"amenity":"shelter","shelter_type":"public_transport","osm":"way/1019023762"},"geometry":{"type":"Point","coordinates":[11.00405,47.31215]}},{"type":"Feature","properties":{"amenity":"shelter","shelter_type":"public_transport","osm":"way/1024651744"},"geometry":{"type":"Point","coordinates":[10.97926,47.30575]}},{"type":"Feature","properties":{"amenity":"shelter","shelter_type":"public_transport","osm":"way/1024651745"},"geometry":{"type":"Point","coordinates":[10.97935,47.30594]}},{"type":"Feature","properties":{"amenity":"shelter","shelter_type":"picnic_shelter","osm":"way/1042544477"},"geometry":{"type":"Point","coordinates":[11.4493,47.2549]}},{"type":"Feature","properties":{"amenity":"shelter","shelter_type":"picnic_shelter","osm":"way/1050859066"},"geometry":{"type":"Point","coordinates":[11.31302,47.25197]}},{"type":"Feature","properties":{"amenity":"shelter","shelter_type":"public_transport","osm":"way/1055345016"},"geometry":{"type":"Point","coordinates":[11.38975,47.24223]}},{"type":"Feature","properties":{"amenity":"shelter","shelter_type":"public_transport","osm":"way/1073264225"},"geometry":{"type":"Point","coordinates":[11.38215,47.23029]}},{"type":"Feature","properties":{"amenity":"shelter","shelter_type":"public_transport","osm":"way/1113697177"},"geometry":{"type":"Point","coordinates":[11.14635,47.31147]}},{"type":"Feature","properties":{"amenity":"shelter","shelter_type":"public_transport","osm":"way/1163901015"},"geometry":{"type":"Point","coordinates":[11.06686,47.30443]}},{"type":"Feature","properties":{"amenity":"shelter","shelter_type":"public_transport","osm":"way/1163901016"},"geometry":{"type":"Point","coordinates":[11.06685,47.30447]}},{"type":"Feature","properties":{"amenity":"shelter","shelter_type":"public_transport","osm":"way/1163901017"},"geometry":{"type":"Point","coordinates":[11.06682,47.30453]}},{"type":"Feature","properties":{"amenity":"shelter","shelter_type":"public_transport","osm":"way/1163901018"},"geometry":{"type":"Point","coordinates":[11.06681,47.30457]}},{"type":"Feature","properties":{"amenity":"shelter","shelter_type":"public_transport","osm":"way/1197166199"},"geometry":{"type":"Point","coordinates":[11.17859,47.33724]}},{"type":"Feature","properties":{"amenity":"shelter","shelter_type":"public_transport","osm":"way/1197166200"},"geometry":{"type":"Point","coordinates":[11.18075,47.33022]}},{"type":"Feature","properties":{"amenity":"shelter","shelter_type":"public_transport","osm":"way/1200672848"},"geometry":{"type":"Point","coordinates":[11.16812,47.27764]}},{"type":"Feature","properties":{"amenity":"shelter","shelter_type":"public_transport","osm":"way/1200672854"},"geometry":{"type":"Point","coordinates":[11.0693,47.30924]}},{"type":"Feature","properties":{"amenity":"shelter","shelter_type":"public_transport","osm":"way/1200672855"},"geometry":{"type":"Point","coordinates":[11.06929,47.30929]}},{"type":"Feature","properties":{"amenity":"shelter","shelter_type":"public_transport","osm":"way/1204457237"},"geometry":{"type":"Point","coordinates":[11.50147,47.2774]}},{"type":"Feature","properties":{"amenity":"shelter","shelter_type":"public_transport","osm":"way/1204457241"},"geometry":{"type":"Point","coordinates":[11.51225,47.28]}},{"type":"Feature","properties":{"amenity":"shelter","shelter_type":"public_transport","osm":"way/1204457244"},"geometry":{"type":"Point","coordinates":[11.52067,47.27808]}},{"type":"Feature","properties":{"amenity":"shelter","shelter_type":"public_transport","osm":"way/1210604381"},"geometry":{"type":"Point","coordinates":[11.15669,47.19516]}},{"type":"Feature","properties":{"amenity":"shelter","public_transport":"platform","osm":"way/1226670702"},"geometry":{"type":"Point","coordinates":[11.45167,47.12244]}},{"type":"Feature","properties":{"amenity":"shelter","shelter_type":"public_transport","osm":"way/1232214420"},"geometry":{"type":"Point","coordinates":[11.12819,47.34679]}},{"type":"Feature","properties":{"amenity":"shelter","shelter_type":"public_transport","osm":"way/1281251259"},"geometry":{"type":"Point","coordinates":[11.24978,47.28106]}},{"type":"Feature","properties":{"amenity":"shelter","osm":"way/1283006326"},"geometry":{"type":"Point","coordinates":[11.30875,47.11589]}},{"type":"Feature","properties":{"amenity":"shelter","shelter_type":"lean_to","osm":"way/1302917142"},"geometry":{"type":"Point","coordinates":[11.34626,47.23361]}},{"type":"Feature","properties":{"amenity":"shelter","shelter_type":"public_transport","osm":"way/1303735550"},"geometry":{"type":"Point","coordinates":[11.41982,47.27867]}},{"type":"Feature","properties":{"amenity":"shelter","shelter_type":"public_transport","osm":"way/1303735553"},"geometry":{"type":"Point","coordinates":[11.42038,47.2783]}},{"type":"Feature","properties":{"amenity":"shelter","shelter_type":"public_transport","osm":"way/1311214167"},"geometry":{"type":"Point","coordinates":[11.40753,47.25791]}},{"type":"Feature","properties":{"amenity":"shelter","osm":"way/1314214027"},"geometry":{"type":"Point","coordinates":[11.43031,47.18556]}},{"type":"Feature","properties":{"amenity":"shelter","shelter_type":"public_transport","osm":"way/1314330431"},"geometry":{"type":"Point","coordinates":[11.4127,47.26597]}},{"type":"Feature","properties":{"amenity":"shelter","shelter_type":"public_transport","osm":"way/1314962809"},"geometry":{"type":"Point","coordinates":[11.19949,47.27769]}},{"type":"Feature","properties":{"amenity":"shelter","shelter_type":"public_transport","osm":"way/1314962810"},"geometry":{"type":"Point","coordinates":[11.19938,47.27759]}},{"type":"Feature","properties":{"amenity":"shelter","shelter_type":"public_transport","osm":"way/1314962811"},"geometry":{"type":"Point","coordinates":[11.1991,47.27764]}},{"type":"Feature","properties":{"amenity":"shelter","osm":"way/1316234910"},"geometry":{"type":"Point","coordinates":[11.47751,47.29721]}},{"type":"Feature","properties":{"amenity":"shelter","shelter_type":"public_transport","osm":"way/1323406236"},"geometry":{"type":"Point","coordinates":[11.40038,47.27225]}},{"type":"Feature","properties":{"amenity":"shelter","shelter_type":"public_transport","osm":"way/1323521481"},"geometry":{"type":"Point","coordinates":[11.17051,47.28136]}},{"type":"Feature","properties":{"amenity":"shelter","shelter_type":"picnic_shelter","osm":"way/1327108557"},"geometry":{"type":"Point","coordinates":[11.50592,47.12887]}},{"type":"Feature","properties":{"amenity":"shelter","shelter_type":"public_transport","osm":"way/1332468845"},"geometry":{"type":"Point","coordinates":[11.51859,47.2999]}},{"type":"Feature","properties":{"amenity":"shelter","shelter_type":"public_transport","osm":"way/1335708039"},"geometry":{"type":"Point","coordinates":[11.44165,47.27709]}},{"type":"Feature","properties":{"amenity":"shelter","shelter_type":"public_transport","osm":"way/1338246097"},"geometry":{"type":"Point","coordinates":[11.44852,47.27473]}},{"type":"Feature","properties":{"amenity":"shelter","shelter_type":"public_transport","osm":"way/1338246107"},"geometry":{"type":"Point","coordinates":[11.44906,47.27481]}},{"type":"Feature","properties":{"amenity":"shelter","shelter_type":"public_transport","osm":"way/1338258510"},"geometry":{"type":"Point","coordinates":[11.45164,47.27596]}},{"type":"Feature","properties":{"amenity":"shelter","shelter_type":"public_transport","osm":"way/1338258515"},"geometry":{"type":"Point","coordinates":[11.45222,47.27608]}},{"type":"Feature","properties":{"amenity":"shelter","shelter_type":"public_transport","osm":"way/1339513540"},"geometry":{"type":"Point","coordinates":[11.44765,47.27035]}},{"type":"Feature","properties":{"amenity":"shelter","shelter_type":"public_transport","osm":"way/1339796785"},"geometry":{"type":"Point","coordinates":[11.45027,47.27094]}},{"type":"Feature","properties":{"amenity":"shelter","shelter_type":"public_transport","osm":"way/1340240971"},"geometry":{"type":"Point","coordinates":[11.45769,47.27752]}},{"type":"Feature","properties":{"amenity":"shelter","shelter_type":"public_transport","osm":"way/1357029993"},"geometry":{"type":"Point","coordinates":[11.42323,47.26675]}},{"type":"Feature","properties":{"amenity":"shelter","shelter_type":"public_transport","osm":"way/1359904431"},"geometry":{"type":"Point","coordinates":[11.40439,47.28077]}},{"type":"Feature","properties":{"amenity":"shelter","shelter_type":"public_transport","osm":"way/1365357161"},"geometry":{"type":"Point","coordinates":[11.40873,47.26492]}},{"type":"Feature","properties":{"amenity":"shelter","shelter_type":"public_transport","osm":"way/1366030066"},"geometry":{"type":"Point","coordinates":[11.45125,47.27809]}},{"type":"Feature","properties":{"amenity":"shelter","shelter_type":"public_transport","osm":"way/1417281539"},"geometry":{"type":"Point","coordinates":[11.39526,47.26281]}},{"type":"Feature","properties":{"amenity":"shelter","shelter_type":"weather_shelter","osm":"way/1427039818"},"geometry":{"type":"Point","coordinates":[10.99195,47.31238]}},{"type":"Feature","properties":{"amenity":"shelter","osm":"way/1427039854"},"geometry":{"type":"Point","coordinates":[10.9863,47.31493]}},{"type":"Feature","properties":{"amenity":"shelter","osm":"way/1427070989"},"geometry":{"type":"Point","coordinates":[10.98505,47.31991]}},{"type":"Feature","properties":{"amenity":"shelter","shelter_type":"public_transport","osm":"way/1427348763"},"geometry":{"type":"Point","coordinates":[11.35162,47.26334]}},{"type":"Feature","properties":{"amenity":"shelter","shelter_type":"public_transport","osm":"way/1434689810"},"geometry":{"type":"Point","coordinates":[11.38416,47.25743]}},{"type":"Feature","properties":{"amenity":"shelter","shelter_type":"public_transport","osm":"way/1435032193"},"geometry":{"type":"Point","coordinates":[11.38178,47.26533]}},{"type":"Feature","properties":{"amenity":"shelter","osm":"way/1435136161"},"geometry":{"type":"Point","coordinates":[11.38362,47.27539]}},{"type":"Feature","properties":{"amenity":"shelter","shelter_type":"public_transport","osm":"way/1446340139"},"geometry":{"type":"Point","coordinates":[11.37903,47.2607]}},{"type":"Feature","properties":{"amenity":"shelter","shelter_type":"public_transport","osm":"way/1446340142"},"geometry":{"type":"Point","coordinates":[11.37943,47.26088]}},{"type":"Feature","properties":{"amenity":"shelter","shelter_type":"public_transport","osm":"way/1448365909"},"geometry":{"type":"Point","coordinates":[11.3679,47.25725]}},{"type":"Feature","properties":{"amenity":"shelter","shelter_type":"public_transport","osm":"way/1453081795"},"geometry":{"type":"Point","coordinates":[11.45638,47.27791]}},{"type":"Feature","properties":{"amenity":"shelter","shelter_type":"public_transport","osm":"way/1456074498"},"geometry":{"type":"Point","coordinates":[11.40798,47.28092]}},{"type":"Feature","properties":{"amenity":"shelter","shelter_type":"public_transport","osm":"way/1456077868"},"geometry":{"type":"Point","coordinates":[11.42597,47.27684]}},{"type":"Feature","properties":{"amenity":"shelter","shelter_type":"public_transport","osm":"way/1456717359"},"geometry":{"type":"Point","coordinates":[11.43327,47.27587]}},{"type":"Feature","properties":{"amenity":"shelter","shelter_type":"public_transport","osm":"way/1463755150"},"geometry":{"type":"Point","coordinates":[11.40795,47.27292]}},{"type":"Feature","properties":{"amenity":"shelter","shelter_type":"public_transport","osm":"way/1485753705"},"geometry":{"type":"Point","coordinates":[11.3907,47.26756]}},{"type":"Feature","properties":{"amenity":"shelter","shelter_type":"public_transport","osm":"way/1486544169"},"geometry":{"type":"Point","coordinates":[11.39547,47.26263]}},{"type":"Feature","properties":{"amenity":"shelter","shelter_type":"public_transport","osm":"way/1487796896"},"geometry":{"type":"Point","coordinates":[11.3931,47.26505]}},{"type":"Feature","properties":{"amenity":"shelter","shelter_type":"public_transport","osm":"way/1497458715"},"geometry":{"type":"Point","coordinates":[11.39985,47.25839]}},{"type":"Feature","properties":{"amenity":"shelter","shelter_type":"public_transport","osm":"way/1501295030"},"geometry":{"type":"Point","coordinates":[11.39369,47.24659]}},{"type":"Feature","properties":{"amenity":"shelter","shelter_type":"public_transport","osm":"way/1508069664"},"geometry":{"type":"Point","coordinates":[11.38969,47.24186]}},{"type":"Feature","properties":{"amenity":"shelter","shelter_type":"public_transport","osm":"way/1514738052"},"geometry":{"type":"Point","coordinates":[11.40419,47.27108]}},{"type":"Feature","properties":{"amenity":"shelter","shelter_type":"public_transport","osm":"way/1516935497"},"geometry":{"type":"Point","coordinates":[11.40416,47.25701]}},{"type":"Feature","properties":{"amenity":"shelter","shelter_type":"public_transport","osm":"way/1523987381"},"geometry":{"type":"Point","coordinates":[11.3904,47.26475]}},{"type":"Feature","properties":{"amenity":"shelter","shelter_type":"public_transport","osm":"way/1524822647"},"geometry":{"type":"Point","coordinates":[11.42098,47.25959]}},{"type":"Feature","properties":{"amenity":"shelter","shelter_type":"public_transport","osm":"way/1539795935"},"geometry":{"type":"Point","coordinates":[11.36809,47.25138]}},{"type":"Feature","properties":{"amenity":"shelter","shelter_type":"public_transport","osm":"way/1543241295"},"geometry":{"type":"Point","coordinates":[11.36512,47.25181]}},{"type":"Feature","properties":{"amenity":"shelter","shelter_type":"public_transport","osm":"way/1543241298"},"geometry":{"type":"Point","coordinates":[11.36513,47.25191]}},{"type":"Feature","properties":{"name":"AP Hochrain","tourism":"viewpoint","osm":"node/1524103787"},"geometry":{"type":"Point","coordinates":[11.15145,47.34994]}},{"type":"Feature","properties":{"name":"AV Wetterschutzhütte","amenity":"shelter","shelter_type":"basic_hut","osm":"node/7578988103"},"geometry":{"type":"Point","coordinates":[11.40344,47.1048]}},{"type":"Feature","properties":{"name":"Achselbodenhütte","amenity":"shelter","ele":"1645","osm":"node/1280495600"},"geometry":{"type":"Point","coordinates":[11.35334,47.28882]}},{"type":"Feature","properties":{"name":"Adlerblick","tourism":"viewpoint","osm":"node/1648729792"},"geometry":{"type":"Point","coordinates":[11.42051,47.08798]}},{"type":"Feature","properties":{"name":"Adlerblick","tourism":"viewpoint","osm":"node/5655253612"},"geometry":{"type":"Point","coordinates":[10.96765,47.08224]}},{"type":"Feature","properties":{"name":"Adlerhorst","tourism":"viewpoint","osm":"node/2468067750"},"geometry":{"type":"Point","coordinates":[11.10143,47.20786]}},{"type":"Feature","properties":{"name":"Adolf Pichler Quelle","amenity":"drinking_water","osm":"node/2383585876"},"geometry":{"type":"Point","coordinates":[11.45825,47.30077]}},{"type":"Feature","properties":{"name":"Alpenklubscharte","ele":"2451","wikipedia":"de:Alpenklubscharte","wikidata":"Q15051216","natural":"saddle","osm":"node/1951169135"},"geometry":{"type":"Point","coordinates":[11.28068,47.16014]}},{"type":"Feature","properties":{"name":"Alplscharte","ele":"2317","natural":"saddle","osm":"node/3397345961"},"geometry":{"type":"Point","coordinates":[11.00236,47.3544]}},{"type":"Feature","properties":{"name":"Alter Schinterhof","drinking_water":"yes","natural":"spring","osm":"node/12273082560"},"geometry":{"type":"Point","coordinates":[11.42594,47.19773]}},{"type":"Feature","properties":{"name":"Alter Schinterhof","drinking_water":"yes","natural":"spring","osm":"node/12273082561"},"geometry":{"type":"Point","coordinates":[11.42632,47.19732]}},{"type":"Feature","properties":{"name":"Ambraser Brunnen","amenity":"drinking_water","check_date":"2025-05-17","osm":"node/2965033002"},"geometry":{"type":"Point","coordinates":[11.43447,47.25587]}},{"type":"Feature","properties":{"name":"Ampferstein","ele":"2556","wikipedia":"de:Ampferstein","summit:cross":"yes","wikidata":"Q474597","natural":"peak","osm":"node/794107993"},"geometry":{"type":"Point","coordinates":[11.31326,47.17444]}},{"type":"Feature","properties":{"name":"Angerle's Trögl","ele":"1225","natural":"spring","osm":"node/1652800791"},"geometry":{"type":"Point","coordinates":[11.44046,47.12729]}},{"type":"Feature","properties":{"name":"Antoniusbrunnen","amenity":"drinking_water","website":"https://www.tirol.gv.at/gesundheit-vorsorge/oeffentliche-gesundheit/hitze-und-gesundheit/trinkwassermapping-tirol/birgitz-dorfbrunnen/","wikimedia_commons":"File:Birgitz Antoniusbrunnen am Dorfplatz 01.jpg","osm":"node/600527220"},"geometry":{"type":"Point","coordinates":[11.29981,47.236]}},{"type":"Feature","properties":{"name":"Apartments home Ferienland Stubai Fulpmes - OTR04519-SYA","amenity":"shelter","osm":"node/7004797605"},"geometry":{"type":"Point","coordinates":[11.34345,47.15341]}},{"type":"Feature","properties":{"name":"Archbrandköpfl","ele":"1960","summit:cross":"yes","natural":"peak","osm":"node/7698991886"},"geometry":{"type":"Point","coordinates":[11.15394,47.2516]}},{"type":"Feature","properties":{"name":"Arena365 Aussichtsturm","amenity":"shelter","shelter_type":"gazebo","osm":"way/956568628"},"geometry":{"type":"Point","coordinates":[11.17555,47.32269]}},{"type":"Feature","properties":{"name":"Arnspitzblick","tourism":"viewpoint","osm":"node/6913320027"},"geometry":{"type":"Point","coordinates":[11.16978,47.35768]}},{"type":"Feature","properties":{"name":"Arzler Horn","tourism":"viewpoint","ele":"1717","osm":"node/3890800033"},"geometry":{"type":"Point","coordinates":[11.40144,47.3067]}},{"type":"Feature","properties":{"name":"Arzler Scharte","ele":"2158","wikipedia":"de:Arzler Scharte","wikidata":"Q718551","direction":"north","natural":"saddle","osm":"node/1360229449"},"geometry":{"type":"Point","coordinates":[11.41272,47.3209]}},{"type":"Feature","properties":{"name":"Aussicht am Gatterl","tourism":"viewpoint","osm":"node/7830180390"},"geometry":{"type":"Point","coordinates":[11.30532,47.28949]}},{"type":"Feature","properties":{"name":"Aussichtsplattform Karwendelblick","tourism":"viewpoint","shelter_type":"lean_to","osm":"node/3781420273"},"geometry":{"type":"Point","coordinates":[11.39777,47.14685]}},{"type":"Feature","properties":{"name":"Aussichtsplattform Kugelwald","tourism":"viewpoint","osm":"node/7760894851"},"geometry":{"type":"Point","coordinates":[11.54432,47.24315]}},{"type":"Feature","properties":{"name":"Aussichtsplattform Serlesblick","amenity":"shelter","shelter_type":"lean_to","osm":"way/1350903841"},"geometry":{"type":"Point","coordinates":[11.39823,47.14311]}},{"type":"Feature","properties":{"name":"Aussichtsplattform Stubaiblick","tourism":"viewpoint","osm":"node/1641275307"},"geometry":{"type":"Point","coordinates":[11.30969,47.14814]}},{"type":"Feature","properties":{"name":"Aussichtspunkt Ochsenbründl","tourism":"viewpoint","direction":"247","osm":"node/7083796112"},"geometry":{"type":"Point","coordinates":[11.00874,47.32925]}},{"type":"Feature","properties":{"name":"Aussichtspunkt Wetterkreuz","tourism":"viewpoint","direction":"225","osm":"node/10710747987"},"geometry":{"type":"Point","coordinates":[11.16285,47.29225]}},{"type":"Feature","properties":{"name":"Axamer Kögele","ele":"2097","summit:cross":"yes","wikidata":"Q25807405","natural":"peak","osm":"node/413596352"},"geometry":{"type":"Point","coordinates":[11.27796,47.20007]}},{"type":"Feature","properties":{"name":"Bahnhaltestelle Leithen","amenity":"shelter","shelter_type":"public_transport","osm":"way/166383472"},"geometry":{"type":"Point","coordinates":[11.22168,47.29079]}},{"type":"Feature","properties":{"name":"Bahnhof Igls","amenity":"shelter","opening_hours":"07:00 - 19:45","osm":"way/108878500"},"geometry":{"type":"Point","coordinates":[11.41278,47.2338]}},{"type":"Feature","properties":{"name":"Bederlungerquelle","amenity":"drinking_water","check_date":"2025-07-06","osm":"node/1423276291"},"geometry":{"type":"Point","coordinates":[11.40545,47.28531]}},{"type":"Feature","properties":{"name":"Bederlungerquelle","tourism":"viewpoint","osm":"node/1677325577"},"geometry":{"type":"Point","coordinates":[11.40557,47.28527]}},{"type":"Feature","properties":{"name":"Beim Grischele","amenity":"drinking_water","operator":"Amt für Wald und Natur","osm":"node/7110266245"},"geometry":{"type":"Point","coordinates":[11.434,47.2844]}},{"type":"Feature","properties":{"name":"Beim Hummel","amenity":"drinking_water","opening_hours":"24/7","osm":"node/1395207863"},"geometry":{"type":"Point","coordinates":[11.3815,47.27189]}},{"type":"Feature","properties":{"name":"Berglerbründl","amenity":"drinking_water","ele":"1774","osm":"node/1327592048"},"geometry":{"type":"Point","coordinates":[11.31902,47.16292]}},{"type":"Feature","properties":{"name":"Besucherterrasse","tourism":"viewpoint","osm":"node/1760622136"},"geometry":{"type":"Point","coordinates":[11.35134,47.25783]}},{"type":"Feature","properties":{"name":"Bettelwurfbrünnl","amenity":"drinking_water","osm":"node/798933577"},"geometry":{"type":"Point","coordinates":[11.50923,47.32443]}},{"type":"Feature","properties":{"name":"Bierwirtbrunnen","amenity":"drinking_water","osm":"node/2965033004"},"geometry":{"type":"Point","coordinates":[11.43092,47.25845]}},{"type":"Feature","properties":{"name":"Bilderrahmen","tourism":"viewpoint","direction":"310","osm":"node/9975551096"},"geometry":{"type":"Point","coordinates":[11.21989,47.34131]}},{"type":"Feature","properties":{"name":"Birgitzköpfl","ele":"1980","wikipedia":"de:Birgitzköpfl","summit:cross":"yes","wikimedia_commons":"Category:Birgitzköpfl","wikidata":"Q15052125","natural":"peak","osm":"node/880157447"},"geometry":{"type":"Point","coordinates":[11.31472,47.19888]}},{"type":"Feature","properties":{"name":"Biwak Notlager","amenity":"shelter","ele":"2279","shelter_type":"basic_hut","osm":"node/6793776144"},"geometry":{"type":"Point","coordinates":[11.35984,47.3106]}},{"type":"Feature","properties":{"name":"Blaser","ele":"2241","wikipedia":"de:Blaser (Berg)","summit:cross":"yes","wikidata":"Q881857","natural":"peak","osm":"node/1650238492"},"geometry":{"type":"Point","coordinates":[11.41167,47.10651]}},{"type":"Feature","properties":{"name":"Bleichbrünndl","ele":"859.7783203","drinking_water":"no","natural":"spring","osm":"node/973036589"},"geometry":{"type":"Point","coordinates":[11.45283,47.24538]}},{"type":"Feature","properties":{"name":"Blick auf Seefeld","tourism":"viewpoint","osm":"node/7606989548"},"geometry":{"type":"Point","coordinates":[11.1774,47.32949]}},{"type":"Feature","properties":{"name":"Blick auf Seefeld","tourism":"viewpoint","osm":"node/11208564338"},"geometry":{"type":"Point","coordinates":[11.24189,47.35844]}},{"type":"Feature","properties":{"name":"Blick auf den Gießenbach","tourism":"viewpoint","osm":"node/766894654"},"geometry":{"type":"Point","coordinates":[11.24788,47.35856]}},{"type":"Feature","properties":{"name":"Bollenbachquelle","natural":"spring","osm":"node/7775257207"},"geometry":{"type":"Point","coordinates":[11.61108,47.34599]}},{"type":"Feature","properties":{"name":"Brandlschrofenquelle","natural":"spring","osm":"node/12557787039"},"geometry":{"type":"Point","coordinates":[11.37671,47.28867]}},{"type":"Feature","properties":{"name":"Breite Scharte","natural":"saddle","osm":"node/9484108110"},"geometry":{"type":"Point","coordinates":[11.06492,47.14172]}},{"type":"Feature","properties":{"name":"Breiter Sattel","ele":"1794","natural":"saddle","osm":"node/1133982543"},"geometry":{"type":"Point","coordinates":[11.25473,47.32458]}},{"type":"Feature","properties":{"name":"Brunell Brunnen","amenity":"drinking_water","osm":"node/854941392"},"geometry":{"type":"Point","coordinates":[11.4312,47.29186]}},{"type":"Feature","properties":{"name":"Brunnen","amenity":"drinking_water","check_date":"2024-10-07","osm":"node/2592698491"},"geometry":{"type":"Point","coordinates":[11.25277,47.27389]}},{"type":"Feature","properties":{"name":"Brunnen Föhrenweg","amenity":"drinking_water","osm":"node/4071260537"},"geometry":{"type":"Point","coordinates":[11.4756,47.30069]}},{"type":"Feature","properties":{"name":"Brunnen Guter Hirte","amenity":"drinking_water","wikidata":"Q37762418","osm":"node/4917650796"},"geometry":{"type":"Point","coordinates":[11.07489,47.30754]}},{"type":"Feature","properties":{"name":"Brunnen Kaponsweg","amenity":"drinking_water","osm":"node/4071188710"},"geometry":{"type":"Point","coordinates":[11.47388,47.29838]}},{"type":"Feature","properties":{"name":"Brunnen am Steinbruch","amenity":"drinking_water","osm":"node/282965556"},"geometry":{"type":"Point","coordinates":[11.42198,47.29145]}},{"type":"Feature","properties":{"name":"Brunnen beim Purner","amenity":"drinking_water","wikidata":"Q37764993","osm":"node/6757484575"},"geometry":{"type":"Point","coordinates":[11.47305,47.29426]}},{"type":"Feature","properties":{"name":"Brunnen hl. Florian","amenity":"drinking_water","wikidata":"Q38152798","osm":"node/1106201557"},"geometry":{"type":"Point","coordinates":[11.37503,47.22754]}},{"type":"Feature","properties":{"name":"Brunnenstube Gramart","amenity":"drinking_water","check_date":"2025-07-19","osm":"node/7476935965"},"geometry":{"type":"Point","coordinates":[11.37864,47.2834]}},{"type":"Feature","properties":{"name":"Brunschkopf","tourism":"viewpoint","ele":"1510","osm":"node/3033125507"},"geometry":{"type":"Point","coordinates":[11.16107,47.32915]}},{"type":"Feature","properties":{"name":"Buchener Höhe","ele":"1247","wikipedia":"de:Buchener Höhe","wikimedia_commons":"Category:Buchener Höhe","wikidata":"Q998283","natural":"saddle","osm":"node/534820295"},"geometry":{"type":"Point","coordinates":[11.12275,47.33763]}},{"type":"Feature","properties":{"name":"Butterbründl","amenity":"drinking_water","osm":"node/11639276437"},"geometry":{"type":"Point","coordinates":[11.3079,47.20214]}},{"type":"Feature","properties":{"name":"Butterbrünndl","amenity":"drinking_water","check_date":"2023-08-21","osm":"node/1355592378"},"geometry":{"type":"Point","coordinates":[11.32144,47.20794]}},{"type":"Feature","properties":{"name":"Bäckerbründl","amenity":"drinking_water","osm":"node/12769105562"},"geometry":{"type":"Point","coordinates":[11.36967,47.28249]}},{"type":"Feature","properties":{"name":"Canisiusbrünnl","amenity":"drinking_water","check_date":"2024-01-26","osm":"node/842529278"},"geometry":{"type":"Point","coordinates":[11.44246,47.29048]}},{"type":"Feature","properties":{"name":"Christeigerhof","drinking_water":"yes","natural":"spring","osm":"node/12273082559"},"geometry":{"type":"Point","coordinates":[11.42654,47.19829]}},{"type":"Feature","properties":{"name":"Christler Quelle","natural":"spring","osm":"node/1661051442"},"geometry":{"type":"Point","coordinates":[11.44489,47.13456]}},{"type":"Feature","properties":{"name":"Christophorusbrunnen","amenity":"drinking_water","check_date":"2026-01-31","osm":"node/9870904075"},"geometry":{"type":"Point","coordinates":[11.50304,47.29552]}},{"type":"Feature","properties":{"name":"Der Riese","tourism":"attraction","website":"https://kristallwelten.swarovski.com/","waterway":"waterfall","osm":"node/1626946012"},"geometry":{"type":"Point","coordinates":[11.60035,47.29407]}},{"type":"Feature","properties":{"name":"Didis Bankerl","tourism":"viewpoint","osm":"node/7843487809"},"geometry":{"type":"Point","coordinates":[11.16214,47.25865]}},{"type":"Feature","properties":{"name":"Dorfbrunnen","amenity":"drinking_water","check_date":"2023-12-07","osm":"node/603587705"},"geometry":{"type":"Point","coordinates":[11.27943,47.23083]}},{"type":"Feature","properties":{"name":"Dorfbrunnen","amenity":"drinking_water","osm":"node/907033099"},"geometry":{"type":"Point","coordinates":[11.40232,47.23658]}},{"type":"Feature","properties":{"name":"Dorfbrunnen","amenity":"drinking_water","wikidata":"Q37818196","osm":"node/2327496546"},"geometry":{"type":"Point","coordinates":[11.25757,47.25936]}},{"type":"Feature","properties":{"name":"Dorfbrunnen","amenity":"drinking_water","osm":"node/2373703655"},"geometry":{"type":"Point","coordinates":[11.41513,47.20419]}},{"type":"Feature","properties":{"name":"Dorfbrunnen","amenity":"drinking_water","wikidata":"Q37765047","osm":"node/2726530342"},"geometry":{"type":"Point","coordinates":[11.4715,47.29362]}},{"type":"Feature","properties":{"name":"Dorfbrunnen","amenity":"drinking_water","osm":"node/8302620095"},"geometry":{"type":"Point","coordinates":[11.12519,47.29071]}},{"type":"Feature","properties":{"name":"Dorfbrunnen","amenity":"drinking_water","wikidata":"Q37817645","osm":"node/9879649816"},"geometry":{"type":"Point","coordinates":[11.47427,47.29301]}},{"type":"Feature","properties":{"name":"Dorfbrunnen Mitteldorf","amenity":"drinking_water","osm":"node/8302620096"},"geometry":{"type":"Point","coordinates":[11.12351,47.29081]}},{"type":"Feature","properties":{"name":"Dorfbrunnen hl. Vitus","amenity":"drinking_water","wikidata":"Q37762041","osm":"node/6331621602"},"geometry":{"type":"Point","coordinates":[11.34952,47.15207]}},{"type":"Feature","properties":{"name":"Dorfbrunnen hl. Wendelin","amenity":"drinking_water","wikidata":"Q38152790","osm":"node/287449751"},"geometry":{"type":"Point","coordinates":[11.37716,47.22753]}},{"type":"Feature","properties":{"name":"Dr. Stainer Brunnen","amenity":"drinking_water","description":"Benannt nach dem Arzt und Pionier der Wasserversorgung in Wattens","osm":"node/10183229319"},"geometry":{"type":"Point","coordinates":[11.58664,47.29452]}},{"type":"Feature","properties":{"name":"Drachenfelsen","tourism":"viewpoint","osm":"node/2939204919"},"geometry":{"type":"Point","coordinates":[11.40176,47.24621]}},{"type":"Feature","properties":{"name":"Durrachjöchl","ele":"2141","natural":"saddle","osm":"node/2825970803"},"geometry":{"type":"Point","coordinates":[11.60933,47.11481]}},{"type":"Feature","properties":{"name":"Durrenseespitze","ele":"2651","summit:cross":"yes","natural":"peak","osm":"node/1650631544"},"geometry":{"type":"Point","coordinates":[11.52505,47.18579]}},{"type":"Feature","properties":{"name":"Duschek Brunnen","amenity":"drinking_water","osm":"node/1748720235"},"geometry":{"type":"Point","coordinates":[11.41247,47.28718]}},{"type":"Feature","properties":{"name":"Eggenwald","amenity":"drinking_water","osm":"node/854941833"},"geometry":{"type":"Point","coordinates":[11.42821,47.28944]}},{"type":"Feature","properties":{"name":"Eichelberger Brunnen","amenity":"drinking_water","ele":"1140","osm":"node/274379244"},"geometry":{"type":"Point","coordinates":[11.41022,47.30097]}},{"type":"Feature","properties":{"name":"Eisbergbründl","amenity":"drinking_water","osm":"node/1259637161"},"geometry":{"type":"Point","coordinates":[11.42808,47.21809]}},{"type":"Feature","properties":{"name":"Eismandlbrunnen","amenity":"drinking_water","osm":"node/12480625724"},"geometry":{"type":"Point","coordinates":[11.29251,47.10337]}},{"type":"Feature","properties":{"name":"Eppzirler Scharte","ele":"2181","natural":"saddle","osm":"node/1622799878"},"geometry":{"type":"Point","coordinates":[11.27882,47.31704]}},{"type":"Feature","properties":{"name":"Eppzirltalblick","tourism":"viewpoint","osm":"node/766894617"},"geometry":{"type":"Point","coordinates":[11.25658,47.34864]}},{"type":"Feature","properties":{"name":"Erlsattel","natural":"saddle","osm":"node/10298557315"},"geometry":{"type":"Point","coordinates":[11.29081,47.30915]}},{"type":"Feature","properties":{"name":"Erlscharte","natural":"saddle","osm":"node/7546106879"},"geometry":{"type":"Point","coordinates":[11.28056,47.3186]}},{"type":"Feature","properties":{"name":"Erlspitze","ele":"2405","wikipedia":"de:Erlspitze","summit:cross":"yes","wikidata":"Q1355688","natural":"peak","osm":"node/293014597"},"geometry":{"type":"Point","coordinates":[11.28504,47.32012]}},{"type":"Feature","properties":{"name":"Fallbachscharte","ele":"2490","natural":"saddle","osm":"node/525248733"},"geometry":{"type":"Point","coordinates":[11.53192,47.3429]}},{"type":"Feature","properties":{"name":"Faltegartenkögele","ele":"2184","summit:cross":"yes","image":"https://bergtourentipp-tirol.at/wp-content/uploads/2021/10/Faltegartenkoepfl_16.jpg","wikidata":"Q21878304","natural":"peak","osm":"node/1485219573"},"geometry":{"type":"Point","coordinates":[10.95819,47.24377]}},{"type":"Feature","properties":{"name":"Faltschin","tourism":"viewpoint","ele":"834","description":"Blick auf die Tuxer Alpen","direction":"E-W","osm":"node/7112739777"},"geometry":{"type":"Point","coordinates":[11.55334,47.30894]}},{"type":"Feature","properties":{"name":"Fasnachts-Brunnen","amenity":"drinking_water","wikidata":"Q37762446","osm":"node/7002690811"},"geometry":{"type":"Point","coordinates":[11.07296,47.30785]}},{"type":"Feature","properties":{"name":"Fasserbrunnen","amenity":"drinking_water","osm":"node/1436356477"},"geometry":{"type":"Point","coordinates":[11.56734,47.2858]}},{"type":"Feature","properties":{"name":"Felsvorsprung","amenity":"shelter","osm":"node/4911567906"},"geometry":{"type":"Point","coordinates":[11.20502,47.12343]}},{"type":"Feature","properties":{"name":"Ferienland Stubai","amenity":"shelter","osm":"node/7004797604"},"geometry":{"type":"Point","coordinates":[11.34364,47.15362]}},{"type":"Feature","properties":{"name":"Fernerboden","tourism":"viewpoint","osm":"node/1075384658"},"geometry":{"type":"Point","coordinates":[11.13242,47.11245]}},{"type":"Feature","properties":{"name":"Fiechter Köpfl","tourism":"viewpoint","osm":"node/1699531274"},"geometry":{"type":"Point","coordinates":[11.00633,47.29529]}},{"type":"Feature","properties":{"name":"Figl","ele":"1944","summit:cross":"yes","natural":"peak","osm":"node/427615023"},"geometry":{"type":"Point","coordinates":[11.24426,47.20541]}},{"type":"Feature","properties":{"name":"Finstertaler Scharte","ele":"2777","natural":"saddle","osm":"node/672356955"},"geometry":{"type":"Point","coordinates":[11.03255,47.17841]}},{"type":"Feature","properties":{"name":"Flaurlinger Joch","ele":"2150","summit:cross":"yes","image":"https://bergtourentipp-tirol.at/wp-content/uploads/2022/09/Pollinger-Kreuz-Flaurlinger-Joch_5.jpg","natural":"peak","osm":"node/2150559494"},"geometry":{"type":"Point","coordinates":[11.12619,47.25877]}},{"type":"Feature","properties":{"name":"Flaurlinger Scharte","ele":"2400","natural":"saddle","osm":"node/321141611"},"geometry":{"type":"Point","coordinates":[11.0718,47.22982]}},{"type":"Feature","properties":{"name":"Florianbrunnen","amenity":"drinking_water","osm":"node/2327496547"},"geometry":{"type":"Point","coordinates":[11.25827,47.25983]}},{"type":"Feature","properties":{"name":"Florianibrunnen","amenity":"drinking_water","osm":"node/387112631"},"geometry":{"type":"Point","coordinates":[11.27393,47.25446]}},{"type":"Feature","properties":{"name":"Florianibrunnen","amenity":"drinking_water","drinking_water":"yes","wikidata":"Q38181997","osm":"node/1268200515"},"geometry":{"type":"Point","coordinates":[11.42985,47.25989]}},{"type":"Feature","properties":{"name":"Florianibrunnen","amenity":"drinking_water","osm":"node/6331702902"},"geometry":{"type":"Point","coordinates":[11.34192,47.14226]}},{"type":"Feature","properties":{"name":"Florianibrunnen","amenity":"drinking_water","osm":"node/8736865656"},"geometry":{"type":"Point","coordinates":[11.40575,47.2932]}},{"type":"Feature","properties":{"name":"Florianibrunnen","amenity":"drinking_water","wikidata":"Q37817065","osm":"node/9862563692"},"geometry":{"type":"Point","coordinates":[11.50541,47.29523]}},{"type":"Feature","properties":{"name":"Florianibrunnen","amenity":"drinking_water","osm":"node/12209400281"},"geometry":{"type":"Point","coordinates":[11.20319,47.3097]}},{"type":"Feature","properties":{"name":"Franz Xaver-Brunnen","amenity":"drinking_water","check_date":"2026-03-26","image":"http://de.wikipedia.org/wiki/Datei:Franz_Xaver-Brunnen_(4).JPG","wikidata":"Q38118323","osm":"node/757148956"},"geometry":{"type":"Point","coordinates":[11.31042,47.23619]}},{"type":"Feature","properties":{"name":"Franz-Xaver-Brunnen","amenity":"drinking_water","wikidata":"Q37762407","osm":"node/9571160588"},"geometry":{"type":"Point","coordinates":[11.07397,47.30894]}},{"type":"Feature","properties":{"name":"Franziskusbründl","amenity":"drinking_water","seasonal":"yes","osm":"node/810003623"},"geometry":{"type":"Point","coordinates":[11.41164,47.29476]}},{"type":"Feature","properties":{"name":"Frau Hitt Sattel","natural":"saddle","osm":"node/7610119508"},"geometry":{"type":"Point","coordinates":[11.34902,47.30501]}},{"type":"Feature","properties":{"name":"Freihut (Gipfelkreuz)","ele":"2616","summit:cross":"yes","natural":"peak","osm":"node/1105210481"},"geometry":{"type":"Point","coordinates":[11.12222,47.18378]}},{"type":"Feature","properties":{"name":"Fulpmes Medraz Stille","amenity":"shelter","shelter_type":"public_transport","osm":"way/868385803"},"geometry":{"type":"Point","coordinates":[11.34361,47.13943]}},{"type":"Feature","properties":{"name":"Gaiskogel","ele":"2820","wikipedia":"de:Gaißkogel","summit:cross":"yes","wikidata":"Q1491557","natural":"peak","osm":"node/1567673459"},"geometry":{"type":"Point","coordinates":[11.05368,47.20408]}},{"type":"Feature","properties":{"name":"Gaiskogelscharte","natural":"saddle","osm":"node/8660418130"},"geometry":{"type":"Point","coordinates":[11.05169,47.20159]}},{"type":"Feature","properties":{"name":"Gamsspitze","ele":"2706","summit:cross":"yes","natural":"peak","osm":"node/11980600223"},"geometry":{"type":"Point","coordinates":[11.23107,47.09289]}},{"type":"Feature","properties":{"name":"Gamswartsattel","natural":"saddle","osm":"node/1509603748"},"geometry":{"type":"Point","coordinates":[11.32991,47.30267]}},{"type":"Feature","properties":{"name":"Garberskopf","ele":"1903","summit:cross":"yes","natural":"peak","osm":"node/4584227381"},"geometry":{"type":"Point","coordinates":[11.26525,47.30166]}},{"type":"Feature","properties":{"name":"Gartenhaus","amenity":"shelter","osm":"way/1287365854"},"geometry":{"type":"Point","coordinates":[11.07202,47.30805]}},{"type":"Feature","properties":{"name":"Geflügelzucht Abentung","amenity":"shelter","osm":"node/8196324586"},"geometry":{"type":"Point","coordinates":[11.32797,47.23377]}},{"type":"Feature","properties":{"name":"Gipfelkreuz Haneburger","ele":"2580","summit:cross":"yes","natural":"peak","osm":"node/5927674903"},"geometry":{"type":"Point","coordinates":[11.58456,47.21435]}},{"type":"Feature","properties":{"name":"Gipfelkreuz Seekarspitze","ele":"2649","summit:cross":"yes","natural":"peak","osm":"node/1645475763"},"geometry":{"type":"Point","coordinates":[11.5793,47.17956]}},{"type":"Feature","properties":{"name":"Gitterlebrunnen","amenity":"drinking_water","osm":"node/7570255358"},"geometry":{"type":"Point","coordinates":[11.36466,47.25414]}},{"type":"Feature","properties":{"name":"Gleirschjöchl","natural":"saddle","osm":"node/609595114"},"geometry":{"type":"Point","coordinates":[11.39552,47.3134]}},{"type":"Feature","properties":{"name":"Gleirschjöchl","ele":"2751","wikidata":"Q21871055","natural":"saddle","osm":"node/1589972567"},"geometry":{"type":"Point","coordinates":[11.05517,47.1493]}},{"type":"Feature","properties":{"name":"Gleirschspitze","ele":"2317","wikipedia":"de:Gleirschspitze","summit:cross":"yes","wikidata":"Q1530467","natural":"peak","osm":"node/524663440"},"geometry":{"type":"Point","coordinates":[11.39818,47.31564]}},{"type":"Feature","properties":{"name":"Gloriette","amenity":"shelter","shelter_type":"gazebo","wikidata":"Q37990432","osm":"way/107161680"},"geometry":{"type":"Point","coordinates":[11.40139,47.25132]}},{"type":"Feature","properties":{"name":"Goaßboden","amenity":"shelter","osm":"node/2404587844"},"geometry":{"type":"Point","coordinates":[11.25382,47.28027]}},{"type":"Feature","properties":{"name":"Grafmartspitze","ele":"2720","summit:cross":"yes","natural":"peak","osm":"node/1650631452"},"geometry":{"type":"Point","coordinates":[11.55215,47.17161]}},{"type":"Feature","properties":{"name":"Grieskogel","ele":"2158","summit:cross":"yes","wikidata":"Q21878402","natural":"peak","osm":"node/413594836"},"geometry":{"type":"Point","coordinates":[11.24501,47.18817]}},{"type":"Feature","properties":{"name":"Griffjoch","natural":"saddle","osm":"node/2824174903"},"geometry":{"type":"Point","coordinates":[11.61742,47.13872]}},{"type":"Feature","properties":{"name":"Große Ochsenwand","ele":"2700","wikipedia":"de:Große Ochsenwand","summit:cross":"yes","wikidata":"Q14906732","natural":"peak","osm":"node/413595395"},"geometry":{"type":"Point","coordinates":[11.27852,47.15445]}},{"type":"Feature","properties":{"name":"Großer Gott","amenity":"drinking_water","osm":"node/473057089"},"geometry":{"type":"Point","coordinates":[11.3727,47.26818]}},{"type":"Feature","properties":{"name":"Großer Solstein","ele":"2541","wikipedia":"de:Großer Solstein","summit:cross":"yes","wikidata":"Q873196","natural":"peak","osm":"node/255973617"},"geometry":{"type":"Point","coordinates":[11.30766,47.3027]}},{"type":"Feature","properties":{"name":"Großes Horntal Joch","ele":"2812","wikidata":"Q21868096","natural":"saddle","osm":"node/1456771015"},"geometry":{"type":"Point","coordinates":[11.16242,47.10283]}},{"type":"Feature","properties":{"name":"Grubeneinstand \"Einsperre\"","amenity":"shelter","osm":"node/9864163538"},"geometry":{"type":"Point","coordinates":[11.34735,47.08879]}},{"type":"Feature","properties":{"name":"Grubreissenscharte","natural":"saddle","osm":"node/1371015772"},"geometry":{"type":"Point","coordinates":[11.37798,47.31637]}},{"type":"Feature","properties":{"name":"Gruegrat","ele":"2704","summit:cross":"yes","natural":"peak","osm":"node/5825230753"},"geometry":{"type":"Point","coordinates":[10.97298,47.15243]}},{"type":"Feature","properties":{"name":"Gruejoch","ele":"2710","natural":"saddle","osm":"node/4329581441"},"geometry":{"type":"Point","coordinates":[10.98118,47.1549]}},{"type":"Feature","properties":{"name":"Grünbergspitze","ele":"2790","wikipedia":"de:Grünbergspitze","summit:cross":"yes","wikidata":"Q72830341","natural":"peak","osm":"node/1650631455"},"geometry":{"type":"Point","coordinates":[11.54696,47.17415]}},{"type":"Feature","properties":{"name":"Gschnierbach-Wasserfall","waterway":"waterfall","osm":"node/10103362444"},"geometry":{"type":"Point","coordinates":[11.44917,47.35885]}},{"type":"Feature","properties":{"name":"Gänsekragen","ele":"2914","wikipedia":"de:Gänsekragen","summit:cross":"yes","wikidata":"Q1293529","natural":"peak","osm":"node/1872379118"},"geometry":{"type":"Point","coordinates":[11.0396,47.09011]}},{"type":"Feature","properties":{"name":"Gänselislelbrunnen","amenity":"drinking_water","check_date":"2023-09-03","osm":"node/2329368595"},"geometry":{"type":"Point","coordinates":[11.32751,47.25126]}},{"type":"Feature","properties":{"name":"Hafelekarspitze","ele":"2334","wikipedia":"de:Hafelekarspitze","summit:cross":"yes","wikidata":"Q875071","natural":"peak","osm":"node/1620258707"},"geometry":{"type":"Point","coordinates":[11.38632,47.31283]}},{"type":"Feature","properties":{"name":"Haller Zunterkopf","ele":"1966","wikipedia":"de:Haller Zunterkopf","summit:cross":"yes","wikidata":"Q1386128","natural":"peak","osm":"node/1620258571"},"geometry":{"type":"Point","coordinates":[11.48431,47.3192]}},{"type":"Feature","properties":{"name":"Halsl","ele":"1992","natural":"saddle","osm":"node/1295044654"},"geometry":{"type":"Point","coordinates":[11.31641,47.18537]}},{"type":"Feature","properties":{"name":"Hauserandertal","amenity":"drinking_water","osm":"node/301249804"},"geometry":{"type":"Point","coordinates":[11.2898,47.28628]}},{"type":"Feature","properties":{"name":"Hawaiquelle","amenity":"drinking_water","osm":"node/832835540"},"geometry":{"type":"Point","coordinates":[11.31215,47.26585]}},{"type":"Feature","properties":{"name":"Hechenberg","ele":"1745","operator":"Alpiner Club Hechenbergler","summit:cross":"yes","natural":"peak","osm":"node/524429129"},"geometry":{"type":"Point","coordinates":[11.31473,47.27738]}},{"type":"Feature","properties":{"name":"Heilquelle","amenity":"drinking_water","ele":"1060","osm":"node/413598775"},"geometry":{"type":"Point","coordinates":[11.35378,47.2234]}},{"type":"Feature","properties":{"name":"Hilde Zach Ruhe","tourism":"viewpoint","direction":"S-SW","osm":"node/8855354585"},"geometry":{"type":"Point","coordinates":[11.37496,47.28315]}},{"type":"Feature","properties":{"name":"Hinteres Garzoan Trögl","natural":"spring","osm":"node/3466285477"},"geometry":{"type":"Point","coordinates":[11.47831,47.30509]}},{"type":"Feature","properties":{"name":"Hirschstein","ele":"2281","summit:cross":"yes","natural":"peak","osm":"node/623983270"},"geometry":{"type":"Point","coordinates":[11.53145,47.15054]}},{"type":"Feature","properties":{"name":"Hoadlsattel","ele":"2260","natural":"saddle","osm":"node/310171575"},"geometry":{"type":"Point","coordinates":[11.28136,47.17873]}},{"type":"Feature","properties":{"name":"Hochgraffljoch","ele":"2693","natural":"saddle","osm":"node/9483454662"},"geometry":{"type":"Point","coordinates":[11.16755,47.12133]}},{"type":"Feature","properties":{"name":"Hochleithenkopf","tourism":"viewpoint","ele":"1180","direction":"67-247","osm":"node/5554406195"},"geometry":{"type":"Point","coordinates":[11.19416,47.29542]}},{"type":"Feature","properties":{"name":"Hochmahdkopf","ele":"1738","summit:cross":"yes","wikidata":"Q21878178","natural":"peak","osm":"node/759624456"},"geometry":{"type":"Point","coordinates":[11.49846,47.31954]}},{"type":"Feature","properties":{"name":"Hochreichscharte","tourism":"information","ele":"2912","natural":"saddle","osm":"node/2408263952"},"geometry":{"type":"Point","coordinates":[10.96935,47.16922]}},{"type":"Feature","properties":{"name":"Hochtennscharte","ele":"2470","natural":"saddle","osm":"node/7761006601"},"geometry":{"type":"Point","coordinates":[11.29479,47.17098]}},{"type":"Feature","properties":{"name":"Hochtennspitze","ele":"2549","wikipedia":"de:Hochtennspitze","summit:cross":"yes","wikidata":"Q15056702","natural":"peak","osm":"node/413595689"},"geometry":{"type":"Point","coordinates":[11.29012,47.17116]}},{"type":"Feature","properties":{"name":"Hochwandkopf","ele":"1579","summit:cross":"yes","natural":"peak","osm":"node/524429125"},"geometry":{"type":"Point","coordinates":[11.28008,47.27667]}},{"type":"Feature","properties":{"name":"Hohe Brunnen","drinking_water":"yes","natural":"spring","man_made":"spring_box","osm":"node/12273082555"},"geometry":{"type":"Point","coordinates":[11.4403,47.19708]}},{"type":"Feature","properties":{"name":"Hohe Munde Ostgipfel","ele":"2592","wikipedia":"de:Hohe Munde","summit:cross":"yes","wikidata":"Q389939","natural":"peak","osm":"node/256041976"},"geometry":{"type":"Point","coordinates":[11.08121,47.34621]}},{"type":"Feature","properties":{"name":"Hohe Munde Westgipfel","ele":"2662","wikipedia":"de:Hohe Munde","summit:cross":"yes","wikidata":"Q389939","natural":"peak","osm":"node/656014516"},"geometry":{"type":"Point","coordinates":[11.07173,47.34705]}},{"type":"Feature","properties":{"name":"Hohe Wand / Hochwand (Nebengipfel)","ele":"2715","wikipedia":"de:Hochwand","summit:cross":"yes","wikidata":"Q1622423","natural":"peak","osm":"node/3711071136"},"geometry":{"type":"Point","coordinates":[11.0131,47.3574]}},{"type":"Feature","properties":{"name":"Hohe Warte","ele":"2596","wikipedia":"de:Hohe Warte (Karwendel)","summit:cross":"yes","wikidata":"Q1552044","natural":"peak","osm":"node/256042844"},"geometry":{"type":"Point","coordinates":[11.33349,47.30159]}},{"type":"Feature","properties":{"name":"Hohe Wasserfalle","ele":"3003","wikipedia":"de:Hohe Wasserfalle","summit:cross":"yes","wikidata":"Q21124382","natural":"peak","osm":"node/672356984"},"geometry":{"type":"Point","coordinates":[10.9718,47.16525]}},{"type":"Feature","properties":{"name":"Hoher Burgstall","ele":"2611","wikipedia":"de:Hoher Burgstall (Kalkkögel)","summit:cross":"yes","wikidata":"Q15115073","natural":"peak","man_made":"cross","osm":"node/3890256582"},"geometry":{"type":"Point","coordinates":[11.28101,47.13336]}},{"type":"Feature","properties":{"name":"Hoher Stein","tourism":"viewpoint","osm":"node/6919778529"},"geometry":{"type":"Point","coordinates":[10.95149,47.11568]}},{"type":"Feature","properties":{"name":"Holzbrunnen","amenity":"drinking_water","natural":"spring","osm":"node/2317130498"},"geometry":{"type":"Point","coordinates":[11.49847,47.23929]}},{"type":"Feature","properties":{"name":"Hotelquelle 1 (Damenbad)","natural":"spring","osm":"node/11262433485"},"geometry":{"type":"Point","coordinates":[11.45139,47.20756]}},{"type":"Feature","properties":{"name":"Hundskopf","ele":"2243","wikipedia":"de:Hundskopf (Karwendel)","summit:cross":"yes","wikidata":"Q257419","natural":"peak","osm":"node/525248745"},"geometry":{"type":"Point","coordinates":[11.55824,47.3411]}},{"type":"Feature","properties":{"name":"Hängende Gärten","waterway":"waterfall","osm":"node/1079056149"},"geometry":{"type":"Point","coordinates":[11.14067,47.11385]}},{"type":"Feature","properties":{"name":"Hörndle","ele":"2985","summit:cross":"yes","wikidata":"Q21928851","natural":"peak","osm":"node/1271290297"},"geometry":{"type":"Point","coordinates":[10.99425,47.09463]}},{"type":"Feature","properties":{"name":"Im-Nassen-Tal-Brunnen","amenity":"drinking_water","osm":"node/905102229"},"geometry":{"type":"Point","coordinates":[11.29714,47.244]}},{"type":"Feature","properties":{"name":"Immaculatabrunnen","amenity":"drinking_water","wikidata":"Q37804986","osm":"node/11939358314"},"geometry":{"type":"Point","coordinates":[11.15621,47.29253]}},{"type":"Feature","properties":{"name":"Info Zirl - Ein Blick in die Geschichte","tourism":"information","amenity":"shelter","description":"Info Zirl","shelter_type":"public_transport","osm":"node/11776450756"},"geometry":{"type":"Point","coordinates":[11.24192,47.27333]}},{"type":"Feature","properties":{"name":"Innbrücke","amenity":"drinking_water","access":"yes","osm":"node/5869015985"},"geometry":{"type":"Point","coordinates":[11.39046,47.26881]}},{"type":"Feature","properties":{"name":"Inneres Schwarzjöchl","ele":"2696","direction":"75","natural":"saddle","osm":"node/13990622140"},"geometry":{"type":"Point","coordinates":[11.09846,47.11736]}},{"type":"Feature","properties":{"name":"Innertalhof","drinking_water":"yes","natural":"spring","osm":"node/12273082558"},"geometry":{"type":"Point","coordinates":[11.44713,47.19226]}},{"type":"Feature","properties":{"name":"Innsbruckblick","tourism":"viewpoint","osm":"node/4704519300"},"geometry":{"type":"Point","coordinates":[11.38137,47.31193]}},{"type":"Feature","properties":{"name":"Innsbrucker Bankl","tourism":"viewpoint","direction":"SE-S-W","osm":"node/8908037726"},"geometry":{"type":"Point","coordinates":[11.18336,47.20809]}},{"type":"Feature","properties":{"name":"Inntalblick","tourism":"viewpoint","description":"Blick in das Inntal (nach Westen)","check_date":"2024-07-29","direction":"260","osm":"node/1081320931"},"geometry":{"type":"Point","coordinates":[11.14304,47.31021]}},{"type":"Feature","properties":{"name":"Inntalblick","tourism":"viewpoint","osm":"node/4917455061"},"geometry":{"type":"Point","coordinates":[11.24723,47.29314]}},{"type":"Feature","properties":{"name":"Inntalblick","tourism":"viewpoint","osm":"node/8091790165"},"geometry":{"type":"Point","coordinates":[11.20853,47.28794]}},{"type":"Feature","properties":{"name":"Interessenschaftsbrunnen","amenity":"drinking_water","check_date":"2025-07-06","osm":"node/738107788"},"geometry":{"type":"Point","coordinates":[11.40831,47.28479]}},{"type":"Feature","properties":{"name":"Isidorbrunnen","amenity":"drinking_water","image":"http://de.wikipedia.org/wiki/Datei:Isidorbrunnen_(3).JPG","wikidata":"Q38118883","osm":"node/2521602751"},"geometry":{"type":"Point","coordinates":[11.31449,47.23582]}},{"type":"Feature","properties":{"name":"Issjöchl","ele":"1668","natural":"saddle","osm":"node/2329366395"},"geometry":{"type":"Point","coordinates":[11.47052,47.32986]}},{"type":"Feature","properties":{"name":"Jagdhüttenquelle","natural":"spring","osm":"node/6620816843"},"geometry":{"type":"Point","coordinates":[11.44809,47.31381]}},{"type":"Feature","properties":{"name":"Jakobibründlquelle","natural":"spring","osm":"node/4349794992"},"geometry":{"type":"Point","coordinates":[11.50835,47.3262]}},{"type":"Feature","properties":{"name":"Joachimbrunnen","amenity":"drinking_water","wikidata":"Q38176373","osm":"node/1400371693"},"geometry":{"type":"Point","coordinates":[11.37163,47.23246]}},{"type":"Feature","properties":{"name":"Jochgrubenkopf","ele":"2453","summit:cross":"yes","natural":"peak","osm":"node/2825971610"},"geometry":{"type":"Point","coordinates":[11.60785,47.09024]}},{"type":"Feature","properties":{"name":"Jochkreuz","ele":"2046","summit:cross":"yes","wikidata":"Q110442339","natural":"peak","osm":"node/2315903427"},"geometry":{"type":"Point","coordinates":[11.34621,47.18364]}},{"type":"Feature","properties":{"name":"Jochkreuz","ele":"2306","summit:cross":"yes","man_made":"cross","osm":"node/5928695259"},"geometry":{"type":"Point","coordinates":[11.02149,47.2558]}},{"type":"Feature","properties":{"name":"Josefsbrunnen","amenity":"drinking_water","osm":"node/955180473"},"geometry":{"type":"Point","coordinates":[11.38893,47.26557]}},{"type":"Feature","properties":{"name":"Judenkopf","ele":"2021","website":"https://gipfelkreuz-judenkopf.at/","summit:cross":"yes","natural":"peak","osm":"node/5062450985"},"geometry":{"type":"Point","coordinates":[10.99778,47.34123]}},{"type":"Feature","properties":{"name":"Judentörl","natural":"saddle","osm":"node/2506129793"},"geometry":{"type":"Point","coordinates":[10.99595,47.34212]}},{"type":"Feature","properties":{"name":"Juifen","ele":"2200","summit:cross":"yes","natural":"peak","osm":"node/3921721548"},"geometry":{"type":"Point","coordinates":[11.16798,47.17054]}},{"type":"Feature","properties":{"name":"Jägerkarlscharte","natural":"saddle","osm":"node/524786142"},"geometry":{"type":"Point","coordinates":[11.38868,47.35285]}},{"type":"Feature","properties":{"name":"Jöchelesbründl","natural":"spring","osm":"node/4960343208"},"geometry":{"type":"Point","coordinates":[11.50722,47.22404]}},{"type":"Feature","properties":{"name":"Kaiser Ferdinand-Wasserfälle","waterway":"waterfall","osm":"node/2173129558"},"geometry":{"type":"Point","coordinates":[11.26141,47.24376]}},{"type":"Feature","properties":{"name":"Kaiserstand","tourism":"viewpoint","direction":"SE","osm":"node/8000036622"},"geometry":{"type":"Point","coordinates":[11.22312,47.29478]}},{"type":"Feature","properties":{"name":"Kalbenjoch","ele":"2226","natural":"saddle","osm":"node/1519365643"},"geometry":{"type":"Point","coordinates":[11.38088,47.10494]}},{"type":"Feature","properties":{"name":"Kalte Kendl","drinking_water":"yes","natural":"spring","osm":"node/2291123844"},"geometry":{"type":"Point","coordinates":[11.61743,47.24139]}},{"type":"Feature","properties":{"name":"Kalvarienberg","tourism":"viewpoint","osm":"node/4959792180"},"geometry":{"type":"Point","coordinates":[11.38137,47.16795]}},{"type":"Feature","properties":{"name":"Kapellenbrunnen","amenity":"drinking_water","osm":"node/1395207867"},"geometry":{"type":"Point","coordinates":[11.38057,47.27508]}},{"type":"Feature","properties":{"name":"Karwendelblick","tourism":"viewpoint","direction":"270-90","osm":"node/11247777428"},"geometry":{"type":"Point","coordinates":[11.38327,47.31252]}},{"type":"Feature","properties":{"name":"Katzenbrunnenquelle","natural":"spring","man_made":"adit","osm":"node/7569120824"},"geometry":{"type":"Point","coordinates":[11.38219,47.28503]}},{"type":"Feature","properties":{"name":"Keilerboden","tourism":"viewpoint","osm":"node/2454397991"},"geometry":{"type":"Point","coordinates":[11.25375,47.27563]}},{"type":"Feature","properties":{"name":"Kemacher","ele":"2480","wikipedia":"de:Kemacher","summit:cross":"yes","wikidata":"Q18227865","natural":"peak","osm":"node/1588712607"},"geometry":{"type":"Point","coordinates":[11.36658,47.31267]}},{"type":"Feature","properties":{"name":"Kinderspielplatz","amenity":"drinking_water","osm":"node/1754634445"},"geometry":{"type":"Point","coordinates":[11.31196,47.25605]}},{"type":"Feature","properties":{"name":"Kirchbergköpfl","tourism":"viewpoint","ele":"1943","summit:cross":"yes","wikidata":"Q21878240","natural":"peak","osm":"node/431763023"},"geometry":{"type":"Point","coordinates":[11.30231,47.28141]}},{"type":"Feature","properties":{"name":"Klammbachstollen","ele":"1140","natural":"spring","man_made":"adit","osm":"node/7600647715"},"geometry":{"type":"Point","coordinates":[11.41207,47.30331]}},{"type":"Feature","properties":{"name":"Klammjoch","ele":"2359","wikidata":"Q21868432","natural":"saddle","osm":"node/333372189"},"geometry":{"type":"Point","coordinates":[11.61465,47.16457]}},{"type":"Feature","properties":{"name":"Klaushof","natural":"spring","osm":"node/4328181835"},"geometry":{"type":"Point","coordinates":[11.38417,47.14573]}},{"type":"Feature","properties":{"name":"Kleine Ochsenwand","ele":"2520","wikipedia":"de:Kleine Ochsenwand","summit:cross":"yes","wikidata":"Q15823799","natural":"peak","osm":"node/413595455"},"geometry":{"type":"Point","coordinates":[11.27902,47.16005]}},{"type":"Feature","properties":{"name":"Kleine Stempeljochspitze","ele":"2529","summit:cross":"yes","natural":"peak","osm":"node/1620258558"},"geometry":{"type":"Point","coordinates":[11.43719,47.33295]}},{"type":"Feature","properties":{"name":"Kleines Horntaler Joch","ele":"2794","natural":"saddle","osm":"node/5895175355"},"geometry":{"type":"Point","coordinates":[11.15471,47.098]}},{"type":"Feature","properties":{"name":"Knappenlöcher","amenity":"shelter","shelter_type":"rock_shelter","osm":"node/7796940346"},"geometry":{"type":"Point","coordinates":[11.53126,47.17005]}},{"type":"Feature","properties":{"name":"Kneipp-Brunnen","amenity":"drinking_water","osm":"node/11117583023"},"geometry":{"type":"Point","coordinates":[11.19371,47.30241]}},{"type":"Feature","properties":{"name":"Kohlplatzbrunnen","amenity":"drinking_water","natural":"spring","osm":"node/1596078917"},"geometry":{"type":"Point","coordinates":[11.41914,47.28867]}},{"type":"Feature","properties":{"name":"Kollandbrunnen","amenity":"drinking_water","check_date":"2026-05-02","osm":"node/1388521318"},"geometry":{"type":"Point","coordinates":[11.35132,47.27579]}},{"type":"Feature","properties":{"name":"Kolsassbergquelle","drinking_water":"yes","natural":"spring","osm":"node/2307515470"},"geometry":{"type":"Point","coordinates":[11.60981,47.28693]}},{"type":"Feature","properties":{"name":"Koppeneckplattform","tourism":"viewpoint","osm":"node/9741321558"},"geometry":{"type":"Point","coordinates":[11.3958,47.14912]}},{"type":"Feature","properties":{"name":"Kraspesspitz","ele":"2954","summit:cross":"yes","natural":"peak","osm":"node/672360338"},"geometry":{"type":"Point","coordinates":[11.043,47.18074]}},{"type":"Feature","properties":{"name":"Kreuzbründl","amenity":"drinking_water","osm":"node/434400680"},"geometry":{"type":"Point","coordinates":[11.39253,47.28999]}},{"type":"Feature","properties":{"name":"Kreuzjoch","ele":"2563","natural":"saddle","osm":"node/1079006374"},"geometry":{"type":"Point","coordinates":[11.03805,47.24373]}},{"type":"Feature","properties":{"name":"Kreuzjoch","ele":"2105","natural":"saddle","osm":"node/2824184504"},"geometry":{"type":"Point","coordinates":[11.30691,47.14532]}},{"type":"Feature","properties":{"name":"Kreuzjöchl","ele":"1735","natural":"saddle","osm":"node/524403675"},"geometry":{"type":"Point","coordinates":[11.28947,47.34727]}},{"type":"Feature","properties":{"name":"Kreuzjöchl","ele":"2380","natural":"saddle","osm":"node/863852141"},"geometry":{"type":"Point","coordinates":[11.23752,47.15239]}},{"type":"Feature","properties":{"name":"Kreuzjöchl","ele":"2121","natural":"saddle","osm":"node/1800994828"},"geometry":{"type":"Point","coordinates":[11.43586,47.3221]}},{"type":"Feature","properties":{"name":"Kreuzjöchl","ele":"2575","wikidata":"Q21868699","natural":"saddle","osm":"node/2825970408"},"geometry":{"type":"Point","coordinates":[11.53386,47.19579]}},{"type":"Feature","properties":{"name":"Kreuzjöchl","ele":"2043","summit:cross":"yes","natural":"saddle","osm":"node/7716382639"},"geometry":{"type":"Point","coordinates":[11.27133,47.30945]}},{"type":"Feature","properties":{"name":"Kreuzjöchle","ele":"2640","natural":"saddle","osm":"node/3620454836"},"geometry":{"type":"Point","coordinates":[11.00741,47.12114]}},{"type":"Feature","properties":{"name":"Kreuzspitze","ele":"2746","summit:cross":"yes","wikidata":"Q21878408","natural":"peak","osm":"node/1650631543"},"geometry":{"type":"Point","coordinates":[11.53614,47.18509]}},{"type":"Feature","properties":{"name":"Kriegerdenkmal","tourism":"viewpoint","ele":"683.0000000","wikidata":"Q37808797","osm":"node/335770699"},"geometry":{"type":"Point","coordinates":[11.24859,47.27507]}},{"type":"Feature","properties":{"name":"Krimpenbachsattel","ele":"1899","natural":"saddle","osm":"node/290267031"},"geometry":{"type":"Point","coordinates":[11.16927,47.23729]}},{"type":"Feature","properties":{"name":"Kristenhöfequelle","website":"https://wis.tirol.gv.at/wisSrvPublic/wis/wbo_wb_auszug.aspx?ANL_ID=T20543469R3&TYPE=S","drinking_water":"yes","natural":"spring","osm":"node/905102213"},"geometry":{"type":"Point","coordinates":[11.29929,47.24589]}},{"type":"Feature","properties":{"name":"Krustengütl","drinking_water":"yes","natural":"spring","osm":"node/12273082562"},"geometry":{"type":"Point","coordinates":[11.44329,47.18726]}},{"type":"Feature","properties":{"name":"Krötenbrünn'l","amenity":"drinking_water","osm":"node/7614091664"},"geometry":{"type":"Point","coordinates":[11.38048,47.26801]}},{"type":"Feature","properties":{"name":"Kuhljochscharte","ele":"2170","direction":"N","natural":"saddle","osm":"node/524403657"},"geometry":{"type":"Point","coordinates":[11.26866,47.3143]}},{"type":"Feature","properties":{"name":"Kuhljochspitze","ele":"2297","wikipedia":"de:Kuhljochspitze","summit:cross":"yes","wikidata":"Q1791229","natural":"peak","osm":"node/524403658"},"geometry":{"type":"Point","coordinates":[11.27138,47.31495]}},{"type":"Feature","properties":{"name":"Kuttlerbrunnen","amenity":"drinking_water","osm":"node/386829534"},"geometry":{"type":"Point","coordinates":[11.39914,47.28588]}},{"type":"Feature","properties":{"name":"Kögele","ele":"2195","summit:cross":"yes","natural":"peak","osm":"node/1901154253"},"geometry":{"type":"Point","coordinates":[11.17277,47.22337]}},{"type":"Feature","properties":{"name":"Köllenzeiger","tourism":"viewpoint","ele":"2226","natural":"peak","osm":"node/496260571"},"geometry":{"type":"Point","coordinates":[11.12398,47.13977]}},{"type":"Feature","properties":{"name":"Köpfle","ele":"2264","summit:cross":"yes","natural":"peak","osm":"node/2992157791"},"geometry":{"type":"Point","coordinates":[11.02939,47.08016]}},{"type":"Feature","properties":{"name":"Kühtaisattel","ele":"2017","wikipedia":"de:Kühtaisattel","wikimedia_commons":"Category:Kühtaisattel","wikidata":"Q877772","natural":"saddle","osm":"node/254141528"},"geometry":{"type":"Point","coordinates":[11.02437,47.2138]}},{"type":"Feature","properties":{"name":"Lackenquelle","natural":"spring","osm":"node/765320558"},"geometry":{"type":"Point","coordinates":[11.30495,47.22389]}},{"type":"Feature","properties":{"name":"Lafatscher Joch","ele":"2080","wikidata":"Q21868801","natural":"saddle","osm":"node/474598467"},"geometry":{"type":"Point","coordinates":[11.47077,47.34302]}},{"type":"Feature","properties":{"name":"Langer Sattel","ele":"2258","natural":"saddle","osm":"node/821222947"},"geometry":{"type":"Point","coordinates":[11.35767,47.30979]}},{"type":"Feature","properties":{"name":"Largoz","ele":"2214","wikipedia":"de:Largoz","summit:cross":"yes","wikidata":"Q1805941","natural":"peak","osm":"node/520460043"},"geometry":{"type":"Point","coordinates":[11.59257,47.24167]}},{"type":"Feature","properties":{"name":"Larstigscharte","ele":"3030","natural":"saddle","osm":"node/672360337"},"geometry":{"type":"Point","coordinates":[11.03148,47.10712]}},{"type":"Feature","properties":{"name":"Lattenspitze","ele":"2330","summit:cross":"yes","natural":"peak","osm":"node/1620258545"},"geometry":{"type":"Point","coordinates":[11.44838,47.32542]}},{"type":"Feature","properties":{"name":"Lehnerquelle","ele":"1094","natural":"spring","man_made":"adit","osm":"node/7573226985"},"geometry":{"type":"Point","coordinates":[11.3682,47.29185]}},{"type":"Feature","properties":{"name":"Lener Tränk","amenity":"drinking_water","osm":"node/3665743027"},"geometry":{"type":"Point","coordinates":[11.61093,47.26958]}},{"type":"Feature","properties":{"name":"Leutaschtalblick","tourism":"viewpoint","osm":"node/9175044677"},"geometry":{"type":"Point","coordinates":[11.1012,47.34886]}},{"type":"Feature","properties":{"name":"Lämpermahdspitze","ele":"2595","wikipedia":"de:Lämpermahdspitze","summit:cross":"yes","wikimedia_commons":"Category:Lämpermahdspitze","wikidata":"Q1485040","natural":"peak","osm":"node/2824176903"},"geometry":{"type":"Point","coordinates":[11.37715,47.11154]}},{"type":"Feature","properties":{"name":"Mahdebene","ele":"2395","summit:cross":"yes","natural":"peak","osm":"node/6918884445"},"geometry":{"type":"Point","coordinates":[10.98658,47.12113]}},{"type":"Feature","properties":{"name":"Malgrubenscharte","ele":"2401","wikipedia":"de:Malgrubenscharte","wikidata":"Q15057640","natural":"saddle","osm":"node/794107887"},"geometry":{"type":"Point","coordinates":[11.30151,47.17149]}},{"type":"Feature","properties":{"name":"Malgrubenspitze","ele":"2571","wikipedia":"de:Malgrubenspitze","summit:cross":"yes","wikidata":"Q15057641","natural":"peak","osm":"node/759194574"},"geometry":{"type":"Point","coordinates":[11.29631,47.17184]}},{"type":"Feature","properties":{"name":"Malgrübler","ele":"2749","wikipedia":"de:Malgrübler","summit:cross":"yes","wikidata":"Q1488326","natural":"peak","osm":"node/2825971108"},"geometry":{"type":"Point","coordinates":[11.5884,47.20065]}},{"type":"Feature","properties":{"name":"Mandlscharte","ele":"2280","natural":"saddle","osm":"node/413155824"},"geometry":{"type":"Point","coordinates":[11.40973,47.32278]}},{"type":"Feature","properties":{"name":"Mandlspitze","ele":"2366","summit:cross":"yes","wikidata":"Q116603562","natural":"peak","osm":"node/524663446"},"geometry":{"type":"Point","coordinates":[11.40713,47.31966]}},{"type":"Feature","properties":{"name":"Mannl- und Weibelescharte","ele":"2180","natural":"saddle","osm":"node/12192600524"},"geometry":{"type":"Point","coordinates":[11.55715,47.34137]}},{"type":"Feature","properties":{"name":"Marchreisenspitze","ele":"2620","wikipedia":"de:Marchreisenspitze","summit:cross":"yes","wikidata":"Q1514704","natural":"peak","osm":"node/794108223"},"geometry":{"type":"Point","coordinates":[11.30854,47.17286]}},{"type":"Feature","properties":{"name":"Maria Waldrast Quelle","natural":"spring","osm":"node/1652778972"},"geometry":{"type":"Point","coordinates":[11.40483,47.13084]}},{"type":"Feature","properties":{"name":"Marienbrunnen","amenity":"drinking_water","wikidata":"Q37766122","osm":"node/1599003069"},"geometry":{"type":"Point","coordinates":[11.45334,47.13651]}},{"type":"Feature","properties":{"name":"Marienbrunnen","amenity":"drinking_water","ele":"1598","wikidata":"Q37809387","osm":"node/1652778974"},"geometry":{"type":"Point","coordinates":[11.40501,47.13076]}},{"type":"Feature","properties":{"name":"Marienbrunnen","amenity":"drinking_water","check_date":"2024-02-25","wikidata":"Q37762427","osm":"node/4917650799"},"geometry":{"type":"Point","coordinates":[11.07318,47.30691]}},{"type":"Feature","properties":{"name":"Marienbrunnen","amenity":"drinking_water","wikidata":"Q37808689","osm":"node/11779145391"},"geometry":{"type":"Point","coordinates":[11.59114,47.2917]}},{"type":"Feature","properties":{"name":"Marienbrunnen","amenity":"drinking_water","osm":"node/11877096142"},"geometry":{"type":"Point","coordinates":[11.318,47.2361]}},{"type":"Feature","properties":{"name":"Marienrbunnen","amenity":"drinking_water","wikidata":"Q37752349","osm":"node/4959792181"},"geometry":{"type":"Point","coordinates":[11.38124,47.16968]}},{"type":"Feature","properties":{"name":"Marknbrünnl","amenity":"drinking_water","osm":"node/9198049576"},"geometry":{"type":"Point","coordinates":[11.45402,47.20025]}},{"type":"Feature","properties":{"name":"Maximiliansbrünnl","amenity":"drinking_water","osm":"node/798933539"},"geometry":{"type":"Point","coordinates":[11.5182,47.31116]}},{"type":"Feature","properties":{"name":"Meilbründl","amenity":"drinking_water","operator":"Straßenmeisterei Zirl","osm":"node/4770289021"},"geometry":{"type":"Point","coordinates":[11.29857,47.26441]}},{"type":"Feature","properties":{"name":"Meilquelle A","natural":"spring","osm":"node/7298642141"},"geometry":{"type":"Point","coordinates":[11.30327,47.26509]}},{"type":"Feature","properties":{"name":"Meilquelle B","natural":"spring","osm":"node/7298642147"},"geometry":{"type":"Point","coordinates":[11.3028,47.26508]}},{"type":"Feature","properties":{"name":"Meilquelle C","amenity":"drinking_water","osm":"node/6653330307"},"geometry":{"type":"Point","coordinates":[11.30218,47.26495]}},{"type":"Feature","properties":{"name":"Michaelsbrunnen","amenity":"drinking_water","osm":"node/2327498736"},"geometry":{"type":"Point","coordinates":[11.24854,47.24693]}},{"type":"Feature","properties":{"name":"Misljoch","wikidata":"Q21866051","natural":"saddle","osm":"node/2824173021"},"geometry":{"type":"Point","coordinates":[11.50941,47.14791]}},{"type":"Feature","properties":{"name":"Mislkopf","ele":"2623","summit:cross":"yes","wikidata":"Q21866052","natural":"peak","osm":"node/1650631426"},"geometry":{"type":"Point","coordinates":[11.51851,47.15672]}},{"type":"Feature","properties":{"name":"Mittertalscharte","ele":"2630","natural":"saddle","osm":"node/295906816"},"geometry":{"type":"Point","coordinates":[10.95768,47.1953]}},{"type":"Feature","properties":{"name":"Mitterwiesquelle","drinking_water":"yes","natural":"spring","osm":"node/12966091044"},"geometry":{"type":"Point","coordinates":[11.44473,47.22425]}},{"type":"Feature","properties":{"name":"Mitterzeigerkogel","ele":"2628","summit:cross":"yes","natural":"peak","osm":"node/1078436649"},"geometry":{"type":"Point","coordinates":[11.03566,47.2419]}},{"type":"Feature","properties":{"name":"Modellflugplatz Scheibenbühel","tourism":"viewpoint","ele":"705","direction":"E-W","osm":"node/2522106931"},"geometry":{"type":"Point","coordinates":[11.41966,47.28529]}},{"type":"Feature","properties":{"name":"Morgenkogel","ele":"2607","summit:cross":"yes","natural":"peak","osm":"node/1650631556"},"geometry":{"type":"Point","coordinates":[11.50842,47.18742]}},{"type":"Feature","properties":{"name":"Morgenköpfl","ele":"2216","summit:cross":"yes","natural":"peak","osm":"node/3831376106"},"geometry":{"type":"Point","coordinates":[11.48103,47.1829]}},{"type":"Feature","properties":{"name":"Mutterwasser","ele":"1503","natural":"spring","osm":"node/1652801395"},"geometry":{"type":"Point","coordinates":[11.41703,47.12809]}},{"type":"Feature","properties":{"name":"Mölser Scharte","ele":"2379","natural":"saddle","osm":"node/2824174704"},"geometry":{"type":"Point","coordinates":[11.6148,47.17186]}},{"type":"Feature","properties":{"name":"Mölsjoch","ele":"2334","natural":"saddle","osm":"node/1645475765"},"geometry":{"type":"Point","coordinates":[11.57848,47.16713]}},{"type":"Feature","properties":{"name":"Mühlauer Aussicht","tourism":"viewpoint","direction":"180","osm":"node/6018358366"},"geometry":{"type":"Point","coordinates":[11.41621,47.29232]}},{"type":"Feature","properties":{"name":"Mühlauer Fuchsloch","amenity":"drinking_water","operator":"Forstamt Innsbruck","osm":"node/1993759095"},"geometry":{"type":"Point","coordinates":[11.41639,47.28701]}},{"type":"Feature","properties":{"name":"Mühlkarscharte","ele":"2243","natural":"saddle","osm":"node/524663443"},"geometry":{"type":"Point","coordinates":[11.40292,47.31584]}},{"type":"Feature","properties":{"name":"Mühlseequelle","natural":"spring","man_made":"spring_box","osm":"node/7600086117"},"geometry":{"type":"Point","coordinates":[11.43169,47.2411]}},{"type":"Feature","properties":{"name":"Narrenkogel","ele":"2309","summit:cross":"yes","wikidata":"Q21866208","natural":"peak","osm":"node/1391341299"},"geometry":{"type":"Point","coordinates":[10.95832,47.13856]}},{"type":"Feature","properties":{"name":"Naturschauplatz Gletscherblick","tourism":"viewpoint","osm":"node/876387079"},"geometry":{"type":"Point","coordinates":[11.28714,47.13064]}},{"type":"Feature","properties":{"name":"Naturschauplatz Neustiftblick","tourism":"viewpoint","direction":"E-W","osm":"node/12036530760"},"geometry":{"type":"Point","coordinates":[11.31478,47.12285]}},{"type":"Feature","properties":{"name":"Naturschauplatz Telfer Wiesen","tourism":"viewpoint","direction":"E-W","osm":"node/7687651786"},"geometry":{"type":"Point","coordinates":[11.37136,47.17944]}},{"type":"Feature","properties":{"name":"Naviser Jöchl","ele":"2479","wikidata":"Q21866218","natural":"saddle","osm":"node/296040730"},"geometry":{"type":"Point","coordinates":[11.56551,47.16994]}},{"type":"Feature","properties":{"name":"Naviser Sonnenspitze","ele":"2620","summit:cross":"yes","wikidata":"Q21865813","natural":"peak","osm":"node/1645475764"},"geometry":{"type":"Point","coordinates":[11.57439,47.17155]}},{"type":"Feature","properties":{"name":"Nederjoch","ele":"2142","summit:cross":"yes","wikidata":"Q21866225","natural":"peak","osm":"node/2315903419"},"geometry":{"type":"Point","coordinates":[11.33713,47.18305]}},{"type":"Feature","properties":{"name":"Nepomukbrunnen","amenity":"drinking_water","drinking_water":"yes","wikidata":"Q37808332","osm":"node/6404076211"},"geometry":{"type":"Point","coordinates":[11.45302,47.13061]}},{"type":"Feature","properties":{"name":"Neunerspitze","ele":"2285","summit:cross":"yes","natural":"peak","osm":"node/2856336765"},"geometry":{"type":"Point","coordinates":[11.50283,47.21687]}},{"type":"Feature","properties":{"name":"Niedere Munde","ele":"2059","wikidata":"Q21866256","natural":"saddle","osm":"node/1400033704"},"geometry":{"type":"Point","coordinates":[11.04619,47.35458]}},{"type":"Feature","properties":{"name":"Niederer Burgstall","ele":"2436","wikipedia":"de:Niederer Burgstall (Kalkkögel)","summit:cross":"yes","wikidata":"Q15122845","natural":"peak","man_made":"cross","osm":"node/456359392"},"geometry":{"type":"Point","coordinates":[11.28832,47.13535]}},{"type":"Feature","properties":{"name":"Niederreichscharte","tourism":"information","ele":"2728","natural":"saddle","osm":"node/2408263717"},"geometry":{"type":"Point","coordinates":[10.9635,47.17353]}},{"type":"Feature","properties":{"name":"Nikolausbrunnen","amenity":"drinking_water","wikidata":"Q38176361","osm":"node/408945404"},"geometry":{"type":"Point","coordinates":[11.37313,47.23364]}},{"type":"Feature","properties":{"name":"Nikolausbrunnen","amenity":"drinking_water","wikidata":"Q37767937","osm":"node/759647708"},"geometry":{"type":"Point","coordinates":[11.39229,47.27203]}},{"type":"Feature","properties":{"name":"Notburgabrunnen","amenity":"drinking_water","image":"http://de.wikipedia.org/wiki/Datei:Notburgabrunnen_(1).JPG","wikidata":"Q38118759","osm":"node/757148811"},"geometry":{"type":"Point","coordinates":[11.31256,47.23543]}},{"type":"Feature","properties":{"name":"Obere Moosquelle","drinking_water":"yes","natural":"spring","osm":"node/12273082564"},"geometry":{"type":"Point","coordinates":[11.44537,47.18794]}},{"type":"Feature","properties":{"name":"Obere Neissquellen","natural":"spring","osm":"node/8669803302"},"geometry":{"type":"Point","coordinates":[11.54457,47.30849]}},{"type":"Feature","properties":{"name":"Oberhofer Brünnl","amenity":"drinking_water","osm":"node/10881841196"},"geometry":{"type":"Point","coordinates":[11.39209,47.19303]}},{"type":"Feature","properties":{"name":"Oberisssattel","ele":"2130","direction":"135","natural":"saddle","osm":"node/524403668"},"geometry":{"type":"Point","coordinates":[11.28782,47.32624]}},{"type":"Feature","properties":{"name":"Observation Tower","tourism":"viewpoint","osm":"node/459276328"},"geometry":{"type":"Point","coordinates":[11.60022,47.29344]}},{"type":"Feature","properties":{"name":"Ochsenquelle","natural":"spring","osm":"node/11920490506"},"geometry":{"type":"Point","coordinates":[11.47787,47.32585]}},{"type":"Feature","properties":{"name":"Ochsenwandscharte","ele":"2514","natural":"saddle","osm":"node/1951165845"},"geometry":{"type":"Point","coordinates":[11.27877,47.15785]}},{"type":"Feature","properties":{"name":"Oswalds Bründl","amenity":"drinking_water","osm":"node/1240022898"},"geometry":{"type":"Point","coordinates":[11.21674,47.34938]}},{"type":"Feature","properties":{"name":"Pankraziusbrunnen","amenity":"drinking_water","check_date":"2025-10-19","drinking_water":"yes","osm":"node/2965033005"},"geometry":{"type":"Point","coordinates":[11.42744,47.25932]}},{"type":"Feature","properties":{"name":"Panorama Ring","tourism":"viewpoint","osm":"node/12311753798"},"geometry":{"type":"Point","coordinates":[11.22772,47.34097]}},{"type":"Feature","properties":{"name":"Panoramablick","tourism":"viewpoint","osm":"node/2469210457"},"geometry":{"type":"Point","coordinates":[11.10184,47.20939]}},{"type":"Feature","properties":{"name":"Patscherkofel","ele":"2246","wikipedia":"de:Patscherkofel","summit:cross":"yes","wikidata":"Q695264","natural":"peak","osm":"node/256042002"},"geometry":{"type":"Point","coordinates":[11.46061,47.20883]}},{"type":"Feature","properties":{"name":"Pavillon","amenity":"shelter","shelter_type":"gazebo","osm":"way/1359868726"},"geometry":{"type":"Point","coordinates":[11.39876,47.27982]}},{"type":"Feature","properties":{"name":"Pavillon-Brunnen","amenity":"drinking_water","osm":"node/765320554"},"geometry":{"type":"Point","coordinates":[11.279,47.2316]}},{"type":"Feature","properties":{"name":"Peider Scharte","ele":"2591","natural":"saddle","osm":"node/5721093746"},"geometry":{"type":"Point","coordinates":[11.10871,47.22096]}},{"type":"Feature","properties":{"name":"Peider Spitze","ele":"2808","summit:cross":"yes","wikidata":"Q21864769","natural":"peak","osm":"node/758859313"},"geometry":{"type":"Point","coordinates":[11.12144,47.21982]}},{"type":"Feature","properties":{"name":"Peilspitze","ele":"2392","summit:cross":"yes","wikidata":"Q21878590","natural":"peak","osm":"node/2441281495"},"geometry":{"type":"Point","coordinates":[11.39059,47.10288]}},{"type":"Feature","properties":{"name":"Peistakogel","ele":"2644","summit:cross":"yes","natural":"peak","osm":"node/7895883445"},"geometry":{"type":"Point","coordinates":[10.99243,47.15255]}},{"type":"Feature","properties":{"name":"Perlorniggbrunnen","amenity":"drinking_water","osm":"node/1854391004"},"geometry":{"type":"Point","coordinates":[11.38024,47.26189]}},{"type":"Feature","properties":{"name":"Peter Brünnl","amenity":"drinking_water","seasonal":"yes","check_date":"2025-07-16","osm":"node/1984327943"},"geometry":{"type":"Point","coordinates":[11.37095,47.25155]}},{"type":"Feature","properties":{"name":"Pfarrhügel","tourism":"viewpoint","osm":"node/1888494664"},"geometry":{"type":"Point","coordinates":[11.1854,47.32731]}},{"type":"Feature","properties":{"name":"Pfeiserspitze","ele":"2345","wikipedia":"de:Pfeiser Spitze","summit:cross":"yes","wikidata":"Q2083575","natural":"peak","osm":"node/1620258552"},"geometry":{"type":"Point","coordinates":[11.44518,47.32535]}},{"type":"Feature","properties":{"name":"Pfoner Kreuzjöchl","ele":"2638","summit:cross":"yes","natural":"peak","osm":"node/1650631434"},"geometry":{"type":"Point","coordinates":[11.52105,47.16111]}},{"type":"Feature","properties":{"name":"Pfriemeswand","ele":"2100","summit:cross":"yes","wikidata":"Q21878380","natural":"peak","osm":"node/413598485"},"geometry":{"type":"Point","coordinates":[11.32778,47.20123]}},{"type":"Feature","properties":{"name":"Philippine Welser Quelle","tourism":"attraction","amenity":"drinking_water","osm":"node/2965033006"},"geometry":{"type":"Point","coordinates":[11.41828,47.253]}},{"type":"Feature","properties":{"name":"Pitschentalquelle - Nissl","natural":"spring","osm":"node/5538828557"},"geometry":{"type":"Point","coordinates":[11.39275,47.27949]}},{"type":"Feature","properties":{"name":"Plateau-Blick","tourism":"viewpoint","osm":"node/2431572736"},"geometry":{"type":"Point","coordinates":[11.00365,47.29492]}},{"type":"Feature","properties":{"name":"Pleisen","ele":"2250","summit:cross":"yes","natural":"peak","osm":"node/413595987"},"geometry":{"type":"Point","coordinates":[11.28078,47.1924]}},{"type":"Feature","properties":{"name":"Pluntrögl","amenity":"drinking_water","osm":"node/12610307457"},"geometry":{"type":"Point","coordinates":[11.44861,47.29988]}},{"type":"Feature","properties":{"name":"Pockkogel","ele":"2807","wikipedia":"de:Pockkogel","summit:cross":"yes","wikidata":"Q2100160","natural":"peak","osm":"node/2949401632"},"geometry":{"type":"Point","coordinates":[11.04259,47.19783]}},{"type":"Feature","properties":{"name":"Pollinger Kreuz","ele":"2196","summit:cross":"yes","image":"https://bergtourentipp-tirol.at/wp-content/uploads/2022/09/Pollinger-Kreuz-Flaurlinger-Joch_4.jpg","natural":"peak","osm":"node/6796515232"},"geometry":{"type":"Point","coordinates":[11.12942,47.25795]}},{"type":"Feature","properties":{"name":"Poschachkogel","ele":"2574","summit:cross":"yes","wikidata":"Q21878521","natural":"peak","osm":"node/3302170692"},"geometry":{"type":"Point","coordinates":[10.97437,47.14815]}},{"type":"Feature","properties":{"name":"Quellsammelschacht Ötz","website":"https://wis.tirol.gv.at/wisSrvPublic/wis/wbo_wb_auszug.aspx?ANL_ID=T15863253","drinking_water":"yes","natural":"spring","osm":"node/12966091042"},"geometry":{"type":"Point","coordinates":[11.44071,47.22578]}},{"type":"Feature","properties":{"name":"Quellsammelschaft Perchegg","website":"https://wis.tirol.gv.at/wisSrvPublic/wis/wbo_wb_auszug.aspx?ANL_ID=T15863252","drinking_water":"yes","natural":"spring","osm":"node/12966091043"},"geometry":{"type":"Point","coordinates":[11.44032,47.22607]}},{"type":"Feature","properties":{"name":"Rangger Köpfl","ele":"1939","wikipedia":"de:Rangger Köpfl","summit:cross":"yes","wikidata":"Q1671078","natural":"peak","osm":"node/292803997"},"geometry":{"type":"Point","coordinates":[11.18143,47.24265]}},{"type":"Feature","properties":{"name":"Rast","amenity":"drinking_water","check_date":"2026-05-03","osm":"node/301249801"},"geometry":{"type":"Point","coordinates":[11.25571,47.27624]}},{"type":"Feature","properties":{"name":"Rauher Kopf","ele":"2308","summit:cross":"yes","wikidata":"Q21878292","natural":"peak","osm":"node/758859277"},"geometry":{"type":"Point","coordinates":[11.13466,47.25021]}},{"type":"Feature","properties":{"name":"Rauschbrunnenquelle","natural":"spring","man_made":"adit","osm":"node/7395964455"},"geometry":{"type":"Point","coordinates":[11.34986,47.27953]}},{"type":"Feature","properties":{"name":"Reither Joch","ele":"2190","natural":"saddle","osm":"node/1374687600"},"geometry":{"type":"Point","coordinates":[11.23326,47.32452]}},{"type":"Feature","properties":{"name":"Rettenbachquellen","natural":"spring","osm":"node/7906165752"},"geometry":{"type":"Point","coordinates":[11.59765,47.34371]}},{"type":"Feature","properties":{"name":"Rietzer Grießkogel","ele":"2884","wikipedia":"de:Rietzer Grießkogel","summit:cross":"yes","wikidata":"Q761945","natural":"peak","osm":"node/26864445"},"geometry":{"type":"Point","coordinates":[11.05896,47.24583]}},{"type":"Feature","properties":{"name":"Rinnennieder","tourism":"viewpoint","osm":"node/462292504"},"geometry":{"type":"Point","coordinates":[11.13725,47.08467]}},{"type":"Feature","properties":{"name":"Rinnennieder","ele":"2899","natural":"saddle","osm":"node/5895175536"},"geometry":{"type":"Point","coordinates":[11.13681,47.08456]}},{"type":"Feature","properties":{"name":"Rinnenspitze","ele":"3000","wikipedia":"de:Rinnenspitze","summit:cross":"yes","wikidata":"Q15059383","natural":"peak","osm":"node/448277112"},"geometry":{"type":"Point","coordinates":[11.1412,47.08572]}},{"type":"Feature","properties":{"name":"Rochusquelle","drinking_water":"yes","natural":"spring","osm":"node/9404929428"},"geometry":{"type":"Point","coordinates":[11.00012,47.31551]}},{"type":"Feature","properties":{"name":"Rofners Bründl","amenity":"drinking_water","website":"https://www.tirol.gv.at/gesundheit-vorsorge/oeffentliche-gesundheit/hitze-und-gesundheit/trinkwassermapping-tirol/birgitz-brunnen-gustls-anger/","wikidata":"Q94076384","osm":"node/600504745"},"geometry":{"type":"Point","coordinates":[11.30379,47.23105]}},{"type":"Feature","properties":{"name":"Roman-Brünnl","amenity":"drinking_water","drinking_water":"yes","osm":"node/12235984195"},"geometry":{"type":"Point","coordinates":[11.52162,47.24987]}},{"type":"Feature","properties":{"name":"Romans Biwak","amenity":"shelter","shelter_type":"basic_hut","osm":"way/1330240625"},"geometry":{"type":"Point","coordinates":[11.52656,47.20991]}},{"type":"Feature","properties":{"name":"Rosenjoch","ele":"2796","wikipedia":"de:Rosenjoch","summit:cross":"yes","wikidata":"Q9322787","natural":"peak","osm":"node/1650631542"},"geometry":{"type":"Point","coordinates":[11.54316,47.1802]}},{"type":"Feature","properties":{"name":"Roßbrunnen","amenity":"drinking_water","access":"yes","wikidata":"Q101001970","osm":"node/6011125932"},"geometry":{"type":"Point","coordinates":[11.38744,47.25717]}},{"type":"Feature","properties":{"name":"Roßkarscharte","natural":"saddle","osm":"node/9483454677"},"geometry":{"type":"Point","coordinates":[11.07,47.11244]}},{"type":"Feature","properties":{"name":"Rudolf Gasperl Quelle","natural":"spring","osm":"node/823439680"},"geometry":{"type":"Point","coordinates":[11.44736,47.30624]}},{"type":"Feature","properties":{"name":"Rumer Spitze","ele":"2454","wikipedia":"de:Rumer Spitze","summit:cross":"yes","wikidata":"Q1390365","natural":"peak","osm":"node/2110894993"},"geometry":{"type":"Point","coordinates":[11.42606,47.32052]}},{"type":"Feature","properties":{"name":"Rumer Stollen","ele":"1140","natural":"spring","man_made":"adit","osm":"node/7600647717"},"geometry":{"type":"Point","coordinates":[11.41281,47.30396]}},{"type":"Feature","properties":{"name":"Rädermacher","ele":"1499","summit:cross":"yes","natural":"peak","osm":"node/1256951990"},"geometry":{"type":"Point","coordinates":[11.5011,47.3163]}},{"type":"Feature","properties":{"name":"Saile (Nockspitze)","ele":"2404","wikipedia":"de:Saile (Berg)","summit:cross":"yes","wikidata":"Q2212240","natural":"peak","osm":"node/275552924"},"geometry":{"type":"Point","coordinates":[11.32472,47.19207]}},{"type":"Feature","properties":{"name":"Saile (Nockspitze) Vorgipfel","ele":"2379","summit:cross":"yes","natural":"peak","osm":"node/275552932"},"geometry":{"type":"Point","coordinates":[11.32605,47.19428]}},{"type":"Feature","properties":{"name":"Salchenscharte","ele":"2776","natural":"saddle","osm":"node/2992157800"},"geometry":{"type":"Point","coordinates":[11.00568,47.09481]}},{"type":"Feature","properties":{"name":"Samerschlag","ele":"2829","summit:cross":"yes","natural":"peak","osm":"node/2975522853"},"geometry":{"type":"Point","coordinates":[11.0629,47.14442]}},{"type":"Feature","properties":{"name":"Sarner Brünnl","amenity":"drinking_water","check_date":"2025-06-17","osm":"node/1262474095"},"geometry":{"type":"Point","coordinates":[11.3929,47.26712]}},{"type":"Feature","properties":{"name":"Sarnthein Wasserfall","waterway":"waterfall","osm":"node/1645655657"},"geometry":{"type":"Point","coordinates":[11.39821,47.08127]}},{"type":"Feature","properties":{"name":"Satteljoch","ele":"2737","natural":"saddle","osm":"node/889319782"},"geometry":{"type":"Point","coordinates":[11.0988,47.15242]}},{"type":"Feature","properties":{"name":"Schafmarebenkogel","ele":"2651","summit:cross":"yes","natural":"peak","osm":"node/2150615853"},"geometry":{"type":"Point","coordinates":[11.0797,47.25536]}},{"type":"Feature","properties":{"name":"Schafseitenspitze Vorgipfel","ele":"2573","summit:cross":"yes","natural":"peak","osm":"node/8487349859"},"geometry":{"type":"Point","coordinates":[11.55252,47.10461]}},{"type":"Feature","properties":{"name":"Scheibenspitze","ele":"2489","summit:cross":"yes","natural":"peak","osm":"node/623983267"},"geometry":{"type":"Point","coordinates":[11.57162,47.10539]}},{"type":"Feature","properties":{"name":"Schlagsattel","ele":"1480","natural":"saddle","osm":"node/5938808676"},"geometry":{"type":"Point","coordinates":[11.24067,47.3556]}},{"type":"Feature","properties":{"name":"Schleicherbrunnen","amenity":"drinking_water","website":"https://www.telfs.at/sehenswuerdigkeiten-telfs.html","man_made":"water_tap","osm":"node/7002690810"},"geometry":{"type":"Point","coordinates":[11.06866,47.30658]}},{"type":"Feature","properties":{"name":"Schlicker Schartl","ele":"2440","wikipedia":"de:Schlicker Scharte","wikidata":"Q15127531","natural":"saddle","osm":"node/413595385"},"geometry":{"type":"Point","coordinates":[11.27604,47.13958]}},{"type":"Feature","properties":{"name":"Schlossfall","waterway":"waterfall","osm":"node/3676861820"},"geometry":{"type":"Point","coordinates":[11.43847,47.25642]}},{"type":"Feature","properties":{"name":"Schlöglbrunnen","amenity":"drinking_water","osm":"node/896283069"},"geometry":{"type":"Point","coordinates":[11.40078,47.23513]}},{"type":"Feature","properties":{"name":"Schmadl Quelle","natural":"spring","osm":"node/3008186862"},"geometry":{"type":"Point","coordinates":[11.6101,47.27915]}},{"type":"Feature","properties":{"name":"Schneiderspitze","ele":"2160","wikipedia":"de:Schneiderspitze (Kalkkögel)","summit:cross":"yes","wikidata":"Q1734403","natural":"peak","osm":"node/413596567"},"geometry":{"type":"Point","coordinates":[11.30829,47.18521]}},{"type":"Feature","properties":{"name":"Schoberwaldhütte","amenity":"shelter","ele":"1600","osm":"node/431707367"},"geometry":{"type":"Point","coordinates":[11.30613,47.28744]}},{"type":"Feature","properties":{"name":"Schäferhütte","amenity":"shelter","ele":"1404","shelter_type":"weather_shelter","osm":"node/933862520"},"geometry":{"type":"Point","coordinates":[11.02743,47.33333]}},{"type":"Feature","properties":{"name":"Schönblick","amenity":"drinking_water","seasonal":"yes","osm":"node/769866053"},"geometry":{"type":"Point","coordinates":[11.42184,47.28769]}},{"type":"Feature","properties":{"name":"Schöne Aussicht","tourism":"viewpoint","ele":"765","osm":"node/335770034"},"geometry":{"type":"Point","coordinates":[11.24469,47.27729]}},{"type":"Feature","properties":{"name":"Schönjoch","natural":"saddle","osm":"node/5825245084"},"geometry":{"type":"Point","coordinates":[10.97281,47.15305]}},{"type":"Feature","properties":{"name":"Schönleitenbründl","amenity":"drinking_water","osm":"node/1398649458"},"geometry":{"type":"Point","coordinates":[11.61658,47.23271]}},{"type":"Feature","properties":{"name":"Schöntalspitze","ele":"3002","wikipedia":"de:Schöntalspitze","summit:cross":"yes","wikidata":"Q2259490","natural":"peak","osm":"node/256042771"},"geometry":{"type":"Point","coordinates":[11.0945,47.1222]}},{"type":"Feature","properties":{"name":"Sebastiansbrunnen","amenity":"drinking_water","operator":"Gemeindewerke Telfs","access":"yes","wikidata":"Q37762398","osm":"node/7745552491"},"geometry":{"type":"Point","coordinates":[11.06706,47.30786]}},{"type":"Feature","properties":{"name":"Seeblesspitze","ele":"2628","summit:cross":"yes","natural":"peak","osm":"node/1650631447"},"geometry":{"type":"Point","coordinates":[11.53097,47.16593]}},{"type":"Feature","properties":{"name":"Seefeld-Blick","tourism":"viewpoint","osm":"node/1524103789"},"geometry":{"type":"Point","coordinates":[11.14825,47.34548]}},{"type":"Feature","properties":{"name":"Seefeld-Blick","tourism":"viewpoint","osm":"node/10006898603"},"geometry":{"type":"Point","coordinates":[11.19863,47.33337]}},{"type":"Feature","properties":{"name":"Seefelder Joch","ele":"2060","wikidata":"Q21865704","natural":"saddle","osm":"node/292761339"},"geometry":{"type":"Point","coordinates":[11.23998,47.3406]}},{"type":"Feature","properties":{"name":"Seefelder Joch","tourism":"viewpoint","direction":"270-90","osm":"node/9133026636"},"geometry":{"type":"Point","coordinates":[11.23981,47.34085]}},{"type":"Feature","properties":{"name":"Seefelder Sattel","ele":"1185","wikipedia":"de:Seefelder Sattel","wikimedia_commons":"Category:Seefelder Sattel","wikidata":"Q2264807","natural":"saddle","osm":"node/292754303"},"geometry":{"type":"Point","coordinates":[11.19855,47.31798]}},{"type":"Feature","properties":{"name":"Seefelder Spitze","ele":"2221","summit:cross":"yes","wikidata":"Q18166350","natural":"peak","osm":"node/661149695"},"geometry":{"type":"Point","coordinates":[11.23755,47.33279]}},{"type":"Feature","properties":{"name":"Seegrubenscharte","natural":"saddle","osm":"node/7614091606"},"geometry":{"type":"Point","coordinates":[11.37773,47.3127]}},{"type":"Feature","properties":{"name":"Seegrubenspitze","ele":"2350","summit:cross":"yes","natural":"peak","osm":"node/524599029"},"geometry":{"type":"Point","coordinates":[11.37927,47.31217]}},{"type":"Feature","properties":{"name":"Seejöchl","ele":"2518","wikidata":"Q21865710","natural":"saddle","osm":"node/294752619"},"geometry":{"type":"Point","coordinates":[11.26763,47.14495]}},{"type":"Feature","properties":{"name":"Seigesbachfall","waterway":"waterfall","osm":"node/1079056664"},"geometry":{"type":"Point","coordinates":[11.20508,47.20962]}},{"type":"Feature","properties":{"name":"Sendersjöchl","tourism":"information","natural":"saddle","osm":"node/863851454"},"geometry":{"type":"Point","coordinates":[11.24317,47.1353]}},{"type":"Feature","properties":{"name":"Sennjoch","ele":"2190","natural":"saddle","osm":"node/2824184603"},"geometry":{"type":"Point","coordinates":[11.298,47.13835]}},{"type":"Feature","properties":{"name":"Serles","ele":"2717","wikipedia":"de:Serles","summit:cross":"yes","wikimedia_commons":"Category:Serles","wikidata":"Q357751","natural":"peak","osm":"node/256042801"},"geometry":{"type":"Point","coordinates":[11.38135,47.12396]}},{"type":"Feature","properties":{"name":"Serlesjöchl","ele":"2384","natural":"saddle","osm":"node/2824176904"},"geometry":{"type":"Point","coordinates":[11.37619,47.11987]}},{"type":"Feature","properties":{"name":"Sicht auf Europabrücke","tourism":"viewpoint","osm":"node/9793215817"},"geometry":{"type":"Point","coordinates":[11.39715,47.20235]}},{"type":"Feature","properties":{"name":"Siebenbrunn","natural":"spring","osm":"node/5830693553"},"geometry":{"type":"Point","coordinates":[11.40943,47.12541]}},{"type":"Feature","properties":{"name":"Sigmundsbrunnen","amenity":"drinking_water","wikidata":"Q38110961","osm":"node/1250118849"},"geometry":{"type":"Point","coordinates":[11.50702,47.28089]}},{"type":"Feature","properties":{"name":"Sillenschmied Quelle","natural":"spring","osm":"node/1887956609"},"geometry":{"type":"Point","coordinates":[11.33914,47.21681]}},{"type":"Feature","properties":{"name":"Solsteinhaus Winterraum","amenity":"shelter","osm":"way/26716683"},"geometry":{"type":"Point","coordinates":[11.2884,47.30829]}},{"type":"Feature","properties":{"name":"Sonnenspitze","ele":"2639","summit:cross":"yes","natural":"peak","osm":"node/2131082823"},"geometry":{"type":"Point","coordinates":[11.52383,47.21023]}},{"type":"Feature","properties":{"name":"Sonnenstein","ele":"2441","wikipedia":"de:Sonnenstein (Serles)","summit:cross":"yes","wikidata":"Q7561951","natural":"peak","osm":"node/1650238587"},"geometry":{"type":"Point","coordinates":[11.37681,47.13065]}},{"type":"Feature","properties":{"name":"Sonnenuhr","tourism":"viewpoint","amenity":"clock","description":"Größte begehbare Sonnenuhr","osm":"node/2342394484"},"geometry":{"type":"Point","coordinates":[11.32478,47.0982]}},{"type":"Feature","properties":{"name":"Sonnkarköpfl","ele":"2262","summit:cross":"yes","natural":"peak","osm":"node/4385082112"},"geometry":{"type":"Point","coordinates":[11.08447,47.26454]}},{"type":"Feature","properties":{"name":"Sophien-Ruhe","tourism":"viewpoint","osm":"node/734713712"},"geometry":{"type":"Point","coordinates":[11.39908,47.28094]}},{"type":"Feature","properties":{"name":"Sophienbrünnl","amenity":"drinking_water","osm":"node/1419472210"},"geometry":{"type":"Point","coordinates":[11.39911,47.28096]}},{"type":"Feature","properties":{"name":"Speckbacher Brünnl","natural":"spring","osm":"node/1741396323"},"geometry":{"type":"Point","coordinates":[11.49141,47.24124]}},{"type":"Feature","properties":{"name":"Spitzmandl","ele":"2206","summit:cross":"yes","wikidata":"Q21878385","natural":"peak","osm":"node/275552963"},"geometry":{"type":"Point","coordinates":[11.33338,47.19677]}},{"type":"Feature","properties":{"name":"St. Florian Brunnen","amenity":"drinking_water","wikidata":"Q37801989","osm":"node/2965103814"},"geometry":{"type":"Point","coordinates":[11.5331,47.28819]}},{"type":"Feature","properties":{"name":"St. Wendelin","amenity":"drinking_water","seasonal":"yes","osm":"node/276519550"},"geometry":{"type":"Point","coordinates":[11.36963,47.28246]}},{"type":"Feature","properties":{"name":"Stadlinger Wasserfall","waterway":"waterfall","osm":"node/2073773494"},"geometry":{"type":"Point","coordinates":[10.9589,47.2648]}},{"type":"Feature","properties":{"name":"Staumauer Ehnbachklamm (Gspan-Sperre)","tourism":"viewpoint","osm":"node/2520121437"},"geometry":{"type":"Point","coordinates":[11.25725,47.2786]}},{"type":"Feature","properties":{"name":"Steigerruhe","tourism":"viewpoint","ele":"870","direction":"S","osm":"node/810003638"},"geometry":{"type":"Point","coordinates":[11.40652,47.28997]}},{"type":"Feature","properties":{"name":"Steingrubenkogel","ele":"2633","wikipedia":"de:Steingrubenkogel (Kalkkögel)","summit:cross":"yes","wikidata":"Q2340740","natural":"peak","osm":"node/1964860744"},"geometry":{"type":"Point","coordinates":[11.28211,47.16347]}},{"type":"Feature","properties":{"name":"Steinkarscharte","ele":"2403","direction":"NNW","natural":"saddle","osm":"node/10235991114"},"geometry":{"type":"Point","coordinates":[11.36809,47.31226]}},{"type":"Feature","properties":{"name":"Steintalsattel","ele":"2741","direction":"SE","natural":"saddle","osm":"node/2423204433"},"geometry":{"type":"Point","coordinates":[11.04052,47.19636]}},{"type":"Feature","properties":{"name":"Stempeljoch","ele":"2215","natural":"saddle","osm":"node/1360308747"},"geometry":{"type":"Point","coordinates":[11.44211,47.32703]}},{"type":"Feature","properties":{"name":"Stockeben Brunnen","ele":"1599","natural":"spring","osm":"node/1654376015"},"geometry":{"type":"Point","coordinates":[11.41253,47.1213]}},{"type":"Feature","properties":{"name":"Stollenquelle","drinking_water":"yes","natural":"spring","man_made":"adit","osm":"node/6394748249"},"geometry":{"type":"Point","coordinates":[11.47171,47.30089]}},{"type":"Feature","properties":{"name":"Stollenquellen","contact:website":"https://wis.tirol.gv.at/wisSrvPublic/wis/wbo_wb_auszug.aspx?ANL_ID=T20575811R3&TYPE=S#labDokumente_T20575811R3","drinking_water":"yes","natural":"spring","osm":"node/12253379234"},"geometry":{"type":"Point","coordinates":[11.31024,47.24506]}},{"type":"Feature","properties":{"name":"Sunntiger","ele":"2667","summit:cross":"yes","natural":"peak","osm":"node/1645475761"},"geometry":{"type":"Point","coordinates":[11.58242,47.19399]}},{"type":"Feature","properties":{"name":"Telfs Mosern shelter","amenity":"shelter","shelter_type":"weather_shelter","osm":"way/188829091"},"geometry":{"type":"Point","coordinates":[11.04959,47.33169]}},{"type":"Feature","properties":{"name":"Thaurer Zunterkopf","ele":"1918","wikipedia":"de:Thaurer Zunterkopf","summit:cross":"yes","wikidata":"Q2409261","natural":"peak","osm":"node/453575060"},"geometry":{"type":"Point","coordinates":[11.47251,47.31965]}},{"type":"Feature","properties":{"name":"Theresienbrunnen","amenity":"drinking_water","operator":"Forstamt Innsbruck","osm":"node/279206906"},"geometry":{"type":"Point","coordinates":[11.3964,47.28636]}},{"type":"Feature","properties":{"name":"Tierschutzbrunnen","amenity":"drinking_water","wikidata":"Q38181364","osm":"node/9797201490"},"geometry":{"type":"Point","coordinates":[11.38462,47.25871]}},{"type":"Feature","properties":{"name":"Titschenbrunnen","amenity":"drinking_water","osm":"node/434393266"},"geometry":{"type":"Point","coordinates":[11.38939,47.29249]}},{"type":"Feature","properties":{"name":"Totenbründl","drinking_water":"no","natural":"spring","osm":"node/12273082554"},"geometry":{"type":"Point","coordinates":[11.43879,47.19693]}},{"type":"Feature","properties":{"name":"Trautsonbrunnen","amenity":"drinking_water","drinking_water":"yes","wikidata":"Q38182986","osm":"node/595350817"},"geometry":{"type":"Point","coordinates":[11.39328,47.26799]}},{"type":"Feature","properties":{"name":"Tropftrögl","amenity":"drinking_water","operator":"Forstamt Innsbruck","osm":"node/764900542"},"geometry":{"type":"Point","coordinates":[11.39413,47.29652]}},{"type":"Feature","properties":{"name":"Trossenquelle","natural":"spring","osm":"node/12557787035"},"geometry":{"type":"Point","coordinates":[11.3691,47.28719]}},{"type":"Feature","properties":{"name":"Tränkbrunnen","amenity":"drinking_water","operator":"Forstamt","osm":"node/1395207893"},"geometry":{"type":"Point","coordinates":[11.38011,47.27585]}},{"type":"Feature","properties":{"name":"Tröglsbrand","drinking_water":"yes","natural":"spring","man_made":"spring_box","osm":"node/12273082556"},"geometry":{"type":"Point","coordinates":[11.44499,47.20195]}},{"type":"Feature","properties":{"name":"Tuffquelle","natural":"spring","osm":"node/7593583782"},"geometry":{"type":"Point","coordinates":[11.41539,47.29242]}},{"type":"Feature","properties":{"name":"Tulfein Jöchl","ele":"2278","natural":"saddle","osm":"node/287147035"},"geometry":{"type":"Point","coordinates":[11.53455,47.21602]}},{"type":"Feature","properties":{"name":"Tumelequelle","natural":"spring","osm":"node/7570338866"},"geometry":{"type":"Point","coordinates":[11.36691,47.29284]}},{"type":"Feature","properties":{"name":"Törl","ele":"1803","natural":"saddle","osm":"node/471961336"},"geometry":{"type":"Point","coordinates":[11.46666,47.32178]}},{"type":"Feature","properties":{"name":"US Aste","drinking_water":"yes","natural":"spring","osm":"node/13015064755"},"geometry":{"type":"Point","coordinates":[11.44024,47.22408]}},{"type":"Feature","properties":{"name":"Umbrückleralmquelle","natural":"spring","osm":"node/434399402"},"geometry":{"type":"Point","coordinates":[11.3793,47.29195]}},{"type":"Feature","properties":{"name":"Unbenannte Scharte","ele":"2400","natural":"saddle","osm":"node/1199283004"},"geometry":{"type":"Point","coordinates":[11.61084,47.16844]}},{"type":"Feature","properties":{"name":"Untere Moosquelle","drinking_water":"yes","natural":"spring","osm":"node/12273082563"},"geometry":{"type":"Point","coordinates":[11.44555,47.18833]}},{"type":"Feature","properties":{"name":"Untere Neissquellen","natural":"spring","osm":"node/8669803303"},"geometry":{"type":"Point","coordinates":[11.54502,47.30773]}},{"type":"Feature","properties":{"name":"Unterstand Melzerknappen","amenity":"shelter","description":"Steinboden, Sitzgelegenheiten, nicht geeignet zur Übernachtung / Zustieg versicherter Klettersteig (T4)","shelter_type":"basic_hut","osm":"node/1339870465"},"geometry":{"type":"Point","coordinates":[11.41056,47.32438]}},{"type":"Feature","properties":{"name":"Ursprungssattel","ele":"2095","natural":"saddle","osm":"node/524403654"},"geometry":{"type":"Point","coordinates":[11.24496,47.32117]}},{"type":"Feature","properties":{"name":"Venezianischer Brunnen","amenity":"drinking_water","drinking_water":"yes","wikimedia_commons":"File:Schloss_Ambras_Park_und_Garten_49.jpg","osm":"node/2965033003"},"geometry":{"type":"Point","coordinates":[11.43442,47.25605]}},{"type":"Feature","properties":{"name":"Venusquelle","amenity":"drinking_water","osm":"node/434404332"},"geometry":{"type":"Point","coordinates":[11.38921,47.27969]}},{"type":"Feature","properties":{"name":"Versuchsanstaltsquelle","natural":"spring","osm":"node/12286328741"},"geometry":{"type":"Point","coordinates":[11.45196,47.20494]}},{"type":"Feature","properties":{"name":"Viggarspitze","ele":"2306","summit:cross":"yes","wikidata":"Q21878354","natural":"peak","osm":"node/623962933"},"geometry":{"type":"Point","coordinates":[11.49886,47.21352]}},{"type":"Feature","properties":{"name":"Volksschule","amenity":"drinking_water","osm":"node/2296719595"},"geometry":{"type":"Point","coordinates":[11.60567,47.27355]}},{"type":"Feature","properties":{"name":"Vordere Grießkogelscharte","natural":"saddle","osm":"node/9625071346"},"geometry":{"type":"Point","coordinates":[11.00323,47.22791]}},{"type":"Feature","properties":{"name":"Vorraum Tourismusbüro","amenity":"shelter","osm":"node/10694506399"},"geometry":{"type":"Point","coordinates":[10.96746,47.12822]}},{"type":"Feature","properties":{"name":"Wach","amenity":"drinking_water","osm":"node/7570255355"},"geometry":{"type":"Point","coordinates":[11.42992,47.28436]}},{"type":"Feature","properties":{"name":"Waldraster Jöchl","ele":"1878","summit:cross":"yes","wikidata":"Q21878532","natural":"peak","man_made":"cross","osm":"node/1650264458"},"geometry":{"type":"Point","coordinates":[11.40672,47.13716]}},{"type":"Feature","properties":{"name":"Waldraster Spitze","ele":"2442","website":"http://www.waldrasterspitze.at/","summit:cross":"yes","natural":"peak","osm":"node/12247332761"},"geometry":{"type":"Point","coordinates":[11.38746,47.12612]}},{"type":"Feature","properties":{"name":"Waldschulbrunnen","amenity":"drinking_water","osm":"node/12022851460"},"geometry":{"type":"Point","coordinates":[11.40182,47.28421]}},{"type":"Feature","properties":{"name":"Waldteufels Notunterstand","amenity":"shelter","osm":"node/7876436623"},"geometry":{"type":"Point","coordinates":[11.12993,47.21004]}},{"type":"Feature","properties":{"name":"Waldteufls Notunterstand","amenity":"shelter","osm":"way/239000797"},"geometry":{"type":"Point","coordinates":[11.12992,47.20998]}},{"type":"Feature","properties":{"name":"Wasser der Pircherquelle","amenity":"drinking_water","osm":"node/2296719596"},"geometry":{"type":"Point","coordinates":[11.6035,47.27732]}},{"type":"Feature","properties":{"name":"Wechselscharte","ele":"1760","natural":"saddle","osm":"node/524838522"},"geometry":{"type":"Point","coordinates":[11.52412,47.33071]}},{"type":"Feature","properties":{"name":"Weiherburgbachquelle","natural":"spring","osm":"node/8600232753"},"geometry":{"type":"Point","coordinates":[11.39517,47.2824]}},{"type":"Feature","properties":{"name":"Weiherburgquelle","natural":"spring","osm":"node/9723031087"},"geometry":{"type":"Point","coordinates":[11.39847,47.28411]}},{"type":"Feature","properties":{"name":"Weiherburgquelle 2","natural":"spring","osm":"node/13835542984"},"geometry":{"type":"Point","coordinates":[11.39847,47.28418]}},{"type":"Feature","properties":{"name":"Weinstockquelle I","natural":"spring","man_made":"adit","osm":"node/7573184164"},"geometry":{"type":"Point","coordinates":[11.37339,47.28342]}},{"type":"Feature","properties":{"name":"Weinstockquelle II","natural":"spring","man_made":"adit","osm":"node/8855354586"},"geometry":{"type":"Point","coordinates":[11.37268,47.28455]}},{"type":"Feature","properties":{"name":"Weinstockquelle III","natural":"spring","man_made":"adit","osm":"node/3479365608"},"geometry":{"type":"Point","coordinates":[11.37183,47.28543]}},{"type":"Feature","properties":{"name":"Weiter Sattel","ele":"2465","natural":"saddle","osm":"node/11049642812"},"geometry":{"type":"Point","coordinates":[11.31144,47.30234]}},{"type":"Feature","properties":{"name":"Weißstein","ele":"2640","summit:cross":"yes","natural":"peak","osm":"node/290267206"},"geometry":{"type":"Point","coordinates":[11.14836,47.21983]}},{"type":"Feature","properties":{"name":"Wetterkreuz","ele":"1920","summit:cross":"yes","natural":"peak","osm":"node/3711074217"},"geometry":{"type":"Point","coordinates":[11.01855,47.34994]}},{"type":"Feature","properties":{"name":"Widdersberg","ele":"2340","wikipedia":"de:Widdersberg (Kalkkögel)","summit:cross":"yes","wikidata":"Q994743","natural":"peak","osm":"node/413596372"},"geometry":{"type":"Point","coordinates":[11.2978,47.18028]}},{"type":"Feature","properties":{"name":"Widdersbergsattel","ele":"2262","natural":"saddle","osm":"node/871903015"},"geometry":{"type":"Point","coordinates":[11.29766,47.17675]}},{"type":"Feature","properties":{"name":"Wildkopfscharte","ele":"2599","natural":"saddle","osm":"node/2454432862"},"geometry":{"type":"Point","coordinates":[11.20568,47.12084]}},{"type":"Feature","properties":{"name":"Windegg","ele":"2570","wikipedia":"de:Windegg (Stubaier Alpen)","summit:cross":"yes","wikidata":"Q22833451","natural":"peak","osm":"node/413593661"},"geometry":{"type":"Point","coordinates":[11.18151,47.17608]}},{"type":"Feature","properties":{"name":"Winnebachjoch","ele":"2782","wikidata":"Q21864051","natural":"saddle","osm":"node/2992573111"},"geometry":{"type":"Point","coordinates":[11.06882,47.10629]}},{"type":"Feature","properties":{"name":"Wittingwarte","amenity":"shelter","shelter_type":"gazebo","wikidata":"Q37993234","direction":"0-360","osm":"node/2354148686"},"geometry":{"type":"Point","coordinates":[11.40532,47.18847]}},{"type":"Feature","properties":{"name":"Wurmbachstollen","ele":"1140","natural":"spring","man_made":"adit","osm":"node/7450079424"},"geometry":{"type":"Point","coordinates":[11.41049,47.30172]}},{"type":"Feature","properties":{"name":"Wörgetalssattel","natural":"saddle","osm":"node/3485128200"},"geometry":{"type":"Point","coordinates":[10.96678,47.19897]}},{"type":"Feature","properties":{"name":"Zangger Brunnen","natural":"spring","osm":"node/4328169577"},"geometry":{"type":"Point","coordinates":[11.40681,47.1437]}},{"type":"Feature","properties":{"name":"Zindegg","ele":"2052","summit:cross":"yes","natural":"peak","osm":"node/2812913601"},"geometry":{"type":"Point","coordinates":[11.29685,47.08528]}},{"type":"Feature","properties":{"name":"Zischgeles","ele":"3004","wikipedia":"de:Zischgeles","summit:cross":"yes","wikidata":"Q206030","natural":"peak","osm":"node/255973218"},"geometry":{"type":"Point","coordinates":[11.09501,47.13154]}},{"type":"Feature","properties":{"name":"Zischgenscharte","ele":"2936","natural":"saddle","osm":"node/1401087603"},"geometry":{"type":"Point","coordinates":[11.09289,47.1222]}},{"type":"Feature","properties":{"name":"Zugspitz-Blick","tourism":"viewpoint","direction":"270-90","osm":"node/600434359"},"geometry":{"type":"Point","coordinates":[11.14906,47.32652]}},{"type":"Feature","properties":{"name":"Zugspitzblick","tourism":"viewpoint","osm":"node/1524103792"},"geometry":{"type":"Point","coordinates":[11.14482,47.34219]}},{"type":"Feature","properties":{"name":"Zugspitzblick","tourism":"viewpoint","direction":"0","osm":"node/5924420518"},"geometry":{"type":"Point","coordinates":[11.09975,47.34911]}},{"type":"Feature","properties":{"name":"Zwieselbacher Rosskogel","ele":"3077","wikipedia":"de:Zwieselbacher Rosskogel","summit:cross":"yes","wikidata":"Q22661833","natural":"peak","osm":"node/333510560"},"geometry":{"type":"Point","coordinates":[11.04783,47.16349]}},{"type":"Feature","properties":{"name":"Zwieselbacher Weißkogel","ele":"2959","summit:cross":"yes","natural":"peak","osm":"node/13734752806"},"geometry":{"type":"Point","coordinates":[11.04549,47.10513]}},{"type":"Feature","properties":{"name":"Zwieselbachjoch","ele":"2868","natural":"saddle","osm":"node/301465341"},"geometry":{"type":"Point","coordinates":[11.04039,47.10591]}},{"type":"Feature","properties":{"name":"Zwölferspitze","ele":"2088","summit:cross":"yes","natural":"peak","osm":"node/4471613574"},"geometry":{"type":"Point","coordinates":[11.32285,47.19782]}},{"type":"Feature","properties":{"name":"ehem. Halltaler Hütte","amenity":"shelter","osm":"way/822469998"},"geometry":{"type":"Point","coordinates":[11.54011,47.32646]}},{"type":"Feature","properties":{"name":"naturidea Naturschauplatz Gschmitz","tourism":"viewpoint","osm":"node/7884301409"},"geometry":{"type":"Point","coordinates":[11.32288,47.13745]}},{"type":"Feature","properties":{"name":"naturidea Naturschauplatz Hühnerspiel","tourism":"viewpoint","osm":"node/11127292210"},"geometry":{"type":"Point","coordinates":[11.24298,47.08295]}},{"type":"Feature","properties":{"name":"naturidea Naturschauplatz Pfarrach","tourism":"viewpoint","direction":"S","osm":"node/10313763699"},"geometry":{"type":"Point","coordinates":[11.33544,47.17789]}},{"type":"Feature","properties":{"name":"naturidea Naturschauplatz Wildeben","tourism":"viewpoint","direction":"E","osm":"node/7818073488"},"geometry":{"type":"Point","coordinates":[11.35997,47.12353]}},{"type":"Feature","properties":{"name":"Äußerers Schwarzjöchl","ele":"2652","direction":"45","natural":"saddle","osm":"node/13990622138"},"geometry":{"type":"Point","coordinates":[11.10299,47.1225]}},{"type":"Feature","properties":{"name":"Östliche Praxmarerkarspitze","ele":"2638","wikipedia":"de:Östliche Praxmarerkarspitze","summit:cross":"yes","wikidata":"Q67083874","natural":"peak","osm":"node/1620258653"},"geometry":{"type":"Point","coordinates":[11.40362,47.35145]}},{"type":"Feature","properties":{"name":"Östlicher Elferturm","ele":"2499","summit:cross":"yes","natural":"peak","osm":"node/256041684"},"geometry":{"type":"Point","coordinates":[11.31334,47.08457]}},{"type":"Feature","properties":{"name":"Überschalljoch","ele":"1910","natural":"saddle","osm":"node/1361234075"},"geometry":{"type":"Point","coordinates":[11.49569,47.35355]}}]}