{"type":"FeatureCollection","features":[{"type":"Feature","properties":{"name":"\"Lustige Bergler\" Steig","network":"lwn","sac_scale":"alpine_hiking","route":"hiking","osm":"relation/17077749","length_km_in_region":2.2},"geometry":{"type":"MultiLineString","coordinates":[[[11.31598,47.18468],[11.31593,47.18404],[11.31433,47.18296],[11.31408,47.18299],[11.31428,47.18269],[11.31382,47.18262],[11.31409,47.18246],[11.31391,47.18241],[11.31406,47.18209],[11.31375,47.18212],[11.31363,47.18147],[11.31344,47.18147],[11.31341,47.18088],[11.31363,47.18063],[11.31326,47.18052],[11.31346,47.18036],[11.31319,47.18023],[11.31327,47.17991]],[[11.31327,47.17991],[11.31321,47.17934],[11.31387,47.17767],[11.31356,47.17756],[11.31338,47.17716],[11.31293,47.17705],[11.31288,47.17685],[11.31317,47.17665]],[[11.31317,47.17665],[11.31325,47.17549],[11.31381,47.17417],[11.31326,47.17426]],[[11.31326,47.17426],[11.31317,47.17391]],[[11.31317,47.17391],[11.31288,47.17359],[11.31229,47.1734]],[[11.31229,47.1734],[11.31027,47.17264],[11.31033,47.17194],[11.30954,47.17156],[11.30938,47.17168],[11.3099,47.17246],[11.30913,47.17235],[11.30894,47.17276],[11.30854,47.17286]]]}},{"type":"Feature","properties":{"name":"213 Hochzirl - Solsteinhaus - Kristenalm","ref":"213","network":"rwn","osmc:symbol":"red:red:white_bar:213:black","description":"Hochzirl - Solsteinhaus - Gleirsch","route":"hiking","osm":"relation/285549","length_km_in_region":12.3},"geometry":{"type":"MultiLineString","coordinates":[[[11.2561,47.28088],[11.25553,47.28024],[11.25471,47.28006],[11.2536,47.2801],[11.2532,47.28044],[11.25262,47.28042],[11.25249,47.28067],[11.25097,47.28088]],[[11.25097,47.28088],[11.24961,47.28104]],[[11.24956,47.28109],[11.24961,47.28104]],[[11.2561,47.28088],[11.25625,47.28129],[11.25642,47.2814],[11.25676,47.28127],[11.25713,47.28181],[11.25747,47.28379],[11.25789,47.28416],[11.25794,47.28459]],[[11.25794,47.28459],[11.25811,47.2849],[11.25873,47.28492],[11.26068,47.28642],[11.26154,47.28735],[11.26217,47.28752],[11.26251,47.28815],[11.26414,47.28913],[11.2644,47.28967],[11.26522,47.29008]],[[11.26522,47.29008],[11.26514,47.29057],[11.26537,47.29061],[11.2657,47.29035]],[[11.2657,47.29035],[11.26683,47.28987],[11.26739,47.28985],[11.26925,47.29024],[11.27032,47.29076],[11.27092,47.29072],[11.27218,47.2911],[11.27479,47.29222],[11.27544,47.293],[11.27547,47.29338],[11.27639,47.29342],[11.27686,47.29364],[11.27778,47.29447]],[[11.27778,47.29447],[11.27847,47.2955],[11.27874,47.29713],[11.27842,47.29729],[11.27702,47.29912],[11.27696,47.29953],[11.27591,47.30061]],[[11.27591,47.30061],[11.27498,47.30134],[11.27592,47.30174],[11.27608,47.30156],[11.27656,47.30168],[11.27736,47.30119],[11.27745,47.30131],[11.27793,47.30117]],[[11.27793,47.30117],[11.27799,47.30144],[11.27836,47.30139],[11.27834,47.3016],[11.27883,47.30155],[11.2788,47.30188],[11.27927,47.30167],[11.27949,47.30179],[11.28035,47.30142],[11.28052,47.30155],[11.28038,47.30199],[11.28085,47.30264],[11.28078,47.30382],[11.28109,47.3052],[11.28166,47.30612],[11.2809,47.30778],[11.27996,47.30798],[11.28052,47.30825],[11.28108,47.3096],[11.28174,47.31018],[11.28205,47.31017],[11.28203,47.31042],[11.28309,47.30945],[11.28353,47.30872],[11.28379,47.30866],[11.28365,47.30829],[11.28468,47.30785],[11.28592,47.3075],[11.28561,47.30798],[11.287,47.30775],[11.2869,47.30789],[11.28841,47.30814]],[[11.28841,47.30814],[11.28905,47.30831]],[[11.28905,47.30831],[11.29039,47.30881],[11.29051,47.30914],[11.29113,47.30952],[11.29506,47.31139],[11.29491,47.31205],[11.29532,47.31244],[11.29613,47.31236],[11.29657,47.31255],[11.29926,47.31282],[11.30186,47.31279],[11.30334,47.31307],[11.30427,47.3136],[11.30563,47.31369],[11.30616,47.31402],[11.30811,47.31397],[11.30857,47.31439],[11.30938,47.31454],[11.3095,47.31483],[11.31021,47.31505],[11.31057,47.31588],[11.31045,47.31609],[11.31225,47.31872]],[[11.31411,47.32489],[11.31377,47.32469],[11.31295,47.3228],[11.31225,47.31872]],[[11.32457,47.33135],[11.32342,47.32971],[11.32187,47.32919],[11.32018,47.32829],[11.31915,47.32688],[11.31613,47.32614],[11.31527,47.32529],[11.31411,47.32489]],[[11.32457,47.33135],[11.32487,47.33164],[11.32664,47.33216],[11.32779,47.33331],[11.32986,47.33452],[11.33028,47.336],[11.33081,47.3364],[11.33098,47.3369],[11.33112,47.33935],[11.332,47.3396],[11.33226,47.33986],[11.33233,47.34089],[11.33169,47.34153],[11.33181,47.34252]],[[11.33181,47.34252],[11.33183,47.34261]],[[11.33183,47.34261],[11.33187,47.34279]]]}},{"type":"Feature","properties":{"name":"214 Kranebitten - Neue Magdeburger Hütte - Solsteinhaus","ref":"214","network":"rwn","osmc:symbol":"red:red:white_bar:214:black","description":"über Schleifwandsteig und Zirler Steig rot (mittelschwer)","route":"hiking","osm":"relation/285523","length_km_in_region":8.1},"geometry":{"type":"MultiLineString","coordinates":[[[11.32784,47.27318],[11.32764,47.27376]],[[11.32764,47.27376],[11.32759,47.27379]],[[11.32759,47.27379],[11.32759,47.27414]],[[11.32759,47.27414],[11.32718,47.27393],[11.32643,47.27271],[11.32627,47.27288],[11.32536,47.27305],[11.32618,47.27359],[11.32519,47.27346],[11.32594,47.27398],[11.3263,47.2748],[11.3251,47.27412],[11.32489,47.27411],[11.325,47.27449],[11.3241,47.27405],[11.32454,47.27479],[11.32411,47.27457],[11.32418,47.27483],[11.32371,47.27461],[11.32389,47.27491],[11.32339,47.27484],[11.32402,47.27577],[11.32364,47.27555],[11.32366,47.27578],[11.32335,47.27556],[11.32341,47.27579],[11.32312,47.27557],[11.32317,47.27587],[11.32287,47.27579],[11.32263,47.27602]],[[11.32263,47.27602],[11.32288,47.27637],[11.32269,47.27683],[11.32308,47.27717],[11.32282,47.27814],[11.32241,47.27854],[11.32238,47.27943],[11.32192,47.28017],[11.32118,47.28065],[11.32115,47.28146],[11.32026,47.28208],[11.31918,47.28242],[11.31841,47.28287],[11.31666,47.28329],[11.31623,47.28365],[11.31549,47.28378],[11.31517,47.28364],[11.31476,47.28391],[11.31256,47.28454],[11.3118,47.28457],[11.31123,47.28433],[11.31097,47.28472],[11.30928,47.28526]],[[11.30928,47.28526],[11.30998,47.28531],[11.31065,47.28561],[11.31059,47.28581],[11.31028,47.28571],[11.30998,47.28588],[11.31018,47.28643]],[[11.31018,47.28643],[11.30947,47.28612],[11.30959,47.28675],[11.30908,47.28625],[11.30923,47.28663],[11.30892,47.28643],[11.30905,47.28673],[11.30841,47.28639],[11.30805,47.28642],[11.30859,47.28673],[11.30739,47.28659],[11.30806,47.28688],[11.30819,47.28754],[11.30751,47.28706],[11.30648,47.28736],[11.30608,47.28726],[11.3055,47.28755]],[[11.3055,47.28755],[11.30383,47.28725],[11.30126,47.28808],[11.29933,47.28817],[11.29825,47.28852],[11.29781,47.28842]],[[11.29781,47.28842],[11.29782,47.28857]],[[11.29782,47.28857],[11.29901,47.28995]],[[11.29901,47.28995],[11.29866,47.29034],[11.29863,47.29074],[11.29896,47.29122],[11.29876,47.29158],[11.29776,47.29296],[11.29752,47.29288],[11.29727,47.29326],[11.2962,47.29342],[11.29637,47.29421],[11.29614,47.29447],[11.29514,47.29492],[11.29437,47.29492],[11.29453,47.29508],[11.29421,47.29518],[11.29373,47.29493],[11.29347,47.29528],[11.29261,47.29573],[11.29258,47.29631],[11.29189,47.29643],[11.29026,47.29739]],[[11.29026,47.29739],[11.29016,47.29795],[11.2891,47.29827],[11.2889,47.2989],[11.28798,47.29985],[11.2881,47.3004],[11.28768,47.30099],[11.28765,47.30192],[11.2879,47.30363],[11.28698,47.30489],[11.28698,47.30534],[11.28748,47.30569],[11.28761,47.30625],[11.28861,47.30704],[11.28973,47.30758],[11.29001,47.30812]],[[11.29001,47.30812],[11.28978,47.30838],[11.28905,47.30831]],[[11.28841,47.30814],[11.28905,47.30831]]]}},{"type":"Feature","properties":{"name":"220 Höttinger Bild - Neue Magdeburger Hütte","ref":"220","network":"rwn","osmc:symbol":"red:red:white_bar:220:black","route":"hiking","osm":"relation/285548","length_km_in_region":8.2},"geometry":{"type":"MultiLineString","coordinates":[[[11.29644,47.28893],[11.29728,47.2887]],[[11.29781,47.28842],[11.29728,47.2887]],[[11.3055,47.28755],[11.30383,47.28725],[11.30126,47.28808],[11.29933,47.28817],[11.29825,47.28852],[11.29781,47.28842]],[[11.31018,47.28643],[11.30947,47.28612],[11.30959,47.28675],[11.30908,47.28625],[11.30923,47.28663],[11.30892,47.28643],[11.30905,47.28673],[11.30841,47.28639],[11.30805,47.28642],[11.30859,47.28673],[11.30739,47.28659],[11.30806,47.28688],[11.30819,47.28754],[11.30751,47.28706],[11.30648,47.28736],[11.30608,47.28726],[11.3055,47.28755]],[[11.33451,47.28207],[11.33233,47.28298],[11.3314,47.28289],[11.33015,47.28355],[11.32944,47.28453],[11.32981,47.28496],[11.32946,47.2854],[11.32955,47.28521],[11.32927,47.28535],[11.32895,47.2852],[11.3285,47.28547],[11.32806,47.28544],[11.32761,47.28573],[11.32703,47.28577],[11.32622,47.28558],[11.3257,47.28565],[11.32433,47.28528],[11.32409,47.28552],[11.32414,47.2863],[11.32278,47.28726],[11.32113,47.28707],[11.31972,47.28662],[11.31898,47.28665],[11.31938,47.28682],[11.31886,47.28681],[11.31871,47.28719],[11.31722,47.28767],[11.31687,47.28758],[11.31595,47.28776],[11.31506,47.28737],[11.31415,47.28737],[11.31191,47.28793],[11.31182,47.28759],[11.31081,47.28772],[11.31074,47.28712],[11.31011,47.28686],[11.31018,47.28643]],[[11.34637,47.27924],[11.3468,47.27953],[11.34612,47.27973],[11.34598,47.27999],[11.34533,47.2797],[11.34543,47.28017],[11.34512,47.27988],[11.34521,47.2803],[11.34497,47.28011],[11.34495,47.28032],[11.34433,47.27996],[11.3444,47.2805],[11.34402,47.28014],[11.34397,47.28056],[11.34365,47.28023],[11.34359,47.28049],[11.34295,47.28052],[11.34273,47.28081],[11.34263,47.28056],[11.34228,47.28051],[11.34242,47.28078],[11.34153,47.28079],[11.3413,47.28111],[11.34121,47.28083],[11.341,47.28084],[11.34068,47.28114],[11.33983,47.28137],[11.34012,47.28152],[11.33948,47.28169],[11.33964,47.28181],[11.33868,47.28185],[11.33921,47.28205],[11.33881,47.28207],[11.33907,47.2822],[11.33778,47.28225],[11.33696,47.28187],[11.33546,47.28204],[11.33478,47.28192],[11.33451,47.28207]],[[11.34637,47.27924],[11.34745,47.27928]],[[11.34745,47.27928],[11.34731,47.28013],[11.34956,47.28029],[11.34967,47.28046],[11.35066,47.27963],[11.35176,47.27826],[11.35299,47.27825],[11.35454,47.27887],[11.35562,47.27898]],[[11.35893,47.27952],[11.35562,47.27898]],[[11.36925,47.28199],[11.36846,47.28201],[11.36779,47.28151],[11.3673,47.28154],[11.36645,47.28112],[11.36397,47.28068],[11.36185,47.27996],[11.36091,47.27995],[11.35893,47.27952]],[[11.36952,47.28186],[11.36925,47.28199]],[[11.36967,47.28234],[11.36952,47.28186]]]}},{"type":"Feature","properties":{"name":"3 Ehnbachklamm - Zirl","ref":"3","network":"lwn","route":"hiking","osm":"relation/8884285","length_km_in_region":1.4},"geometry":{"type":"MultiLineString","coordinates":[[[11.25828,47.2816],[11.25924,47.28202],[11.25947,47.28185],[11.25926,47.28167],[11.25935,47.28145],[11.25976,47.2813],[11.26157,47.2814],[11.26214,47.28169]],[[11.26214,47.28169],[11.26203,47.28156],[11.26251,47.28167],[11.26269,47.28151],[11.26322,47.28178],[11.26332,47.28136]],[[11.26332,47.28136],[11.26343,47.28128]],[[11.26303,47.28106],[11.26292,47.28084],[11.26343,47.28128]],[[11.25897,47.27921],[11.26092,47.2801],[11.26151,47.28001],[11.26303,47.28106]],[[11.25562,47.27666],[11.25553,47.27679],[11.25667,47.27749],[11.25748,47.27834],[11.25869,47.27886],[11.25897,47.27921]]]}},{"type":"Feature","properties":{"name":"4 Hochzirl - Rasthaus Brunntal","ref":"4","network":"lwn","route":"hiking","osm":"relation/8884233","length_km_in_region":3.4},"geometry":{"type":"MultiLineString","coordinates":[[[11.24956,47.28109],[11.24961,47.28104]],[[11.25097,47.28088],[11.24961,47.28104]],[[11.2561,47.28088],[11.25553,47.28024],[11.25471,47.28006],[11.2536,47.2801],[11.2532,47.28044],[11.25262,47.28042],[11.25249,47.28067],[11.25097,47.28088]],[[11.2561,47.28088],[11.25688,47.28049],[11.25705,47.28111],[11.25733,47.28125],[11.2577,47.28108],[11.25828,47.2816]],[[11.25828,47.2816],[11.25924,47.28202],[11.25947,47.28185],[11.25926,47.28167],[11.25935,47.28145],[11.25976,47.2813],[11.26157,47.2814],[11.26214,47.28169]],[[11.26214,47.28169],[11.2624,47.28193],[11.26238,47.28255],[11.26303,47.28235],[11.26342,47.28254],[11.26394,47.28252],[11.26544,47.28181]],[[11.26544,47.28181],[11.26645,47.28203],[11.26697,47.28253],[11.26747,47.28227],[11.26807,47.28231],[11.26812,47.28256],[11.26855,47.28264],[11.26883,47.28203],[11.26842,47.28133],[11.26792,47.28105]],[[11.27363,47.28349],[11.27096,47.28183],[11.26966,47.28135],[11.26792,47.28105]],[[11.27987,47.28696],[11.27891,47.28665],[11.27924,47.28622],[11.27885,47.28579],[11.27758,47.28565],[11.27649,47.28507],[11.27673,47.28426],[11.27552,47.28417],[11.27427,47.28437],[11.27363,47.28349]]]}},{"type":"Feature","properties":{"name":"5","ref":"5","network":"lwn","operator":"TVB Rum","sac_scale":"demanding_mountain_hiking","route":"foot","osm":"relation/17922939","length_km_in_region":4.5},"geometry":{"type":"MultiLineString","coordinates":[[[11.42178,47.3028],[11.42266,47.30289],[11.42309,47.30317],[11.4241,47.30336]],[[11.4241,47.30336],[11.42604,47.30423],[11.42734,47.30522]],[[11.42734,47.30522],[11.42596,47.30552],[11.42567,47.30575],[11.42503,47.3057],[11.42363,47.30613],[11.42436,47.30672],[11.42372,47.30678],[11.42402,47.30735],[11.42354,47.30752],[11.4243,47.30785],[11.42394,47.30796],[11.42447,47.30822],[11.42667,47.30828],[11.42706,47.30856],[11.42763,47.30852],[11.4288,47.30922],[11.42998,47.30894],[11.43091,47.30902],[11.43187,47.31029],[11.43261,47.31055],[11.43366,47.31024],[11.43382,47.31046],[11.43463,47.30955],[11.43514,47.30957]],[[11.43366,47.31024],[11.4334,47.31107],[11.4336,47.31137],[11.4331,47.31198],[11.43327,47.31275],[11.43249,47.31227],[11.43266,47.31304],[11.43251,47.3135],[11.43364,47.31459],[11.43409,47.31457],[11.43449,47.31521],[11.43417,47.3152],[11.43485,47.31566],[11.4351,47.31633],[11.43493,47.31654],[11.43536,47.31694],[11.43483,47.31689],[11.4342,47.31635],[11.434,47.31723],[11.43379,47.31737],[11.43372,47.31711],[11.43339,47.31698],[11.43351,47.31726],[11.43306,47.31761]],[[11.43306,47.31761],[11.43258,47.31848],[11.4327,47.3193]],[[11.4327,47.3193],[11.43311,47.31988],[11.43343,47.31995]],[[11.43343,47.31995],[11.43238,47.3206]],[[11.43238,47.3206],[11.4328,47.32099],[11.43254,47.32158],[11.43275,47.32183],[11.43199,47.32223],[11.43234,47.3226]],[[11.43501,47.32316],[11.43234,47.3226]]]}},{"type":"Feature","properties":{"name":"50 / 4a Hochzirl - Magdeburger Hütte","ref":"50 / 4a","network":"lwn","route":"hiking","osm":"relation/8884234","length_km_in_region":5.7},"geometry":{"type":"MultiLineString","coordinates":[[[11.24956,47.28109],[11.24961,47.28104]],[[11.25097,47.28088],[11.24961,47.28104]],[[11.2561,47.28088],[11.25553,47.28024],[11.25471,47.28006],[11.2536,47.2801],[11.2532,47.28044],[11.25262,47.28042],[11.25249,47.28067],[11.25097,47.28088]],[[11.2561,47.28088],[11.25688,47.28049],[11.25705,47.28111],[11.25733,47.28125],[11.2577,47.28108],[11.25828,47.2816]],[[11.25828,47.2816],[11.25924,47.28202],[11.25947,47.28185],[11.25926,47.28167],[11.25935,47.28145],[11.25976,47.2813],[11.26157,47.2814],[11.26214,47.28169]],[[11.26214,47.28169],[11.2624,47.28193],[11.26238,47.28255],[11.26303,47.28235],[11.26342,47.28254],[11.26394,47.28252],[11.26544,47.28181]],[[11.26544,47.28181],[11.26645,47.28203],[11.26697,47.28253],[11.26747,47.28227],[11.26807,47.28231],[11.26812,47.28256],[11.26855,47.28264],[11.26883,47.28203],[11.26842,47.28133],[11.26792,47.28105]],[[11.27363,47.28349],[11.27096,47.28183],[11.26966,47.28135],[11.26792,47.28105]],[[11.28164,47.282],[11.28047,47.28244],[11.2795,47.28231],[11.2786,47.28252],[11.27744,47.28311],[11.27508,47.2832],[11.27363,47.28349]],[[11.28157,47.28194],[11.28164,47.282]],[[11.28203,47.28157],[11.28157,47.28194]],[[11.28203,47.28157],[11.2827,47.28115],[11.28276,47.28038],[11.28298,47.28032]],[[11.2912,47.28123],[11.28766,47.28057],[11.28402,47.28051],[11.28298,47.28032]],[[11.2912,47.28123],[11.29119,47.28145],[11.29018,47.28187]],[[11.29018,47.28187],[11.29211,47.28148]],[[11.29644,47.28893],[11.29598,47.28891],[11.2952,47.2882],[11.29418,47.28805],[11.29354,47.28768],[11.29263,47.28803],[11.29241,47.28789],[11.29281,47.28721],[11.29276,47.2867],[11.29348,47.28575],[11.29077,47.2849],[11.29012,47.28388],[11.29033,47.28347],[11.29114,47.28327],[11.29152,47.28285],[11.29211,47.28148]]]}},{"type":"Feature","properties":{"name":"53 Neue Magdeburger Hütte - Kleiner und Großer Solstein","ref":"53","network":"lwn","description":"über Höttinger Schützensteig schwer (schwarz)","route":"hiking","osm":"relation/8880882","length_km_in_region":3.1},"geometry":{"type":"MultiLineString","coordinates":[[[11.30523,47.28957],[11.3044,47.28942],[11.30336,47.28875],[11.29866,47.28841]],[[11.30523,47.28957],[11.30537,47.29031],[11.30705,47.29053],[11.30773,47.29102],[11.30896,47.29155],[11.30927,47.29152],[11.31068,47.29269],[11.31184,47.29298],[11.31229,47.29363],[11.31352,47.29365],[11.3145,47.29297]],[[11.3145,47.29297],[11.31532,47.29328],[11.31623,47.29322],[11.31632,47.29354],[11.31567,47.2941],[11.31499,47.29417],[11.31518,47.29433],[11.31499,47.2948],[11.31542,47.29559],[11.31492,47.29632],[11.31423,47.29696],[11.3135,47.29727],[11.31276,47.29732],[11.31167,47.29711],[11.31089,47.29733],[11.31103,47.29763],[11.31299,47.29872],[11.31283,47.2994],[11.31335,47.30087]],[[11.31335,47.30087],[11.31193,47.3019],[11.311,47.30206]]]}},{"type":"Feature","properties":{"name":"54 Neue Magdeburger Hütte - Großer und Kleiner Solstein","ref":"54","network":"lwn","description":"über Stiftensteig / Normalweg schwer (schwarz)","route":"hiking","osm":"relation/8880883","length_km_in_region":3.9},"geometry":{"type":"MultiLineString","coordinates":[[[11.29782,47.28857],[11.29901,47.28995]],[[11.29901,47.28995],[11.30013,47.29071],[11.30037,47.29125],[11.30062,47.29123],[11.30005,47.29227],[11.30062,47.29315],[11.3011,47.29294],[11.30134,47.29299],[11.30146,47.29332],[11.30276,47.29334],[11.30361,47.29436],[11.30417,47.29597],[11.30526,47.29697],[11.30612,47.29709],[11.30656,47.29757],[11.30748,47.29779],[11.30767,47.2977],[11.30886,47.29895],[11.31006,47.29907],[11.31038,47.29973],[11.31083,47.29984],[11.31146,47.30046],[11.3116,47.30107],[11.31104,47.3016],[11.311,47.30206]],[[11.29828,47.29886],[11.29869,47.299],[11.29868,47.29926],[11.29912,47.29936],[11.29921,47.30022],[11.29969,47.30021],[11.30009,47.30056],[11.30153,47.30112],[11.30412,47.30133],[11.30538,47.30074],[11.30564,47.30091],[11.30516,47.30179],[11.30555,47.30174],[11.30457,47.30226]],[[11.30268,47.29745],[11.30217,47.29731],[11.30153,47.29743],[11.3009,47.29862],[11.29974,47.29829],[11.2986,47.29854],[11.29828,47.29886]],[[11.3042,47.29767],[11.30349,47.29764],[11.30354,47.29801],[11.30321,47.29763],[11.30268,47.29745]],[[11.30526,47.29697],[11.30524,47.29745],[11.3042,47.29767]]]}},{"type":"Feature","properties":{"name":"55 Großer Solstein","ref":"55","network":"lwn","description":"mittel (rot)","route":"hiking","osm":"relation/9974572","length_km_in_region":0.3},"geometry":{"type":"MultiLineString","coordinates":[[[11.311,47.30206],[11.31018,47.30204],[11.3077,47.30277]]]}},{"type":"Feature","properties":{"name":"56 Kleiner Solstein","ref":"56","network":"lwn","description":"mittel/schwer (rot/schwarz)","route":"hiking","osm":"relation/8880914","length_km_in_region":4.1},"geometry":{"type":"MultiLineString","coordinates":[[[11.28841,47.30814],[11.28905,47.30831]],[[11.29001,47.30812],[11.28978,47.30838],[11.28905,47.30831]],[[11.29001,47.30812],[11.29103,47.30832],[11.29063,47.30706],[11.28956,47.30615],[11.28939,47.30508],[11.28987,47.30503],[11.29131,47.30562],[11.29189,47.30559],[11.292,47.30525],[11.29259,47.30514],[11.29307,47.30533],[11.29341,47.30515],[11.29445,47.30538],[11.29455,47.30527],[11.29566,47.30563],[11.29566,47.30524],[11.29607,47.30525],[11.29612,47.3048],[11.29653,47.30493],[11.29658,47.30465],[11.2971,47.30474],[11.29729,47.30432],[11.29768,47.3045],[11.2978,47.30407],[11.29819,47.30419],[11.29863,47.30383],[11.29924,47.30402],[11.29957,47.30345],[11.30002,47.30377],[11.3003,47.30333],[11.30067,47.30347],[11.30116,47.30302],[11.30165,47.30336],[11.30329,47.3025],[11.30457,47.30226],[11.3077,47.30277]],[[11.311,47.30206],[11.31018,47.30204],[11.3077,47.30277]],[[11.31335,47.30087],[11.31193,47.3019],[11.311,47.30206]],[[11.31335,47.30087],[11.3141,47.30111],[11.31468,47.30095],[11.31649,47.30098],[11.31771,47.30066],[11.31806,47.30097],[11.31833,47.30083],[11.31847,47.30098],[11.31953,47.30045],[11.32037,47.30075],[11.32198,47.30037],[11.32224,47.30224],[11.32267,47.30253],[11.32332,47.30263],[11.32389,47.30266],[11.32442,47.30246]]]}},{"type":"Feature","properties":{"name":"6","ref":"6","network":"lwn","operator":"TVB Rum","route":"foot","osm":"relation/17922960","length_km_in_region":1.9},"geometry":{"type":"MultiLineString","coordinates":[[[11.4155,47.30027],[11.41605,47.29907],[11.41657,47.29859],[11.41782,47.29817],[11.41786,47.29786]],[[11.4155,47.30027],[11.41521,47.30094]],[[11.41374,47.30074],[11.41379,47.30108],[11.41422,47.30142],[11.41422,47.30204],[11.4147,47.30185],[11.41521,47.30094]],[[11.41373,47.30071],[11.41374,47.30074]],[[11.41295,47.30022],[11.41373,47.30071]],[[11.41076,47.29742],[11.41071,47.29784],[11.41126,47.29827],[11.41157,47.29829],[11.41172,47.29869],[11.41201,47.29877],[11.41197,47.29932],[11.41263,47.29958],[11.41295,47.30022]],[[11.41076,47.29742],[11.40848,47.29795],[11.40609,47.29748]],[[11.40303,47.29634],[11.4033,47.29645],[11.40333,47.29699],[11.4043,47.29712],[11.40479,47.29778],[11.40609,47.29748]]]}},{"type":"Feature","properties":{"name":"6","ref":"6","network":"lwn","operator":"TVB Rum","route":"foot","osm":"relation/18460500","length_km_in_region":0.4},"geometry":{"type":"MultiLineString","coordinates":[[[11.41521,47.30094],[11.41525,47.30232],[11.4149,47.30265]],[[11.41355,47.30389],[11.41474,47.30323],[11.4149,47.30265]]]}},{"type":"Feature","properties":{"name":"7","ref":"7","network":"lwn","sac_scale":"mountain_hiking","route":"foot","osm":"relation/17922930","length_km_in_region":3.2},"geometry":{"type":"MultiLineString","coordinates":[[[11.44499,47.29551],[11.44596,47.29453],[11.44652,47.29344],[11.44818,47.29252],[11.44922,47.2915],[11.45003,47.29112],[11.45107,47.29007],[11.45095,47.28978],[11.45114,47.28943],[11.45152,47.28945],[11.45148,47.28923]],[[11.4417,47.29755],[11.44382,47.29565],[11.44499,47.29551]],[[11.4417,47.29755],[11.44103,47.29792],[11.44079,47.29828]],[[11.44059,47.29905],[11.44079,47.29828]],[[11.43984,47.29976],[11.44059,47.29905]],[[11.43984,47.29976],[11.43994,47.29983]],[[11.4376,47.30146],[11.43745,47.30122],[11.43817,47.30043],[11.43994,47.29983]],[[11.43701,47.302],[11.4376,47.30146]],[[11.43667,47.30217],[11.43701,47.302]],[[11.43667,47.30217],[11.43563,47.30226]],[[11.43563,47.30226],[11.43439,47.30281],[11.43322,47.30275],[11.43319,47.30249],[11.43356,47.30232],[11.4332,47.30226],[11.43252,47.30233],[11.43146,47.30275],[11.43022,47.30285],[11.42888,47.30394],[11.42815,47.30343],[11.4275,47.3033],[11.42696,47.30345],[11.42614,47.30307],[11.42396,47.30304]],[[11.42334,47.30319],[11.42396,47.30304]]]}},{"type":"Feature","properties":{"name":"AV Weg 151","ref":"151","network":"rwn","operator":"ÖAV TK Innsbruck","osmc:symbol":"red:red:white_bar","route":"hiking","osm":"relation/15765881","length_km_in_region":8.7},"geometry":{"type":"MultiLineString","coordinates":[[[10.99708,47.23369],[10.99637,47.23396],[10.99596,47.23439],[10.9951,47.23467],[10.99194,47.23545],[10.99169,47.23532],[10.99107,47.23564],[10.99068,47.23643],[10.9902,47.23674],[10.98837,47.2367],[10.98785,47.23731],[10.98507,47.23806],[10.9842,47.2379],[10.98256,47.23659],[10.98055,47.23585],[10.9768,47.23698],[10.97517,47.23713],[10.97444,47.23694],[10.96753,47.23774],[10.96194,47.23753],[10.95917,47.23808],[10.95765,47.2387],[10.95239,47.23856],[10.95257,47.23795],[10.95217,47.23662],[10.95177,47.23639],[10.95197,47.23604],[10.95347,47.23496],[10.96008,47.23288],[10.95971,47.23232]],[[10.99865,47.23311],[10.99838,47.23241],[10.99797,47.23277],[10.9979,47.23318],[10.99762,47.23318],[10.99742,47.23363],[10.99708,47.23369]],[[10.99865,47.23311],[10.99911,47.23181],[11.00079,47.23174],[11.00079,47.2312],[11.00133,47.23118],[11.00177,47.23065],[11.00315,47.22999],[11.00474,47.22965],[11.00633,47.23025],[11.00686,47.2301]],[[11.00686,47.2301],[11.00714,47.22975],[11.00801,47.22936],[11.00786,47.22881],[11.00742,47.22854],[11.0082,47.22788],[11.01111,47.22682],[11.0134,47.22655]],[[11.0134,47.22655],[11.01541,47.22599],[11.01686,47.22607]],[[11.01686,47.22607],[11.01728,47.22587],[11.01688,47.22537],[11.01685,47.22484],[11.01851,47.2232],[11.01873,47.22269],[11.01867,47.22107],[11.01826,47.22021],[11.01826,47.21961],[11.01861,47.21897],[11.01896,47.2189],[11.01959,47.21707],[11.02069,47.21573],[11.02114,47.21556],[11.02147,47.21574],[11.02243,47.21557],[11.02232,47.2153],[11.02371,47.21432],[11.02375,47.21364]]]}},{"type":"Feature","properties":{"name":"AV Weg 152","ref":"152","network":"rwn","operator":"ÖAV TK Innsbruck","osmc:symbol":"red:red:white_bar","route":"hiking","osm":"relation/15765879","length_km_in_region":17.7},"geometry":{"type":"MultiLineString","coordinates":[[[11.04725,47.22167],[11.04747,47.22201],[11.04863,47.22276],[11.05066,47.22356],[11.05361,47.22511],[11.0535,47.22567],[11.05374,47.22603],[11.05274,47.22551],[11.05323,47.22716],[11.05199,47.22975],[11.05006,47.23128]],[[11.05006,47.23128],[11.04901,47.23141],[11.04898,47.23215],[11.04818,47.23272],[11.04757,47.23286],[11.04751,47.2332]],[[11.04751,47.2332],[11.04553,47.23437],[11.04467,47.23467],[11.04464,47.23518],[11.04356,47.23634],[11.04332,47.23743],[11.04363,47.23741],[11.04357,47.23791],[11.04435,47.23828],[11.04477,47.23823],[11.04475,47.23854],[11.0451,47.23864]],[[11.0451,47.23864],[11.04376,47.23961],[11.04214,47.23992],[11.0424,47.24036],[11.04168,47.24074],[11.04034,47.24224],[11.03923,47.24296],[11.03889,47.24297],[11.03804,47.24375]],[[11.0315,47.24632],[11.03321,47.24639],[11.03459,47.24608],[11.03482,47.24622],[11.03511,47.2461],[11.03518,47.24573],[11.03573,47.24559],[11.03724,47.24608],[11.03823,47.24596],[11.03867,47.24558],[11.03876,47.24517],[11.03804,47.24375]],[[11.02258,47.24202],[11.02377,47.24166],[11.02618,47.24145],[11.02734,47.24152],[11.02785,47.2418],[11.02845,47.24176],[11.02877,47.24203],[11.02906,47.24202],[11.02985,47.24258],[11.02977,47.24298],[11.03047,47.24362],[11.03085,47.24467],[11.0306,47.24474],[11.0315,47.24632]],[[11.0199,47.24263],[11.02092,47.24218],[11.02258,47.24202]],[[11.01179,47.24744],[11.01278,47.24622],[11.01418,47.2451],[11.01632,47.24398],[11.01673,47.24402],[11.01798,47.24338],[11.01941,47.24321],[11.0199,47.24263]],[[11.00545,47.24861],[11.00533,47.24842],[11.00557,47.24817],[11.00664,47.24772],[11.00919,47.2474],[11.01062,47.24784],[11.01179,47.24744]],[[11.00545,47.24861],[11.00529,47.24934]],[[11.00977,47.25135],[11.00868,47.25148],[11.00785,47.2511],[11.00726,47.25049],[11.00534,47.25033],[11.00462,47.25007],[11.00428,47.24981],[11.00529,47.24934]],[[11.00201,47.25404],[11.00088,47.25388],[10.99991,47.2535],[10.99954,47.25363],[10.99902,47.25339],[10.99868,47.25359],[10.99702,47.25369],[10.99809,47.25321],[10.99889,47.25254],[10.99946,47.25239],[11.00093,47.25223],[11.00361,47.25268],[11.00554,47.25276],[11.00563,47.25262],[11.00359,47.25207],[11.00416,47.25217],[11.00627,47.25186],[11.00828,47.25197],[11.00977,47.25135]],[[11.00201,47.25404],[11.00006,47.25577],[10.99819,47.25698],[10.9959,47.25937],[10.99402,47.26002],[10.99347,47.26126],[10.99413,47.26172],[10.99481,47.26186],[10.99582,47.26169],[10.99641,47.26177],[10.998,47.26288],[11.00014,47.26384],[11.00294,47.26466],[11.0053,47.26497],[11.00844,47.26594],[11.00354,47.26583],[11.00018,47.26554],[10.99967,47.26533],[11.00228,47.26664],[11.00375,47.26696],[11.00527,47.26705],[11.00429,47.26721],[11.00037,47.26699],[10.99851,47.26726]],[[11.0043,47.27149],[11.00308,47.27079],[11.0023,47.27076],[11.00172,47.27041],[11.00099,47.27038],[10.99908,47.26935],[10.99641,47.26881],[10.9953,47.26812],[10.99396,47.26813],[10.99326,47.26756],[10.99176,47.26712],[10.99347,47.26711],[10.99435,47.26734],[10.99851,47.26726]],[[11.00117,47.27207],[11.00151,47.27193],[11.00258,47.272],[11.00341,47.27153],[11.00386,47.27165],[11.0043,47.27149]],[[10.99718,47.27227],[10.99939,47.27211],[11.00097,47.27228],[11.00117,47.27207]],[[10.99403,47.27175],[10.9959,47.27231],[10.99718,47.27227]],[[10.99373,47.27153],[10.99403,47.27175]],[[10.98471,47.2719],[10.98511,47.27089],[10.9847,47.26983],[10.98573,47.26954],[10.98622,47.2698],[10.9865,47.2709],[10.98841,47.2714],[10.99089,47.2713],[10.9918,47.27109],[10.99219,47.27137],[10.99373,47.27153]],[[10.98738,47.27353],[10.98676,47.27322],[10.98607,47.2725],[10.98535,47.27244],[10.98471,47.2719]],[[10.98563,47.27596],[10.98608,47.27584],[10.98698,47.27477],[10.98738,47.27353]]]}},{"type":"Feature","properties":{"name":"AV Weg 153","ref":"153","network":"rwn","operator":"ÖAV TK Innsbruck","osmc:symbol":"red:red:white_bar:153:black","route":"hiking","osm":"relation/15765880","length_km_in_region":21.1},"geometry":{"type":"MultiLineString","coordinates":[[[11.0548,47.22997],[11.05413,47.22921],[11.05476,47.22841],[11.05472,47.22751],[11.05593,47.22603],[11.05941,47.22415],[11.0606,47.22384],[11.06172,47.2232],[11.06544,47.22189],[11.06636,47.22111],[11.06595,47.22088]],[[11.0548,47.22997],[11.05385,47.23058],[11.05256,47.23099],[11.05217,47.23134],[11.05038,47.23179],[11.05038,47.23219],[11.04906,47.23296],[11.04751,47.2332]],[[11.04751,47.2332],[11.04553,47.23437],[11.04467,47.23467],[11.04464,47.23518],[11.04356,47.23634],[11.04332,47.23743],[11.04363,47.23741],[11.04357,47.23791],[11.04435,47.23828],[11.04477,47.23823],[11.04475,47.23854],[11.0451,47.23864]],[[11.0451,47.23864],[11.04592,47.23823],[11.04729,47.23842],[11.04798,47.23823],[11.04867,47.23849],[11.04969,47.23855],[11.05048,47.23839],[11.05154,47.23904],[11.05212,47.24015],[11.0535,47.24076],[11.05441,47.24164],[11.05536,47.24196],[11.05534,47.24226],[11.05578,47.24228],[11.05571,47.24249],[11.05601,47.24252],[11.05577,47.24285],[11.05608,47.24314],[11.05473,47.24394],[11.05416,47.24469],[11.05394,47.24572],[11.05281,47.24651],[11.05303,47.24688]],[[11.05473,47.2655],[11.05568,47.26493],[11.0572,47.26227],[11.05831,47.2615],[11.06115,47.26083],[11.06061,47.26054],[11.06129,47.26051],[11.06081,47.26002],[11.06143,47.26008],[11.0613,47.25987],[11.06167,47.25992],[11.06149,47.25964],[11.06179,47.25973],[11.06195,47.25954],[11.06089,47.25818],[11.05987,47.25774],[11.05947,47.25776],[11.05956,47.2575],[11.05927,47.25723],[11.0578,47.25715],[11.05756,47.25686],[11.05929,47.25612],[11.05877,47.25533],[11.05736,47.255],[11.0569,47.25386],[11.05731,47.25328],[11.05818,47.25319],[11.05815,47.25268],[11.057,47.25221],[11.05582,47.25205],[11.05589,47.25108],[11.054,47.25028],[11.05222,47.24993],[11.05146,47.24954],[11.05127,47.24906],[11.0515,47.24864],[11.05123,47.24841],[11.05138,47.24749],[11.05303,47.24688]],[[11.05461,47.26575],[11.05509,47.26569],[11.05554,47.26633],[11.05535,47.26653],[11.05364,47.26689],[11.05273,47.26691],[11.05374,47.26761],[11.05578,47.26814],[11.05374,47.26861]],[[11.05374,47.26861],[11.05319,47.26861],[11.05476,47.26971],[11.05506,47.27037],[11.05502,47.27097],[11.05603,47.27132],[11.05669,47.27105]],[[11.05669,47.27105],[11.05779,47.27095],[11.05809,47.27099],[11.05812,47.27119],[11.05802,47.2721],[11.05767,47.27269],[11.05613,47.27371],[11.05639,47.27434],[11.0569,47.27472],[11.05803,47.27483],[11.06033,47.27393],[11.06051,47.27496]],[[11.06051,47.27496],[11.06002,47.2762],[11.06018,47.27642],[11.05958,47.2771],[11.06118,47.27664],[11.06153,47.27589],[11.06202,47.27591],[11.06257,47.27541],[11.0626,47.27652],[11.06241,47.27666],[11.06261,47.27778],[11.06233,47.27837],[11.06008,47.27994],[11.06016,47.28026],[11.05996,47.28036],[11.05898,47.27986],[11.05814,47.28001],[11.05661,47.27974],[11.05569,47.27939],[11.05472,47.27855],[11.05382,47.27838],[11.05292,47.27788],[11.05177,47.27765],[11.05346,47.27878],[11.05419,47.27963],[11.05456,47.2805],[11.05374,47.27971],[11.05281,47.27936],[11.05244,47.27944],[11.05332,47.28028],[11.05192,47.27981],[11.05091,47.2797],[11.04938,47.27913],[11.04812,47.27916],[11.04574,47.27883],[11.04833,47.27969],[11.04989,47.28165],[11.0506,47.28185],[11.04988,47.2818],[11.04919,47.28137],[11.04832,47.28115],[11.04795,47.2807],[11.04727,47.28053],[11.04671,47.28074],[11.04597,47.28072],[11.04222,47.27989],[11.04147,47.28019],[11.04117,47.27984],[11.04016,47.27959],[11.03927,47.28017],[11.03887,47.27966],[11.03818,47.27973],[11.03701,47.27927],[11.03675,47.27938],[11.03651,47.27886],[11.03612,47.27864],[11.03601,47.2778],[11.03524,47.27712],[11.03475,47.27703],[11.03432,47.27763],[11.03499,47.27774],[11.03537,47.27839],[11.03467,47.2784],[11.03481,47.27877],[11.03428,47.28064]],[[11.04147,47.28583],[11.0414,47.28473],[11.04357,47.28467],[11.04413,47.2848],[11.04459,47.28528],[11.04496,47.28505],[11.0456,47.28506],[11.04713,47.28555],[11.04941,47.28713],[11.05245,47.28707],[11.05327,47.28742],[11.05472,47.28749],[11.0558,47.28778],[11.05632,47.28772],[11.05693,47.28816],[11.05897,47.2883],[11.05996,47.28875],[11.06344,47.28953],[11.06429,47.28886],[11.06576,47.28846],[11.06421,47.28809],[11.06309,47.28717],[11.06263,47.28703],[11.06393,47.28683],[11.06336,47.28653],[11.05975,47.28551],[11.05832,47.28478],[11.0584,47.28463],[11.06192,47.28515],[11.06309,47.28476],[11.06169,47.28465],[11.06094,47.28436],[11.06081,47.28405],[11.06046,47.28383],[11.06014,47.28388],[11.05972,47.28351],[11.06044,47.28335],[11.06126,47.28365],[11.06287,47.28319],[11.06317,47.28243],[11.06431,47.28164],[11.06321,47.28193],[11.06191,47.28195],[11.06022,47.28166],[11.05975,47.28113],[11.05862,47.28086],[11.05847,47.28052],[11.05692,47.27984]]]}},{"type":"Feature","properties":{"name":"AV Weg 155","ref":"155","network":"rwn","operator":"ÖAV Akad. S. Innbruck","osmc:symbol":"red:red:white_bar:155:black","route":"hiking","osm":"relation/15765966","length_km_in_region":16.1},"geometry":{"type":"MultiLineString","coordinates":[[[11.16311,47.19978],[11.163,47.19997]],[[11.16311,47.19978],[11.16259,47.19944],[11.16196,47.19825],[11.16079,47.19731]],[[11.16064,47.19716],[11.16079,47.19731]],[[11.15972,47.19668],[11.16064,47.19716]],[[11.15677,47.19555],[11.15738,47.19627],[11.15972,47.19668]],[[11.17667,47.23954],[11.17741,47.23935],[11.18232,47.23914],[11.18797,47.24008],[11.18878,47.24037],[11.18952,47.24104]],[[11.16927,47.23729],[11.17029,47.23686],[11.17065,47.23687],[11.17374,47.23787],[11.17557,47.2391],[11.17667,47.23954]],[[11.16927,47.23729],[11.16523,47.23462],[11.16009,47.23222],[11.15949,47.23236],[11.15937,47.23191],[11.15806,47.23154],[11.15745,47.23083]],[[11.15745,47.23083],[11.15679,47.23034],[11.1547,47.22754],[11.15485,47.22712],[11.15451,47.22666],[11.15452,47.22615],[11.15476,47.22578],[11.15445,47.22527],[11.15482,47.22486],[11.15452,47.22475],[11.15442,47.22392],[11.15384,47.22337],[11.15381,47.223]],[[11.15381,47.223],[11.15225,47.22267]],[[11.15669,47.2201],[11.15598,47.22015],[11.15497,47.22078],[11.1542,47.22167],[11.1532,47.22183],[11.15225,47.22267]],[[11.15669,47.2201],[11.15813,47.21971],[11.15919,47.21887],[11.15934,47.21826],[11.15977,47.21817],[11.16008,47.2177],[11.16003,47.21693],[11.15974,47.21667],[11.16006,47.21635]],[[11.1548,47.21501],[11.15732,47.21601],[11.16006,47.21635]],[[11.15814,47.21436],[11.15704,47.21488],[11.1548,47.21501]],[[11.15751,47.21189],[11.15771,47.21342],[11.15814,47.21436]],[[11.15829,47.21105],[11.15751,47.21189]],[[11.16066,47.20468],[11.16046,47.20534],[11.16084,47.20587],[11.16067,47.20622],[11.16114,47.20682],[11.1607,47.20773],[11.16028,47.20806],[11.16028,47.20857],[11.15873,47.20966],[11.15829,47.21105]],[[11.16318,47.20044],[11.16389,47.2015],[11.16266,47.2016],[11.16262,47.20173],[11.16218,47.20155],[11.15986,47.20178],[11.16011,47.20201],[11.1599,47.20211],[11.16032,47.2024],[11.15988,47.20244],[11.16015,47.20279],[11.15976,47.20291],[11.16012,47.20336],[11.15964,47.20348],[11.16008,47.20422],[11.16066,47.20468]],[[11.16298,47.19999],[11.16318,47.20044]],[[11.18964,47.24102],[11.18983,47.24116],[11.19065,47.24083]],[[11.19273,47.24069],[11.19233,47.24077],[11.19199,47.24062],[11.19197,47.24086],[11.19119,47.24059],[11.1909,47.24087],[11.19065,47.24083]],[[11.19325,47.23978],[11.1928,47.24023],[11.19273,47.24069]],[[11.19485,47.23932],[11.19368,47.23921],[11.19325,47.23978]],[[11.19494,47.23935],[11.19548,47.23934],[11.19574,47.23914],[11.19702,47.23952],[11.19744,47.23921],[11.19831,47.23904]],[[11.19831,47.23904],[11.1984,47.23876],[11.19976,47.23774],[11.20095,47.23782],[11.2032,47.23842]],[[11.2032,47.23842],[11.20357,47.23792],[11.20304,47.23712]],[[11.21813,47.23749],[11.21479,47.2371],[11.21236,47.23735],[11.21154,47.23729],[11.20692,47.23806],[11.20591,47.23796],[11.20304,47.23712]],[[11.21894,47.23756],[11.21813,47.23749]],[[11.22319,47.23773],[11.22246,47.23741],[11.22028,47.23717],[11.22013,47.23726],[11.22059,47.23769],[11.21894,47.23756]],[[11.22348,47.23806],[11.22319,47.23773]],[[11.22348,47.23806],[11.22367,47.23909],[11.22312,47.23992],[11.21949,47.24107],[11.214,47.24347],[11.2183,47.2431],[11.21615,47.24396],[11.22276,47.2438],[11.22893,47.24292],[11.23247,47.24297],[11.23507,47.24245],[11.2321,47.24452],[11.2309,47.24497]],[[11.2309,47.24497],[11.23035,47.2451],[11.22987,47.24559],[11.22831,47.24601],[11.2273,47.2466],[11.22772,47.24665]],[[11.22772,47.24665],[11.22881,47.24666]],[[11.22881,47.24666],[11.22928,47.24664]],[[11.23274,47.24682],[11.23187,47.24689],[11.22928,47.24664]],[[11.19962,47.24011],[11.20038,47.24009],[11.20097,47.23973]]]}},{"type":"Feature","properties":{"name":"Adelshofsteig","network":"lwn","route":"hiking","osm":"relation/17078360","length_km_in_region":1.5},"geometry":{"type":"MultiLineString","coordinates":[[[11.28219,47.22298],[11.28081,47.22205],[11.28213,47.22177],[11.28094,47.22048],[11.28261,47.22036],[11.28238,47.21992],[11.28289,47.21966],[11.2834,47.21944],[11.28391,47.21952],[11.28483,47.21934],[11.28732,47.21857],[11.28773,47.21828],[11.28735,47.21811]],[[11.27969,47.22302],[11.28219,47.22298]],[[11.27818,47.22194],[11.27868,47.22278],[11.27969,47.22302]]]}},{"type":"Feature","properties":{"name":"Adler Klettersteig","network":"lwn","route":"hiking","osm":"relation/17664390","length_km_in_region":0.8},"geometry":{"type":"MultiLineString","coordinates":[[[11.03781,47.35296],[11.03808,47.35332]],[[11.03808,47.35332],[11.03725,47.35347]],[[11.03725,47.35347],[11.0376,47.35421],[11.03723,47.35475],[11.03674,47.35484],[11.03666,47.3551],[11.03471,47.35521],[11.03466,47.35533],[11.03431,47.35508],[11.03319,47.35509],[11.03271,47.3548],[11.03211,47.35494],[11.0314,47.35483]]]}},{"type":"Feature","properties":{"name":"Adlerweg Etappe 11","ref":"AW11","network":"rwn","operator":"Tirol","description":"Karwendelhaus - Hallerangerhaus oder Hallerangeralm","route":"hiking","osm":"relation/12026957","length_km_in_region":1.9},"geometry":{"type":"MultiLineString","coordinates":[[[11.4584,47.36002],[11.45932,47.35954],[11.46287,47.35893],[11.46496,47.35826],[11.4675,47.35773],[11.46919,47.35684],[11.47056,47.35547],[11.47234,47.35456]],[[11.47234,47.35456],[11.47274,47.35421],[11.47252,47.35326],[11.47435,47.353],[11.47473,47.35321],[11.47539,47.3544],[11.47712,47.35467]]]}},{"type":"Feature","properties":{"name":"Adlerweg Etappe 12","ref":"AW12","network":"rwn","operator":"Tirol","description":"Hallerangerhaus - Pfeishütte - Hafelekar - Nordkette Innsbruck","route":"hiking","osm":"relation/12026956","length_km_in_region":15.6},"geometry":{"type":"MultiLineString","coordinates":[[[11.47539,47.35244],[11.47491,47.35269],[11.47561,47.35334],[11.47592,47.35397],[11.47717,47.35455],[11.47712,47.35467]],[[11.47718,47.35006],[11.47732,47.35104],[11.47672,47.35129],[11.47633,47.35117],[11.47636,47.35163],[11.47608,47.35153],[11.47606,47.35172],[11.47578,47.35155],[11.47539,47.35244]],[[11.47701,47.35002],[11.47718,47.35006]],[[11.47077,47.34302],[11.47058,47.34372],[11.47123,47.34419],[11.47038,47.34441],[11.47073,47.34486],[11.47247,47.3455],[11.47361,47.34691],[11.47319,47.34805],[11.47325,47.34853],[11.47258,47.34868],[11.4739,47.34933],[11.47454,47.35001],[11.47575,47.35047],[11.47669,47.35029],[11.47701,47.35002]],[[11.47077,47.34302],[11.47074,47.3428],[11.47024,47.34262]],[[11.47024,47.34262],[11.46944,47.34241]],[[11.46944,47.34241],[11.46892,47.34198],[11.46888,47.34168],[11.46694,47.34077],[11.46579,47.34]],[[11.44368,47.32879],[11.44353,47.33009],[11.44383,47.33102],[11.44458,47.33149],[11.44499,47.33213],[11.44653,47.33333],[11.4465,47.33353],[11.44695,47.3337],[11.44733,47.33446],[11.44799,47.33445],[11.44917,47.33534],[11.44918,47.3357],[11.44959,47.3359],[11.45002,47.33658],[11.4517,47.33695],[11.45356,47.33656],[11.45475,47.33672],[11.45573,47.3372],[11.45726,47.33762],[11.45872,47.33885],[11.4604,47.33923],[11.46133,47.33904],[11.46227,47.33915],[11.46407,47.33959],[11.46464,47.33995],[11.46512,47.33975],[11.46579,47.34]],[[11.44377,47.32837],[11.44368,47.32879]],[[11.44207,47.32699],[11.44195,47.32733],[11.44247,47.32732],[11.44313,47.3278],[11.4439,47.32788],[11.44377,47.32837]],[[11.44207,47.32699],[11.44149,47.32727],[11.44245,47.3261],[11.44156,47.32622],[11.44158,47.32567],[11.44057,47.32605],[11.44017,47.32647],[11.43968,47.32652],[11.43633,47.32586],[11.43562,47.32556]],[[11.43562,47.32556],[11.43437,47.32579],[11.43358,47.32571],[11.43173,47.32644]],[[11.43173,47.32644],[11.4312,47.32678],[11.43156,47.32767]],[[11.43156,47.32767],[11.43096,47.32809],[11.43045,47.32882],[11.4281,47.33005],[11.42789,47.32996]],[[11.42656,47.32999],[11.42789,47.32996]],[[11.42576,47.32988],[11.42656,47.32999]],[[11.42546,47.3299],[11.42576,47.32988]],[[11.42546,47.3299],[11.42491,47.32973],[11.42362,47.32984],[11.42319,47.32934],[11.42315,47.32868]],[[11.42315,47.32868],[11.42237,47.32853],[11.42159,47.32803],[11.42117,47.32685],[11.42125,47.32632],[11.4199,47.32498]],[[11.4199,47.32498],[11.41893,47.32452],[11.41877,47.32423]],[[11.41877,47.32423],[11.41873,47.32416]],[[11.41189,47.32219],[11.41236,47.323],[11.41367,47.32374],[11.41684,47.32485],[11.41664,47.32496],[11.4171,47.32499],[11.4173,47.32482],[11.41714,47.32432],[11.41772,47.32445],[11.41776,47.32422],[11.41848,47.3245],[11.41873,47.32416]],[[11.41087,47.32202],[11.41181,47.32235],[11.41189,47.32219]],[[11.40973,47.32278],[11.40968,47.32234],[11.41003,47.32215],[11.41,47.32194],[11.41087,47.32202]],[[11.40973,47.32278],[11.40936,47.32299],[11.40922,47.32288],[11.40912,47.32312],[11.40548,47.32115],[11.40405,47.32091],[11.40443,47.317],[11.40401,47.31622],[11.40292,47.31584]],[[11.40292,47.31584],[11.40267,47.31565],[11.40292,47.31572],[11.40309,47.31546],[11.40248,47.31536],[11.40219,47.31506],[11.40148,47.31523],[11.40085,47.31504],[11.40035,47.31424],[11.40007,47.31417],[11.39873,47.31455],[11.39775,47.31439],[11.39736,47.31385],[11.39681,47.31387],[11.39613,47.31345],[11.39471,47.31327],[11.39384,47.31372],[11.3938,47.31338],[11.39281,47.31328],[11.39222,47.31288],[11.3904,47.31285],[11.38954,47.31255],[11.3891,47.31268]],[[11.3891,47.31268],[11.38805,47.31217],[11.38686,47.31185],[11.38584,47.31225],[11.38493,47.31238],[11.384,47.31208]],[[11.384,47.31208],[11.384,47.31216]],[[11.38363,47.31192],[11.384,47.31216]],[[11.38363,47.31192],[11.38357,47.31198]],[[11.37979,47.30655],[11.38357,47.31198]],[[11.37979,47.30655],[11.37974,47.30639]],[[11.39901,47.28617],[11.37974,47.30639]]]}},{"type":"Feature","properties":{"name":"Adlerweg Etappe 13","ref":"AW13","network":"rwn","operator":"Tirol","description":"Innsbruck – Zirbenweg – Innsbruck","route":"hiking","osm":"relation/12883947","length_km_in_region":13.7},"geometry":{"type":"MultiLineString","coordinates":[[[11.42675,47.22207],[11.44194,47.21131],[11.45175,47.21006]],[[11.45194,47.21004],[11.45175,47.21006]],[[11.45194,47.21004],[11.45199,47.2102]],[[11.45199,47.2102],[11.452,47.21026]],[[11.452,47.21026],[11.45214,47.21028]],[[11.45214,47.21028],[11.45218,47.21023]],[[11.45218,47.21023],[11.45234,47.21029]],[[11.45234,47.21029],[11.45257,47.21052]],[[11.47716,47.21235],[11.47588,47.21181],[11.47326,47.21161],[11.47255,47.21174],[11.47283,47.21208],[11.47258,47.21246],[11.47074,47.21201],[11.46728,47.21217],[11.46503,47.21199],[11.46427,47.21212],[11.46259,47.21304],[11.46212,47.21293],[11.4613,47.21231],[11.45413,47.21158],[11.45257,47.21052]],[[11.48206,47.21303],[11.48115,47.21286],[11.47932,47.21284],[11.47716,47.21235]],[[11.4839,47.21336],[11.48332,47.21338],[11.48281,47.21306],[11.48206,47.21303]],[[11.48672,47.21363],[11.48569,47.21333],[11.4839,47.21336]],[[11.52793,47.2231],[11.52781,47.22277],[11.52672,47.22199],[11.52566,47.22173],[11.52514,47.22222],[11.52486,47.22225],[11.52449,47.22191],[11.52467,47.22158],[11.52444,47.22102],[11.52196,47.22048],[11.52063,47.22058],[11.51744,47.22211],[11.51746,47.22185],[11.51706,47.22228],[11.51611,47.22256],[11.51573,47.22297],[11.51508,47.22323],[11.51236,47.22251],[11.51006,47.22267],[11.50789,47.2224],[11.50671,47.22256],[11.50573,47.22207],[11.50514,47.22211],[11.50458,47.22239],[11.5041,47.22234],[11.50313,47.2217],[11.50321,47.22103],[11.50299,47.22057],[11.50149,47.21943],[11.49901,47.21895],[11.49711,47.21943],[11.49379,47.21766],[11.49318,47.21758],[11.49225,47.21772],[11.49172,47.21747],[11.49069,47.21734],[11.49107,47.21724],[11.49065,47.21706],[11.48988,47.21619],[11.48916,47.21583],[11.48896,47.21507],[11.48738,47.21477],[11.48628,47.214],[11.48672,47.21363]],[[11.52765,47.22334],[11.52793,47.2231]],[[11.52824,47.22452],[11.52765,47.22334]],[[11.52824,47.22452],[11.52895,47.22478],[11.52944,47.2258]],[[11.52944,47.2258],[11.53005,47.22625]],[[11.52994,47.22627],[11.53005,47.22625]],[[11.52982,47.22624],[11.52994,47.22627]],[[11.52982,47.22624],[11.52983,47.22637]],[[11.5434,47.24151],[11.52983,47.22637]],[[11.53527,47.25638],[11.54368,47.24196]]]}},{"type":"Feature","properties":{"name":"Adlerweg Etappe 14","ref":"AW14","network":"rwn","operator":"Tirol","description":"Innsbruck – Solsteinhaus","route":"hiking","osm":"relation/12883948","length_km_in_region":6.5},"geometry":{"type":"MultiLineString","coordinates":[[[11.25097,47.28088],[11.24961,47.28104]],[[11.2561,47.28088],[11.25553,47.28024],[11.25471,47.28006],[11.2536,47.2801],[11.2532,47.28044],[11.25262,47.28042],[11.25249,47.28067],[11.25097,47.28088]],[[11.2561,47.28088],[11.25625,47.28129],[11.25642,47.2814],[11.25676,47.28127],[11.25713,47.28181],[11.25747,47.28379],[11.25789,47.28416],[11.25794,47.28459]],[[11.25794,47.28459],[11.25811,47.2849],[11.25873,47.28492],[11.26068,47.28642],[11.26154,47.28735],[11.26217,47.28752],[11.26251,47.28815],[11.26414,47.28913],[11.2644,47.28967],[11.26522,47.29008]],[[11.26522,47.29008],[11.26514,47.29057],[11.26537,47.29061],[11.2657,47.29035]],[[11.2657,47.29035],[11.26683,47.28987],[11.26739,47.28985],[11.26925,47.29024],[11.27032,47.29076],[11.27092,47.29072],[11.27218,47.2911],[11.27479,47.29222],[11.27544,47.293],[11.27547,47.29338],[11.27639,47.29342],[11.27686,47.29364],[11.27778,47.29447]],[[11.27778,47.29447],[11.27847,47.2955],[11.27874,47.29713],[11.27842,47.29729],[11.27702,47.29912],[11.27696,47.29953],[11.27591,47.30061]],[[11.27591,47.30061],[11.27498,47.30134],[11.27592,47.30174],[11.27608,47.30156],[11.27656,47.30168],[11.27736,47.30119],[11.27745,47.30131],[11.27793,47.30117]],[[11.27793,47.30117],[11.27799,47.30144],[11.27836,47.30139],[11.27834,47.3016],[11.27883,47.30155],[11.2788,47.30188],[11.27927,47.30167],[11.27949,47.30179],[11.28035,47.30142],[11.28052,47.30155],[11.28038,47.30199],[11.28085,47.30264],[11.28078,47.30382],[11.28109,47.3052],[11.28166,47.30612],[11.2809,47.30778],[11.27996,47.30798],[11.28052,47.30825],[11.28108,47.3096],[11.28174,47.31018],[11.28205,47.31017],[11.28203,47.31042],[11.28309,47.30945],[11.28353,47.30872],[11.28379,47.30866],[11.28365,47.30829],[11.28468,47.30785],[11.28592,47.3075],[11.28561,47.30798],[11.287,47.30775],[11.2869,47.30789],[11.28841,47.30814]]]}},{"type":"Feature","properties":{"name":"Adlerweg Etappe 15","ref":"AW15","network":"rwn","operator":"Tirol","description":"Solsteinhaus - Leutasch","route":"hiking","osm":"relation/12811463","length_km_in_region":7.4},"geometry":{"type":"MultiLineString","coordinates":[[[11.28841,47.30814],[11.2882,47.30831]],[[11.2882,47.30831],[11.28696,47.30888],[11.28562,47.31038],[11.28501,47.31076],[11.2846,47.31191],[11.28527,47.3127],[11.28495,47.3128],[11.28473,47.31363],[11.28203,47.31505],[11.28195,47.31588],[11.28054,47.31577]],[[11.28054,47.31577],[11.28044,47.31617],[11.2807,47.31648],[11.27971,47.3165],[11.27948,47.31693],[11.27882,47.31704]],[[11.27143,47.32202],[11.27193,47.32143],[11.27242,47.32157],[11.27285,47.3214],[11.27294,47.32066],[11.2742,47.31979],[11.27487,47.31969],[11.27574,47.31921],[11.27639,47.31961],[11.27681,47.31937],[11.2772,47.31956],[11.27745,47.31888],[11.27784,47.31887],[11.27796,47.31849],[11.27777,47.31789],[11.27718,47.31762],[11.27761,47.31728],[11.27834,47.31729],[11.27882,47.31704]],[[11.27143,47.32202],[11.27111,47.32234],[11.27096,47.32343],[11.27073,47.32364],[11.27084,47.32437],[11.27039,47.32457],[11.27089,47.32474],[11.27064,47.3248],[11.27103,47.32497],[11.27087,47.32508],[11.27108,47.32544],[11.26962,47.32725],[11.26941,47.32794]],[[11.26984,47.32826],[11.26941,47.32794]],[[11.26704,47.33105],[11.26834,47.33032],[11.26853,47.33001],[11.26835,47.32971],[11.26984,47.32826]],[[11.26706,47.33123],[11.26704,47.33105]],[[11.25948,47.33669],[11.2597,47.33592],[11.26115,47.33518],[11.26174,47.33495],[11.26279,47.33515],[11.26706,47.33123]],[[11.25946,47.33678],[11.25948,47.33669]],[[11.25674,47.35844],[11.25644,47.35679],[11.25598,47.35634],[11.25605,47.35529],[11.25651,47.35454],[11.25581,47.35235],[11.25579,47.35084],[11.25652,47.34874],[11.25778,47.34779],[11.25845,47.34762],[11.2585,47.34591],[11.25903,47.34458],[11.25992,47.3434],[11.25971,47.34225],[11.26021,47.34144],[11.25977,47.34055],[11.26031,47.33954],[11.25944,47.33795],[11.25946,47.33678]],[[11.25678,47.3585],[11.25674,47.35844]],[[11.25681,47.35854],[11.25678,47.3585]],[[11.25643,47.36006],[11.25649,47.35893],[11.25681,47.35854]]]}},{"type":"Feature","properties":{"name":"Adolf-Pichler-Weg","network":"lwn","route":"foot","osm":"relation/15950391","length_km_in_region":7.0},"geometry":{"type":"MultiLineString","coordinates":[[[11.43616,47.29621],[11.43773,47.29668],[11.43857,47.2971],[11.4388,47.29745],[11.4392,47.29713],[11.44071,47.29722],[11.4417,47.29755],[11.44262,47.29755],[11.44651,47.29819]],[[11.44651,47.29819],[11.44717,47.29833],[11.44726,47.29881]],[[11.44726,47.29881],[11.44728,47.29919]],[[11.44728,47.29919],[11.4472,47.29983],[11.44756,47.30023],[11.44752,47.30049],[11.44818,47.30069],[11.44862,47.30129],[11.44922,47.30148],[11.44976,47.30203],[11.4504,47.30134],[11.45027,47.30068],[11.45177,47.30012],[11.45513,47.30074]],[[11.45513,47.30074],[11.45715,47.30057],[11.45904,47.30078]],[[11.45904,47.30078],[11.46216,47.3011],[11.46285,47.30092],[11.46442,47.30107],[11.46631,47.30172],[11.46716,47.30161],[11.46791,47.30121]],[[11.46718,47.30192],[11.46791,47.30121]],[[11.46724,47.30198],[11.46718,47.30192]],[[11.46809,47.30184],[11.46724,47.30198]],[[11.46823,47.3018],[11.46809,47.30184]],[[11.47117,47.30061],[11.47071,47.30071],[11.47052,47.30134],[11.47011,47.30162],[11.46823,47.3018]],[[11.47193,47.30078],[11.47117,47.30061]],[[11.47193,47.30078],[11.47178,47.30029],[11.47223,47.29898]],[[11.47223,47.29898],[11.47322,47.29986],[11.47473,47.30046]],[[11.47473,47.30046],[11.47532,47.30062]],[[11.47532,47.30062],[11.47795,47.30103]],[[11.47795,47.30103],[11.47873,47.30124]],[[11.47873,47.30124],[11.48219,47.30146],[11.48376,47.30117],[11.48552,47.30145],[11.4865,47.30133]],[[11.4865,47.30133],[11.48788,47.30073]],[[11.48886,47.30036],[11.48788,47.30073]],[[11.49443,47.30033],[11.49309,47.30005],[11.49189,47.30001],[11.49019,47.30003],[11.48886,47.30036]],[[11.5001,47.30169],[11.49804,47.30089],[11.49443,47.30033]],[[11.50907,47.30489],[11.50751,47.3045],[11.5067,47.30357],[11.50609,47.30327],[11.5001,47.30169]],[[11.51046,47.30495],[11.50907,47.30489]],[[11.51224,47.30483],[11.51046,47.30495]]]}},{"type":"Feature","properties":{"name":"Akademikersteig","network":"lwn","route":"hiking","osm":"relation/17082370","length_km_in_region":1.4},"geometry":{"type":"MultiLineString","coordinates":[[[11.29893,47.2385],[11.29899,47.239],[11.29953,47.23905],[11.29954,47.23927],[11.30035,47.23977],[11.30124,47.24009],[11.30223,47.23989],[11.30258,47.23962],[11.30413,47.2395],[11.3044,47.24015],[11.30505,47.24027],[11.3054,47.23976],[11.30663,47.24015],[11.30701,47.2406],[11.30749,47.24073],[11.30766,47.24117],[11.30827,47.24121],[11.30853,47.24073],[11.30906,47.24079],[11.30997,47.24039],[11.31028,47.24073],[11.31093,47.24065],[11.31104,47.2401],[11.3117,47.24026],[11.31218,47.23993]]]}},{"type":"Feature","properties":{"name":"Almenweg 1600","network":"rwn","from":"Bergstation Patscherkofelbahn","to":"Rinn","route":"hiking","osm":"relation/21395370","length_km_in_region":22.7},"geometry":{"type":"MultiLineString","coordinates":[[[11.47716,47.21235],[11.47588,47.21181],[11.47326,47.21161],[11.47255,47.21174],[11.47283,47.21208],[11.47258,47.21246],[11.47074,47.21201],[11.46728,47.21217],[11.46503,47.21199],[11.46427,47.21212],[11.46259,47.21304],[11.46212,47.21293],[11.4613,47.21231],[11.45413,47.21158],[11.45257,47.21052]],[[11.47716,47.21235],[11.47796,47.21225]],[[11.47796,47.21225],[11.47985,47.21229],[11.48123,47.21205],[11.48207,47.21209],[11.48475,47.21096],[11.48762,47.21075],[11.48998,47.20983],[11.49123,47.2089],[11.49261,47.2084],[11.49051,47.20814],[11.48888,47.2082]],[[11.48888,47.2082],[11.48991,47.20734]],[[11.48991,47.20734],[11.48992,47.20728]],[[11.48992,47.20728],[11.48991,47.20723]],[[11.48991,47.20723],[11.48861,47.20709]],[[11.48861,47.20709],[11.48604,47.20679]],[[11.48604,47.20679],[11.48465,47.20695],[11.4824,47.20674],[11.48169,47.20699],[11.48074,47.20695],[11.47985,47.20663],[11.47716,47.20501],[11.4762,47.20474]],[[11.4762,47.20474],[11.47629,47.20488]],[[11.47629,47.20488],[11.47628,47.20494]],[[11.45801,47.19637],[11.46068,47.19724],[11.46281,47.19896],[11.47048,47.203],[11.47281,47.20353],[11.47463,47.20447],[11.47628,47.20494]],[[11.45394,47.19535],[11.45525,47.19544],[11.45689,47.19619],[11.45801,47.19637]],[[11.45394,47.19535],[11.45322,47.19496],[11.4517,47.19486],[11.44749,47.19531],[11.44584,47.19484],[11.44562,47.19459],[11.44441,47.19438],[11.44291,47.19468],[11.44226,47.1956]],[[11.44226,47.1956],[11.44202,47.19638],[11.44212,47.19772],[11.44142,47.19972]],[[11.44142,47.19972],[11.4416,47.20049],[11.44138,47.20076]],[[11.44138,47.20076],[11.44066,47.2012],[11.44078,47.20188],[11.44025,47.20299],[11.43948,47.20347]],[[11.43948,47.20347],[11.43913,47.20429],[11.43837,47.20466],[11.43845,47.20545],[11.43767,47.20565],[11.43707,47.20649],[11.43532,47.20737],[11.43528,47.20765]],[[11.43528,47.20765],[11.43535,47.2083],[11.43383,47.21075]],[[11.43383,47.21075],[11.43413,47.2113],[11.43486,47.21179],[11.43595,47.21312]],[[11.43595,47.21312],[11.43624,47.21257],[11.43603,47.21078],[11.43658,47.20968],[11.43725,47.209],[11.4378,47.20795],[11.44,47.20678],[11.44019,47.20691],[11.4399,47.2082],[11.44015,47.20905]],[[11.44015,47.20905],[11.44092,47.20863]],[[11.4384,47.21451],[11.43692,47.21427],[11.43673,47.21361],[11.43596,47.21333],[11.43595,47.21312]],[[11.43959,47.2151],[11.43882,47.21486],[11.4384,47.21451]],[[11.44172,47.21602],[11.44056,47.21579],[11.43959,47.2151]],[[11.44172,47.21602],[11.44208,47.21605]],[[11.44208,47.21605],[11.44112,47.2156],[11.44217,47.21571],[11.44346,47.21559],[11.44558,47.21589],[11.44664,47.21572],[11.44734,47.21598]],[[11.44734,47.21598],[11.4478,47.21629],[11.44902,47.21661],[11.44825,47.21587],[11.4491,47.21616],[11.45062,47.21619],[11.45146,47.21647],[11.45363,47.2166],[11.4547,47.21633]],[[11.4547,47.21633],[11.45498,47.21623]],[[11.45498,47.21623],[11.45507,47.21628]],[[11.45507,47.21628],[11.45499,47.21701],[11.45577,47.21784]],[[11.46602,47.22182],[11.46494,47.22155],[11.46404,47.22104],[11.46035,47.21968],[11.45826,47.21973],[11.45643,47.21939],[11.45617,47.2182],[11.45577,47.21784]],[[11.46602,47.22182],[11.46642,47.22227]],[[11.46642,47.22227],[11.46641,47.22166],[11.46699,47.22173]],[[11.46699,47.22173],[11.46871,47.22256],[11.4692,47.22309],[11.4712,47.22404]],[[11.4712,47.22404],[11.47328,47.22449],[11.47641,47.22486],[11.47764,47.22534],[11.47839,47.2252],[11.48065,47.22552],[11.48235,47.22494]],[[11.4831,47.22629],[11.48273,47.22497],[11.48235,47.22494]],[[11.48458,47.2295],[11.48324,47.22877],[11.48308,47.22774],[11.48269,47.2271],[11.4831,47.22629]],[[11.48458,47.2295],[11.48519,47.22971],[11.48622,47.22968],[11.48733,47.23004],[11.48774,47.23081],[11.48915,47.2314],[11.48993,47.23196],[11.49068,47.23209],[11.4919,47.23305],[11.49368,47.2335],[11.49349,47.23374]],[[11.49349,47.23374],[11.49192,47.2344],[11.49281,47.23478]],[[11.49394,47.23707],[11.49339,47.23656],[11.49364,47.23549],[11.49331,47.23493],[11.49281,47.23478]],[[11.49823,47.2369],[11.49668,47.23637],[11.49394,47.23707]],[[11.49823,47.2369],[11.50043,47.2369]],[[11.50317,47.23701],[11.50236,47.23656],[11.50085,47.23667],[11.49942,47.23722]],[[11.50317,47.23701],[11.50453,47.23848],[11.50723,47.2393]],[[11.50723,47.2393],[11.50516,47.2397],[11.50382,47.23956],[11.50297,47.23923],[11.50229,47.23924],[11.50073,47.23868],[11.4994,47.23912]],[[11.49928,47.23914],[11.4994,47.23912]],[[11.49928,47.23914],[11.49758,47.23952],[11.49574,47.23916],[11.49344,47.23951],[11.49285,47.23931],[11.4915,47.23943],[11.49085,47.23929],[11.49128,47.23969],[11.49335,47.24052],[11.49466,47.24049],[11.49625,47.24165],[11.49756,47.24195],[11.497,47.24213],[11.49424,47.24193],[11.49364,47.24229],[11.49372,47.24279],[11.49702,47.24338],[11.49869,47.24412]],[[11.49869,47.24412],[11.49924,47.24467],[11.5025,47.24642]],[[11.5025,47.24642],[11.50194,47.24683],[11.50258,47.24737],[11.50303,47.24817]],[[11.50303,47.24817],[11.50246,47.24823]],[[11.50246,47.24823],[11.50227,47.24913]]]}},{"type":"Feature","properties":{"name":"Alpine Route Seblaskreuz - Brennerspitze","network":"lwn","operator":"ÖAV Stubai","route":"hiking","osm":"relation/16521454","length_km_in_region":2.4},"geometry":{"type":"MultiLineString","coordinates":[[[11.22811,47.08419],[11.22846,47.08533],[11.22897,47.08602],[11.22897,47.08649],[11.22992,47.08762],[11.22985,47.08864],[11.23049,47.08957],[11.23046,47.09012],[11.23095,47.09112],[11.23202,47.09132],[11.23591,47.09408],[11.23609,47.09502],[11.23825,47.09843],[11.23822,47.0998],[11.2422,47.10051],[11.2434,47.10051]]]}},{"type":"Feature","properties":{"name":"Amarellersteig","network":"lwn","operator":"Verschönerungsverein Innsbruck","route":"hiking","osm":"relation/9854721","length_km_in_region":1.4},"geometry":{"type":"MultiLineString","coordinates":[[[11.40512,47.29214],[11.40553,47.29247],[11.40567,47.29235],[11.40592,47.29251],[11.40619,47.29163],[11.40637,47.2915],[11.40642,47.29165],[11.4073,47.29083]],[[11.40974,47.29024],[11.40896,47.29017],[11.40831,47.29118],[11.4078,47.29135],[11.40774,47.29085],[11.40744,47.29119],[11.4073,47.29083]],[[11.40974,47.29024],[11.40941,47.28964],[11.40959,47.28914],[11.40864,47.28945],[11.40898,47.28884]],[[11.40912,47.28876],[11.40898,47.28884]],[[11.40912,47.28876],[11.4088,47.28882],[11.40948,47.28805]],[[11.40989,47.28796],[11.40948,47.28805]],[[11.40989,47.28796],[11.40961,47.28795],[11.40989,47.28751],[11.40961,47.28642],[11.40995,47.28581],[11.41023,47.2857]]]}},{"type":"Feature","properties":{"name":"Andreas Hofer Weg","ref":"5","network":"lhn","operator":"Innsbruck Tourismus","route":"foot","osm":"relation/17238710","length_km_in_region":3.6},"geometry":{"type":"MultiLineString","coordinates":[[[11.39255,47.2468],[11.39365,47.24706]],[[11.38656,47.25162],[11.38697,47.25112],[11.38716,47.2503],[11.38673,47.25],[11.38715,47.2495],[11.38722,47.24884],[11.38804,47.24855],[11.38927,47.24778],[11.39116,47.24735],[11.3917,47.24699],[11.39255,47.2468]],[[11.37909,47.25276],[11.3825,47.25221],[11.38439,47.25219],[11.38656,47.25162]],[[11.37909,47.25276],[11.3778,47.25263],[11.37697,47.25229],[11.37651,47.25072]],[[11.36397,47.24431],[11.3641,47.245],[11.36454,47.24542],[11.36608,47.24569],[11.36695,47.24616],[11.36812,47.24616],[11.36979,47.247],[11.37368,47.24837],[11.37626,47.25019],[11.37651,47.25072]],[[11.36397,47.24431],[11.36424,47.24381],[11.36502,47.24322],[11.36502,47.24255]],[[11.36502,47.24255],[11.36432,47.24187]],[[11.36432,47.24181],[11.36432,47.24187]],[[11.36253,47.24111],[11.36432,47.24181]]]}},{"type":"Feature","properties":{"name":"Arztal Alm - Pfoner Ochsenalm","network":"lwn","osmc:symbol":"red:red:white_lower","route":"hiking","osm":"relation/11529068","length_km_in_region":3.4},"geometry":{"type":"MultiLineString","coordinates":[[[11.50347,47.17654],[11.50354,47.17662]],[[11.50345,47.17651],[11.50347,47.17654]],[[11.50344,47.17639],[11.50345,47.17651]],[[11.50318,47.17606],[11.50344,47.17639]],[[11.50318,47.17606],[11.50433,47.17598],[11.50524,47.17556],[11.50737,47.17561],[11.50816,47.17531],[11.50728,47.17458],[11.50799,47.17437]],[[11.50799,47.17437],[11.50799,47.17376],[11.50853,47.17329],[11.5086,47.17197],[11.5074,47.17122],[11.50733,47.17087],[11.50548,47.16952],[11.50526,47.169],[11.50435,47.16848],[11.50393,47.16784],[11.50156,47.1672],[11.49999,47.16758],[11.49967,47.16723],[11.49846,47.16701],[11.49815,47.16676],[11.4976,47.16676],[11.49671,47.16634],[11.49583,47.16574],[11.49478,47.16458],[11.49425,47.16255]],[[11.49425,47.16255],[11.49446,47.16156],[11.49495,47.16107],[11.4949,47.16007],[11.4957,47.15943],[11.49518,47.15729],[11.49594,47.15719],[11.4965,47.1573],[11.49699,47.15775]]]}},{"type":"Feature","properties":{"name":"Arztalrunde","network":"lwn","route":"hiking","roundtrip":"yes","osm":"relation/11560014","length_km_in_region":3.3},"geometry":{"type":"MultiLineString","coordinates":[[[11.50325,47.17674],[11.50357,47.17689],[11.50598,47.17699]],[[11.50598,47.17699],[11.50702,47.17711],[11.5097,47.177],[11.51053,47.17739],[11.51314,47.17774]],[[11.51314,47.17774],[11.51316,47.17775]],[[11.51316,47.17775],[11.51542,47.17787],[11.51581,47.17804]],[[11.51581,47.17804],[11.51744,47.1773],[11.52091,47.17667]],[[11.52091,47.17667],[11.52148,47.17611],[11.51962,47.17582]],[[11.51962,47.17582],[11.51781,47.17609],[11.51594,47.17584],[11.51535,47.17554],[11.5152,47.1751],[11.51432,47.17486],[11.5128,47.1741],[11.50939,47.17452],[11.50799,47.17437]],[[11.50318,47.17606],[11.50433,47.17598],[11.50524,47.17556],[11.50737,47.17561],[11.50816,47.17531],[11.50728,47.17458],[11.50799,47.17437]],[[11.50318,47.17606],[11.50344,47.17639]],[[11.50344,47.17639],[11.50345,47.17651]],[[11.50345,47.17651],[11.50347,47.17654]],[[11.50347,47.17654],[11.50354,47.17662]],[[11.50354,47.17662],[11.50355,47.17668]],[[11.50355,47.17668],[11.50325,47.17674]]]}},{"type":"Feature","properties":{"name":"Auland - Leiblfing","ref":"93","network":"lwn","from":"Auland","to":"Leiblfing","route":"hiking","osm":"relation/20280311","length_km_in_region":2.0},"geometry":{"type":"MultiLineString","coordinates":[[[11.19699,47.30443],[11.19782,47.30508]],[[11.20089,47.28966],[11.20222,47.29151],[11.20223,47.29233],[11.20253,47.29288],[11.20217,47.29325],[11.2024,47.29369],[11.20153,47.294],[11.19979,47.29533],[11.19849,47.29676],[11.19752,47.29897],[11.19586,47.30065],[11.19582,47.30128],[11.19638,47.30244],[11.19626,47.30344],[11.19646,47.304],[11.19699,47.30443]]]}},{"type":"Feature","properties":{"name":"Bederlungerweg","ref":"2","network":"lwn","route":"foot","osm":"relation/17832668","length_km_in_region":1.9},"geometry":{"type":"MultiLineString","coordinates":[[[11.41358,47.25183],[11.41234,47.2518]],[[11.41475,47.25178],[11.41358,47.25183]],[[11.42133,47.25083],[11.41971,47.2507],[11.41594,47.25169],[11.41518,47.2516],[11.41475,47.25178]],[[11.42133,47.25083],[11.42177,47.2509]],[[11.42177,47.2509],[11.42232,47.25072]],[[11.42232,47.25072],[11.42239,47.25066]],[[11.42239,47.25066],[11.42276,47.25082]],[[11.42324,47.251],[11.42276,47.25082]],[[11.42324,47.251],[11.42389,47.25107],[11.42434,47.25091]],[[11.42434,47.25091],[11.42596,47.25072]],[[11.4282,47.25026],[11.42724,47.25059],[11.42596,47.25072]],[[11.4282,47.25026],[11.42924,47.24956],[11.4298,47.24942],[11.42998,47.24908],[11.43121,47.24934]],[[11.43121,47.24934],[11.43217,47.2489],[11.43219,47.24824]],[[11.43219,47.24824],[11.43223,47.24823]],[[11.43223,47.24823],[11.43362,47.24834],[11.43525,47.24818]]]}},{"type":"Feature","properties":{"name":"Bellevuesteig","ref":"15","network":"lwn","route":"foot","osm":"relation/18740705","length_km_in_region":0.5},"geometry":{"type":"MultiLineString","coordinates":[[[11.45123,47.29152],[11.45074,47.29109],[11.45073,47.29049],[11.45,47.29057],[11.44985,47.29017],[11.44895,47.29013],[11.44797,47.29089],[11.44747,47.29031],[11.44688,47.29014]]]}},{"type":"Feature","properties":{"name":"Besinnungsweg","network":"lwn","route":"hiking","osm":"relation/2085947","length_km_in_region":9.0},"geometry":{"type":"MultiLineString","coordinates":[[[11.04309,47.30535],[11.04624,47.30568],[11.04782,47.30624],[11.04883,47.30618],[11.05008,47.30676],[11.05508,47.30687],[11.05663,47.30748]],[[11.0162,47.30406],[11.01508,47.3036],[11.01723,47.30329],[11.02027,47.30375],[11.02172,47.30329],[11.02667,47.30422],[11.02973,47.30445],[11.03256,47.30498],[11.03318,47.30464],[11.03527,47.30503],[11.03749,47.30493],[11.04028,47.30553],[11.04309,47.30535]],[[10.99707,47.29312],[10.99724,47.29283],[10.99811,47.29305],[11.00007,47.29463],[11.00163,47.29559],[11.00208,47.29613],[11.00556,47.29802],[11.00665,47.29885],[11.00617,47.29889],[11.00803,47.30052],[11.01145,47.30269],[11.01492,47.30405],[11.0162,47.30406]],[[10.99707,47.29312],[10.99688,47.29221],[10.99629,47.29176],[10.99535,47.29187],[10.99465,47.29221],[10.99377,47.29219],[10.9913,47.29169],[10.99122,47.2912],[10.98877,47.29149],[10.98824,47.29105],[10.98715,47.2911],[10.98616,47.29062]],[[10.98459,47.29133],[10.98616,47.29062]],[[10.98454,47.29129],[10.98459,47.29133]],[[10.98443,47.29119],[10.98454,47.29129]],[[10.96624,47.2855],[10.96634,47.28513],[10.96572,47.28454],[10.96691,47.28455],[10.96703,47.28492],[10.97031,47.2855],[10.97006,47.28519],[10.97015,47.28465],[10.9711,47.28533],[10.97226,47.28544],[10.9754,47.28617],[10.97676,47.28693],[10.97978,47.28776],[10.98049,47.28761],[10.98073,47.28787],[10.98184,47.28817],[10.98201,47.2886],[10.98183,47.28898],[10.98312,47.28964],[10.9835,47.29006],[10.98506,47.2905],[10.98443,47.29119]],[[10.96624,47.2855],[10.96495,47.28457]],[[10.96495,47.28457],[10.96408,47.28371],[10.96412,47.28352]],[[10.96412,47.28352],[10.96431,47.28325]]]}},{"type":"Feature","properties":{"name":"Besinnungsweg","network":"lwn","route":"hiking","osm":"relation/17075237","length_km_in_region":3.7},"geometry":{"type":"MultiLineString","coordinates":[[[11.33838,47.09675],[11.33765,47.09699],[11.337,47.09677],[11.33668,47.09688]],[[11.3386,47.10396],[11.33859,47.10303],[11.33889,47.10281],[11.33893,47.10214],[11.33949,47.10133],[11.33934,47.1009],[11.34014,47.1008],[11.33988,47.10026],[11.33992,47.0988],[11.33923,47.098],[11.3389,47.09797],[11.33866,47.09754],[11.3388,47.09723],[11.33842,47.09703],[11.33843,47.09676]],[[11.33913,47.10485],[11.3386,47.10396]],[[11.33913,47.10485],[11.33929,47.1049]],[[11.33396,47.11303],[11.33407,47.11288],[11.3341,47.11309],[11.33423,47.11297],[11.33448,47.11316],[11.3345,47.11295],[11.33479,47.1132],[11.33484,47.11298],[11.3352,47.11337],[11.33541,47.11304],[11.33588,47.11322],[11.33613,47.11287],[11.33633,47.11324],[11.33652,47.11303],[11.33678,47.11308],[11.33695,47.11358],[11.33754,47.11302],[11.33775,47.11322],[11.33787,47.11273],[11.33809,47.11291],[11.33839,47.11278],[11.33894,47.11297],[11.33876,47.11249],[11.33906,47.11213],[11.33879,47.11159],[11.33976,47.10963],[11.34,47.10963],[11.34003,47.10924],[11.34037,47.10893],[11.34023,47.10874],[11.34049,47.10799],[11.34028,47.10756],[11.34026,47.10784],[11.34004,47.108],[11.33997,47.10789],[11.33986,47.10755],[11.34014,47.10709],[11.33954,47.10739],[11.33988,47.10648],[11.34044,47.10618],[11.34039,47.10601],[11.33988,47.10587],[11.33969,47.10522],[11.33929,47.1049]],[[11.33392,47.11277],[11.33396,47.11303]],[[11.33467,47.1111],[11.33441,47.11211],[11.33392,47.11277]],[[11.33467,47.1111],[11.33267,47.1125],[11.33254,47.11355]]]}},{"type":"Feature","properties":{"name":"Besinnungsweg","network":"lwn","route":"hiking","osm":"relation/17082784","length_km_in_region":0.7},"geometry":{"type":"MultiLineString","coordinates":[[[11.20167,47.25339],[11.1986,47.25363],[11.19946,47.25399],[11.19883,47.25406],[11.19474,47.25315]]]}},{"type":"Feature","properties":{"name":"Besinnungsweg (bruchstückhaft)","network":"lwn","route":"hiking","osm":"relation/12770928","length_km_in_region":9.3},"geometry":{"type":"MultiLineString","coordinates":[[[11.15677,47.19555],[11.15738,47.19627],[11.15972,47.19668]],[[11.15972,47.19668],[11.16064,47.19716]],[[11.16064,47.19716],[11.16079,47.19731]],[[11.16311,47.19978],[11.16259,47.19944],[11.16196,47.19825],[11.16079,47.19731]],[[11.17332,47.20348],[11.17192,47.20238],[11.17101,47.20228],[11.17087,47.20208],[11.16843,47.20139],[11.16787,47.2014],[11.16736,47.20092],[11.16367,47.2001],[11.16311,47.19978]],[[11.17332,47.20348],[11.17417,47.20363],[11.17527,47.20417],[11.17589,47.2042],[11.17621,47.2045],[11.17669,47.20449],[11.17802,47.20515],[11.17938,47.20542],[11.18017,47.20609],[11.18076,47.20601],[11.18326,47.20659],[11.185,47.20644],[11.18649,47.20666]],[[11.18649,47.20666],[11.18706,47.20673],[11.18745,47.20699],[11.18682,47.20751],[11.18654,47.20861],[11.18894,47.20829],[11.19052,47.20786],[11.19144,47.20831],[11.19285,47.20837]],[[11.19285,47.20837],[11.19353,47.20922],[11.19322,47.20916]],[[11.19322,47.20916],[11.1934,47.20993]],[[11.1934,47.20993],[11.19241,47.21042],[11.19172,47.21106],[11.19216,47.21099],[11.1932,47.21125],[11.19447,47.21247],[11.19528,47.21278],[11.19592,47.21342],[11.19607,47.21407],[11.19678,47.21411],[11.19835,47.2147],[11.20058,47.21524],[11.20122,47.21582],[11.20157,47.21582],[11.20308,47.21659]],[[11.20308,47.21659],[11.20493,47.21723]],[[11.20614,47.21795],[11.20493,47.21723]],[[11.2088,47.2197],[11.20797,47.21936],[11.20699,47.21953],[11.20695,47.21902],[11.20637,47.21912],[11.20642,47.21834],[11.20614,47.21795]],[[11.20985,47.21991],[11.2088,47.2197]],[[11.20985,47.21991],[11.21317,47.22059]],[[11.21558,47.22156],[11.21458,47.221],[11.21317,47.22059]],[[11.21541,47.22133],[11.21558,47.22156]],[[11.22176,47.22517],[11.22075,47.22414],[11.21976,47.22351],[11.21686,47.22189],[11.21541,47.22133]],[[11.22176,47.22517],[11.22209,47.22571],[11.22306,47.22583]],[[11.22306,47.22583],[11.22322,47.22604]],[[11.22331,47.22492],[11.22455,47.22625],[11.22493,47.22613],[11.2253,47.22655],[11.22512,47.2273],[11.22545,47.22774],[11.22546,47.22825],[11.22655,47.22705],[11.22793,47.22644],[11.22797,47.22605]],[[11.22655,47.22423],[11.22797,47.22605]],[[11.22609,47.2239],[11.22655,47.22423]],[[11.22346,47.22033],[11.22477,47.22113],[11.2246,47.22152],[11.22498,47.2224],[11.22609,47.2239]],[[11.2232,47.21969],[11.22346,47.22033]],[[11.2232,47.21969],[11.2224,47.21877],[11.22185,47.21855],[11.22123,47.21765],[11.21893,47.21641]],[[11.21893,47.21641],[11.2189,47.21625]],[[11.2189,47.21625],[11.21895,47.21602]]]}},{"type":"Feature","properties":{"name":"Bettlersteig","network":"lwn","route":"hiking","osm":"relation/17082780","length_km_in_region":1.0},"geometry":{"type":"MultiLineString","coordinates":[[[11.09364,47.27313],[11.09436,47.27279],[11.09347,47.27257],[11.09389,47.27186],[11.09336,47.27195],[11.09339,47.27145],[11.09286,47.27145],[11.09232,47.27061],[11.09194,47.27068],[11.09188,47.27026],[11.0916,47.27042],[11.09147,47.27013],[11.09119,47.27031],[11.09111,47.26999],[11.09096,47.27009],[11.09064,47.26993],[11.09008,47.27017],[11.09006,47.26977],[11.08955,47.26988],[11.0896,47.26971],[11.08927,47.26973],[11.08938,47.26914],[11.08875,47.2692]]]}},{"type":"Feature","properties":{"name":"Brandstattalm - Seblaskreuz","network":"lwn","operator":"ÖAV Stubai","route":"hiking","osm":"relation/16521451","length_km_in_region":1.7},"geometry":{"type":"MultiLineString","coordinates":[[[11.2582,47.10748],[11.25799,47.10711],[11.25727,47.10705],[11.25653,47.10638],[11.25673,47.10603],[11.25641,47.10579],[11.25672,47.10551],[11.2565,47.10529],[11.25557,47.1053],[11.25483,47.10504],[11.25405,47.10586],[11.25282,47.10628],[11.25274,47.10547],[11.25252,47.10565],[11.25217,47.10542],[11.25171,47.10569],[11.25108,47.10511],[11.25093,47.10536],[11.25033,47.10546],[11.24999,47.10541],[11.24965,47.10506],[11.24917,47.10512],[11.24877,47.10484],[11.24818,47.10485],[11.24782,47.10459],[11.24781,47.10431],[11.24697,47.10389],[11.24717,47.1036],[11.24689,47.10361],[11.24688,47.10339],[11.24633,47.10313],[11.24634,47.10246],[11.24531,47.10147]]]}},{"type":"Feature","properties":{"name":"Brauneggsteig","network":"lwn","operator":"ÖAV Zweig Innsbruck","sac_scale":"mountain_hiking","route":"foot","osm":"relation/17347438","length_km_in_region":1.6},"geometry":{"type":"MultiLineString","coordinates":[[[11.37468,47.30616],[11.37201,47.3071],[11.37105,47.30723],[11.3685,47.30714],[11.36437,47.30618],[11.36383,47.30638],[11.36262,47.30636],[11.35841,47.30496],[11.3566,47.30392],[11.35605,47.30306]]]}},{"type":"Feature","properties":{"name":"Brunnensteig","network":"lwn","route":"hiking","osm":"relation/17077820","length_km_in_region":1.8},"geometry":{"type":"MultiLineString","coordinates":[[[11.27481,47.22275],[11.27504,47.22223],[11.27475,47.22208],[11.27239,47.22156],[11.27108,47.22144],[11.27164,47.2207],[11.27238,47.22055],[11.27243,47.2204],[11.27275,47.22055],[11.27294,47.21997],[11.27331,47.2197],[11.2724,47.21862],[11.26997,47.21811],[11.26985,47.21791],[11.2709,47.21753],[11.26987,47.21716],[11.26933,47.21674],[11.26929,47.21638],[11.26849,47.21611],[11.26721,47.21633],[11.26627,47.21601],[11.26513,47.21605],[11.26447,47.21635],[11.26384,47.21627]]]}},{"type":"Feature","properties":{"name":"Burgfeldweg","network":"lwn","route":"hiking","osm":"relation/17082359","length_km_in_region":1.9},"geometry":{"type":"MultiLineString","coordinates":[[[11.29308,47.24081],[11.2957,47.24232],[11.2968,47.24248],[11.30019,47.24254],[11.30231,47.2416],[11.30353,47.24159],[11.30488,47.24205],[11.30517,47.24266],[11.30571,47.2431],[11.30713,47.24318],[11.30818,47.24345],[11.30961,47.24402],[11.31005,47.24441]],[[11.31005,47.24441],[11.31086,47.24518],[11.31148,47.24545],[11.3135,47.24588],[11.3132,47.24648]]]}},{"type":"Feature","properties":{"name":"Butterbründlsteig","network":"lwn","sac_scale":"mountain_hiking","route":"foot","osm":"relation/17319112","length_km_in_region":1.4},"geometry":{"type":"MultiLineString","coordinates":[[[11.30563,47.19221],[11.30664,47.19269],[11.3078,47.19286],[11.30772,47.19342],[11.3081,47.19354],[11.30872,47.19508],[11.30931,47.19579],[11.30936,47.1965],[11.30851,47.19839],[11.30774,47.20255],[11.30784,47.20361],[11.30816,47.20373]]]}},{"type":"Feature","properties":{"name":"Buttermilchsteig","network":"lwn","route":"hiking","osm":"relation/17078437","length_km_in_region":2.1},"geometry":{"type":"MultiLineString","coordinates":[[[11.31284,47.1578],[11.31319,47.15814],[11.31434,47.15776],[11.31591,47.15817],[11.31803,47.15908],[11.31979,47.1595],[11.32201,47.15915],[11.32229,47.1589],[11.3257,47.15953],[11.32512,47.15876],[11.32541,47.15875],[11.3268,47.15933],[11.32967,47.15946],[11.33058,47.15961],[11.33085,47.15985],[11.3311,47.15974],[11.33341,47.1609],[11.33491,47.16058],[11.33613,47.16107]]]}},{"type":"Feature","properties":{"name":"David Lama Gedenkweg","network":"lwn","operator":"Innsbruck Tourismus","route":"foot","osm":"relation/18878781","length_km_in_region":0.6},"geometry":{"type":"MultiLineString","coordinates":[[[11.29766,47.17675],[11.29569,47.17833],[11.29516,47.17837],[11.2929,47.17971]],[[11.29263,47.17899],[11.29299,47.17915],[11.2929,47.17971]]]}},{"type":"Feature","properties":{"name":"Eichhofweg","network":"lwn","route":"hiking","osm":"relation/17082437","length_km_in_region":0.2},"geometry":{"type":"MultiLineString","coordinates":[[[11.35403,47.24247],[11.35523,47.24147],[11.3554,47.24065]]]}},{"type":"Feature","properties":{"name":"Elferkofel Überschreitung","network":"lwn","route":"hiking","osm":"relation/6593288","length_km_in_region":0.9},"geometry":{"type":"MultiLineString","coordinates":[[[11.31242,47.08534],[11.31257,47.08463],[11.31296,47.08467]],[[11.31296,47.08467],[11.31327,47.08425]],[[11.31327,47.08425],[11.3134,47.08385],[11.31425,47.0843]],[[11.31425,47.0843],[11.3142,47.08383],[11.31381,47.08357],[11.31353,47.08293]],[[11.31353,47.08293],[11.31342,47.08294]],[[11.31342,47.08294],[11.31332,47.08304],[11.3128,47.08233],[11.3126,47.08233],[11.31067,47.07988]]]}},{"type":"Feature","properties":{"name":"Felix-Kuen-Steig","network":"lwn","route":"hiking","osm":"relation/18098513","length_km_in_region":0.4},"geometry":{"type":"MultiLineString","coordinates":[[[11.56125,47.3407],[11.56043,47.34075],[11.56002,47.34139],[11.55945,47.34159],[11.55942,47.34185],[11.55876,47.34166]],[[11.55811,47.34116],[11.55758,47.34109],[11.55804,47.34135],[11.55857,47.3413],[11.55876,47.34166]]]}},{"type":"Feature","properties":{"name":"Fluchtsteig","network":"lwn","route":"foot","osm":"relation/20086006","length_km_in_region":1.5},"geometry":{"type":"MultiLineString","coordinates":[[[11.50894,47.32478],[11.5082,47.32449],[11.50825,47.32485]],[[11.50825,47.32485],[11.50832,47.32491]],[[11.50832,47.32491],[11.5086,47.32574]],[[11.49292,47.32686],[11.49329,47.327],[11.49409,47.32656],[11.495,47.32634],[11.49552,47.32633],[11.49694,47.32686],[11.49765,47.32693],[11.49953,47.32641],[11.50323,47.3266],[11.50763,47.32622],[11.5086,47.32574]]]}},{"type":"Feature","properties":{"name":"Franz-Senn-Weg","network":"lwn","operator":"TVB Stubai","route":"foot","osm":"relation/17824365","length_km_in_region":1.5},"geometry":{"type":"MultiLineString","coordinates":[[[11.2899,47.09891],[11.29225,47.09956],[11.29424,47.09937],[11.29471,47.09948],[11.29696,47.10012],[11.29861,47.10088],[11.29984,47.10173],[11.30031,47.10182]],[[11.30031,47.10182],[11.30057,47.102]],[[11.30057,47.102],[11.30178,47.1019],[11.30506,47.10363],[11.30655,47.10382],[11.3066,47.10403]]]}},{"type":"Feature","properties":{"name":"Fußweg Pfaffenhofer Alm zu Oberhofer Melkalm","network":"lwn","route":"hiking","osm":"relation/17082781","length_km_in_region":1.9},"geometry":{"type":"MultiLineString","coordinates":[[[11.09369,47.27306],[11.09166,47.27284],[11.09051,47.27252],[11.08976,47.27268],[11.088,47.27237],[11.08762,47.27248],[11.08738,47.27235],[11.08673,47.27258],[11.08575,47.27252],[11.08519,47.27226],[11.08367,47.27246],[11.08306,47.27234],[11.08188,47.27263],[11.0795,47.2736],[11.07798,47.27375],[11.07662,47.27341],[11.07496,47.27254],[11.07354,47.27224],[11.07206,47.27068],[11.07192,47.27099]]]}},{"type":"Feature","properties":{"name":"Geolehrpfad Winkelberg","operator":"Ötztal Tourismus","osmc:symbol":"brown::brown_pointer","from":"Winklen","to":"Winkelbergsee","route":"hiking","osm":"relation/13829129","length_km_in_region":0.8},"geometry":{"type":"MultiLineString","coordinates":[[[10.94992,47.10129],[10.95163,47.10511]],[[10.95163,47.10511],[10.95217,47.10602],[10.95208,47.1063],[10.95199,47.10607],[10.95143,47.1061],[10.95095,47.10555],[10.94999,47.10549]]]}},{"type":"Feature","properties":{"name":"Geroldsschluchtweg","ref":"6a","network":"lwn","route":"foot","osm":"relation/16173245","length_km_in_region":2.2},"geometry":{"type":"MultiLineString","coordinates":[[[11.35044,47.24483],[11.35132,47.24551],[11.3525,47.24608],[11.35421,47.24676],[11.35531,47.24688],[11.35599,47.24715],[11.35953,47.24766],[11.36116,47.2473],[11.36235,47.24726]],[[11.35022,47.24471],[11.35044,47.24483]],[[11.3431,47.24214],[11.34298,47.24232],[11.3436,47.24253],[11.34463,47.2422],[11.34534,47.24218],[11.34628,47.2426],[11.34681,47.24327],[11.34731,47.24336],[11.34778,47.24321],[11.3486,47.24432],[11.34911,47.24426],[11.35022,47.24471]],[[11.3431,47.24214],[11.34357,47.24205],[11.34234,47.24122],[11.34315,47.24033],[11.34365,47.24017]],[[11.34296,47.23918],[11.3436,47.23983],[11.34365,47.24017]]]}},{"type":"Feature","properties":{"name":"Gleirschjöchlsteig","ref":"216a","network":"rwn","osmc:symbol":"blue:red:white_bar:216a:black","route":"hiking","osm":"relation/3157346","length_km_in_region":1.1},"geometry":{"type":"MultiLineString","coordinates":[[[11.39552,47.3134],[11.39491,47.3123],[11.39347,47.31238],[11.39189,47.31136],[11.39044,47.31125],[11.38948,47.31058],[11.38851,47.30909],[11.38657,47.30868],[11.38546,47.30789]]]}},{"type":"Feature","properties":{"name":"Gloatsteig","network":"lwn","route":"hiking","osm":"relation/17077752","length_km_in_region":4.1},"geometry":{"type":"MultiLineString","coordinates":[[[11.31152,47.15762],[11.30994,47.15881],[11.30963,47.15935],[11.31047,47.16027],[11.31248,47.16105],[11.31321,47.1618],[11.31427,47.1621],[11.31499,47.16198],[11.31655,47.16286],[11.31728,47.16291],[11.31778,47.16314],[11.3191,47.16284],[11.31954,47.16316],[11.32043,47.16292],[11.32095,47.16326],[11.32176,47.16302],[11.32328,47.16295],[11.32348,47.16302],[11.32313,47.16348],[11.32362,47.16398],[11.32344,47.16473],[11.32414,47.1645],[11.32478,47.16469],[11.3263,47.1645],[11.32702,47.16458],[11.32706,47.16529],[11.32751,47.16586],[11.3282,47.16613],[11.32777,47.16656],[11.32775,47.16694],[11.32832,47.16733],[11.3283,47.16753],[11.32874,47.16763],[11.32919,47.1683],[11.32876,47.16919],[11.32836,47.16919],[11.32737,47.16962],[11.32836,47.17035],[11.32815,47.17073],[11.32736,47.17077],[11.32714,47.17119],[11.32785,47.17181],[11.32773,47.17213],[11.32796,47.17261],[11.32731,47.17301],[11.32658,47.17318],[11.32621,47.17352],[11.32466,47.17573],[11.32504,47.17641],[11.32465,47.17809],[11.32607,47.17905],[11.32668,47.17984]]]}},{"type":"Feature","properties":{"name":"Glungezer Klettersteig","network":"lwn","route":"hiking","osm":"relation/14442660","length_km_in_region":1.1},"geometry":{"type":"MultiLineString","coordinates":[[[11.53198,47.21882],[11.53187,47.21824],[11.5315,47.21805],[11.53121,47.21726],[11.53097,47.21762],[11.52995,47.217],[11.53011,47.21703]],[[11.53011,47.21703],[11.52995,47.21704]],[[11.52995,47.21704],[11.52925,47.21648]],[[11.52925,47.21648],[11.52892,47.21648]],[[11.52892,47.21648],[11.52667,47.21519],[11.52591,47.21519]],[[11.52591,47.21519],[11.52614,47.2145],[11.52557,47.21433],[11.5251,47.21365],[11.52529,47.2136],[11.52388,47.21264]]]}},{"type":"Feature","properties":{"name":"Glungezer-Geier-Weg","ref":"335","network":"rwn","operator":"ÖAV Hall in Tirol","route":"hiking","osm":"relation/18305242","length_km_in_region":11.8},"geometry":{"type":"MultiLineString","coordinates":[[[11.52688,47.20991],[11.52779,47.20922],[11.52751,47.20874],[11.52788,47.20862]],[[11.52788,47.20862],[11.52821,47.20796]],[[11.52821,47.20796],[11.52841,47.20757]],[[11.52841,47.20757],[11.5287,47.20745],[11.52862,47.20698],[11.53013,47.20478],[11.53078,47.20452],[11.53122,47.20383],[11.53217,47.20306],[11.53239,47.20257],[11.53246,47.20177],[11.53232,47.20135],[11.53207,47.20134],[11.53193,47.20111],[11.53201,47.20048],[11.53082,47.19921],[11.53087,47.19889],[11.53137,47.19855]],[[11.53137,47.19855],[11.53175,47.19814],[11.53206,47.19811]],[[11.53206,47.19811],[11.53241,47.19787],[11.53281,47.1963],[11.53397,47.19575],[11.53411,47.19533],[11.53505,47.19458],[11.53518,47.19403],[11.53569,47.19364],[11.53596,47.19307],[11.53531,47.19217],[11.53516,47.19089],[11.53571,47.18944],[11.53564,47.18897],[11.53605,47.18852],[11.53605,47.18814],[11.53577,47.18792],[11.53622,47.18678],[11.53603,47.18657],[11.53621,47.18587],[11.53605,47.18532],[11.53628,47.18504]],[[11.53628,47.18504],[11.53738,47.18396],[11.53754,47.18346],[11.53885,47.18248],[11.5398,47.18125],[11.54066,47.18074],[11.54284,47.18033]],[[11.54284,47.18033],[11.5446,47.17856],[11.54509,47.1769],[11.54565,47.1762],[11.54578,47.17542],[11.54703,47.17381],[11.54793,47.17355],[11.54909,47.17386],[11.54979,47.17375],[11.55084,47.17329],[11.55225,47.17223],[11.55215,47.17161]],[[11.55215,47.17161],[11.55189,47.17095],[11.5529,47.16995],[11.5549,47.16936],[11.55539,47.16949],[11.55701,47.16882],[11.55942,47.16929],[11.56183,47.16902],[11.56308,47.16957],[11.56551,47.16994]],[[11.56551,47.16994],[11.56727,47.17052],[11.56822,47.17046]],[[11.56822,47.17046],[11.56974,47.1704],[11.57051,47.17008],[11.57048,47.16977],[11.57127,47.16977],[11.57165,47.16937],[11.57148,47.16927],[11.57222,47.16904],[11.57197,47.16888],[11.57255,47.16838],[11.5747,47.16806],[11.57529,47.16829],[11.57594,47.16828],[11.57846,47.16715],[11.57973,47.16679],[11.58039,47.16678],[11.58137,47.16636]],[[11.58137,47.16636],[11.58251,47.16608],[11.58313,47.16619],[11.58464,47.16591],[11.58552,47.16538],[11.58653,47.16539]],[[11.58653,47.16539],[11.58808,47.16488],[11.58983,47.16403]],[[11.58983,47.16403],[11.59105,47.16403],[11.59223,47.16357],[11.59453,47.16354],[11.59537,47.16327],[11.59668,47.16322],[11.59739,47.16293],[11.59783,47.16312],[11.59828,47.1641]],[[11.59828,47.1641],[11.59879,47.16461],[11.59966,47.16465],[11.60054,47.16499],[11.60161,47.16498]],[[11.60161,47.16498],[11.60486,47.16559],[11.60515,47.16548],[11.60501,47.1653]],[[11.60501,47.1653],[11.60446,47.16524],[11.60411,47.16492],[11.60774,47.16486],[11.60861,47.16501],[11.60919,47.16458],[11.61013,47.16424],[11.61136,47.16447]],[[11.61136,47.16447],[11.61182,47.16422],[11.61247,47.16421],[11.61465,47.16457]],[[11.61465,47.16457],[11.61461,47.16481]],[[11.61461,47.16481],[11.61406,47.16551]],[[11.61406,47.16551],[11.61401,47.1663],[11.61453,47.16674],[11.61516,47.16789],[11.61732,47.169],[11.61864,47.17024],[11.61942,47.1703],[11.62001,47.16997]]]}},{"type":"Feature","properties":{"name":"Glungezer-Höhenweg","ref":"46","network":"lwn","operator":"ÖAV Hall","osmc:symbol":"red:red:white_bar:46","route":"hiking","osm":"relation/15937245","length_km_in_region":4.2},"geometry":{"type":"MultiLineString","coordinates":[[[11.49559,47.21308],[11.49517,47.21346],[11.49263,47.21323],[11.4919,47.21339],[11.49193,47.21326],[11.49048,47.21378],[11.49064,47.2135],[11.48979,47.21374],[11.48992,47.21362],[11.48871,47.21377],[11.48672,47.21363]],[[11.49685,47.21248],[11.49559,47.21308]],[[11.49936,47.21224],[11.49871,47.21191],[11.49808,47.2119],[11.49685,47.21248]],[[11.51954,47.20851],[11.51824,47.20934],[11.51775,47.20937],[11.51722,47.20972],[11.51588,47.20986],[11.51451,47.2094],[11.51367,47.20945],[11.51251,47.2098],[11.51141,47.21078],[11.51023,47.21142],[11.50906,47.21156],[11.50825,47.21147],[11.50699,47.21188],[11.50647,47.21186],[11.50586,47.21228],[11.50504,47.21213],[11.5038,47.21253],[11.50171,47.21241],[11.50087,47.21215],[11.49978,47.21233],[11.49936,47.21224]],[[11.5241,47.20868],[11.52324,47.20874],[11.52152,47.20833],[11.5202,47.20867],[11.52029,47.2085],[11.51954,47.20851]],[[11.52654,47.20997],[11.52604,47.21012],[11.52566,47.21],[11.52599,47.20954],[11.52602,47.20883],[11.52557,47.20926],[11.52486,47.20948],[11.52528,47.20916],[11.52539,47.20831],[11.52475,47.20884],[11.52487,47.20813],[11.5241,47.20868]],[[11.52654,47.20997],[11.52528,47.21026],[11.52485,47.21013],[11.52381,47.21024]]]}},{"type":"Feature","properties":{"name":"Goetheweg (Wanderweg 219)","ref":"219","network":"rwn","osmc:symbol":"red:red:white_bar:219:black","wikipedia":"de:Goetheweg (Nordkette)","route":"hiking","osm":"relation/283709","length_km_in_region":5.2},"geometry":{"type":"MultiLineString","coordinates":[[[11.384,47.31208],[11.384,47.31216]],[[11.3891,47.31268],[11.38805,47.31217],[11.38686,47.31185],[11.38584,47.31225],[11.38493,47.31238],[11.384,47.31208]],[[11.40292,47.31584],[11.40267,47.31565],[11.40292,47.31572],[11.40309,47.31546],[11.40248,47.31536],[11.40219,47.31506],[11.40148,47.31523],[11.40085,47.31504],[11.40035,47.31424],[11.40007,47.31417],[11.39873,47.31455],[11.39775,47.31439],[11.39736,47.31385],[11.39681,47.31387],[11.39613,47.31345],[11.39471,47.31327],[11.39384,47.31372],[11.3938,47.31338],[11.39281,47.31328],[11.39222,47.31288],[11.3904,47.31285],[11.38954,47.31255],[11.3891,47.31268]],[[11.40973,47.32278],[11.40936,47.32299],[11.40922,47.32288],[11.40912,47.32312],[11.40548,47.32115],[11.40405,47.32091],[11.40443,47.317],[11.40401,47.31622],[11.40292,47.31584]],[[11.41087,47.32202],[11.41177,47.32379],[11.40973,47.32278]],[[11.41087,47.32202],[11.41181,47.32235],[11.41189,47.32219]],[[11.41189,47.32219],[11.41236,47.323],[11.41367,47.32374],[11.41684,47.32485],[11.41664,47.32496],[11.4171,47.32499],[11.4173,47.32482],[11.41714,47.32432],[11.41772,47.32445],[11.41776,47.32422],[11.41848,47.3245],[11.41873,47.32416]],[[11.41877,47.32423],[11.41873,47.32416]],[[11.4199,47.32498],[11.41893,47.32452],[11.41877,47.32423]],[[11.42315,47.32868],[11.42237,47.32853],[11.42159,47.32803],[11.42117,47.32685],[11.42125,47.32632],[11.4199,47.32498]],[[11.42546,47.3299],[11.42491,47.32973],[11.42362,47.32984],[11.42319,47.32934],[11.42315,47.32868]],[[11.42546,47.3299],[11.42576,47.32988]]]}},{"type":"Feature","properties":{"name":"Grafen-Schleife","ref":"41","network":"lwn","osmc:symbol":"yellow:orange:white_pointer","website":"https://www.innsbruck.info/wandern/wandern/wanderungen/touren/grafen-schleife-41-1.html","distance":"4.8","route":"hiking","osm":"relation/1621841","length_km_in_region":5.0},"geometry":{"type":"MultiLineString","coordinates":[[[11.50696,47.25825],[11.50665,47.25906],[11.5068,47.25993]],[[11.5068,47.25993],[11.50658,47.2602]],[[11.50658,47.2602],[11.50618,47.26063]],[[11.50618,47.26063],[11.50557,47.2604]],[[11.50606,47.26129],[11.50557,47.2604]],[[11.5061,47.26138],[11.50606,47.26129]],[[11.50597,47.26301],[11.50571,47.26255],[11.5061,47.26138]],[[11.50775,47.26301],[11.50685,47.26312],[11.50597,47.26301]],[[11.50775,47.26301],[11.50743,47.2635],[11.50762,47.26401]],[[11.50762,47.26401],[11.50871,47.26531],[11.50969,47.26583],[11.51,47.26624],[11.50982,47.2663],[11.51205,47.26703]],[[11.51205,47.26703],[11.51301,47.26683],[11.51361,47.26639]],[[11.51361,47.26639],[11.51842,47.26763]],[[11.51842,47.26763],[11.5202,47.26834]],[[11.52583,47.26957],[11.52313,47.26922],[11.52063,47.26862],[11.5202,47.26834]],[[11.52583,47.26957],[11.52544,47.26821]],[[11.52544,47.26821],[11.52555,47.26601],[11.52458,47.26546],[11.52339,47.26515],[11.52153,47.26409]],[[11.52153,47.26409],[11.52103,47.26305],[11.52047,47.26295],[11.52017,47.26266]],[[11.52017,47.26266],[11.51972,47.26178],[11.51823,47.26151]],[[11.51823,47.26151],[11.51729,47.26254],[11.51646,47.26261]],[[11.51646,47.26261],[11.51572,47.2621],[11.51432,47.26017],[11.51334,47.25941],[11.51244,47.25902],[11.51128,47.25788],[11.50899,47.25728]],[[11.50899,47.25728],[11.50801,47.25756],[11.50717,47.25807]],[[11.50717,47.25807],[11.50706,47.25813]],[[11.50706,47.25813],[11.50696,47.25825]]]}},{"type":"Feature","properties":{"name":"Grünegger Runde","route":"hiking","osm":"relation/1085466","length_km_in_region":2.4},"geometry":{"type":"MultiLineString","coordinates":[[[11.52944,47.30041],[11.53012,47.2986],[11.53127,47.29756],[11.53309,47.29676],[11.53451,47.29586],[11.53548,47.2958],[11.53696,47.29536],[11.53732,47.29512],[11.53728,47.29488],[11.53766,47.29485]],[[11.52944,47.30041],[11.53118,47.29892],[11.53365,47.29785],[11.53419,47.29791],[11.53485,47.29739],[11.53683,47.29677],[11.53795,47.29693],[11.53899,47.2974],[11.54118,47.29697],[11.54155,47.29713],[11.5413,47.29665],[11.54029,47.29641],[11.53872,47.29565],[11.53766,47.29485]]]}},{"type":"Feature","properties":{"name":"Gsallersteig","network":"lwn","route":"hiking","osm":"relation/17077745","length_km_in_region":1.9},"geometry":{"type":"MultiLineString","coordinates":[[[11.29336,47.16946],[11.29251,47.16907],[11.29147,47.16893],[11.29023,47.1685],[11.28948,47.16811],[11.28884,47.1674],[11.2888,47.16683],[11.28814,47.16581],[11.28831,47.16552],[11.28784,47.16504],[11.28638,47.16504],[11.2865,47.16513],[11.28557,47.16491],[11.28527,47.16423],[11.28554,47.16398],[11.28523,47.16391],[11.28519,47.16371],[11.28564,47.16327],[11.28568,47.1627],[11.28659,47.16256],[11.28683,47.16231],[11.28644,47.16199],[11.28592,47.16211],[11.28559,47.16188],[11.28504,47.16226],[11.28457,47.16225],[11.28321,47.16101],[11.28308,47.16066]],[[11.29539,47.16952],[11.29487,47.16965],[11.29336,47.16946]]]}},{"type":"Feature","properties":{"name":"Gschnitztaler Hüttentour","network":"rwn","operator":"Tourismusverband Wipptal","route":"hiking","osm":"relation/16464681","length_km_in_region":20.5},"geometry":{"type":"MultiLineString","coordinates":[[[11.33227,47.0799],[11.33248,47.08105],[11.333,47.08213],[11.33304,47.08346],[11.3338,47.08433],[11.33386,47.08515],[11.33699,47.08891],[11.33675,47.09021]],[[11.33675,47.09021],[11.3366,47.09029]],[[11.3366,47.09029],[11.33576,47.09102],[11.3357,47.09143],[11.33659,47.09375]],[[11.33973,47.09433],[11.3388,47.09361],[11.33659,47.09375]],[[11.33973,47.09433],[11.34001,47.09441],[11.34003,47.09384],[11.34051,47.09372],[11.34068,47.09346],[11.341,47.09347],[11.34133,47.09316],[11.34157,47.09334],[11.34174,47.09312],[11.34184,47.09336],[11.34196,47.0932],[11.34212,47.09331],[11.34242,47.0931],[11.34312,47.09316],[11.34351,47.09285],[11.34362,47.09297],[11.34388,47.09285]],[[11.34388,47.09285],[11.34367,47.09203],[11.34394,47.09181],[11.34405,47.09113],[11.34395,47.09034],[11.34439,47.09074],[11.34473,47.0906]],[[11.34473,47.0906],[11.3451,47.09037],[11.34471,47.08915],[11.34509,47.08849],[11.34538,47.08839],[11.34567,47.08857],[11.3461,47.08838]],[[11.3461,47.08838],[11.34732,47.08852],[11.34735,47.08878],[11.34777,47.08877],[11.34809,47.08905],[11.34784,47.08953],[11.34948,47.08832],[11.34958,47.08777],[11.34922,47.08735],[11.34996,47.08679],[11.35013,47.08686],[11.35044,47.08643],[11.35062,47.08651],[11.35052,47.0863],[11.35149,47.08691],[11.35145,47.08607],[11.35171,47.08612],[11.35157,47.08578],[11.35176,47.08579],[11.35186,47.08537],[11.3522,47.08517],[11.35196,47.08489],[11.35221,47.0849],[11.35151,47.08413],[11.3521,47.08384],[11.35256,47.08267],[11.35158,47.08186],[11.35083,47.08164],[11.34994,47.08175],[11.35042,47.08082],[11.35035,47.08053]],[[11.35444,47.08039],[11.35101,47.08014],[11.35047,47.08021],[11.35035,47.08053]],[[11.35658,47.07998],[11.35641,47.08019],[11.35612,47.08007],[11.35584,47.08027],[11.35555,47.08003],[11.35544,47.08033],[11.35531,47.08024],[11.3552,47.0804],[11.35502,47.08025],[11.35444,47.08039]],[[11.36146,47.07967],[11.36228,47.08037],[11.36257,47.08097],[11.36344,47.08088],[11.36358,47.08113]],[[11.3633,47.08139],[11.36358,47.08113]],[[11.3633,47.08139],[11.36278,47.08181],[11.36262,47.08272],[11.36207,47.08318],[11.36232,47.08327],[11.36161,47.08421],[11.36056,47.08498],[11.361,47.08508],[11.36071,47.08531],[11.3609,47.08531],[11.36013,47.08579],[11.36025,47.08596],[11.35989,47.08616],[11.36014,47.08621],[11.35991,47.08633],[11.36043,47.08641],[11.35991,47.0869],[11.3603,47.08712],[11.36005,47.08827]],[[11.36005,47.08827],[11.359,47.08857],[11.35891,47.08888],[11.35853,47.08902],[11.358,47.08971],[11.35812,47.08996],[11.35782,47.09076],[11.35788,47.09154],[11.35842,47.09213],[11.35806,47.09223],[11.35831,47.09266],[11.35816,47.0934],[11.35838,47.09438],[11.35798,47.09588],[11.35817,47.09673],[11.358,47.09782],[11.35883,47.09858],[11.35974,47.09892]],[[11.35974,47.09892],[11.36055,47.09914],[11.36184,47.09982],[11.36198,47.10018],[11.36157,47.10089],[11.36185,47.10151],[11.36279,47.10065],[11.36413,47.10042],[11.36514,47.10049]],[[11.36514,47.10049],[11.3654,47.10054],[11.36567,47.10117],[11.36554,47.10152],[11.36635,47.10261]],[[11.36635,47.10261],[11.36764,47.10311],[11.3692,47.10315],[11.37095,47.10268],[11.37267,47.10256],[11.37325,47.10222],[11.37383,47.10251],[11.37474,47.10151],[11.37516,47.10156],[11.37513,47.10134],[11.37603,47.10135],[11.37626,47.10141],[11.37622,47.10182],[11.37553,47.10274],[11.37604,47.10319],[11.37659,47.10345],[11.37732,47.10287],[11.37754,47.10321],[11.37746,47.10388],[11.37825,47.10454],[11.3791,47.10497],[11.38095,47.1049]],[[11.38099,47.10495],[11.38361,47.10449],[11.38641,47.10354],[11.388,47.10337],[11.3889,47.10248],[11.38992,47.10275],[11.39055,47.1026],[11.39058,47.10289]],[[11.39069,47.10282],[11.39096,47.10261],[11.39224,47.10271],[11.3934,47.10325],[11.39477,47.1036],[11.3963,47.10323],[11.39771,47.10329],[11.39914,47.10292],[11.40015,47.1029],[11.4026,47.10321],[11.4034,47.10349],[11.40526,47.10352],[11.40575,47.10372],[11.4073,47.10352]],[[11.40754,47.10367],[11.4073,47.10352]],[[11.4105,47.10369],[11.40912,47.10394],[11.40862,47.10372],[11.40754,47.10367]],[[11.4105,47.10369],[11.411,47.10347],[11.4125,47.10337]],[[11.41547,47.10319],[11.4139,47.10348],[11.4125,47.10337]],[[11.42011,47.10108],[11.41889,47.1022],[11.41704,47.10259],[11.41654,47.10322],[11.4162,47.10298],[11.41547,47.10319]],[[11.42017,47.10107],[11.42011,47.10108]],[[11.42017,47.10094],[11.42017,47.10107]],[[11.42322,47.09851],[11.42335,47.09923],[11.42303,47.10008]],[[11.4213,47.09675],[11.42224,47.09726],[11.42322,47.09851]],[[11.41985,47.09548],[11.4202,47.09614],[11.4213,47.09675]],[[11.41933,47.09468],[11.41985,47.09548]],[[11.41762,47.08912],[11.41729,47.08922],[11.41697,47.09021],[11.41658,47.09058],[11.41666,47.09144],[11.41692,47.09212],[11.41731,47.09228],[11.41742,47.0928],[11.41822,47.09324],[11.41933,47.09468]],[[11.41762,47.08912],[11.41781,47.08885],[11.41811,47.08882],[11.41814,47.08856]],[[11.41171,47.08557],[11.41363,47.08533],[11.4129,47.0861],[11.41334,47.0864],[11.412,47.08695],[11.41437,47.08741],[11.4155,47.08734],[11.41627,47.08787],[11.41707,47.08787],[11.41814,47.08856]],[[11.41282,47.08424],[11.41317,47.08443],[11.41171,47.08557]],[[11.41282,47.08424],[11.4144,47.08394],[11.4168,47.08435],[11.41932,47.08407],[11.41954,47.08374]],[[11.41954,47.08374],[11.42101,47.08402]],[[11.42855,47.08267],[11.42726,47.08271],[11.42635,47.0834],[11.42283,47.08313],[11.42147,47.08351],[11.42101,47.08402]],[[11.42872,47.08269],[11.42855,47.08267]],[[11.45586,47.08697],[11.45486,47.0867],[11.44994,47.08614],[11.44779,47.08627],[11.44505,47.08577],[11.44386,47.0858],[11.44127,47.08512],[11.43836,47.08563],[11.43642,47.08561],[11.43576,47.08505],[11.43425,47.08492],[11.43239,47.08387],[11.42924,47.08358],[11.42872,47.08269]],[[11.45755,47.08702],[11.45586,47.08697]]]}},{"type":"Feature","properties":{"name":"Gschwandtkopf","ref":"86","network":"lwn","route":"hiking","osm":"relation/20281075","length_km_in_region":3.1},"geometry":{"type":"MultiLineString","coordinates":[[[11.18652,47.30711],[11.18428,47.30812],[11.18332,47.309],[11.18341,47.30965]],[[11.18341,47.30965],[11.18372,47.30972],[11.18346,47.31139],[11.18375,47.31235]],[[11.18375,47.31235],[11.18333,47.3125],[11.18305,47.3134],[11.18217,47.31393]],[[11.18217,47.31393],[11.18155,47.31457],[11.18109,47.31466]],[[11.18009,47.31354],[11.18057,47.31347],[11.18096,47.31379],[11.18089,47.31439],[11.18109,47.31466]],[[11.17939,47.31376],[11.18009,47.31354]],[[11.18681,47.32504],[11.1857,47.32452],[11.18547,47.3247],[11.18376,47.32456],[11.18327,47.32467]],[[11.18327,47.32467],[11.18287,47.32453]],[[11.18287,47.32453],[11.18247,47.32411]],[[11.18247,47.32411],[11.18251,47.32356],[11.18406,47.32252],[11.18437,47.32202],[11.18406,47.32158],[11.18341,47.3214],[11.18315,47.32057],[11.18149,47.3204],[11.18101,47.32017],[11.18098,47.31904],[11.18056,47.31853],[11.18065,47.31808],[11.18003,47.31755],[11.17994,47.317],[11.18016,47.31602],[11.18052,47.31585]],[[11.18109,47.31466],[11.18138,47.31564],[11.18051,47.31563],[11.18052,47.31585]]]}},{"type":"Feature","properties":{"name":"Gschwandtkopf","ref":"85","network":"lwn","route":"hiking","osm":"relation/20281159","length_km_in_region":1.8},"geometry":{"type":"MultiLineString","coordinates":[[[11.17939,47.31376],[11.17895,47.31344],[11.17801,47.31332]],[[11.17801,47.31332],[11.17633,47.31337]],[[11.1609,47.30736],[11.16265,47.30734],[11.16371,47.30789],[11.16462,47.30797],[11.16507,47.30878],[11.1655,47.30904],[11.16542,47.30951],[11.16685,47.3103],[11.16809,47.3106],[11.16811,47.31085],[11.16776,47.31115],[11.16817,47.31142],[11.16868,47.31144],[11.16918,47.31118],[11.17087,47.31147],[11.17126,47.31172],[11.17265,47.31193],[11.17337,47.3128],[11.17517,47.31284],[11.17633,47.31337]]]}},{"type":"Feature","properties":{"name":"Gwannschafalm - Steinkasernalm","ref":"351","network":"rwn","operator":"ÖAV Hall in Tirol","route":"hiking","osm":"relation/16521363","length_km_in_region":1.6},"geometry":{"type":"MultiLineString","coordinates":[[[11.55191,47.19708],[11.55223,47.19669],[11.55315,47.1968],[11.55796,47.19532],[11.55871,47.19335],[11.55867,47.19116],[11.55917,47.18932]],[[11.55917,47.18932],[11.55929,47.18846],[11.55963,47.18793],[11.5614,47.18612]]]}},{"type":"Feature","properties":{"name":"Gwannsteig Tulfein Jöchl - Gwannschafalm","ref":"350","network":"rwn","operator":"ÖAV Hall in Tirol","route":"hiking","osm":"relation/16521362","length_km_in_region":3.2},"geometry":{"type":"MultiLineString","coordinates":[[[11.5351,47.215],[11.53537,47.21475],[11.53672,47.21466],[11.53724,47.21387],[11.5372,47.21306],[11.53809,47.21223],[11.53749,47.21099],[11.53764,47.21023],[11.53718,47.20961],[11.53738,47.20923],[11.53722,47.20911],[11.53736,47.20873],[11.5394,47.20725],[11.53987,47.20645],[11.54044,47.2049],[11.53993,47.20439],[11.53997,47.20409],[11.54082,47.20365],[11.54055,47.20276],[11.54075,47.20211],[11.54247,47.20223],[11.54515,47.20187],[11.54611,47.2023],[11.54656,47.20231],[11.54934,47.19964],[11.54981,47.19888],[11.55183,47.19741],[11.55191,47.19708]],[[11.53422,47.21453],[11.5351,47.215]],[[11.53435,47.21614],[11.53353,47.21535],[11.53395,47.21463],[11.53422,47.21453]]]}},{"type":"Feature","properties":{"name":"Götzener Almweg","network":"lwn","route":"hiking","osm":"relation/17082397","length_km_in_region":4.6},"geometry":{"type":"MultiLineString","coordinates":[[[11.31945,47.21091],[11.31625,47.21224],[11.31842,47.21249],[11.31778,47.2129],[11.31694,47.21313],[11.31762,47.21357],[11.31995,47.21359]],[[11.32001,47.2137],[11.31832,47.2147],[11.31799,47.21572],[11.3171,47.21623],[11.31586,47.21761],[11.31565,47.21909],[11.31592,47.21984],[11.31669,47.22076],[11.31681,47.22133],[11.31784,47.22191],[11.31833,47.22289],[11.31879,47.22315],[11.31906,47.22398],[11.32018,47.22506],[11.3218,47.22571]],[[11.3218,47.22571],[11.31951,47.22594],[11.31639,47.2256]],[[11.31639,47.2256],[11.31636,47.22614],[11.31503,47.22663],[11.3148,47.227],[11.31485,47.22735],[11.31582,47.22767],[11.31423,47.22879],[11.30949,47.22904]],[[11.31146,47.23392],[11.3098,47.23318],[11.30896,47.23194],[11.30886,47.23023],[11.3084,47.22982],[11.30825,47.22919],[11.30856,47.229],[11.30914,47.22902]],[[11.31182,47.23397],[11.31146,47.23392]],[[11.31254,47.23537],[11.31182,47.23397]]]}},{"type":"Feature","properties":{"name":"Götzner Bergfreunde Steig","network":"lwn","route":"foot","osm":"relation/17914858","length_km_in_region":0.6},"geometry":{"type":"MultiLineString","coordinates":[[[11.32815,47.19501],[11.32769,47.19558],[11.32777,47.19616],[11.32728,47.19652],[11.32703,47.1971]],[[11.32703,47.1971],[11.32791,47.19935],[11.32787,47.19976]]]}},{"type":"Feature","properties":{"name":"Haggenweg 2","from":"Parkplatz der Bergbahnen Oberperfuss","to":"Bergstation Stiglreith","website":"https://www.innsbruck.info/wandern/wandern/wanderungen/touren/haggenweg-2.html","distance":"4.6","route":"hiking","osm":"relation/19284141","length_km_in_region":4.5},"geometry":{"type":"MultiLineString","coordinates":[[[11.23844,47.24567],[11.23772,47.24569],[11.23789,47.24553]],[[11.23533,47.24522],[11.23789,47.24553]],[[11.2309,47.24497],[11.23533,47.24522]],[[11.22348,47.23806],[11.22367,47.23909],[11.22312,47.23992],[11.21949,47.24107],[11.214,47.24347],[11.2183,47.2431],[11.21615,47.24396],[11.22276,47.2438],[11.22893,47.24292],[11.23247,47.24297],[11.23507,47.24245],[11.2321,47.24452],[11.2309,47.24497]],[[11.22348,47.23806],[11.22319,47.23773]],[[11.22319,47.23773],[11.22246,47.23741],[11.22028,47.23717],[11.22013,47.23726],[11.22059,47.23769],[11.21894,47.23756]]]}},{"type":"Feature","properties":{"name":"Haglachalm - Markisalm - Haneburger","network":"lwn","operator":"ÖAV Hall in Tirol","osmc:symbol":"red:white:red_bar","route":"hiking","osm":"relation/18305248","length_km_in_region":3.5},"geometry":{"type":"MultiLineString","coordinates":[[[11.55727,47.22355],[11.5567,47.22383],[11.55633,47.2238],[11.5557,47.2244],[11.55535,47.22407],[11.5547,47.22469],[11.55462,47.22515]],[[11.55718,47.22351],[11.55727,47.22355]],[[11.56004,47.22317],[11.5597,47.22327],[11.55879,47.22274],[11.5583,47.22318],[11.55789,47.22328],[11.55775,47.22304],[11.55718,47.22351]],[[11.56059,47.22358],[11.56004,47.22317]],[[11.56059,47.22358],[11.5616,47.22383]],[[11.5616,47.22383],[11.56279,47.22397]],[[11.56279,47.22397],[11.56336,47.22397],[11.56372,47.22365],[11.56408,47.22297],[11.56391,47.22238],[11.56411,47.22235]],[[11.56411,47.22235],[11.56616,47.22193]],[[11.56614,47.22171],[11.56616,47.22193]],[[11.56743,47.22173],[11.56614,47.22171]],[[11.56743,47.22173],[11.5679,47.22189]],[[11.5679,47.22189],[11.56808,47.22182],[11.56862,47.22221]],[[11.57571,47.21744],[11.57458,47.21808],[11.57459,47.21859],[11.57413,47.21867],[11.57393,47.21907],[11.5736,47.21917],[11.57336,47.21953],[11.5735,47.22032],[11.57215,47.22036],[11.57123,47.22011],[11.57072,47.22124],[11.57019,47.22121],[11.56905,47.22166],[11.56862,47.22221]],[[11.57571,47.21744],[11.57626,47.21714],[11.57766,47.21743],[11.57777,47.21721],[11.57895,47.21683],[11.57969,47.2154],[11.58091,47.21566],[11.58171,47.21561],[11.58235,47.21591],[11.58259,47.21574],[11.58297,47.21587],[11.58304,47.2156],[11.58384,47.21557]],[[11.58384,47.21557],[11.5841,47.21524],[11.58393,47.21522],[11.58401,47.21496],[11.58434,47.21483],[11.58455,47.21436]]]}},{"type":"Feature","properties":{"name":"Halslsteig","ref":"19","route":"hiking","osm":"relation/17077716","length_km_in_region":1.6},"geometry":{"type":"MultiLineString","coordinates":[[[11.304,47.19234],[11.30419,47.19215],[11.30607,47.1921],[11.307,47.19158],[11.30735,47.19169],[11.30814,47.19118],[11.30834,47.19183],[11.30861,47.1917],[11.30876,47.19181],[11.3099,47.19115]],[[11.3099,47.19115],[11.31001,47.19054],[11.31048,47.18996],[11.31081,47.19003],[11.31152,47.19079],[11.31187,47.19062],[11.3124,47.18945]],[[11.3124,47.18945],[11.31228,47.18898],[11.31329,47.18804],[11.31375,47.18677],[11.31438,47.18639],[11.31455,47.18605],[11.31639,47.18538]]]}},{"type":"Feature","properties":{"name":"Hasental-Trail","ref":"38","network":"lwn","osmc:symbol":"green:white:green_pointer","website":"https://www.innsbruck.info/wandern/wandern/wanderungen/touren/hasental-trail-38-1.html","distance":"8.1","route":"hiking","osm":"relation/1619113","length_km_in_region":8.0},"geometry":{"type":"MultiLineString","coordinates":[[[11.48355,47.24898],[11.48511,47.24886]],[[11.48129,47.24869],[11.48355,47.24898]],[[11.47988,47.24861],[11.48129,47.24869]],[[11.47988,47.24861],[11.48002,47.24884],[11.47935,47.24949],[11.47804,47.24957]],[[11.47804,47.24957],[11.47685,47.24994]],[[11.47861,47.25076],[11.47685,47.24994]],[[11.47372,47.25146],[11.47638,47.25146],[11.47753,47.25125],[11.47861,47.25076]],[[11.47378,47.25152],[11.47372,47.25146]],[[11.47378,47.25152],[11.47277,47.25156],[11.47191,47.25195]],[[11.47198,47.25216],[11.47191,47.25195]],[[11.47196,47.25225],[11.47198,47.25216]],[[11.47046,47.2525],[11.47144,47.25247],[11.47196,47.25225]],[[11.46882,47.25491],[11.46808,47.25395],[11.46808,47.25357],[11.47046,47.2525]],[[11.46948,47.25529],[11.46882,47.25491]],[[11.47102,47.25613],[11.46948,47.25529]],[[11.47729,47.25633],[11.47526,47.25643],[11.47273,47.25609],[11.47102,47.25613]],[[11.48377,47.25614],[11.48075,47.25593],[11.47729,47.25633]],[[11.48869,47.26034],[11.4864,47.25757],[11.48475,47.25635],[11.48377,47.25614]],[[11.49296,47.26215],[11.49229,47.26133],[11.49018,47.26028],[11.48966,47.26016],[11.48869,47.26034]],[[11.4933,47.26293],[11.49302,47.26274],[11.49296,47.26215]],[[11.49599,47.26428],[11.49549,47.26373],[11.49378,47.26325],[11.4933,47.26293]],[[11.49599,47.26428],[11.49601,47.26389]],[[11.49601,47.26389],[11.49445,47.26265],[11.49392,47.26162],[11.49292,47.26087]],[[11.49292,47.26087],[11.4924,47.25965],[11.49329,47.25898],[11.49354,47.25855],[11.49315,47.2576]],[[11.49468,47.25886],[11.49465,47.25803],[11.49422,47.25742],[11.49379,47.25732],[11.49315,47.2576]],[[11.49503,47.25866],[11.49468,47.2592],[11.49468,47.25886]],[[11.49743,47.25896],[11.49503,47.25866]],[[11.50068,47.25743],[11.50043,47.25807],[11.50047,47.2594],[11.49902,47.2595],[11.49743,47.25896]],[[11.49913,47.25724],[11.50068,47.25743]],[[11.48917,47.25268],[11.49169,47.25437],[11.49398,47.25518],[11.4946,47.25586],[11.49913,47.25724]],[[11.48773,47.25156],[11.48877,47.25212],[11.48917,47.25268]],[[11.48511,47.24886],[11.48507,47.24937],[11.48753,47.25063],[11.48773,47.25156]]]}},{"type":"Feature","properties":{"name":"Heiligwasser Runde","ref":"6","network":"lwn","osmc:symbol":"yellow:yellow:red_circle:6:black","website":"https://www.innsbruck.info/wandern/wandern/wanderungen/touren/heiligwasser-runde-31-1.html","distance":"9","route":"foot","osm":"relation/12254368","length_km_in_region":0.9},"geometry":{"type":"MultiLineString","coordinates":[[[11.42052,47.21578],[11.42025,47.21518],[11.41968,47.21505],[11.41928,47.21474],[11.41789,47.21264],[11.4174,47.21235]],[[11.42066,47.2159],[11.42052,47.21578]],[[11.42194,47.21978],[11.42117,47.21802],[11.42115,47.21724],[11.4206,47.21619],[11.42066,47.2159]]]}},{"type":"Feature","properties":{"name":"Herzlteichweg","network":"lwn","operator":"Axamer Lizum","route":"foot","osm":"relation/16034036","length_km_in_region":2.7},"geometry":{"type":"MultiLineString","coordinates":[[[11.28957,47.18911],[11.28916,47.18937],[11.28948,47.18956]],[[11.28957,47.18911],[11.28756,47.18878],[11.28603,47.18925]],[[11.28603,47.18925],[11.28678,47.18832],[11.28884,47.18743]],[[11.28884,47.18743],[11.28894,47.18707],[11.28849,47.18721],[11.2887,47.18694],[11.28834,47.18701],[11.28876,47.18666],[11.28887,47.18606],[11.28948,47.18571],[11.28974,47.18522],[11.28945,47.18465],[11.28815,47.18403],[11.28749,47.18338],[11.2874,47.18171],[11.28695,47.18108],[11.28708,47.18089],[11.28766,47.18106],[11.2879,47.18092]],[[11.2879,47.18092],[11.28922,47.18054],[11.29012,47.17995],[11.29102,47.17976],[11.29044,47.17922],[11.29046,47.17828]],[[11.29053,47.17829],[11.29189,47.17741],[11.29239,47.1773],[11.29295,47.17772],[11.29305,47.17812],[11.29257,47.17902],[11.29176,47.17915],[11.29091,47.17898],[11.29046,47.17828]]]}},{"type":"Feature","properties":{"name":"Herzwiesensteig","network":"lwn","route":"foot","osm":"relation/17343921","length_km_in_region":1.3},"geometry":{"type":"MultiLineString","coordinates":[[[11.40612,47.29905],[11.40561,47.29905],[11.40527,47.29976]],[[11.40527,47.29976],[11.40446,47.30228],[11.40584,47.30341],[11.40625,47.30343],[11.40711,47.30388]],[[11.40711,47.30388],[11.40695,47.30403],[11.40712,47.30423],[11.4069,47.30431],[11.40703,47.30454],[11.40501,47.30521]],[[11.40501,47.30521],[11.40524,47.30545],[11.40446,47.30573],[11.4033,47.30668],[11.40156,47.30754]]]}},{"type":"Feature","properties":{"name":"Heuriesenweg","network":"lwn","route":"hiking","osm":"relation/16215193","length_km_in_region":2.4},"geometry":{"type":"MultiLineString","coordinates":[[[11.14614,47.20781],[11.14732,47.20728],[11.14788,47.20735],[11.14881,47.20713],[11.14887,47.20676],[11.14918,47.20663],[11.14906,47.20603],[11.14983,47.20599],[11.15051,47.20528],[11.1508,47.20559],[11.15122,47.20548],[11.15163,47.20501],[11.15193,47.20496],[11.15201,47.20441],[11.15175,47.2042],[11.15322,47.20423],[11.15296,47.20398],[11.15359,47.20382],[11.15322,47.20359],[11.15353,47.20337],[11.15317,47.20341],[11.15357,47.20298],[11.15387,47.20299],[11.15369,47.20267],[11.15444,47.20249],[11.15401,47.20206],[11.15464,47.20208],[11.15419,47.20166],[11.15485,47.2016],[11.15467,47.20133],[11.15523,47.20121],[11.15562,47.2015],[11.15655,47.20128],[11.15764,47.2015],[11.15786,47.20125],[11.15721,47.20025],[11.15851,47.20017],[11.15872,47.1999],[11.15841,47.19933],[11.1587,47.19923],[11.15901,47.1995],[11.15936,47.19919],[11.16038,47.19725],[11.16063,47.19715]]]}},{"type":"Feature","properties":{"name":"Hirschvoglsteig","network":"lwn","osmc:symbol":"red:red:white_left","route":"hiking","osm":"relation/16188950","length_km_in_region":2.4},"geometry":{"type":"MultiLineString","coordinates":[[[11.52381,47.21024],[11.52267,47.21104],[11.52213,47.211],[11.51966,47.21176],[11.51862,47.21173],[11.51729,47.21205]],[[11.51729,47.21205],[11.51681,47.21241],[11.5169,47.21277],[11.51528,47.21386],[11.51661,47.21403],[11.51628,47.21464],[11.51658,47.2156],[11.51637,47.21603],[11.51663,47.21639],[11.51583,47.21742],[11.5161,47.21762],[11.51593,47.218],[11.51726,47.21786],[11.51818,47.21805],[11.51911,47.218],[11.52008,47.2188],[11.5212,47.21866],[11.52256,47.21906],[11.52331,47.219],[11.5243,47.21949],[11.5251,47.21946],[11.52618,47.22],[11.52614,47.22019],[11.52663,47.22038],[11.527,47.22089]]]}},{"type":"Feature","properties":{"name":"Hirtensteig","network":"lwn","route":"hiking","osm":"relation/17077781","length_km_in_region":2.3},"geometry":{"type":"MultiLineString","coordinates":[[[11.34722,47.16093],[11.3473,47.16155],[11.34715,47.16148],[11.34698,47.16166],[11.34665,47.16245]],[[11.34657,47.1625],[11.34665,47.16245]],[[11.34657,47.1625],[11.34653,47.16372],[11.34592,47.16429],[11.34403,47.16536]],[[11.34403,47.16536],[11.34397,47.16568],[11.34347,47.16605]],[[11.34278,47.16614],[11.34347,47.16605]],[[11.34278,47.16614],[11.34296,47.16645],[11.34243,47.16665],[11.34254,47.16696],[11.34222,47.16727],[11.3424,47.16732],[11.3421,47.16752],[11.34258,47.16774],[11.34225,47.16796],[11.34254,47.16838],[11.34227,47.1687],[11.34289,47.16898],[11.34272,47.16923],[11.34292,47.16938],[11.34267,47.16944],[11.34291,47.16983],[11.34252,47.16998],[11.34247,47.17022],[11.34159,47.1703],[11.34196,47.17058],[11.34149,47.17068],[11.34141,47.17114]],[[11.34141,47.17114],[11.34069,47.17129],[11.34093,47.17177],[11.3406,47.17257],[11.33937,47.17416],[11.33895,47.17436]],[[11.33895,47.17436],[11.33643,47.17604]],[[11.33643,47.17604],[11.3359,47.17653]]]}},{"type":"Feature","properties":{"name":"Historischer Rundwanderweg","network":"lwn","description":"Gehzeit 3h","website":"https://www.hall-wattens.at/de/tours/der-historische-rundwanderweg.html","route":"foot","osm":"relation/20691174","length_km_in_region":2.1},"geometry":{"type":"MultiLineString","coordinates":[[[11.57704,47.28781],[11.57927,47.28866]],[[11.57927,47.28866],[11.57971,47.28885],[11.58079,47.28885]],[[11.58079,47.28885],[11.58284,47.28821]],[[11.58512,47.2872],[11.58453,47.28771],[11.58284,47.28821]],[[11.58512,47.2872],[11.58516,47.28719]],[[11.58516,47.28719],[11.5852,47.28717]],[[11.5852,47.28717],[11.58558,47.28724],[11.58547,47.28699],[11.5857,47.28706],[11.58569,47.28683]],[[11.58569,47.28683],[11.58431,47.28669]],[[11.58431,47.28669],[11.58401,47.28676]],[[11.58401,47.28676],[11.58397,47.28678]],[[11.58236,47.28759],[11.58342,47.28723],[11.58397,47.28678]],[[11.5823,47.28765],[11.58236,47.28759]],[[11.5823,47.28765],[11.58185,47.28764]],[[11.5809,47.28736],[11.58147,47.28728],[11.58185,47.28764]],[[11.5809,47.28736],[11.579,47.28714],[11.57862,47.28744]],[[11.57818,47.28776],[11.57862,47.28744]],[[11.57779,47.28751],[11.57818,47.28776]],[[11.57715,47.28585],[11.57763,47.28651],[11.57745,47.28717],[11.57779,47.28751]],[[11.57687,47.28581],[11.57715,47.28585]],[[11.57633,47.2857],[11.57687,47.28581]],[[11.57205,47.28448],[11.57296,47.28503],[11.57633,47.2857]]]}},{"type":"Feature","properties":{"name":"Hochleitenkopf","ref":"88","network":"lwn","sac_scale":"mountain_hiking","route":"foot","osm":"relation/16204473","length_km_in_region":2.5},"geometry":{"type":"MultiLineString","coordinates":[[[11.20316,47.29939],[11.20278,47.29926]],[[11.20252,47.299],[11.20278,47.29926]],[[11.20229,47.29883],[11.20252,47.299]],[[11.2019,47.29861],[11.20229,47.29883]],[[11.20175,47.29853],[11.2019,47.29861]],[[11.20169,47.29849],[11.20175,47.29853]],[[11.20169,47.29849],[11.20051,47.29944],[11.19966,47.30085]],[[11.19966,47.30085],[11.19957,47.30105]],[[11.19888,47.30318],[11.19957,47.30105]],[[11.19888,47.30318],[11.19868,47.30373],[11.19761,47.30455],[11.19782,47.30508]],[[11.19782,47.30508],[11.19791,47.30554]],[[11.19791,47.30554],[11.19787,47.30557]],[[11.19787,47.30557],[11.19772,47.30572]],[[11.19772,47.30572],[11.19661,47.30548]],[[11.19377,47.30244],[11.19456,47.30255],[11.19483,47.30379],[11.19661,47.30548]],[[11.19317,47.30248],[11.19377,47.30244]],[[11.19317,47.30248],[11.19242,47.30261],[11.1924,47.3022]],[[11.1924,47.3022],[11.19263,47.302],[11.19251,47.30065],[11.19293,47.30041]],[[11.19293,47.30041],[11.19325,47.29952]],[[11.19325,47.29952],[11.1936,47.29736],[11.19339,47.29642],[11.19375,47.2961],[11.19379,47.29562],[11.19413,47.29544]]]}},{"type":"Feature","properties":{"name":"Hohe Munde","ref":"8","network":"lwn","osmc:symbol":"red:red:white_bar:8:black","route":"hiking","osm":"relation/3086797","length_km_in_region":3.6},"geometry":{"type":"MultiLineString","coordinates":[[[11.10492,47.34621],[11.10409,47.34611],[11.10397,47.34575]],[[11.10397,47.34575],[11.10205,47.34665],[11.10176,47.3482]],[[11.10176,47.3482],[11.10147,47.34822]],[[11.10147,47.34822],[11.10049,47.34857],[11.09996,47.34897]],[[11.09996,47.34897],[11.09886,47.34875],[11.0975,47.34797],[11.09663,47.34798],[11.09485,47.34616],[11.09475,47.3456],[11.09437,47.34568],[11.0938,47.34497],[11.09313,47.34456],[11.0922,47.34419],[11.09175,47.34443],[11.09027,47.34407],[11.09014,47.34443],[11.09035,47.34472]],[[11.09035,47.34472],[11.08936,47.34462],[11.08923,47.3449],[11.0889,47.34468],[11.08841,47.34477],[11.08795,47.34461],[11.08799,47.34498],[11.08757,47.3449],[11.08755,47.34522],[11.08704,47.34546],[11.08734,47.34568],[11.08714,47.34578],[11.08718,47.34621],[11.08665,47.34636],[11.08653,47.34664]],[[11.08653,47.34664],[11.08494,47.34754],[11.08437,47.34738],[11.0841,47.34759],[11.08179,47.34649]],[[11.08179,47.34649],[11.08081,47.34627],[11.07991,47.34661],[11.07902,47.34714],[11.07892,47.3476],[11.07845,47.34761],[11.07814,47.34734],[11.07766,47.34738],[11.07682,47.34695],[11.07569,47.34677],[11.07512,47.34692],[11.07422,47.34669],[11.07378,47.34688],[11.07235,47.34668],[11.07173,47.34708]]]}},{"type":"Feature","properties":{"name":"Holzerweg","network":"lwn","route":"hiking","osm":"relation/17082399","length_km_in_region":4.4},"geometry":{"type":"MultiLineString","coordinates":[[[11.3218,47.22571],[11.32288,47.22575],[11.32455,47.22542],[11.32534,47.22548],[11.32767,47.22498],[11.32993,47.22391],[11.33117,47.22352],[11.33223,47.22278],[11.33257,47.22229],[11.33299,47.22214],[11.3301,47.22174],[11.32873,47.22179],[11.32567,47.22122],[11.32325,47.2201],[11.31927,47.21777],[11.31885,47.21648],[11.31903,47.21676],[11.31969,47.21696],[11.32111,47.21637],[11.3217,47.21646],[11.32265,47.21612],[11.32216,47.21603],[11.32198,47.2158],[11.32231,47.215],[11.32111,47.21485],[11.32271,47.21291],[11.32366,47.21038],[11.32332,47.20968]],[[11.32332,47.20968],[11.32421,47.21012],[11.32465,47.21218]],[[11.32465,47.21218],[11.32502,47.21225],[11.32568,47.2128],[11.32908,47.21281],[11.33158,47.21209],[11.33205,47.2118]]]}},{"type":"Feature","properties":{"name":"Hornsteig","network":"lwn","sac_scale":"mountain_hiking","route":"foot","osm":"relation/17343919","length_km_in_region":1.3},"geometry":{"type":"MultiLineString","coordinates":[[[11.40156,47.30754],[11.40154,47.30704],[11.40123,47.30691],[11.39911,47.30754],[11.39808,47.30767],[11.39725,47.3076],[11.39581,47.30689],[11.39458,47.3071],[11.39415,47.30678],[11.3932,47.30661],[11.39254,47.30591],[11.3886,47.3051],[11.38758,47.30423]]]}},{"type":"Feature","properties":{"name":"Hubertusweg","network":"lwn","route":"hiking","osm":"relation/17082782","length_km_in_region":1.7},"geometry":{"type":"MultiLineString","coordinates":[[[11.20883,47.26056],[11.20876,47.26108],[11.20925,47.26181],[11.21073,47.26284],[11.2121,47.26275],[11.21227,47.26333],[11.21384,47.26331],[11.21476,47.26269],[11.21713,47.26282],[11.21736,47.26216],[11.21786,47.26233],[11.21926,47.26099],[11.21978,47.26094],[11.21987,47.26073],[11.21979,47.26045],[11.21906,47.25998],[11.21662,47.25928],[11.21668,47.259],[11.21703,47.25898],[11.2177,47.25849],[11.21767,47.25802]]]}},{"type":"Feature","properties":{"name":"Höhenpromenade","network":"lwn","sac_scale":"hiking","route":"foot","osm":"relation/17669072","length_km_in_region":0.5},"geometry":{"type":"MultiLineString","coordinates":[[[11.24581,47.27682],[11.24406,47.27682],[11.24246,47.27757]],[[11.24607,47.27677],[11.24581,47.27682]],[[11.24608,47.27674],[11.24607,47.27677]],[[11.24609,47.27672],[11.24608,47.27674]],[[11.24807,47.27575],[11.24609,47.27672]]]}},{"type":"Feature","properties":{"name":"Höhenweg","ref":"2","network":"lwn","route":"foot","osm":"relation/17996238","length_km_in_region":1.4},"geometry":{"type":"MultiLineString","coordinates":[[[11.37491,47.21519],[11.37447,47.21505],[11.37363,47.21518],[11.37367,47.21533]],[[11.37367,47.21533],[11.37414,47.21569],[11.37371,47.21665],[11.37314,47.21658],[11.3724,47.21693]],[[11.3724,47.21693],[11.37195,47.2179]],[[11.37195,47.2179],[11.37161,47.21797]],[[11.37161,47.21797],[11.37116,47.21891],[11.37163,47.21936],[11.37107,47.21962],[11.37117,47.2199]],[[11.37117,47.2199],[11.3728,47.22051]],[[11.37299,47.22058],[11.3728,47.22051]],[[11.37299,47.22058],[11.37172,47.22079],[11.37079,47.22065]],[[11.37071,47.22066],[11.37079,47.22065]],[[11.37055,47.22074],[11.37071,47.22066]],[[11.37105,47.22209],[11.37082,47.2215],[11.37012,47.22077],[11.37009,47.22042],[11.37055,47.22074]]]}},{"type":"Feature","properties":{"name":"Höhenweg Zustieg/Abstieg","network":"lwn","from":"St. Qurin","to":"Sellrainer Höhenweg","route":"hiking","osm":"relation/19846578","length_km_in_region":4.1},"geometry":{"type":"MultiLineString","coordinates":[[[11.2088,47.2197],[11.20797,47.21936],[11.20699,47.21953],[11.20695,47.21902],[11.20637,47.21912],[11.20642,47.21834],[11.20614,47.21795]],[[11.20959,47.22211],[11.21045,47.22207],[11.21052,47.22182],[11.20869,47.22025],[11.20944,47.22015],[11.2088,47.2197]],[[11.19445,47.22245],[11.1951,47.22207],[11.19577,47.22239],[11.19688,47.22322],[11.19729,47.22391],[11.19777,47.22426],[11.19876,47.22444],[11.201,47.22437],[11.20259,47.2247],[11.20552,47.2249],[11.20762,47.22458],[11.20826,47.22433],[11.20835,47.22371],[11.2079,47.22297],[11.20797,47.22273],[11.20829,47.22234],[11.20959,47.22211]],[[11.18026,47.22233],[11.18517,47.22238],[11.18577,47.22251],[11.1877,47.22205],[11.18886,47.22205],[11.19174,47.22158],[11.19445,47.22245]],[[11.17199,47.22252],[11.17262,47.22256],[11.17321,47.22282],[11.17372,47.22276],[11.17513,47.22246],[11.17655,47.22188],[11.1779,47.22175],[11.17901,47.22183],[11.18026,47.22233]]]}},{"type":"Feature","properties":{"name":"Hühnerspiel - Brandstattalm","network":"lwn","operator":"ÖAV Stubai","route":"hiking","osm":"relation/16521452","length_km_in_region":3.1},"geometry":{"type":"MultiLineString","coordinates":[[[11.25274,47.10547],[11.25247,47.10463],[11.25257,47.1038],[11.25158,47.1028]],[[11.25158,47.1028],[11.25086,47.10248],[11.2511,47.10217],[11.25012,47.10127],[11.24953,47.09997],[11.24857,47.09955],[11.2485,47.09923],[11.24778,47.09859],[11.24636,47.09827],[11.24562,47.0975],[11.24578,47.09744],[11.24531,47.09688],[11.24528,47.09651],[11.24591,47.09495],[11.24539,47.09469],[11.24488,47.09401],[11.24292,47.09285],[11.2425,47.09277],[11.24222,47.09178],[11.24155,47.09123],[11.24105,47.09116],[11.24062,47.09078],[11.24014,47.09073],[11.23927,47.08927],[11.23907,47.08824],[11.23937,47.08764],[11.24031,47.08696],[11.2409,47.0868],[11.24145,47.08544],[11.24217,47.08469],[11.24303,47.08308]]]}},{"type":"Feature","properties":{"name":"Hühnerspiel - Brennerspitze","network":"lwn","operator":"ÖAV Stubai","route":"hiking","osm":"relation/16521453","length_km_in_region":1.3},"geometry":{"type":"MultiLineString","coordinates":[[[11.24303,47.08308],[11.2409,47.08342],[11.24001,47.08419],[11.24002,47.08445],[11.23926,47.08488],[11.23727,47.08537],[11.23565,47.08495],[11.23507,47.08505],[11.23361,47.08456],[11.23059,47.0842]],[[11.23059,47.0842],[11.2297,47.08444],[11.22842,47.08408],[11.22811,47.08419]]]}},{"type":"Feature","properties":{"name":"Innsbrucker Klettersteig","network":"lwn","wikipedia":"de:Innsbrucker Klettersteig","route":"hiking","osm":"relation/6428688","length_km_in_region":2.9},"geometry":{"type":"MultiLineString","coordinates":[[[11.38017,47.31215],[11.37958,47.31223]],[[11.37958,47.31223],[11.37867,47.31234],[11.37793,47.31277]],[[11.37793,47.31277],[11.37677,47.31256],[11.37665,47.31229],[11.37618,47.31214]],[[11.37618,47.31214],[11.3757,47.31255],[11.37414,47.31225]],[[11.37414,47.31225],[11.37334,47.31229]],[[11.37334,47.31229],[11.37303,47.31233]],[[11.37303,47.31233],[11.37205,47.31225]],[[11.37205,47.31225],[11.37184,47.31223]],[[11.37184,47.31223],[11.3718,47.31223]],[[11.3718,47.31223],[11.37171,47.3122]],[[11.37171,47.3122],[11.37133,47.31239],[11.3699,47.31242]],[[11.3699,47.31242],[11.36944,47.31256]],[[11.36944,47.31256],[11.36741,47.31219],[11.36672,47.3127],[11.36559,47.31275]],[[11.36559,47.31275],[11.36522,47.31282]],[[11.36522,47.31282],[11.36243,47.31203]],[[11.36243,47.31203],[11.36257,47.31182],[11.36169,47.31179],[11.36069,47.31141]],[[11.36069,47.31141],[11.36068,47.31124]],[[11.36068,47.31124],[11.35922,47.31072]],[[11.35922,47.31072],[11.35723,47.30957],[11.35655,47.30945],[11.35582,47.30888],[11.35481,47.30888],[11.35503,47.30855],[11.35413,47.30847],[11.35421,47.3083],[11.35391,47.30833],[11.35402,47.30812],[11.35274,47.30846],[11.35264,47.30778]],[[11.35264,47.30778],[11.35172,47.30756],[11.35179,47.30701]],[[11.35179,47.30701],[11.35147,47.3059],[11.35035,47.3052]]]}},{"type":"Feature","properties":{"name":"Inzinger Themenweg","route":"hiking","osm":"relation/17082783","length_km_in_region":7.9},"geometry":{"type":"MultiLineString","coordinates":[[[11.18184,47.26457],[11.18212,47.26477]],[[11.18136,47.26382],[11.18148,47.26428],[11.18184,47.26457]],[[11.1812,47.26386],[11.18129,47.26383]],[[11.18117,47.2643],[11.1812,47.26386]],[[11.18101,47.2645],[11.18117,47.2643]],[[11.18101,47.2645],[11.18042,47.26473],[11.18002,47.26522],[11.17986,47.26618]],[[11.17986,47.26618],[11.17795,47.26649]],[[11.17795,47.26649],[11.17749,47.26647]],[[11.17749,47.26647],[11.17681,47.26632],[11.17609,47.26577],[11.17468,47.26571],[11.17429,47.26523],[11.17305,47.26459]],[[11.17305,47.26459],[11.17074,47.26506],[11.17007,47.26485],[11.16871,47.26518]],[[11.16871,47.26518],[11.16794,47.26578]],[[11.16794,47.26578],[11.16981,47.26615],[11.1709,47.2674]],[[11.1709,47.2674],[11.17265,47.26738],[11.17403,47.26795],[11.17465,47.26868],[11.17636,47.26948],[11.17702,47.27031],[11.17647,47.27155]],[[11.1764,47.27158],[11.17664,47.27155]],[[11.17664,47.27155],[11.17673,47.27155]],[[11.17673,47.27155],[11.17704,47.27157]],[[11.17704,47.27157],[11.17934,47.27247]],[[11.17934,47.27247],[11.18027,47.27226]],[[11.18558,47.27247],[11.18405,47.27226],[11.18278,47.27176],[11.18027,47.27226]],[[11.18558,47.27247],[11.18508,47.27128]],[[11.18529,47.27126],[11.18708,47.27447]],[[11.18708,47.27447],[11.18893,47.27414]],[[11.18893,47.27414],[11.18937,47.27395],[11.18953,47.27357]],[[11.18953,47.27357],[11.1909,47.2736],[11.19281,47.27276],[11.19361,47.27288],[11.1938,47.27276]],[[11.1938,47.27276],[11.19438,47.27305],[11.19422,47.27335]],[[11.19422,47.27335],[11.19435,47.27355]],[[11.19435,47.27355],[11.1962,47.27442]],[[11.19554,47.27409],[11.19624,47.27356]],[[11.19624,47.27356],[11.1956,47.27302],[11.19384,47.27213]],[[11.19384,47.27213],[11.19396,47.27166],[11.19297,47.27142]],[[11.19303,47.27109],[11.19297,47.27142]],[[11.19292,47.26692],[11.19488,47.2667],[11.19637,47.26633],[11.19816,47.2663],[11.20146,47.26556],[11.20273,47.26584],[11.20327,47.26576],[11.20402,47.26614],[11.20407,47.26638],[11.20356,47.26699],[11.2037,47.26731],[11.20181,47.26797],[11.19991,47.26812],[11.19971,47.26827],[11.19911,47.26808],[11.19858,47.26856],[11.19707,47.26872],[11.19611,47.26938],[11.19511,47.26969],[11.19565,47.2703],[11.19531,47.27068],[11.19303,47.27109]],[[11.19152,47.26689],[11.19292,47.26692]],[[11.18464,47.26541],[11.18643,47.266],[11.18827,47.26599],[11.18901,47.26641],[11.18991,47.26646],[11.19152,47.26689]],[[11.18464,47.26541],[11.18425,47.26514]]]}},{"type":"Feature","properties":{"name":"Jakobsweg Isar - Loisach - Leutascher Ache - Inn","network":"nwn","operator":"Verein zur Förderung des Jakobswegs Isar-Loisach-Leutascher Ache-Inn e.v.","osmc:symbol":"blue:blue:shell_modern","from":"Kloster Schäftlarn","to":"Mötz","description":"Verbindung zwischen dem Südostbayerischen und dem Tiroler Jakobsweg bzw. Jakobsweg Österreich","website":"https://www.auf-dem-jakobsweg.info/","distance":"130","wikipedia":"de:Jakobsweg Isar–Loisach–Leutascher Ache–Inn","route":"hiking","osm":"relation/3251965","length_km_in_region":27.9},"geometry":{"type":"MultiLineString","coordinates":[[[11.12334,47.36001],[11.12399,47.35956],[11.12407,47.35915]],[[11.12407,47.35915],[11.12339,47.35804],[11.12339,47.35711]],[[11.12339,47.35711],[11.12332,47.35646]],[[11.12332,47.35646],[11.12248,47.3529]],[[11.12248,47.3529],[11.12278,47.35226]],[[11.12278,47.35226],[11.12318,47.35]],[[11.12318,47.35],[11.12351,47.34896]],[[11.12125,47.34891],[11.12351,47.34896]],[[11.12074,47.34506],[11.12153,47.34678],[11.12125,47.34891]],[[11.1207,47.34499],[11.12074,47.34506]],[[11.11933,47.34112],[11.12006,47.34183],[11.12082,47.34216],[11.12059,47.34374],[11.12028,47.34385],[11.12018,47.34448],[11.12048,47.34447],[11.12043,47.34476],[11.1207,47.34499]],[[11.11933,47.34112],[11.11849,47.34072],[11.11741,47.33949],[11.11382,47.33851],[11.11296,47.33772]],[[11.11296,47.33772],[11.11272,47.33747]],[[11.11272,47.33747],[11.1124,47.33675],[11.11235,47.33546],[11.11293,47.33481]],[[11.11293,47.33481],[11.11405,47.33435],[11.1139,47.33419]],[[11.1139,47.33419],[11.11468,47.33404]],[[11.11468,47.33404],[11.11484,47.33395]],[[11.11042,47.33149],[11.11158,47.33222],[11.11347,47.33298],[11.11484,47.33395]],[[11.11018,47.33087],[11.11042,47.33149]],[[11.11018,47.33087],[11.11013,47.3301],[11.11042,47.32921],[11.11145,47.32799],[11.11242,47.32729],[11.11622,47.32637],[11.11876,47.32728]],[[11.11876,47.32728],[11.11938,47.32748]],[[11.11938,47.32748],[11.12046,47.32762],[11.12142,47.32747],[11.12254,47.32765]],[[11.12254,47.32765],[11.12382,47.32783],[11.12352,47.32708],[11.12427,47.32726]],[[11.12427,47.32726],[11.12581,47.32739]],[[11.12621,47.32725],[11.12581,47.32739]],[[11.12612,47.3265],[11.12639,47.32712],[11.12621,47.32725]],[[11.12729,47.32354],[11.12648,47.32453],[11.12644,47.3261],[11.12612,47.3265]],[[11.12729,47.32354],[11.12696,47.32281],[11.12752,47.32237],[11.12701,47.32081],[11.12791,47.31938]],[[11.12791,47.31938],[11.12867,47.31913]],[[11.12867,47.31913],[11.12963,47.318],[11.13126,47.31706],[11.1331,47.31637],[11.13466,47.31635],[11.1353,47.31593],[11.13577,47.31524],[11.13697,47.3148],[11.13814,47.31399],[11.14096,47.31351]],[[11.14096,47.31351],[11.14247,47.31335]],[[11.14247,47.31335],[11.14307,47.31333]],[[11.14307,47.31333],[11.1431,47.31272],[11.14333,47.31252],[11.145,47.31214],[11.14578,47.31153]],[[11.14578,47.31153],[11.14367,47.31146],[11.14252,47.31161]],[[11.14252,47.31161],[11.14282,47.31147]],[[11.13669,47.31202],[11.13718,47.31191],[11.1377,47.31133],[11.13933,47.3111],[11.14001,47.31083],[11.14087,47.31077],[11.14282,47.31147]],[[11.13669,47.31202],[11.1367,47.31202]],[[11.1367,47.31202],[11.13673,47.31201]],[[11.13673,47.31201],[11.13705,47.31188],[11.13749,47.31115],[11.13743,47.31093],[11.13653,47.31095],[11.13671,47.31035],[11.13725,47.30982],[11.13675,47.30967],[11.13588,47.30971],[11.13393,47.31101],[11.13292,47.31107],[11.131,47.31212],[11.12993,47.3121]],[[11.12993,47.3121],[11.12704,47.3129],[11.12613,47.31394],[11.12283,47.31602]],[[11.12283,47.31602],[11.12214,47.31644]],[[11.12214,47.31644],[11.12112,47.31682],[11.11895,47.31678]],[[11.11895,47.31678],[11.11822,47.31696]],[[11.11389,47.31743],[11.11487,47.31667],[11.11688,47.31668],[11.11822,47.31696]],[[11.11348,47.3181],[11.11389,47.31743]],[[11.10752,47.32003],[11.10823,47.31975],[11.1093,47.31983],[11.10933,47.31951],[11.10972,47.31926],[11.11073,47.31913],[11.11348,47.3181]],[[11.10593,47.32024],[11.10752,47.32003]],[[11.10593,47.32024],[11.10609,47.31997],[11.10536,47.31993],[11.10408,47.32046],[11.10195,47.32054],[11.10134,47.32081],[11.10063,47.3217],[11.09939,47.322]],[[11.09939,47.322],[11.09808,47.32154],[11.09789,47.32173],[11.09813,47.32296],[11.09766,47.32326],[11.09709,47.323],[11.09617,47.32196]],[[11.0963,47.3224],[11.09617,47.32196]],[[11.09625,47.32248],[11.0963,47.3224]],[[11.09623,47.32253],[11.09625,47.32248]],[[11.09623,47.32253],[11.0962,47.32329],[11.09593,47.32331],[11.09579,47.32309],[11.09518,47.32308],[11.09479,47.32203],[11.09365,47.32173],[11.09344,47.32196]],[[11.09344,47.32196],[11.09281,47.32197],[11.09049,47.32152],[11.08846,47.32096]],[[11.08846,47.32096],[11.08667,47.32081],[11.08565,47.32048],[11.08446,47.32075],[11.08399,47.31982],[11.08335,47.31926]],[[11.08335,47.31926],[11.083,47.31892]],[[11.083,47.31892],[11.08292,47.31891]],[[11.08292,47.31891],[11.08272,47.31883]],[[11.08272,47.31883],[11.08257,47.31879]],[[11.08224,47.31847],[11.08257,47.31879]],[[11.08123,47.31757],[11.08224,47.31847]],[[11.08086,47.31711],[11.08123,47.31757]],[[11.08086,47.31711],[11.07873,47.31554],[11.07566,47.31457]],[[11.07566,47.31457],[11.07452,47.31422]],[[11.07447,47.3137],[11.07452,47.31422]],[[11.07444,47.30937],[11.07397,47.3115],[11.07298,47.3133],[11.07447,47.3137]],[[11.07444,47.30937],[11.07337,47.30941],[11.07271,47.30914]],[[11.07271,47.30914],[11.07306,47.30856],[11.07373,47.30861]],[[11.07327,47.30795],[11.07373,47.30861]],[[11.07327,47.30795],[11.07324,47.3077]],[[11.07324,47.3077],[11.07321,47.30695]],[[11.07321,47.30695],[11.07288,47.30687]],[[11.07288,47.30687],[11.07167,47.30652]],[[11.07167,47.30652],[11.07164,47.30651]],[[11.07143,47.30672],[11.07164,47.30651]],[[11.071,47.3072],[11.07143,47.30672]],[[11.07043,47.30772],[11.071,47.3072]],[[11.06963,47.30743],[11.07043,47.30772]],[[11.06915,47.30813],[11.06963,47.30743]],[[11.06748,47.30798],[11.06792,47.30806],[11.06839,47.30787],[11.06915,47.30813]],[[11.06745,47.30801],[11.06721,47.308],[11.06723,47.30785],[11.06745,47.30801]],[[11.06718,47.30797],[11.06524,47.30769]],[[11.06467,47.30824],[11.06535,47.308],[11.06524,47.30769]],[[11.06467,47.30824],[11.06402,47.30807]],[[11.06402,47.30807],[11.06369,47.30797]],[[11.06369,47.30797],[11.06405,47.30814]],[[11.06369,47.30797],[11.06405,47.30814]],[[11.06246,47.308],[11.06299,47.30778],[11.06369,47.30797]],[[11.06246,47.308],[11.06239,47.30803]],[[11.06239,47.30815],[11.06239,47.30803]],[[11.05868,47.3077],[11.06239,47.30815]],[[11.05868,47.3077],[11.0587,47.30759]],[[11.0587,47.30759],[11.05695,47.30743]],[[11.05695,47.30743],[11.05663,47.30748]],[[11.04309,47.30535],[11.04624,47.30568],[11.04782,47.30624],[11.04883,47.30618],[11.05008,47.30676],[11.05508,47.30687],[11.05663,47.30748]],[[11.0162,47.30406],[11.01508,47.3036],[11.01723,47.30329],[11.02027,47.30375],[11.02172,47.30329],[11.02667,47.30422],[11.02973,47.30445],[11.03256,47.30498],[11.03318,47.30464],[11.03527,47.30503],[11.03749,47.30493],[11.04028,47.30553],[11.04309,47.30535]],[[10.99707,47.29312],[10.99724,47.29283],[10.99811,47.29305],[11.00007,47.29463],[11.00163,47.29559],[11.00208,47.29613],[11.00556,47.29802],[11.00665,47.29885],[11.00617,47.29889],[11.00803,47.30052],[11.01145,47.30269],[11.01492,47.30405],[11.0162,47.30406]],[[10.99707,47.29312],[10.99688,47.29221],[10.99629,47.29176],[10.99535,47.29187],[10.99465,47.29221],[10.99377,47.29219],[10.9913,47.29169],[10.99122,47.2912],[10.98877,47.29149],[10.98824,47.29105],[10.98715,47.2911],[10.98616,47.29062]],[[10.98459,47.29133],[10.98616,47.29062]],[[10.98454,47.29129],[10.98459,47.29133]],[[10.98443,47.29119],[10.98454,47.29129]],[[10.96624,47.2855],[10.96634,47.28513],[10.96572,47.28454],[10.96691,47.28455],[10.96703,47.28492],[10.97031,47.2855],[10.97006,47.28519],[10.97015,47.28465],[10.9711,47.28533],[10.97226,47.28544],[10.9754,47.28617],[10.97676,47.28693],[10.97978,47.28776],[10.98049,47.28761],[10.98073,47.28787],[10.98184,47.28817],[10.98201,47.2886],[10.98183,47.28898],[10.98312,47.28964],[10.9835,47.29006],[10.98506,47.2905],[10.98443,47.29119]],[[10.96624,47.2855],[10.96495,47.28457]],[[10.96495,47.28457],[10.96408,47.28371],[10.96412,47.28352]],[[10.96412,47.28352],[10.96431,47.28325]],[[10.96346,47.2826],[10.96431,47.28325]],[[10.96297,47.28245],[10.96346,47.2826]],[[10.96297,47.28245],[10.96249,47.28252],[10.96241,47.28275],[10.96273,47.28265]],[[10.96273,47.28265],[10.96329,47.28276]],[[10.96329,47.28276],[10.96333,47.2829]],[[10.96315,47.28286],[10.96294,47.28307],[10.96314,47.28315],[10.96333,47.2829]]]}},{"type":"Feature","properties":{"name":"Jakobsweg Tirol","network":"nwn","osmc:symbol":"blue:white:blue_bar","website":"https://www.jakobsweg-tirol.net/de/tiroler-jakobsweg.html","route":"hiking","osm":"relation/1774592","length_km_in_region":67.1},"geometry":{"type":"MultiLineString","coordinates":[[[11.61113,47.32162],[11.61201,47.32149],[11.61456,47.32206],[11.61856,47.32219],[11.62,47.3225]],[[11.60663,47.32028],[11.61113,47.32162]],[[11.59639,47.32009],[11.59682,47.32039],[11.59839,47.32088],[11.5991,47.32078],[11.59968,47.32027],[11.60049,47.32019],[11.60153,47.31955],[11.60468,47.31965],[11.60663,47.32028]],[[11.59138,47.31998],[11.59256,47.31978],[11.59428,47.32037],[11.59639,47.32009]],[[11.58886,47.32088],[11.59075,47.32035],[11.59138,47.31998]],[[11.58553,47.32233],[11.58702,47.32137],[11.58886,47.32088]],[[11.58511,47.32237],[11.58553,47.32233]],[[11.58263,47.32285],[11.58394,47.32236],[11.58511,47.32237]],[[11.58143,47.32296],[11.58166,47.32282],[11.58263,47.32285]],[[11.58138,47.32296],[11.58143,47.32296]],[[11.58123,47.32275],[11.58138,47.32296]],[[11.57535,47.32327],[11.57584,47.32228],[11.57772,47.3222],[11.57888,47.32259],[11.58123,47.32275]],[[11.57535,47.32327],[11.57495,47.32317]],[[11.57495,47.32317],[11.57429,47.32312],[11.57314,47.32351],[11.57095,47.32364],[11.56979,47.32314],[11.56833,47.32367],[11.56582,47.32394],[11.56513,47.32361]],[[11.56513,47.32361],[11.56328,47.32367],[11.56133,47.32273],[11.55906,47.32252]],[[11.55348,47.32082],[11.55617,47.32194],[11.55723,47.32214],[11.55813,47.32269],[11.55906,47.32252]],[[11.55126,47.3206],[11.55199,47.32087],[11.55348,47.32082]],[[11.55126,47.3206],[11.55114,47.32037]],[[11.53658,47.31591],[11.53824,47.31661],[11.5398,47.31788],[11.54214,47.31887],[11.54324,47.31962],[11.54448,47.31942],[11.5452,47.31905],[11.54666,47.31872],[11.54876,47.31875],[11.55038,47.31932],[11.5504,47.31962],[11.551,47.31954],[11.55124,47.31988],[11.55114,47.32037]],[[11.53133,47.31224],[11.53339,47.31348],[11.5362,47.31586],[11.53658,47.31591]],[[11.53133,47.31224],[11.53042,47.31226],[11.53046,47.31195],[11.52945,47.31182],[11.52891,47.31146],[11.52889,47.31208],[11.52847,47.31252],[11.52795,47.31232],[11.52766,47.31197],[11.52687,47.312],[11.52643,47.31231],[11.52612,47.31224]],[[11.52612,47.31224],[11.5233,47.30999],[11.522,47.30958],[11.52116,47.30964],[11.52055,47.30949]],[[11.52055,47.30949],[11.52018,47.30947],[11.51966,47.30995]],[[11.51966,47.30995],[11.51952,47.30991]],[[11.51952,47.30991],[11.5193,47.30983]],[[11.5193,47.30983],[11.51943,47.30953]],[[11.51943,47.30953],[11.51889,47.30831]],[[11.51869,47.30786],[11.51889,47.30831]],[[11.518,47.3056],[11.51869,47.30786]],[[11.51567,47.30479],[11.518,47.3056]],[[11.51388,47.30189],[11.51567,47.30479]],[[11.50682,47.29839],[11.50817,47.29912],[11.51175,47.30027],[11.51297,47.30101],[11.51388,47.30189]],[[11.50653,47.2981],[11.50682,47.29839]],[[11.50653,47.2981],[11.50654,47.2976],[11.50546,47.29606],[11.5054,47.29526]],[[11.50366,47.29545],[11.5054,47.29526]],[[11.50314,47.29557],[11.50366,47.29545]],[[11.50189,47.29581],[11.50314,47.29557]],[[11.50003,47.29596],[11.50189,47.29581]],[[11.49997,47.29652],[11.50003,47.29596]],[[11.49883,47.29643],[11.49997,47.29652]],[[11.49052,47.29629],[11.4941,47.29612],[11.49883,47.29643]],[[11.49052,47.29629],[11.49049,47.29609]],[[11.49049,47.29609],[11.48715,47.29614],[11.48673,47.29639],[11.48471,47.29643]],[[11.48072,47.29556],[11.48248,47.29559],[11.48471,47.29643]],[[11.47459,47.29385],[11.47847,47.29536],[11.48072,47.29556]],[[11.47382,47.29385],[11.47459,47.29385]],[[11.47345,47.29387],[11.47382,47.29385]],[[11.47319,47.29385],[11.47345,47.29387]],[[11.47213,47.29376],[11.47319,47.29385]],[[11.47167,47.29368],[11.47213,47.29376]],[[11.47167,47.29368],[11.4714,47.29364]],[[11.4714,47.29364],[11.47064,47.2939]],[[11.46881,47.29306],[11.47064,47.2939]],[[11.46771,47.2927],[11.46881,47.29306]],[[11.46275,47.29125],[11.4642,47.29196],[11.46771,47.2927]],[[11.46155,47.28965],[11.4617,47.29017],[11.46275,47.29125]],[[11.46059,47.28794],[11.46155,47.28965]],[[11.46059,47.28794],[11.46039,47.28698]],[[11.46039,47.28698],[11.46071,47.28683]],[[11.46034,47.28671],[11.46071,47.28683]],[[11.46018,47.2867],[11.46034,47.28671]],[[11.45923,47.28375],[11.45973,47.28463],[11.46018,47.2867]],[[11.45854,47.28311],[11.45923,47.28375]],[[11.45699,47.28185],[11.45854,47.28311]],[[11.45699,47.28185],[11.45486,47.28116]],[[11.45486,47.28116],[11.45254,47.28026],[11.4505,47.28004],[11.44764,47.27936]],[[11.44764,47.27936],[11.44715,47.28021],[11.44569,47.28093]],[[11.44569,47.28093],[11.44393,47.28075],[11.44286,47.28091],[11.4418,47.2815],[11.44098,47.2829],[11.44002,47.28362],[11.43785,47.28388]],[[11.43785,47.28388],[11.43699,47.28413]],[[11.43699,47.28413],[11.43597,47.28465]],[[11.43412,47.28437],[11.43597,47.28465]],[[11.43064,47.28286],[11.43153,47.28343],[11.43312,47.28384],[11.43412,47.28437]],[[11.42916,47.28265],[11.42998,47.28264],[11.43064,47.28286]],[[11.42488,47.28185],[11.42916,47.28265]],[[11.42448,47.28191],[11.42488,47.28185]],[[11.42427,47.28197],[11.42448,47.28191]],[[11.42427,47.28197],[11.42405,47.2821]],[[11.42405,47.2821],[11.42369,47.2822]],[[11.4163,47.28222],[11.41842,47.28171],[11.42048,47.28186],[11.42289,47.2823],[11.42369,47.2822]],[[11.41585,47.28225],[11.4163,47.28222]],[[11.41373,47.28304],[11.41518,47.28232],[11.41585,47.28225]],[[11.41356,47.28308],[11.41373,47.28304]],[[11.41329,47.28316],[11.41356,47.28308]],[[11.41309,47.28323],[11.41329,47.28316]],[[11.41276,47.28336],[11.41309,47.28323]],[[11.40706,47.28202],[11.41084,47.28253],[11.41276,47.28336]],[[11.40592,47.28144],[11.40649,47.2819],[11.40706,47.28202]],[[11.40579,47.28131],[11.40592,47.28144]],[[11.40573,47.28117],[11.40579,47.28131]],[[11.40559,47.28108],[11.40573,47.28117]],[[11.40544,47.281],[11.40559,47.28108]],[[11.40533,47.2809],[11.40544,47.281]],[[11.40523,47.28082],[11.40533,47.2809]],[[11.40523,47.28082],[11.40517,47.28073]],[[11.40517,47.28073],[11.40456,47.27987]],[[11.40456,47.27987],[11.40449,47.27978]],[[11.40449,47.27978],[11.40416,47.27949]],[[11.40412,47.27952],[11.40416,47.27949]],[[11.40402,47.27961],[11.40412,47.27952]],[[11.40394,47.27972],[11.40402,47.27961]],[[11.40135,47.27876],[11.40394,47.27972]],[[11.40015,47.27802],[11.40135,47.27876]],[[11.39735,47.27535],[11.39884,47.27709],[11.40015,47.27802]],[[11.39735,47.27535],[11.39559,47.27312]],[[11.39396,47.27106],[11.39559,47.27312]],[[11.3931,47.27011],[11.39396,47.27106]],[[11.3931,47.27011],[11.39311,47.2701]],[[11.39314,47.27009],[11.39311,47.2701]],[[11.39317,47.27008],[11.39314,47.27009]],[[11.39327,47.27005],[11.39317,47.27008]],[[11.39362,47.26996],[11.39327,47.27005]],[[11.39362,47.26996],[11.39381,47.26993]],[[11.39381,47.26993],[11.39375,47.26974]],[[11.39375,47.26974],[11.39371,47.26962]],[[11.39358,47.2692],[11.39371,47.26962]],[[11.39347,47.26859],[11.39358,47.2692]],[[11.39321,47.26852],[11.39347,47.26859]],[[11.39321,47.26852],[11.39337,47.26799]],[[11.39337,47.26799],[11.39364,47.26702]],[[11.39364,47.26702],[11.39439,47.26533]],[[11.39439,47.26533],[11.39424,47.26525]],[[11.39424,47.26525],[11.39189,47.2647]],[[11.39189,47.2647],[11.39077,47.26442]],[[11.39077,47.26442],[11.39062,47.26438]],[[11.39062,47.26438],[11.3899,47.26421]],[[11.3899,47.26421],[11.3888,47.26394]],[[11.3888,47.26394],[11.38839,47.26383]],[[11.38839,47.26383],[11.38729,47.26358]],[[11.38729,47.26358],[11.38717,47.26359]],[[11.38717,47.26359],[11.38658,47.26397]],[[11.38641,47.26407],[11.38658,47.26397]],[[11.38511,47.26505],[11.3851,47.26506]],[[11.3851,47.26506],[11.38438,47.26555]],[[11.38438,47.26555],[11.38436,47.26557]],[[11.38479,47.26585],[11.38436,47.26557]],[[11.38479,47.26585],[11.38436,47.26563]],[[11.38436,47.26563],[11.38415,47.26549]],[[11.38415,47.26549],[11.3839,47.26528]],[[11.37881,47.25982],[11.38074,47.26226],[11.3839,47.26528]],[[11.37881,47.25982],[11.37866,47.25966]],[[11.37866,47.25966],[11.3785,47.25949]],[[11.3785,47.25949],[11.37834,47.25931]],[[11.37635,47.25745],[11.37834,47.25931]],[[11.37635,47.25745],[11.37628,47.25738]],[[11.37628,47.25738],[11.37622,47.25733]],[[11.37601,47.25715],[11.37622,47.25733]],[[11.36812,47.25332],[11.37011,47.25337],[11.37206,47.25388],[11.37378,47.25503],[11.37601,47.25715]],[[11.36276,47.25491],[11.36309,47.25448],[11.36812,47.25332]],[[11.36276,47.25491],[11.36266,47.25491]],[[11.36266,47.25491],[11.36235,47.25463],[11.35864,47.2553],[11.3542,47.25546]],[[11.3542,47.25546],[11.35391,47.25542]],[[11.35391,47.25542],[11.35173,47.25506]],[[11.35173,47.25506],[11.35135,47.25499]],[[11.35135,47.25499],[11.3447,47.25323],[11.34293,47.25302],[11.34073,47.25311]],[[11.34073,47.25311],[11.3395,47.25329],[11.33696,47.25403],[11.33418,47.25549],[11.33165,47.25733]],[[11.33165,47.25733],[11.33102,47.2574],[11.32955,47.25823],[11.32819,47.25963],[11.32801,47.26049]],[[11.32801,47.26049],[11.32882,47.26136]],[[11.32875,47.26159],[11.32882,47.26136]],[[11.32669,47.26144],[11.32875,47.26159]],[[11.32505,47.26099],[11.32669,47.26144]],[[11.32351,47.26055],[11.3242,47.26056],[11.32505,47.26099]],[[11.32351,47.26055],[11.32423,47.26046],[11.32508,47.26075]],[[11.32508,47.26075],[11.32452,47.25926],[11.32694,47.25709],[11.32861,47.25618]],[[11.32861,47.25618],[11.32894,47.25605]],[[11.32894,47.25605],[11.33133,47.25513]],[[11.33133,47.25513],[11.3314,47.2551]],[[11.3314,47.2551],[11.33166,47.25499]],[[11.33158,47.25489],[11.33166,47.25499]],[[11.33138,47.25463],[11.33158,47.25489]],[[11.33123,47.25443],[11.33138,47.25463]],[[11.33123,47.25443],[11.33041,47.25363],[11.3287,47.25326],[11.32851,47.2528]],[[11.32767,47.25271],[11.32851,47.2528]],[[11.32767,47.25271],[11.32759,47.2527]],[[11.32759,47.2527],[11.32755,47.2527]],[[11.32755,47.2527],[11.32689,47.25299]],[[11.32684,47.25292],[11.32689,47.25299]],[[11.32574,47.25315],[11.32684,47.25292]],[[11.32566,47.25321],[11.32574,47.25315]],[[11.32566,47.25321],[11.32507,47.25317]],[[11.32507,47.25317],[11.32366,47.25332],[11.32283,47.25286],[11.3202,47.2526]],[[11.30582,47.25269],[11.30613,47.25198],[11.30778,47.25122],[11.30979,47.25116],[11.31245,47.25159],[11.31602,47.25264],[11.31765,47.25274],[11.3202,47.2526]],[[11.3064,47.25369],[11.30667,47.25311],[11.30611,47.25297],[11.30582,47.25269]],[[11.3064,47.25369],[11.30578,47.25336],[11.30569,47.25283],[11.30538,47.25312],[11.30512,47.2531],[11.30195,47.25183],[11.30063,47.25148]],[[11.30063,47.25148],[11.29792,47.25018],[11.29479,47.25025],[11.29366,47.25003]],[[11.29366,47.25003],[11.29255,47.24995],[11.29096,47.25014]],[[11.28838,47.25108],[11.29052,47.2513],[11.29096,47.25014]],[[11.28838,47.25108],[11.28489,47.25016],[11.28337,47.2504],[11.28088,47.24994]],[[11.28088,47.24994],[11.28082,47.24994]],[[11.28082,47.24994],[11.28074,47.24994]],[[11.28074,47.24994],[11.27867,47.25017]],[[11.27867,47.25017],[11.27763,47.25002]],[[11.27763,47.25002],[11.27719,47.25006],[11.27585,47.24968]],[[11.27585,47.24968],[11.27565,47.24963]],[[11.27211,47.2498],[11.27397,47.24944],[11.27565,47.24963]],[[11.27211,47.24982],[11.27211,47.2498]],[[11.27211,47.24991],[11.27211,47.24982]],[[11.27192,47.2521],[11.27233,47.25043],[11.27211,47.24991]],[[11.27085,47.25192],[11.27118,47.25184],[11.27192,47.2521]],[[11.27058,47.25214],[11.27085,47.25192]],[[11.26663,47.25288],[11.26746,47.25276],[11.26898,47.25287],[11.27058,47.25214]],[[11.26636,47.25303],[11.26663,47.25288]],[[11.266,47.25311],[11.26636,47.25303]],[[11.266,47.2532],[11.26574,47.25329],[11.26561,47.25311],[11.26588,47.25302],[11.266,47.2532]],[[11.26535,47.25316],[11.26561,47.25311]],[[11.26535,47.25316],[11.2653,47.25316]],[[11.2653,47.25316],[11.26509,47.25316]],[[11.26509,47.25316],[11.26503,47.25316]],[[11.26503,47.25316],[11.26444,47.25338],[11.26391,47.25406]],[[11.26391,47.25406],[11.2638,47.25421]],[[11.2638,47.25421],[11.26337,47.25419]],[[11.26337,47.25419],[11.26017,47.25472]],[[11.26017,47.25472],[11.25834,47.25416]],[[11.25565,47.25738],[11.25686,47.25647],[11.25686,47.25559],[11.2573,47.25482],[11.25778,47.25433],[11.25834,47.25416]],[[11.25456,47.25767],[11.25565,47.25738]],[[11.2559,47.25941],[11.25438,47.25862],[11.25456,47.25767]],[[11.25696,47.25998],[11.2559,47.25941]],[[11.25701,47.26055],[11.25696,47.25998]],[[11.25701,47.26055],[11.25692,47.2606]],[[11.25692,47.2606],[11.25629,47.26185]],[[11.25629,47.26185],[11.25546,47.26345]],[[11.25546,47.26345],[11.25546,47.26379]],[[11.25546,47.26379],[11.2554,47.2639]],[[11.2554,47.2639],[11.2518,47.26255],[11.24871,47.26189],[11.24601,47.26175],[11.24323,47.26207],[11.24029,47.26287],[11.23774,47.26422],[11.23706,47.26406],[11.23665,47.26426],[11.2358,47.26575],[11.23514,47.26817]],[[11.21712,47.27558],[11.22243,47.27502],[11.22592,47.27432],[11.22812,47.27356],[11.2319,47.27157],[11.23427,47.26966],[11.23514,47.26817]],[[11.20567,47.27954],[11.2099,47.27838],[11.21206,47.27724],[11.21512,47.276],[11.21712,47.27558]],[[11.20474,47.27838],[11.20567,47.27954]],[[11.20474,47.27838],[11.20453,47.27812]],[[11.20453,47.27812],[11.20307,47.27628]],[[11.20307,47.27628],[11.20295,47.27614]],[[11.20295,47.27614],[11.20199,47.2746],[11.2017,47.27356],[11.20125,47.27336]],[[11.20125,47.27336],[11.1995,47.27469],[11.19799,47.27477]],[[11.19697,47.27405],[11.19799,47.27477]],[[11.19697,47.27405],[11.1962,47.27442]],[[11.19435,47.27355],[11.1962,47.27442]],[[11.19422,47.27335],[11.19435,47.27355]],[[11.19377,47.27377],[11.19422,47.27335]],[[11.19377,47.27377],[11.1935,47.27373]],[[11.18968,47.27547],[11.1921,47.27456],[11.1935,47.27373]],[[11.18968,47.27547],[11.18963,47.27538]],[[11.18963,47.27538],[11.18893,47.27414]],[[11.18708,47.27447],[11.18893,47.27414]],[[11.18683,47.27453],[11.18708,47.27447]],[[11.18002,47.27344],[11.18339,47.27469],[11.18683,47.27453]],[[11.18002,47.27344],[11.18027,47.27226]],[[11.17934,47.27247],[11.18027,47.27226]],[[11.17807,47.27336],[11.17934,47.27247]],[[11.17787,47.2734],[11.17807,47.27336]],[[11.17781,47.27341],[11.17787,47.2734]],[[11.17781,47.27341],[11.17476,47.27477],[11.17293,47.27508]],[[11.17293,47.27508],[11.171,47.27542]],[[11.171,47.27542],[11.17021,47.27564],[11.16814,47.27575],[11.16826,47.27667]],[[11.16728,47.277],[11.16826,47.27667]],[[11.16728,47.277],[11.16721,47.27695]],[[11.16721,47.27695],[11.16615,47.27606]],[[11.16414,47.27706],[11.16507,47.27675],[11.16564,47.27619],[11.16615,47.27606]],[[11.16414,47.27706],[11.1635,47.27723]],[[11.16308,47.27716],[11.1635,47.27723]],[[11.15709,47.27827],[11.15826,47.27834],[11.16308,47.27716]],[[11.15563,47.27904],[11.15601,47.27842],[11.15709,47.27827]],[[11.15563,47.27904],[11.15426,47.27851]],[[11.15426,47.27851],[11.15391,47.27849],[11.15194,47.27937]],[[11.15194,47.27937],[11.14963,47.28009]],[[11.14963,47.28009],[11.14958,47.28011]],[[11.14958,47.28011],[11.1474,47.2808]],[[11.14582,47.28128],[11.1474,47.2808]],[[11.14545,47.28066],[11.14582,47.28128]],[[11.14456,47.28206],[11.14584,47.28177],[11.14518,47.28109],[11.14545,47.28066]],[[11.14469,47.28212],[11.14456,47.28206]],[[11.14056,47.28366],[11.14124,47.28327],[11.14248,47.28337],[11.14301,47.28325],[11.14469,47.28212]],[[11.13925,47.28506],[11.13963,47.28479],[11.13955,47.28396],[11.14056,47.28366]],[[11.13669,47.28711],[11.13648,47.2865],[11.13925,47.28506]],[[11.13669,47.28711],[11.1365,47.28714]],[[11.1365,47.28714],[11.13537,47.28735]],[[11.13537,47.28735],[11.13221,47.2881],[11.12851,47.28929]],[[11.12851,47.28929],[11.12699,47.28978]],[[11.12699,47.28978],[11.12689,47.28981]],[[11.12689,47.28981],[11.12503,47.29069]],[[11.12503,47.29069],[11.12476,47.29076]],[[11.12476,47.29076],[11.12468,47.29077]],[[11.12468,47.29077],[11.12403,47.29154]],[[11.12403,47.29154],[11.1238,47.29142]],[[11.1238,47.29142],[11.12382,47.29124]],[[11.12382,47.29124],[11.12349,47.29091]],[[11.12349,47.29091],[11.12347,47.29094]],[[11.12205,47.29086],[11.12347,47.29094]],[[11.12178,47.29078],[11.12205,47.29086]],[[11.12061,47.29058],[11.12178,47.29078]],[[11.12011,47.29021],[11.12061,47.29058]],[[11.12011,47.29021],[11.11897,47.28957]],[[11.11897,47.28957],[11.11918,47.28945]],[[11.11918,47.28945],[11.11828,47.28903]],[[11.11828,47.28903],[11.11786,47.28883]],[[11.11732,47.28872],[11.11786,47.28883]],[[11.11763,47.28901],[11.11732,47.28872]],[[11.11759,47.28902],[11.11763,47.28901]],[[11.11748,47.28916],[11.11759,47.28902]],[[11.11737,47.28922],[11.11748,47.28916]],[[11.11737,47.28922],[11.1168,47.28974],[11.11603,47.29003],[11.1141,47.29041],[11.11388,47.29026],[11.11302,47.29032],[11.10993,47.29122],[11.10706,47.29291],[11.10594,47.29309],[11.10521,47.29291],[11.10414,47.293],[11.10294,47.29408],[11.10097,47.29443]],[[11.10097,47.29443],[11.09892,47.29473]],[[11.09701,47.29661],[11.09834,47.29587],[11.09892,47.29473]],[[11.09687,47.2967],[11.09701,47.29661]],[[11.09413,47.29511],[11.09478,47.29586],[11.09537,47.29578],[11.09579,47.2963],[11.09687,47.2967]],[[11.08842,47.29664],[11.08859,47.29534],[11.09025,47.29542],[11.09271,47.29478],[11.09413,47.29511]],[[11.08842,47.29664],[11.08831,47.29705],[11.08674,47.29724]],[[11.08656,47.29721],[11.08674,47.29724]],[[11.08385,47.29698],[11.08656,47.29721]],[[11.08379,47.297],[11.08385,47.29698]],[[11.08379,47.297],[11.0826,47.29884]],[[11.0826,47.29884],[11.0815,47.29904]],[[11.0815,47.29904],[11.08143,47.29903]],[[11.08143,47.29903],[11.0814,47.29902]],[[11.0814,47.29902],[11.08056,47.29915]],[[11.08056,47.29915],[11.07869,47.2995]],[[11.07869,47.2995],[11.07824,47.29951]],[[11.07254,47.29807],[11.07348,47.29806],[11.07679,47.29867],[11.07824,47.29951]],[[11.07144,47.29733],[11.07176,47.29814],[11.07254,47.29807]],[[11.07041,47.29635],[11.07158,47.29716],[11.07144,47.29733]],[[11.06575,47.2941],[11.06622,47.29442],[11.06634,47.29479],[11.07041,47.29635]],[[11.05984,47.29343],[11.06217,47.29359],[11.06496,47.29435],[11.06575,47.2941]],[[11.04657,47.2892],[11.04806,47.28982],[11.05293,47.29094],[11.05984,47.29343]],[[11.04657,47.2892],[11.0452,47.28797],[11.04272,47.28712],[11.04125,47.28688]],[[11.04125,47.28688],[11.03994,47.28673],[11.03716,47.28682],[11.03584,47.28704],[11.03429,47.2869]],[[11.03429,47.2869],[11.03089,47.28613]],[[11.03089,47.28613],[11.02882,47.2859]],[[11.02882,47.2859],[11.02842,47.28595],[11.02792,47.28643]],[[11.02792,47.28643],[11.02778,47.28653]],[[11.02778,47.28653],[11.0277,47.2866]],[[11.0277,47.2866],[11.0245,47.2864]],[[11.0245,47.2864],[11.02236,47.28631],[11.02045,47.28534],[11.01839,47.28511]],[[11.01839,47.28511],[11.01588,47.2847]],[[11.01588,47.2847],[11.01304,47.28411],[11.01186,47.28412],[11.00959,47.28373],[11.00861,47.28324],[11.00622,47.28146]],[[11.00471,47.28014],[11.00622,47.28146]],[[10.99032,47.27628],[11.00001,47.27845],[11.00166,47.27844],[11.00316,47.27873],[11.00399,47.27917],[11.00471,47.28014]],[[10.99032,47.27628],[10.988,47.27623],[10.98563,47.27596]],[[10.98563,47.27596],[10.98447,47.27603]],[[10.98447,47.27603],[10.98286,47.27667]],[[10.98225,47.27676],[10.98286,47.27667]],[[10.97761,47.27566],[10.97838,47.27569],[10.98225,47.27676]],[[10.97761,47.27566],[10.9766,47.27563],[10.97549,47.2753]],[[10.97549,47.2753],[10.97541,47.27523]],[[10.97541,47.27523],[10.97357,47.27456]],[[10.97357,47.27456],[10.97247,47.27431]],[[10.97247,47.27431],[10.97318,47.27216],[10.97301,47.2714],[10.96974,47.26983],[10.96915,47.26936]],[[10.96156,47.26816],[10.96771,47.2686],[10.96854,47.26876],[10.96915,47.26936]],[[10.94972,47.26778],[10.95599,47.26763],[10.95759,47.26797],[10.96156,47.26816]],[[11.38654,47.26418],[11.38641,47.26407]],[[11.38655,47.2642],[11.38654,47.26418]],[[11.38655,47.2642],[11.38631,47.26428]],[[11.38631,47.26428],[11.3852,47.26502]],[[11.3852,47.26502],[11.38514,47.26505]],[[11.38514,47.26505],[11.38512,47.26506]],[[11.38511,47.26505],[11.38512,47.26506]]]}},{"type":"Feature","properties":{"name":"Jakobsweg Tirol - Allgäu","network":"nwn","osmc:symbol":"e:blue:shell_modern","from":"Stams","to":"Oberstaufen","route":"hiking","osm":"relation/12411096","length_km_in_region":5.7},"geometry":{"type":"MultiLineString","coordinates":[[[10.97247,47.27431],[10.96796,47.27358]],[[10.96796,47.27358],[10.96764,47.27352]],[[10.96764,47.27352],[10.96014,47.27218]],[[10.96014,47.27218],[10.95957,47.27394],[10.95964,47.27447]],[[10.95964,47.27447],[10.96042,47.27453],[10.96032,47.2751]],[[10.96032,47.2751],[10.96004,47.27542]],[[10.96004,47.27542],[10.95959,47.27595]],[[10.95959,47.27595],[10.9593,47.27622]],[[10.9593,47.27622],[10.959,47.27639]],[[10.959,47.27639],[10.95855,47.2758],[10.95819,47.27575]],[[10.95819,47.27575],[10.95705,47.27607]],[[10.9565,47.27631],[10.95705,47.27607]],[[10.95602,47.28076],[10.95672,47.27934],[10.9565,47.27631]],[[10.95557,47.28146],[10.95602,47.28076]],[[10.95599,47.28156],[10.95557,47.28146]],[[10.95607,47.28157],[10.95599,47.28156]],[[10.95726,47.28234],[10.95684,47.28177],[10.95607,47.28157]],[[10.95726,47.28234],[10.95836,47.28196],[10.95858,47.28205]],[[10.95858,47.28205],[10.95871,47.282]],[[10.95871,47.282],[10.95908,47.2819]],[[10.95908,47.2819],[10.95908,47.28071],[10.95974,47.28049],[10.96077,47.28055],[10.96084,47.28085],[10.9604,47.28152],[10.96125,47.28123],[10.96209,47.28157],[10.96172,47.28191],[10.96265,47.28191],[10.96249,47.28214],[10.96284,47.28235]],[[10.96284,47.28235],[10.96297,47.28245]],[[10.95424,47.28774],[10.95471,47.28658],[10.95457,47.28561],[10.95557,47.28146]],[[10.95582,47.29045],[10.95549,47.28908],[10.9544,47.2883],[10.95424,47.28774]],[[10.9574,47.29411],[10.95699,47.29267],[10.9563,47.2917],[10.95582,47.29045]],[[10.95353,47.29636],[10.95366,47.29594],[10.95505,47.29568],[10.9557,47.2951],[10.95707,47.29454],[10.9574,47.29411]],[[10.95352,47.2965],[10.95353,47.29636]],[[10.95328,47.29698],[10.95352,47.2965]],[[10.95328,47.29704],[10.95328,47.29698]],[[10.95106,47.29831],[10.95254,47.29728],[10.95328,47.29704]],[[10.95079,47.29848],[10.95106,47.29831]],[[10.95066,47.29853],[10.95079,47.29848]],[[10.95053,47.29857],[10.95066,47.29853]],[[10.94996,47.29878],[10.95053,47.29857]]]}},{"type":"Feature","properties":{"name":"Jochleitensteig","network":"lwn","route":"foot","osm":"relation/15937244","length_km_in_region":2.5},"geometry":{"type":"MultiLineString","coordinates":[[[11.47716,47.21235],[11.47537,47.21138],[11.47381,47.21111]],[[11.47381,47.21111],[11.47308,47.21065],[11.47299,47.21024],[11.47257,47.21048]],[[11.47257,47.21048],[11.4715,47.21055],[11.47024,47.21016],[11.46828,47.20992]],[[11.46828,47.20992],[11.46737,47.20896],[11.4671,47.20819],[11.46642,47.20777],[11.46646,47.20714],[11.46543,47.20631],[11.46367,47.20592],[11.46255,47.20479],[11.46165,47.20428],[11.46154,47.20385],[11.46048,47.20318],[11.45994,47.20317],[11.45892,47.20262],[11.45752,47.20287],[11.45497,47.20266],[11.45415,47.20279],[11.45196,47.20391]]]}},{"type":"Feature","properties":{"name":"Kaiser Maximilian Weg","network":"lwn","route":"foot","osm":"relation/16246299","length_km_in_region":2.0},"geometry":{"type":"MultiLineString","coordinates":[[[11.18949,47.32478],[11.18959,47.32514]],[[11.19119,47.32291],[11.19052,47.3231],[11.18949,47.32478]],[[11.19399,47.32177],[11.19376,47.32216],[11.19142,47.32302],[11.19119,47.32291]],[[11.19445,47.32157],[11.19399,47.32177]],[[11.1945,47.32155],[11.19445,47.32157]],[[11.19581,47.32126],[11.1945,47.32155]],[[11.197,47.32033],[11.19643,47.32057],[11.19638,47.32094],[11.19581,47.32126]],[[11.19667,47.32005],[11.197,47.32033]],[[11.19658,47.32002],[11.19667,47.32005]],[[11.19602,47.31986],[11.19658,47.32002]],[[11.19589,47.31983],[11.19602,47.31986]],[[11.19543,47.31971],[11.19589,47.31983]],[[11.19534,47.31969],[11.19543,47.31971]],[[11.19515,47.31966],[11.19534,47.31969]],[[11.195,47.31986],[11.19515,47.31966]],[[11.19495,47.31992],[11.195,47.31986]],[[11.19454,47.32017],[11.19495,47.31992]],[[11.19442,47.32018],[11.19454,47.32017]],[[11.19246,47.31951],[11.19299,47.31952],[11.19407,47.32016],[11.19442,47.32018]],[[11.19189,47.31998],[11.19246,47.31951]],[[11.19159,47.32017],[11.19189,47.31998]],[[11.19036,47.32099],[11.19061,47.32064],[11.1915,47.32042],[11.19159,47.32017]],[[11.18811,47.32369],[11.18904,47.32257],[11.19003,47.32232],[11.19043,47.32192],[11.19036,47.32099]],[[11.18746,47.32451],[11.18811,47.32369]],[[11.18733,47.32467],[11.18746,47.32451]],[[11.18732,47.32474],[11.18733,47.32467]]]}},{"type":"Feature","properties":{"name":"Kapellenweg","route":"hiking","osm":"relation/3317224","length_km_in_region":0.3},"geometry":{"type":"MultiLineString","coordinates":[[[11.32678,47.25074],[11.3268,47.25073]],[[11.32673,47.25075],[11.32678,47.25074]],[[11.32602,47.2505],[11.32659,47.25092],[11.32673,47.25075]],[[11.32612,47.2507],[11.32602,47.2505]],[[11.32613,47.25072],[11.32612,47.2507]],[[11.32596,47.25063],[11.32613,47.25072]],[[11.32594,47.25061],[11.32596,47.25063]],[[11.32572,47.25051],[11.32594,47.25061]],[[11.32557,47.25047],[11.32572,47.25051]],[[11.32577,47.25077],[11.32581,47.25075]],[[11.3256,47.2507],[11.32577,47.25077]],[[11.32556,47.25069],[11.3256,47.2507]],[[11.32554,47.25069],[11.32556,47.25069]],[[11.3255,47.25067],[11.32554,47.25069]],[[11.32543,47.25065],[11.3255,47.25067]],[[11.32526,47.2506],[11.32543,47.25065]],[[11.32547,47.25083],[11.32526,47.2506]],[[11.32548,47.25085],[11.32547,47.25083]],[[11.32547,47.25102],[11.32548,47.25085]]]}},{"type":"Feature","properties":{"name":"Kaspar-Sautnerweg","network":"lwn","route":"foot","osm":"relation/19315217","length_km_in_region":2.0},"geometry":{"type":"MultiLineString","coordinates":[[[11.48088,47.26676],[11.48275,47.26773],[11.48493,47.26814],[11.48808,47.26919],[11.49102,47.26886],[11.4919,47.26893],[11.49647,47.26995]],[[11.47868,47.26553],[11.48047,47.26632],[11.48088,47.26676]],[[11.47272,47.26345],[11.47676,47.26485],[11.47781,47.26538],[11.47868,47.26553]]]}},{"type":"Feature","properties":{"name":"Klammjoch - Tarntalerköpfe - Lizumer Sonnenspitze - Geier","network":"lwn","operator":"ÖAV Hall in Tirol","osmc:symbol":"red:red:white_bar","route":"hiking","osm":"relation/16521368","length_km_in_region":0.5},"geometry":{"type":"MultiLineString","coordinates":[[[11.61457,47.16454],[11.61489,47.16425],[11.61604,47.16433],[11.61694,47.16462],[11.61797,47.16458],[11.62006,47.16378]]]}},{"type":"Feature","properties":{"name":"Kleine Tälerüberschreitung","network":"lwn","route":"hiking","osm":"relation/11534075","length_km_in_region":6.3},"geometry":{"type":"MultiLineString","coordinates":[[[11.50325,47.17674],[11.50357,47.17689],[11.50598,47.17699]],[[11.50598,47.17699],[11.50668,47.17728],[11.50659,47.17757],[11.5058,47.17759],[11.50533,47.17797],[11.50426,47.17824],[11.50222,47.17854],[11.50076,47.17951],[11.49806,47.18004],[11.49664,47.18066],[11.49514,47.18079],[11.49571,47.18102]],[[11.49959,47.18224],[11.49896,47.18182],[11.49813,47.18176],[11.49571,47.18102]],[[11.49498,47.18473],[11.49473,47.18414],[11.49527,47.18363],[11.49687,47.18279],[11.49765,47.18257],[11.49899,47.18252],[11.49959,47.18224]],[[11.47622,47.19165],[11.47767,47.19089],[11.47927,47.19157],[11.47993,47.19142],[11.47993,47.19114],[11.48014,47.19112],[11.48056,47.19128],[11.48113,47.19107],[11.48261,47.19134],[11.48373,47.19014],[11.48525,47.18908],[11.48649,47.18897],[11.48679,47.18876],[11.48747,47.18892],[11.48844,47.18869],[11.4898,47.18805],[11.49026,47.18807],[11.49104,47.18764],[11.49329,47.18704],[11.49387,47.18606],[11.49453,47.18567],[11.49446,47.18523],[11.49498,47.18473]],[[11.47622,47.19165],[11.4762,47.19205],[11.47685,47.1925],[11.47753,47.19256],[11.47665,47.19401],[11.4766,47.19495],[11.47708,47.19799],[11.47779,47.19979],[11.47998,47.20169],[11.48198,47.20271],[11.48281,47.20376],[11.48416,47.20414],[11.48545,47.20495],[11.48622,47.20508],[11.48899,47.2064],[11.48969,47.20654],[11.48988,47.20663],[11.48966,47.20672],[11.49013,47.20699]]]}},{"type":"Feature","properties":{"name":"Klettersteig Grosse Ochsenwand (via Ferrata)","network":"lwn","route":"hiking","osm":"relation/17078423","length_km_in_region":0.8},"geometry":{"type":"MultiLineString","coordinates":[[[11.27852,47.15445],[11.27943,47.15381],[11.2801,47.15369],[11.2813,47.15307],[11.28286,47.15276],[11.2833,47.15219],[11.283,47.15177],[11.2838,47.1511],[11.28364,47.15082],[11.28439,47.15012],[11.28406,47.14975],[11.28434,47.14958]]]}},{"type":"Feature","properties":{"name":"Klettersteig Kalkkögel","route":"hiking","osm":"relation/17078431","length_km_in_region":1.1},"geometry":{"type":"MultiLineString","coordinates":[[[11.27883,47.15831],[11.27854,47.15739],[11.27922,47.15741],[11.27975,47.15661],[11.27958,47.15614],[11.27882,47.15605],[11.27852,47.15445]],[[11.27895,47.15998],[11.2786,47.15929],[11.279,47.15883],[11.27866,47.15838],[11.27883,47.15831]],[[11.28015,47.15997],[11.27943,47.15961],[11.27895,47.15998]],[[11.28068,47.16014],[11.28015,47.15997],[11.28026,47.15975],[11.27938,47.15844],[11.27883,47.15831]]]}},{"type":"Feature","properties":{"name":"Knappentrail","ref":"12","network":"lwn","osmc:symbol":"blue","website":"https://www.innsbruck.info/sport/d/trailrunning-strecken/touren/knappentrail.html","distance":"7.3","route":"hiking","roundtrip":"yes","osm":"relation/10990136","length_km_in_region":6.7},"geometry":{"type":"MultiLineString","coordinates":[[[11.32847,47.26951],[11.32768,47.2696]],[[11.32847,47.26951],[11.32895,47.26955]],[[11.32937,47.26944],[11.32895,47.26955]],[[11.32972,47.26956],[11.32973,47.2691],[11.32937,47.26944]],[[11.32935,47.27009],[11.32972,47.26956]],[[11.33086,47.2707],[11.3295,47.27033],[11.32935,47.27009]],[[11.33086,47.2707],[11.33107,47.2715]],[[11.33107,47.2715],[11.33136,47.27252],[11.33237,47.27304]],[[11.33698,47.27506],[11.33558,47.27409],[11.33294,47.27362],[11.33237,47.27304]],[[11.34626,47.27883],[11.3422,47.278],[11.33959,47.27698],[11.33994,47.27698],[11.33809,47.27628],[11.33846,47.27607],[11.33815,47.27586],[11.33766,47.27611],[11.33742,47.27605],[11.33698,47.27506]],[[11.34768,47.27821],[11.34614,47.27828],[11.34751,47.27866],[11.34626,47.27883]],[[11.34768,47.27821],[11.34642,47.27785],[11.34757,47.27781],[11.3465,47.27748],[11.34801,47.2775],[11.34664,47.27701],[11.34822,47.27705],[11.34692,47.27669],[11.3483,47.27677],[11.34707,47.2763]],[[11.34707,47.2763],[11.34865,47.27637]],[[11.34865,47.27637],[11.34764,47.27599],[11.34884,47.27585]],[[11.34884,47.27585],[11.34904,47.2758]],[[11.35259,47.27563],[11.35186,47.27555],[11.35107,47.2758],[11.35035,47.27558],[11.34904,47.2758]],[[11.3509,47.27361],[11.35151,47.27408],[11.35216,47.27547],[11.35259,47.27563]],[[11.35022,47.27355],[11.3509,47.27361]],[[11.35011,47.27356],[11.35022,47.27355]],[[11.34921,47.27378],[11.35011,47.27356]],[[11.34707,47.27362],[11.34727,47.27337],[11.34757,47.27336],[11.34788,47.27404],[11.34842,47.27434],[11.34921,47.27378]],[[11.34707,47.27362],[11.34642,47.27344],[11.34616,47.27312]],[[11.34616,47.27312],[11.34581,47.27273],[11.34476,47.27233],[11.34162,47.27167],[11.34091,47.27191],[11.34049,47.27148],[11.33957,47.27121],[11.3389,47.27134]],[[11.33588,47.271],[11.33776,47.27106],[11.33849,47.27137],[11.33868,47.27112],[11.3389,47.27134]],[[11.33728,47.27025],[11.33588,47.271]],[[11.33746,47.27019],[11.33728,47.27025]],[[11.33778,47.27014],[11.33746,47.27019]],[[11.33496,47.27062],[11.33656,47.26983],[11.3374,47.26962],[11.33792,47.26903],[11.33797,47.26991],[11.33778,47.27014]],[[11.33496,47.27062],[11.33337,47.27102],[11.33362,47.27028],[11.33292,47.27017],[11.33228,47.27025],[11.33174,47.2706],[11.33086,47.2707]]]}},{"type":"Feature","properties":{"name":"Knappenweg","network":"lwn","route":"foot","osm":"relation/21379175","length_km_in_region":4.4},"geometry":{"type":"MultiLineString","coordinates":[[[10.97892,47.22438],[10.9793,47.22407]],[[10.9793,47.22407],[10.97949,47.22332],[10.97894,47.22264],[10.97776,47.2228],[10.97739,47.22249],[10.97642,47.2227],[10.97586,47.22161],[10.97516,47.22194],[10.97441,47.22128],[10.9734,47.22143],[10.97288,47.22116],[10.96946,47.21849],[10.96923,47.21793],[10.96865,47.21739],[10.96485,47.21539],[10.96486,47.21268],[10.96597,47.20983],[10.96585,47.20942],[10.96357,47.20821],[10.96165,47.20797],[10.96147,47.20736],[10.962,47.20544],[10.96167,47.20485],[10.96162,47.20404],[10.96075,47.20316],[10.96029,47.20319],[10.95988,47.20287],[10.95923,47.20272],[10.95581,47.20253],[10.95364,47.20326],[10.95304,47.20433],[10.95202,47.20501],[10.95115,47.20437],[10.95069,47.20459],[10.95025,47.20432],[10.94983,47.2045]]]}},{"type":"Feature","properties":{"name":"Krepperhütte Parkplatz - Largoz","network":"lwn","operator":"ÖAV Hall in Tirol","osmc:symbol":"red:white:red_bar","route":"hiking","osm":"relation/18305245","length_km_in_region":2.9},"geometry":{"type":"MultiLineString","coordinates":[[[11.59213,47.24222],[11.59249,47.24187],[11.59243,47.24159],[11.59257,47.24166]],[[11.58994,47.24266],[11.59109,47.24228],[11.59213,47.24222]],[[11.58485,47.24392],[11.58495,47.24364],[11.58456,47.24351],[11.5846,47.24335],[11.58599,47.24283],[11.58643,47.24238],[11.58804,47.24234],[11.58898,47.24263],[11.58994,47.24266]],[[11.58483,47.24406],[11.58485,47.24392]],[[11.58483,47.24406],[11.58469,47.24439]],[[11.58427,47.25199],[11.5849,47.251],[11.58478,47.25049],[11.58515,47.25033],[11.58487,47.24946],[11.58501,47.24923],[11.58472,47.24902],[11.585,47.24866],[11.5841,47.24728],[11.58423,47.24694],[11.58478,47.24681],[11.5846,47.24632],[11.58488,47.246],[11.58514,47.24601],[11.58505,47.24566],[11.58531,47.24559],[11.58465,47.24469],[11.58469,47.24439]],[[11.58431,47.25213],[11.58427,47.25199]],[[11.58118,47.25539],[11.58148,47.25531],[11.58165,47.25444],[11.58218,47.25362],[11.5835,47.25252],[11.58431,47.25213]],[[11.5746,47.25723],[11.57561,47.25693],[11.5759,47.256],[11.57721,47.256],[11.57899,47.25543],[11.57967,47.25564],[11.58118,47.25539]]]}},{"type":"Feature","properties":{"name":"Kuhljochspitze","network":"lwn","operator":"OEAV Zweig Innsbruck","route":"hiking","osm":"relation/14761204","length_km_in_region":0.2},"geometry":{"type":"MultiLineString","coordinates":[[[11.26867,47.3143],[11.26941,47.31449]],[[11.26941,47.31449],[11.27074,47.31472]],[[11.27074,47.31472],[11.27077,47.31489],[11.27143,47.31495]]]}},{"type":"Feature","properties":{"name":"Kulturwanderweg Reith","network":"lwn","route":"foot","osm":"relation/20279337","length_km_in_region":4.0},"geometry":{"type":"MultiLineString","coordinates":[[[11.20393,47.29884],[11.20316,47.29939]],[[11.20459,47.29854],[11.20594,47.2978]],[[11.20594,47.2978],[11.20657,47.29772],[11.20744,47.29787],[11.20761,47.29672]],[[11.21427,47.29049],[11.21306,47.2908],[11.21273,47.29121],[11.20883,47.29287],[11.20766,47.2931],[11.20711,47.29378],[11.2074,47.29441],[11.20513,47.29511],[11.20447,47.29597]],[[11.20447,47.29597],[11.20436,47.29617]],[[11.20436,47.29617],[11.20422,47.29634],[11.20446,47.29661],[11.20401,47.2966]],[[11.20401,47.2966],[11.20192,47.29763],[11.20178,47.2984]],[[11.20178,47.2984],[11.20169,47.29849]],[[11.20169,47.29849],[11.20051,47.29944],[11.19966,47.30085]],[[11.19966,47.30085],[11.19957,47.30105]],[[11.19888,47.30318],[11.19957,47.30105]],[[11.19906,47.30418],[11.19888,47.30318]],[[11.20222,47.30001],[11.20083,47.30157],[11.2007,47.30241],[11.20037,47.30282]],[[11.20037,47.30282],[11.20032,47.30337]],[[11.20032,47.30337],[11.19998,47.30446],[11.20025,47.30538],[11.20059,47.30584],[11.20176,47.30658],[11.20282,47.30823]],[[11.20282,47.30823],[11.20291,47.30923]],[[11.20291,47.30923],[11.20287,47.30952]],[[11.20287,47.30952],[11.20277,47.30952]],[[11.20277,47.30952],[11.20259,47.30949]],[[11.20259,47.30949],[11.20232,47.30929]],[[11.20232,47.30929],[11.2021,47.30919]],[[11.2021,47.30919],[11.20038,47.30912]],[[11.19999,47.30892],[11.20038,47.30912]],[[11.1999,47.30894],[11.19999,47.30892]]]}},{"type":"Feature","properties":{"name":"Kunersteig","network":"lwn","sac_scale":"mountain_hiking","route":"foot","osm":"relation/17343920","length_km_in_region":1.3},"geometry":{"type":"MultiLineString","coordinates":[[[11.40501,47.30521],[11.40389,47.30501],[11.40335,47.3053],[11.40193,47.30484],[11.40095,47.30473],[11.3995,47.30483],[11.39905,47.30467],[11.39856,47.30487],[11.39773,47.30474],[11.39731,47.30434],[11.39641,47.30438],[11.39589,47.30332],[11.39475,47.30348],[11.39438,47.3033],[11.39359,47.30328],[11.39316,47.30297],[11.39212,47.30289],[11.39121,47.30325],[11.39096,47.30311],[11.38985,47.30315]]]}},{"type":"Feature","properties":{"name":"Kärntnersteig","network":"lwn","operator":"ÖAV Zweig Innsbruck","sac_scale":"demanding_mountain_hiking","route":"foot","osm":"relation/17347440","length_km_in_region":0.8},"geometry":{"type":"MultiLineString","coordinates":[[[11.36511,47.30682],[11.36483,47.30705]],[[11.36483,47.30705],[11.36432,47.30713],[11.36449,47.30736],[11.36411,47.30769],[11.36426,47.30776],[11.36331,47.30839],[11.36308,47.30885],[11.36263,47.30897],[11.36201,47.30882],[11.36186,47.30894],[11.36212,47.30914],[11.36069,47.30921],[11.36038,47.30975],[11.35767,47.30979]]]}},{"type":"Feature","properties":{"name":"Kögelesteig","network":"lwn","route":"hiking","osm":"relation/17077815","length_km_in_region":4.4},"geometry":{"type":"MultiLineString","coordinates":[[[11.26863,47.2085],[11.26964,47.20724],[11.2702,47.20702],[11.27068,47.20587],[11.27133,47.20555],[11.27207,47.20547],[11.27248,47.20511],[11.27277,47.20463],[11.27204,47.20433],[11.27206,47.20407],[11.27275,47.20277],[11.27486,47.20125],[11.2756,47.20133],[11.27576,47.20094],[11.27615,47.20076],[11.27623,47.20028],[11.27674,47.20016],[11.2774,47.1996],[11.278,47.19998]],[[11.26736,47.21054],[11.26731,47.20993],[11.26843,47.21008],[11.26882,47.20946],[11.26969,47.20938],[11.26922,47.20908],[11.26978,47.20897],[11.26914,47.20843],[11.26863,47.2085]],[[11.26629,47.21239],[11.26697,47.21194],[11.26903,47.21151],[11.26819,47.21128],[11.26736,47.21054]],[[11.26427,47.21395],[11.26384,47.21359],[11.26403,47.21282],[11.26442,47.21315],[11.26551,47.21309],[11.26629,47.21239]],[[11.26384,47.21627],[11.26463,47.21483],[11.26427,47.21395]],[[11.2558,47.22524],[11.25567,47.22412],[11.25627,47.22402],[11.25628,47.22367],[11.25653,47.22363],[11.25687,47.22186],[11.25709,47.2217],[11.25794,47.22165],[11.25907,47.22191],[11.25905,47.22147],[11.25946,47.22145],[11.25943,47.22087],[11.25981,47.22091],[11.26031,47.21992],[11.26108,47.21943],[11.26159,47.21934],[11.2621,47.21861],[11.26236,47.21856],[11.26247,47.21698],[11.2629,47.2169],[11.263,47.21652],[11.26384,47.21627]]]}},{"type":"Feature","properties":{"name":"Lackensteig","network":"lwn","operator":"ÖAV Alpenverein Innsbruck","sac_scale":"mountain_hiking","route":"foot","osm":"relation/17339720","length_km_in_region":1.8},"geometry":{"type":"MultiLineString","coordinates":[[[11.40579,47.29824],[11.4047,47.29789],[11.40423,47.2972],[11.40387,47.29712]],[[11.40579,47.29824],[11.40616,47.29959]],[[11.40616,47.29959],[11.4062,47.29986]],[[11.40657,47.30027],[11.4062,47.29986]],[[11.41399,47.30507],[11.4129,47.30488],[11.41204,47.30452],[11.41148,47.30462],[11.41105,47.304],[11.41112,47.30315],[11.41085,47.30315],[11.40991,47.30219],[11.40879,47.30156],[11.40644,47.30125],[11.40657,47.30027]],[[11.41411,47.30528],[11.41399,47.30507]],[[11.41411,47.30528],[11.41489,47.30554],[11.4158,47.30487],[11.41674,47.30496],[11.41736,47.30434],[11.4184,47.30411]]]}},{"type":"Feature","properties":{"name":"Lanser Steig","ref":"3","network":"lwn","route":"foot","osm":"relation/17832834","length_km_in_region":2.1},"geometry":{"type":"MultiLineString","coordinates":[[[11.40746,47.24912],[11.40697,47.24911],[11.40531,47.2496]],[[11.41135,47.24911],[11.40746,47.24912]],[[11.41413,47.24866],[11.41313,47.24866],[11.41232,47.24903],[11.41135,47.24911]],[[11.4153,47.24831],[11.41413,47.24866]],[[11.42084,47.2445],[11.42098,47.24532],[11.42022,47.24643],[11.42014,47.24704],[11.4189,47.24802],[11.4153,47.24831]],[[11.42084,47.2445],[11.42061,47.24536],[11.41864,47.24632],[11.41697,47.24556],[11.41642,47.24453]]]}},{"type":"Feature","properties":{"name":"Lanser-Kopf-Lauf","network":"lwn","osmc:symbol":"blue:blue:white_pointer","website":"https://www.innsbruck.info/sport/sommer/laufen-und-walken/laufstrecken/touren/lanser-kopf-lauf-27.html","distance":"10.27","route":"hiking","roundtrip":"yes","osm":"relation/1619508","length_km_in_region":10.2},"geometry":{"type":"MultiLineString","coordinates":[[[11.40874,47.24149],[11.4122,47.24283]],[[11.4122,47.24283],[11.41343,47.24327]],[[11.41343,47.24327],[11.41476,47.24419],[11.41594,47.24431],[11.41642,47.24453]],[[11.42084,47.2445],[11.42061,47.24536],[11.41864,47.24632],[11.41697,47.24556],[11.41642,47.24453]],[[11.42083,47.24409],[11.42084,47.2445]],[[11.42465,47.24517],[11.42325,47.24489],[11.4221,47.24495],[11.42083,47.24409]],[[11.4261,47.24325],[11.42562,47.24439],[11.42465,47.24517]],[[11.42677,47.24348],[11.4261,47.24325]],[[11.42677,47.24348],[11.42812,47.24405],[11.42957,47.24384]],[[11.42957,47.24384],[11.43067,47.24406],[11.43257,47.24479]],[[11.43257,47.24479],[11.43443,47.24504],[11.43567,47.24495]],[[11.43567,47.24495],[11.43649,47.24517],[11.43613,47.2457],[11.43652,47.24609]],[[11.43754,47.2475],[11.43652,47.24609]],[[11.43754,47.2475],[11.437,47.24769],[11.43647,47.24819],[11.43612,47.24814]],[[11.43525,47.24818],[11.43612,47.24814]],[[11.43223,47.24823],[11.43362,47.24834],[11.43525,47.24818]],[[11.43219,47.24824],[11.43223,47.24823]],[[11.43121,47.24934],[11.43217,47.2489],[11.43219,47.24824]],[[11.4282,47.25026],[11.42924,47.24956],[11.4298,47.24942],[11.42998,47.24908],[11.43121,47.24934]],[[11.4282,47.25026],[11.42724,47.25059],[11.42596,47.25072]],[[11.42434,47.25091],[11.42596,47.25072]],[[11.42324,47.251],[11.42389,47.25107],[11.42434,47.25091]],[[11.42324,47.251],[11.42276,47.25082]],[[11.42239,47.25066],[11.42276,47.25082]],[[11.42239,47.25066],[11.42035,47.24999],[11.41959,47.25013],[11.41859,47.25007],[11.41818,47.24964]],[[11.41549,47.24908],[11.41633,47.24952],[11.41818,47.24964]],[[11.4153,47.24831],[11.4157,47.24863],[11.41549,47.24908]],[[11.41319,47.24785],[11.4153,47.24831]],[[11.40981,47.24699],[11.41319,47.24785]],[[11.40812,47.24549],[11.40981,47.24699]],[[11.40795,47.24355],[11.40812,47.24549]],[[11.40795,47.24355],[11.40774,47.24282],[11.40801,47.24216],[11.40874,47.24149]],[[11.40874,47.24149],[11.40901,47.24076],[11.40881,47.23997]],[[11.40954,47.23964],[11.40881,47.23997]],[[11.4102,47.23902],[11.40954,47.23964]],[[11.40994,47.23896],[11.4102,47.23902]],[[11.41011,47.23577],[11.40936,47.23683],[11.40981,47.23756],[11.40994,47.23896]],[[11.40678,47.23539],[11.41011,47.23577]],[[11.40419,47.23505],[11.40569,47.23502],[11.40678,47.23539]],[[11.40419,47.23505],[11.4044,47.23435],[11.4055,47.23372],[11.40675,47.23239]],[[11.4077,47.23225],[11.40675,47.23239]],[[11.4077,47.23225],[11.40985,47.23152]],[[11.40985,47.23152],[11.41005,47.23177]],[[11.41005,47.23177],[11.41008,47.2318]],[[11.41008,47.2318],[11.41014,47.23186]],[[11.41014,47.23186],[11.41059,47.23234],[11.41199,47.23315]],[[11.41199,47.23315],[11.41178,47.23328]],[[11.41178,47.23328],[11.41115,47.23367]],[[11.41011,47.23577],[11.40953,47.23498],[11.41115,47.23367]],[[11.41011,47.23577],[11.41196,47.23633]],[[11.41196,47.23633],[11.41331,47.23672],[11.41487,47.23796]],[[11.41487,47.23796],[11.41637,47.23854]],[[11.41607,47.23957],[11.41637,47.23854]],[[11.41676,47.23971],[11.41607,47.23957]],[[11.41676,47.23971],[11.41646,47.24014]],[[11.41646,47.24014],[11.41397,47.24004]],[[11.41397,47.24004],[11.41325,47.23996]],[[11.41325,47.23996],[11.41262,47.23944],[11.41051,47.23938],[11.40954,47.23964]],[[11.40954,47.23964],[11.40881,47.23997]],[[11.40874,47.24149],[11.40901,47.24076],[11.40881,47.23997]]]}},{"type":"Feature","properties":{"name":"Largoz - Rosskopf","network":"lwn","operator":"ÖAV Hall in Tirol","osmc:symbol":"red:white:red_bar","route":"hiking","osm":"relation/18305252","length_km_in_region":2.5},"geometry":{"type":"MultiLineString","coordinates":[[[11.58615,47.22171],[11.58861,47.22331],[11.58963,47.22357],[11.58987,47.22432],[11.59029,47.22441],[11.58998,47.22458]],[[11.58998,47.22458],[11.58996,47.2251],[11.59077,47.22603],[11.59098,47.22678],[11.59048,47.22824],[11.59108,47.22948],[11.59135,47.22955],[11.59135,47.2309],[11.59228,47.23256],[11.59212,47.23333],[11.59254,47.23437],[11.59268,47.23599],[11.59245,47.23627],[11.59213,47.23631],[11.5923,47.23664],[11.59208,47.23711],[11.59298,47.23898],[11.59276,47.23974],[11.59311,47.24066],[11.5925,47.24123],[11.59243,47.24159]]]}},{"type":"Feature","properties":{"name":"Largoz Alm - Haneburger","network":"lwn","operator":"ÖAV Hall in Tirol","osmc:symbol":"red:white:red_bar","route":"hiking","osm":"relation/18305250","length_km_in_region":2.7},"geometry":{"type":"MultiLineString","coordinates":[[[11.58702,47.23636],[11.58756,47.23581],[11.58724,47.23529],[11.58681,47.23324],[11.58754,47.23082],[11.58697,47.22918],[11.58733,47.22815],[11.58711,47.22747],[11.58768,47.22659],[11.58711,47.2263],[11.58635,47.22382],[11.58667,47.22371],[11.58669,47.22343],[11.58551,47.22176],[11.58615,47.22171]],[[11.58615,47.22171],[11.5849,47.22075],[11.5841,47.21943],[11.58444,47.21837],[11.58403,47.21737],[11.5842,47.21707],[11.58374,47.21683],[11.5836,47.21641],[11.58384,47.21557]],[[11.58384,47.21557],[11.5841,47.21524],[11.58393,47.21522],[11.58401,47.21496],[11.58434,47.21483],[11.58455,47.21436]]]}},{"type":"Feature","properties":{"name":"Largoz Alm - Largoz","operator":"ÖAV Hall in Tirol","osmc:symbol":"red:white:red_bar","route":"hiking","osm":"relation/18305246","length_km_in_region":1.4},"geometry":{"type":"MultiLineString","coordinates":[[[11.59249,47.24187],[11.59301,47.24342],[11.5946,47.24606]],[[11.5946,47.24606],[11.59412,47.24598],[11.59329,47.2466],[11.59282,47.24727],[11.59096,47.24686],[11.59103,47.24671],[11.58942,47.2458],[11.58541,47.24458]]]}},{"type":"Feature","properties":{"name":"Leithen - Seefeld","ref":"14","network":"lwn","from":"Leithen","to":"Seefeld","route":"hiking","osm":"relation/20280265","length_km_in_region":5.9},"geometry":{"type":"MultiLineString","coordinates":[[[11.21947,47.28965],[11.21698,47.28969],[11.21585,47.29004]],[[11.21427,47.29049],[11.21585,47.29004]],[[11.20436,47.29617],[11.20422,47.29634],[11.20446,47.29661],[11.20401,47.2966]],[[11.20447,47.29597],[11.20436,47.29617]],[[11.21427,47.29049],[11.21306,47.2908],[11.21273,47.29121],[11.20883,47.29287],[11.20766,47.2931],[11.20711,47.29378],[11.2074,47.29441],[11.20513,47.29511],[11.20447,47.29597]],[[11.19708,47.30678],[11.19862,47.30874],[11.19988,47.3093]],[[11.19708,47.30678],[11.19772,47.30572]],[[11.19787,47.30557],[11.19772,47.30572]],[[11.19791,47.30554],[11.19787,47.30557]],[[11.19782,47.30508],[11.19791,47.30554]],[[11.19888,47.30318],[11.19868,47.30373],[11.19761,47.30455],[11.19782,47.30508]],[[11.19888,47.30318],[11.19957,47.30105]],[[11.19966,47.30085],[11.19957,47.30105]],[[11.20169,47.29849],[11.20051,47.29944],[11.19966,47.30085]],[[11.20178,47.2984],[11.20169,47.29849]],[[11.20401,47.2966],[11.20192,47.29763],[11.20178,47.2984]],[[11.20037,47.30282],[11.20032,47.30337]],[[11.20222,47.30001],[11.20083,47.30157],[11.2007,47.30241],[11.20037,47.30282]],[[11.20383,47.3126],[11.20378,47.31266]],[[11.20384,47.31258],[11.20383,47.3126]],[[11.20296,47.31014],[11.2028,47.31068],[11.20323,47.31149],[11.20313,47.3123],[11.20384,47.31258]],[[11.20291,47.30923],[11.20317,47.30959],[11.20296,47.31014]],[[11.20282,47.30823],[11.20291,47.30923]],[[11.20032,47.30337],[11.19998,47.30446],[11.20025,47.30538],[11.20059,47.30584],[11.20176,47.30658],[11.20282,47.30823]],[[11.19878,47.31999],[11.19867,47.31956]],[[11.19887,47.3194],[11.19867,47.31956]],[[11.20039,47.31678],[11.19987,47.3166],[11.199,47.31752],[11.19871,47.31844],[11.19887,47.3194]],[[11.20159,47.31692],[11.20078,47.31659],[11.20039,47.31678]],[[11.20174,47.31689],[11.20159,47.31692]],[[11.20183,47.31686],[11.20174,47.31689]],[[11.20186,47.31685],[11.20183,47.31686]],[[11.20378,47.31266],[11.20141,47.315],[11.20151,47.3158],[11.20201,47.3163],[11.20186,47.31685]]]}},{"type":"Feature","properties":{"name":"Leithensteig","network":"lwn","operator":"TVB Stubai","sac_scale":"mountain_hiking","route":"foot","osm":"relation/17353140","length_km_in_region":2.7},"geometry":{"type":"MultiLineString","coordinates":[[[11.36494,47.1678],[11.36434,47.16774],[11.36389,47.16738]],[[11.36494,47.1678],[11.36527,47.1685],[11.36578,47.16873],[11.36538,47.16945]],[[11.36538,47.16945],[11.3654,47.16948]],[[11.3654,47.16948],[11.36703,47.16933],[11.36705,47.16976],[11.36766,47.16978],[11.36817,47.17028],[11.3681,47.1706],[11.3689,47.17059],[11.36927,47.17113],[11.37115,47.17175],[11.37216,47.17256]],[[11.37216,47.17256],[11.37298,47.17347],[11.37297,47.1737],[11.37449,47.17486],[11.37472,47.17538]],[[11.37573,47.17778],[11.37484,47.17639],[11.37472,47.17538]],[[11.37573,47.17778],[11.37633,47.17795],[11.37789,47.17888]],[[11.38343,47.18036],[11.38264,47.1798],[11.38084,47.17973],[11.38064,47.17934],[11.37971,47.17961],[11.3789,47.17896],[11.37789,47.17888]],[[11.38351,47.18041],[11.38343,47.18036]],[[11.38351,47.18041],[11.38449,47.18108],[11.3866,47.18174]]]}},{"type":"Feature","properties":{"name":"Lindebensteig","network":"lwn","description":"Aus der Mode gekommen","route":"hiking","osm":"relation/8956105","length_km_in_region":1.8},"geometry":{"type":"MultiLineString","coordinates":[[[11.29708,47.27613],[11.29774,47.27535],[11.29808,47.27526],[11.29813,47.27458],[11.29787,47.27451],[11.29778,47.27476],[11.29755,47.27466],[11.29722,47.27381],[11.29735,47.27326],[11.297,47.27265],[11.29655,47.27246],[11.2965,47.27222],[11.29683,47.27196],[11.29658,47.27154],[11.29685,47.27126],[11.29869,47.27148]],[[11.29869,47.27148],[11.29899,47.2713]],[[11.29899,47.2713],[11.29971,47.27112],[11.29922,47.2704]],[[11.29922,47.2704],[11.29955,47.27032],[11.29937,47.2702],[11.29966,47.27018],[11.29954,47.27],[11.29985,47.26997],[11.29978,47.26981]],[[11.29978,47.26981],[11.3004,47.26965],[11.30045,47.2692],[11.3009,47.26913]],[[11.30555,47.26909],[11.3049,47.26926],[11.30509,47.26964],[11.30429,47.26969],[11.30368,47.26935],[11.30308,47.26969],[11.30227,47.2696],[11.30094,47.26918],[11.30086,47.26902]],[[11.30585,47.26907],[11.30555,47.26909]]]}},{"type":"Feature","properties":{"name":"Lüderitzsteig","network":"lwn","operator":"TVB Stubai","route":"foot","osm":"relation/17078655","length_km_in_region":3.0},"geometry":{"type":"MultiLineString","coordinates":[[[11.34046,47.16339],[11.34058,47.16334]],[[11.34037,47.16347],[11.34046,47.16339]],[[11.34056,47.1639],[11.34037,47.16347]],[[11.34068,47.16395],[11.34056,47.1639]],[[11.34665,47.16245],[11.34388,47.16353],[11.34131,47.16366],[11.34068,47.16395]],[[11.34665,47.16245],[11.34697,47.16251],[11.34803,47.16338],[11.34812,47.16372]],[[11.34812,47.16372],[11.34891,47.16398]],[[11.34891,47.16398],[11.34924,47.16467],[11.35011,47.1649],[11.35067,47.1659],[11.35051,47.16639],[11.35167,47.16653],[11.35192,47.16735],[11.35247,47.16743],[11.35291,47.16796]],[[11.35291,47.16796],[11.35315,47.16838]],[[11.35318,47.1688],[11.35315,47.16838]],[[11.35318,47.1688],[11.35487,47.16944]],[[11.35563,47.17005],[11.35487,47.16944]],[[11.36057,47.17327],[11.35899,47.17252],[11.35812,47.17169],[11.35738,47.17151],[11.35738,47.17114],[11.35715,47.17099],[11.35642,47.17095],[11.35563,47.17005]],[[11.36128,47.17331],[11.36057,47.17327]],[[11.36128,47.17331],[11.36378,47.17456]],[[11.36672,47.17646],[11.36582,47.17617],[11.3659,47.17567],[11.36475,47.17573],[11.36441,47.17538],[11.36439,47.17499],[11.36378,47.17456]]]}},{"type":"Feature","properties":{"name":"Markisalm - Malgrübler","network":"lwn","operator":"ÖAV Hall in Tirol","osmc:symbol":"red:white:red_bar","route":"hiking","osm":"relation/18305249","length_km_in_region":3.3},"geometry":{"type":"MultiLineString","coordinates":[[[11.58541,47.20168],[11.58845,47.20061]],[[11.58476,47.20228],[11.58541,47.20168]],[[11.57552,47.21659],[11.57594,47.21607],[11.57612,47.21475],[11.57656,47.21428],[11.57732,47.21367],[11.57794,47.21391],[11.57836,47.21378],[11.57951,47.21278],[11.57981,47.21222],[11.58036,47.21206],[11.58025,47.21102],[11.58117,47.20973],[11.58094,47.20945],[11.58125,47.20842],[11.58109,47.20816],[11.582,47.20749],[11.58191,47.20716],[11.58255,47.20647],[11.58291,47.20567],[11.58275,47.20383],[11.58321,47.2035],[11.58442,47.20314],[11.58476,47.20228]],[[11.57552,47.21659],[11.57571,47.21744]],[[11.57571,47.21744],[11.57458,47.21808],[11.57459,47.21859],[11.57413,47.21867],[11.57393,47.21907],[11.5736,47.21917],[11.57336,47.21953],[11.5735,47.22032],[11.57215,47.22036],[11.57123,47.22011],[11.57072,47.22124],[11.57019,47.22121],[11.56905,47.22166],[11.56862,47.22221]]]}},{"type":"Feature","properties":{"name":"Marterl-Runde","ref":"40","network":"lwn","osmc:symbol":"blue:purple:white_pointer","website":"https://www.innsbruck.info/wandern/wandern/wanderungen/touren/marterl-runde-40-1.html","distance":"3.34","route":"hiking","roundtrip":"yes","osm":"relation/1619317","length_km_in_region":3.7},"geometry":{"type":"MultiLineString","coordinates":[[[11.50324,47.25239],[11.50229,47.25336]],[[11.50191,47.25392],[11.50229,47.25336]],[[11.50185,47.2541],[11.50191,47.25392]],[[11.50106,47.257],[11.50185,47.2541]],[[11.50068,47.25743],[11.50106,47.257]],[[11.50252,47.25827],[11.50068,47.25743]],[[11.50417,47.25958],[11.50252,47.25827]],[[11.50557,47.2604],[11.50417,47.25958]],[[11.50618,47.26063],[11.50557,47.2604]],[[11.50934,47.26176],[11.50618,47.26063]],[[11.50973,47.26193],[11.50934,47.26176]],[[11.51205,47.26364],[11.50973,47.26193]],[[11.51301,47.26411],[11.51205,47.26364]],[[11.51301,47.26411],[11.51436,47.26349]],[[11.51436,47.26349],[11.51547,47.26327]],[[11.51547,47.26327],[11.51597,47.2627],[11.51646,47.26261]],[[11.51646,47.26261],[11.51572,47.2621],[11.51432,47.26017],[11.51334,47.25941],[11.51244,47.25902],[11.51128,47.25788],[11.50899,47.25728]],[[11.50875,47.25644],[11.50899,47.25728]],[[11.50866,47.25616],[11.50875,47.25644]],[[11.50559,47.25384],[11.50866,47.25616]],[[11.5052,47.25333],[11.50559,47.25384]],[[11.50324,47.25239],[11.50449,47.25313],[11.5052,47.25333]]]}},{"type":"Feature","properties":{"name":"Melkboden","network":"lwn","route":"hiking","osm":"relation/16521365","length_km_in_region":1.2},"geometry":{"type":"MultiLineString","coordinates":[[[11.55935,47.18136],[11.55951,47.18099],[11.56024,47.18104],[11.55994,47.18004],[11.56167,47.18118],[11.56147,47.18026],[11.56275,47.18108],[11.56412,47.18049],[11.56455,47.18002]],[[11.56455,47.18002],[11.56435,47.17966],[11.56451,47.17741]],[[11.56451,47.17741],[11.56394,47.17696],[11.56382,47.1763]]]}},{"type":"Feature","properties":{"name":"Moorrunde","network":"lwn","osmc:symbol":"green:green:white_pointer","website":"https://www.innsbruck.info/sport/sommer/laufen-und-trailrunning/laufstrecken/touren/moorrunde.html","distance":"0.6","route":"hiking","roundtrip":"yes","osm":"relation/11180272","length_km_in_region":0.6},"geometry":{"type":"MultiLineString","coordinates":[[[11.42594,47.25063],[11.42596,47.25072]],[[11.42429,47.25014],[11.42517,47.25023],[11.42594,47.25063]],[[11.42429,47.25014],[11.42334,47.25036]],[[11.42239,47.25066],[11.42334,47.25036]],[[11.42239,47.25066],[11.42276,47.25082]],[[11.42324,47.251],[11.42276,47.25082]],[[11.42324,47.251],[11.42389,47.25107],[11.42434,47.25091]],[[11.42434,47.25091],[11.42596,47.25072]]]}},{"type":"Feature","properties":{"name":"Moorweg","network":"lwn","route":"foot","osm":"relation/17179110","length_km_in_region":0.5},"geometry":{"type":"MultiLineString","coordinates":[[[11.42324,47.251],[11.42389,47.25107],[11.42434,47.25091]],[[11.42434,47.25091],[11.42596,47.25072]],[[11.42594,47.25063],[11.42596,47.25072]],[[11.42594,47.25063],[11.42562,47.25053]],[[11.42562,47.25053],[11.42477,47.25039]],[[11.42477,47.25039],[11.42434,47.25049]],[[11.42434,47.25049],[11.42434,47.25091]],[[11.42324,47.251],[11.42389,47.25107],[11.42434,47.25091]]]}},{"type":"Feature","properties":{"name":"Morgenkogel","network":"lwn","osmc:symbol":"red:red:white_lower","route":"hiking","osm":"relation/11529256","length_km_in_region":3.3},"geometry":{"type":"MultiLineString","coordinates":[[[11.50325,47.17674],[11.50357,47.17689],[11.50598,47.17699]],[[11.50598,47.17699],[11.50668,47.17728],[11.50659,47.17757],[11.5058,47.17759],[11.50533,47.17797],[11.50426,47.17824],[11.50222,47.17854],[11.50076,47.17951],[11.49806,47.18004],[11.49664,47.18066],[11.49514,47.18079],[11.49571,47.18102]],[[11.49959,47.18224],[11.49896,47.18182],[11.49813,47.18176],[11.49571,47.18102]],[[11.49498,47.18473],[11.49473,47.18414],[11.49527,47.18363],[11.49687,47.18279],[11.49765,47.18257],[11.49899,47.18252],[11.49959,47.18224]],[[11.49498,47.18473],[11.49644,47.18495],[11.49705,47.18523],[11.49721,47.18508],[11.49788,47.18522],[11.498,47.18555],[11.50301,47.18638],[11.50351,47.18676],[11.50486,47.18676],[11.50564,47.18703],[11.50764,47.18702],[11.50798,47.18749],[11.50841,47.18741]]]}},{"type":"Feature","properties":{"name":"Natterer-See-Weg","network":"lwn","route":"hiking","osm":"relation/17082436","length_km_in_region":1.1},"geometry":{"type":"MultiLineString","coordinates":[[[11.36271,47.2473],[11.35582,47.24618],[11.35459,47.24548],[11.35363,47.24523],[11.35283,47.2438],[11.35344,47.24343],[11.35301,47.243],[11.35309,47.24281],[11.35365,47.24264],[11.35379,47.24241],[11.35403,47.24247]]]}},{"type":"Feature","properties":{"name":"Natur-Lehrweg","network":"lwn","route":"hiking","osm":"relation/17078412","length_km_in_region":3.5},"geometry":{"type":"MultiLineString","coordinates":[[[11.2977,47.15187],[11.29766,47.15126],[11.29567,47.1506],[11.29551,47.15019],[11.2952,47.1501],[11.29523,47.14967],[11.29491,47.14978],[11.29485,47.14959],[11.29467,47.14966],[11.29425,47.14898],[11.29409,47.14922],[11.29383,47.14874],[11.29363,47.14912],[11.29317,47.14854],[11.29283,47.14863],[11.29258,47.14828],[11.29249,47.14839],[11.29166,47.14748],[11.29169,47.14707],[11.29137,47.1468],[11.29148,47.14639],[11.29119,47.14654],[11.29118,47.14606],[11.29139,47.14588],[11.29302,47.14648],[11.29258,47.14598],[11.29288,47.14609],[11.29292,47.14586],[11.29364,47.1457],[11.29447,47.14587],[11.29378,47.14533],[11.29465,47.14562],[11.29564,47.14562],[11.296,47.1454],[11.29558,47.14535],[11.29554,47.14495],[11.29521,47.14471],[11.29584,47.14471],[11.29669,47.14508],[11.29878,47.14482],[11.29975,47.14506],[11.29927,47.14477],[11.29953,47.1446],[11.29922,47.14438],[11.30014,47.14459],[11.29999,47.14433],[11.3024,47.1449],[11.30311,47.14481],[11.30348,47.14519],[11.30358,47.14496],[11.3038,47.14521],[11.30383,47.14496],[11.30411,47.14511],[11.30422,47.14475],[11.30386,47.14446],[11.30475,47.14453],[11.30395,47.14412],[11.30455,47.14404]],[[11.29769,47.15189],[11.2977,47.15187]],[[11.30087,47.15389],[11.30057,47.15337],[11.29988,47.15309],[11.29934,47.15253],[11.29915,47.15259],[11.29769,47.15189]]]}},{"type":"Feature","properties":{"name":"Naviser Joch - Sonnenspitze","network":"lwn","operator":"ÖAV Hall in Tirol","description":"Abzweigung 335: Naviser Joch - Sonnenspitze","route":"hiking","osm":"relation/18305243","length_km_in_region":0.5},"geometry":{"type":"MultiLineString","coordinates":[[[11.57445,47.17156],[11.57411,47.17166],[11.57268,47.17107],[11.57178,47.171],[11.57164,47.17113],[11.57102,47.17089],[11.56933,47.17096],[11.56822,47.17046]]]}},{"type":"Feature","properties":{"name":"Panoramarunde","network":"lwn","operator":"Stadt Innsbruck","route":"foot","osm":"relation/13335804","length_km_in_region":1.9},"geometry":{"type":"MultiLineString","coordinates":[[[11.40099,47.25088],[11.40116,47.25091]],[[11.40116,47.25091],[11.40144,47.25008]],[[11.40144,47.25008],[11.40173,47.2499]],[[11.40173,47.2499],[11.40197,47.24984],[11.40191,47.24915]],[[11.40161,47.24904],[11.40257,47.24821],[11.40215,47.24832],[11.40144,47.24726],[11.40143,47.24642],[11.40077,47.24635],[11.40068,47.24595],[11.39953,47.24591],[11.39726,47.24742],[11.39562,47.24722],[11.39701,47.24827]],[[11.39701,47.24827],[11.39822,47.24855],[11.39831,47.24941]],[[11.39774,47.24954],[11.39831,47.24941]],[[11.39944,47.25029],[11.39968,47.25023],[11.40007,47.24952],[11.39953,47.2499],[11.39774,47.24954]],[[11.39944,47.25029],[11.39968,47.2504]]]}},{"type":"Feature","properties":{"name":"Panoramasteig","ref":"333","network":"rwn","osmc:symbol":"red:red:white_bar:333","route":"hiking","osm":"relation/16289264","length_km_in_region":1.5},"geometry":{"type":"MultiLineString","coordinates":[[[11.53435,47.21614],[11.53353,47.21535],[11.53395,47.21463],[11.53422,47.21453]],[[11.53422,47.21453],[11.53426,47.21422],[11.53493,47.214],[11.53532,47.21411],[11.53607,47.21398],[11.53615,47.21341],[11.53547,47.21279],[11.53528,47.21204],[11.53328,47.21107],[11.53259,47.21134],[11.53254,47.21089],[11.53199,47.21076],[11.53175,47.21038],[11.53141,47.21033],[11.53136,47.21001],[11.53102,47.21008],[11.53088,47.20936],[11.53024,47.20963]],[[11.53024,47.20963],[11.52851,47.20994],[11.52734,47.20981],[11.52688,47.20991]]]}},{"type":"Feature","properties":{"name":"Panoramawag","network":"lwn","route":"foot","osm":"relation/12935211","length_km_in_region":5.3},"geometry":{"type":"MultiLineString","coordinates":[[[11.20613,47.21269],[11.20914,47.21239],[11.21049,47.2126]],[[11.20613,47.21269],[11.20591,47.21248]],[[11.20591,47.21248],[11.20516,47.21221]],[[11.20189,47.2094],[11.20288,47.20969],[11.20321,47.2109],[11.2037,47.21155],[11.20457,47.21214],[11.20516,47.21221]],[[11.20094,47.20868],[11.20126,47.20909],[11.20189,47.2094]],[[11.20054,47.20838],[11.20094,47.20868]],[[11.20045,47.20832],[11.20054,47.20838]],[[11.19863,47.20737],[11.20045,47.20832]],[[11.19582,47.20552],[11.19681,47.20606],[11.1978,47.20703],[11.19863,47.20737]],[[11.19317,47.20517],[11.19364,47.20541],[11.19454,47.2053],[11.19566,47.20564]],[[11.19292,47.20497],[11.19317,47.20517]],[[11.19021,47.20463],[11.19193,47.20446],[11.19243,47.20456],[11.19292,47.20497]],[[11.19106,47.20429],[11.18975,47.20409],[11.18891,47.20383],[11.18878,47.20353],[11.18843,47.20347],[11.18733,47.20366],[11.18436,47.20352],[11.18342,47.20394]],[[11.18342,47.20394],[11.18253,47.20389],[11.18182,47.20362],[11.18169,47.20331]],[[11.17906,47.20156],[11.18094,47.20252],[11.18169,47.20331]],[[11.17863,47.20148],[11.17906,47.20156]],[[11.17614,47.20165],[11.17677,47.20188],[11.17863,47.20148]],[[11.1757,47.20149],[11.17614,47.20165]],[[11.17548,47.20156],[11.1757,47.20149]],[[11.17363,47.20039],[11.17457,47.20129],[11.17548,47.20156]],[[11.17363,47.20039],[11.17349,47.20017]],[[11.17309,47.19974],[11.17349,47.20017]],[[11.15881,47.19352],[11.16022,47.19361],[11.1616,47.19447],[11.16217,47.19443],[11.16252,47.19482],[11.16386,47.19507],[11.16505,47.19582],[11.16684,47.19651],[11.16737,47.19733],[11.16879,47.19749],[11.16931,47.19801],[11.17309,47.19974]],[[11.15881,47.19352],[11.15566,47.19319],[11.1545,47.19342]]]}},{"type":"Feature","properties":{"name":"Panoramaweg","network":"lwn","route":"hiking","osm":"relation/17078359","length_km_in_region":11.7},"geometry":{"type":"MultiLineString","coordinates":[[[11.25486,47.21788],[11.25475,47.21778]],[[11.25491,47.21792],[11.25486,47.21788]],[[11.25425,47.22409],[11.25444,47.22133],[11.25528,47.2192],[11.25491,47.21792]],[[11.25602,47.22561],[11.25493,47.22393],[11.25456,47.22373],[11.25425,47.22409]],[[11.25907,47.22635],[11.25836,47.22648],[11.25686,47.22622],[11.25602,47.22561]],[[11.27576,47.22238],[11.27384,47.22295],[11.27379,47.22324],[11.2729,47.22307],[11.27195,47.22324],[11.27157,47.22313],[11.26978,47.22355],[11.26921,47.22276],[11.26808,47.22286],[11.26658,47.22375],[11.26344,47.2245],[11.2616,47.22547],[11.25907,47.22635]],[[11.27633,47.22244],[11.27576,47.22238]],[[11.2764,47.22238],[11.27633,47.22244]],[[11.27713,47.22216],[11.27706,47.22234],[11.2764,47.22238]],[[11.27747,47.22171],[11.27713,47.22216]],[[11.27747,47.22171],[11.27799,47.22138],[11.27776,47.22184]],[[11.27776,47.22184],[11.27799,47.22181]],[[11.27799,47.22181],[11.27814,47.22184]],[[11.27814,47.22184],[11.27819,47.22185]],[[11.27828,47.22295],[11.27819,47.22185]],[[11.27841,47.22354],[11.27828,47.22295]],[[11.27886,47.22415],[11.27841,47.22354]],[[11.27922,47.22424],[11.27886,47.22415]],[[11.27922,47.22424],[11.28272,47.22517]],[[11.28272,47.22517],[11.29044,47.22547]],[[11.29044,47.22547],[11.29108,47.22549],[11.29417,47.22646],[11.29903,47.22818],[11.30215,47.22873],[11.3041,47.22945],[11.3046,47.23015]],[[11.30463,47.22965],[11.3046,47.23015]],[[11.30802,47.22927],[11.30473,47.22939],[11.30463,47.22965]],[[11.30817,47.22961],[11.30802,47.22927]],[[11.30837,47.22963],[11.30817,47.22961]],[[11.31538,47.23242],[11.31229,47.2317],[11.30837,47.22963]],[[11.31538,47.23242],[11.31538,47.23241]],[[11.31538,47.23241],[11.31542,47.23221]],[[11.31542,47.23221],[11.3152,47.23211]],[[11.3152,47.23211],[11.31545,47.23215]],[[11.31705,47.23191],[11.31709,47.23211],[11.31545,47.23215]],[[11.31705,47.23191],[11.31775,47.23183]],[[11.31775,47.23183],[11.31829,47.23168],[11.31941,47.23185],[11.31986,47.23173],[11.3201,47.23187],[11.32196,47.23173],[11.32379,47.2312],[11.32503,47.23112],[11.32584,47.23132],[11.32742,47.23108],[11.3283,47.23129],[11.32908,47.23093],[11.33018,47.23108],[11.33095,47.23074],[11.33399,47.23037],[11.33495,47.23004]],[[11.33495,47.23004],[11.33509,47.23003]],[[11.33509,47.23003],[11.33675,47.22896],[11.33692,47.22779],[11.33779,47.22735],[11.33877,47.22744],[11.34022,47.22724],[11.34534,47.22628],[11.3472,47.22615],[11.34971,47.2263]],[[11.34971,47.2263],[11.35027,47.22576],[11.35163,47.22532]],[[11.35163,47.22532],[11.35203,47.22482],[11.35276,47.22512],[11.35329,47.22493],[11.35414,47.22548],[11.35476,47.22543],[11.35601,47.22604],[11.35722,47.22585],[11.35788,47.22637],[11.3588,47.22612],[11.35952,47.22652],[11.36463,47.22718]],[[11.27859,47.22341],[11.27975,47.2238],[11.28243,47.22421],[11.28446,47.22415],[11.28765,47.22464],[11.29044,47.22547]],[[11.27828,47.22295],[11.27859,47.22341]]]}},{"type":"Feature","properties":{"name":"Panoramaweg","network":"lwn","route":"hiking","osm":"relation/17131888","length_km_in_region":1.3},"geometry":{"type":"MultiLineString","coordinates":[[[11.29808,47.13837],[11.29876,47.13839],[11.30031,47.13806]],[[11.30031,47.13806],[11.30114,47.13826],[11.30151,47.13876],[11.30261,47.13911],[11.30329,47.14047],[11.30415,47.14075],[11.3047,47.14129],[11.3055,47.14135],[11.3055,47.14182],[11.30579,47.14213],[11.30714,47.14225],[11.30694,47.14335],[11.3073,47.14373],[11.30718,47.14472],[11.30691,47.14498]]]}},{"type":"Feature","properties":{"name":"Panoramaweg Padastertal","network":"lwn","operator":"BBT SE, Gemeinde Steinach","route":"foot","osm":"relation/12468617","length_km_in_region":5.0},"geometry":{"type":"MultiLineString","coordinates":[[[11.47724,47.08302],[11.47736,47.08266],[11.47869,47.08148]],[[11.47925,47.08297],[11.47928,47.08262],[11.4789,47.08252],[11.47724,47.08302]],[[11.49533,47.08689],[11.49367,47.08672],[11.49298,47.08715],[11.49209,47.08642],[11.49123,47.08634],[11.49084,47.08655],[11.49032,47.0861],[11.48915,47.08572],[11.4879,47.08554],[11.4872,47.08564],[11.4869,47.08594],[11.48624,47.08556],[11.48547,47.08581],[11.48309,47.08534],[11.4821,47.08504],[11.48207,47.08457],[11.48175,47.08439],[11.48045,47.08431],[11.48012,47.08409],[11.47991,47.08316],[11.47954,47.08293],[11.47925,47.08297]],[[11.50019,47.08763],[11.49882,47.08831],[11.49772,47.08835],[11.49563,47.08731],[11.49533,47.08689]],[[11.50018,47.08757],[11.50019,47.08763]],[[11.50018,47.0875],[11.50018,47.08757]],[[11.49933,47.08704],[11.50018,47.0875]],[[11.49752,47.08605],[11.49829,47.08672],[11.49933,47.08704]],[[11.49207,47.08395],[11.49301,47.08409],[11.494,47.08388],[11.49539,47.08485],[11.49587,47.08484],[11.49712,47.08556],[11.49752,47.08605]],[[11.48763,47.0833],[11.48811,47.08324],[11.48846,47.08357],[11.49018,47.08395],[11.49207,47.08395]],[[11.48715,47.08356],[11.48763,47.0833]],[[11.48619,47.08333],[11.48715,47.08356]],[[11.48589,47.08337],[11.48619,47.08333]],[[11.48589,47.08337],[11.48568,47.08336]],[[11.48532,47.08317],[11.48568,47.08336]],[[11.48532,47.08317],[11.48542,47.08307]],[[11.48478,47.08251],[11.48542,47.08307]],[[11.48217,47.08049],[11.48211,47.08024],[11.48478,47.08251]],[[11.48058,47.08134],[11.48146,47.08177],[11.48145,47.0815],[11.48274,47.08242],[11.4821,47.08097],[11.48217,47.08049]],[[11.48058,47.08134],[11.48004,47.08164]],[[11.48004,47.08164],[11.48003,47.08171]],[[11.48003,47.08171],[11.48061,47.08229]],[[11.47869,47.08148],[11.48061,47.08229]]]}},{"type":"Feature","properties":{"name":"Panoramaweg Pleisen","network":"lwn","route":"foot","osm":"relation/17598717","length_km_in_region":3.0},"geometry":{"type":"MultiLineString","coordinates":[[[11.28149,47.18304],[11.28118,47.1835],[11.28138,47.18367],[11.28283,47.18341],[11.28106,47.1842],[11.28202,47.18387],[11.28338,47.18383],[11.284,47.18399],[11.28325,47.18404],[11.28149,47.18489],[11.28131,47.18521],[11.28282,47.18477],[11.2817,47.18555],[11.28151,47.18642],[11.28119,47.18663]],[[11.28119,47.18663],[11.2802,47.18754],[11.28017,47.18871],[11.28045,47.18929],[11.28025,47.19029]],[[11.28025,47.19029],[11.28015,47.1906],[11.28116,47.19187],[11.2804,47.19141]],[[11.2804,47.19141],[11.28103,47.19252],[11.28065,47.19256]],[[11.28065,47.19256],[11.27995,47.19307]],[[11.27995,47.19307],[11.27928,47.19394],[11.27796,47.19465],[11.27857,47.19604],[11.27846,47.19749],[11.27795,47.19905],[11.2782,47.19941],[11.278,47.19998]]]}},{"type":"Feature","properties":{"name":"Perspektivenweg","network":"lwn","osmc:symbol":"blue:blue:blue:PoP:white","distance":"2.8","route":"foot","roundtrip":"yes","osm":"relation/11648590","length_km_in_region":2.4},"geometry":{"type":"MultiLineString","coordinates":[[[11.37797,47.30515],[11.37819,47.30588],[11.37857,47.3061]],[[11.37726,47.30382],[11.37689,47.30387],[11.37723,47.30402],[11.37689,47.30398],[11.37829,47.30438],[11.37774,47.30433],[11.37836,47.30464],[11.37707,47.30452],[11.37781,47.30478],[11.37797,47.30515]],[[11.37869,47.30302],[11.37843,47.30369],[11.37726,47.30382]],[[11.37869,47.30302],[11.37843,47.30369],[11.37726,47.30382]],[[11.37726,47.30382],[11.37689,47.30387],[11.37723,47.30402],[11.37689,47.30398],[11.37829,47.30438],[11.37774,47.30433],[11.37836,47.30464],[11.37707,47.30452],[11.37781,47.30478],[11.37797,47.30515]],[[11.37797,47.30515],[11.37775,47.30484],[11.37658,47.3047],[11.37753,47.30514],[11.37703,47.30518],[11.3759,47.30475],[11.37525,47.30578],[11.37467,47.30616],[11.37579,47.30556]],[[11.37857,47.3061],[11.37747,47.3062],[11.37653,47.30575],[11.3762,47.3053],[11.37577,47.30537],[11.37579,47.30556]]]}},{"type":"Feature","properties":{"name":"Peter-Anich-Höhensteig","route":"hiking","osm":"relation/17082523","length_km_in_region":19.6},"geometry":{"type":"MultiLineString","coordinates":[[[11.07197,47.26999],[11.07183,47.26949],[11.07116,47.26907],[11.06928,47.26867],[11.06774,47.26916],[11.0641,47.2684],[11.06248,47.26879],[11.0615,47.26848],[11.06104,47.26887],[11.06081,47.2688],[11.05909,47.2656],[11.05916,47.26494],[11.0585,47.26488],[11.05623,47.26627],[11.05541,47.26646]],[[11.07798,47.26887],[11.07712,47.26738],[11.07657,47.26688],[11.07568,47.26699],[11.07387,47.26808],[11.0727,47.26911],[11.07197,47.26999],[11.07161,47.27085]],[[11.08875,47.2692],[11.08626,47.26932],[11.08471,47.2691],[11.08412,47.26922],[11.08312,47.26981],[11.0813,47.26988],[11.07955,47.26956],[11.07845,47.26957],[11.07813,47.26941],[11.07798,47.26887]],[[11.10435,47.24608],[11.10369,47.24669],[11.10362,47.24729],[11.10222,47.24568],[11.0998,47.24361],[11.09969,47.24322],[11.09854,47.24259],[11.09797,47.24195],[11.09809,47.24331],[11.09752,47.2455],[11.09813,47.24664],[11.09789,47.24813],[11.09724,47.24887],[11.09679,47.24884],[11.09624,47.24976],[11.09533,47.25006],[11.09277,47.25027],[11.09162,47.25122],[11.09145,47.25164],[11.09287,47.25357],[11.09297,47.25493],[11.09262,47.25567],[11.09182,47.25594],[11.09159,47.25621],[11.09143,47.25729],[11.09047,47.25841],[11.09024,47.25905],[11.09038,47.25958],[11.09006,47.26021],[11.08854,47.26167],[11.08925,47.26227],[11.09013,47.26255],[11.09043,47.26335],[11.09099,47.26394],[11.09143,47.26534],[11.09105,47.26573],[11.09073,47.26663],[11.09093,47.26711],[11.09077,47.26738],[11.08978,47.26805],[11.08926,47.2689],[11.08875,47.2692]],[[11.10435,47.24608],[11.10456,47.24568],[11.10507,47.24537]],[[11.10513,47.2453],[11.10597,47.24587],[11.10712,47.24605],[11.10816,47.24644]],[[11.13499,47.24921],[11.13437,47.24859],[11.13424,47.24904],[11.13381,47.24907],[11.1324,47.24838],[11.13121,47.24821],[11.13038,47.24775],[11.12537,47.2493],[11.12314,47.24877],[11.12107,47.24897],[11.12098,47.24874],[11.12001,47.2485],[11.11951,47.24798],[11.11805,47.24741],[11.11754,47.24747],[11.11705,47.24709],[11.11677,47.24563],[11.11724,47.24468],[11.1173,47.24369],[11.11718,47.24253],[11.11677,47.24209],[11.11422,47.24275],[11.11354,47.24252],[11.11161,47.24404],[11.11108,47.2429],[11.11002,47.24336],[11.109,47.24541],[11.10851,47.24585],[11.10856,47.24632],[11.10835,47.24653]],[[11.14098,47.24701],[11.14143,47.2476],[11.14263,47.24839],[11.14376,47.24872],[11.14404,47.249],[11.14361,47.24913],[11.14276,47.249],[11.1421,47.24911],[11.14102,47.24895],[11.14077,47.24871],[11.13998,47.24906],[11.13836,47.24878],[11.13729,47.24879],[11.13616,47.24911],[11.13518,47.24907],[11.13499,47.24921]],[[11.14759,47.23881],[11.14783,47.23983],[11.14856,47.24068],[11.14622,47.24014],[11.14683,47.24074],[11.14523,47.24061],[11.14694,47.24181],[11.14722,47.24221],[11.14717,47.24287],[11.14575,47.24221],[11.14563,47.24321],[11.14484,47.244],[11.1446,47.24348],[11.14364,47.24261],[11.14259,47.24463],[11.14213,47.24503],[11.14248,47.2454],[11.14223,47.24598],[11.14245,47.24666],[11.14267,47.24713],[11.1431,47.24732],[11.14098,47.24701]],[[11.15208,47.24027],[11.14759,47.23881]],[[11.15221,47.24028],[11.15208,47.24027]],[[11.15973,47.23849],[11.15706,47.23885],[11.15446,47.23864],[11.15226,47.23991],[11.15177,47.23999],[11.15196,47.24023]],[[11.16927,47.23729],[11.16852,47.23813],[11.16923,47.23874],[11.16961,47.23956],[11.16946,47.24027],[11.16914,47.24029],[11.16918,47.2406],[11.16893,47.2407],[11.16838,47.24051],[11.16788,47.23974],[11.16683,47.24026],[11.1641,47.23956],[11.16251,47.23876],[11.16034,47.23841],[11.15973,47.23849]],[[11.16927,47.23729],[11.17029,47.23686],[11.17065,47.23687],[11.17374,47.23787],[11.17557,47.2391],[11.17667,47.23954]],[[11.17667,47.23954],[11.17741,47.23935],[11.18232,47.23914],[11.18797,47.24008],[11.18878,47.24037],[11.18952,47.24104]],[[11.18952,47.24104],[11.18964,47.24102]],[[11.18964,47.24102],[11.18983,47.24116],[11.19065,47.24083]],[[11.19065,47.24083],[11.19134,47.24114],[11.19227,47.24124],[11.19551,47.24092],[11.19654,47.24064]]]}},{"type":"Feature","properties":{"name":"Peter-Anich-Weg","network":"lwn","route":"hiking","osm":"relation/17082446","length_km_in_region":20.8},"geometry":{"type":"MultiLineString","coordinates":[[[11.18425,47.26514],[11.18433,47.26495],[11.18706,47.2642],[11.1882,47.26343],[11.1883,47.26289]],[[11.18212,47.26477],[11.18425,47.26514]],[[11.18184,47.26457],[11.18212,47.26477]],[[11.18136,47.26382],[11.18148,47.26428],[11.18184,47.26457]],[[11.18129,47.26383],[11.18136,47.26382]],[[11.1812,47.26386],[11.18129,47.26383]],[[11.18117,47.2643],[11.1812,47.26386]],[[11.18101,47.2645],[11.18117,47.2643]],[[11.18101,47.2645],[11.18042,47.26473],[11.18002,47.26522],[11.17986,47.26618]],[[11.17986,47.26618],[11.17795,47.26649]],[[11.17795,47.26649],[11.17749,47.26647]],[[11.17749,47.26647],[11.17681,47.26632],[11.17609,47.26577],[11.17468,47.26571],[11.17429,47.26523],[11.17305,47.26459]],[[11.17305,47.26459],[11.17074,47.26506],[11.17007,47.26485],[11.16871,47.26518]],[[11.16871,47.26518],[11.16214,47.2652],[11.16039,47.26539],[11.16003,47.26568],[11.15928,47.26575]],[[11.15186,47.26743],[11.15191,47.2669],[11.15252,47.2667],[11.15697,47.26605],[11.15749,47.26582],[11.15928,47.26575]],[[11.15186,47.26743],[11.15197,47.26873]],[[11.14245,47.27049],[11.14594,47.26876],[11.14812,47.26797],[11.15019,47.26828],[11.15025,47.26796],[11.15066,47.26776],[11.15032,47.26734],[11.1505,47.2673],[11.15117,47.26754],[11.15197,47.26873]],[[11.14245,47.27049],[11.14131,47.27127]],[[11.14131,47.27127],[11.14091,47.27157],[11.14051,47.27161],[11.13824,47.2737],[11.13572,47.27516]],[[11.13809,47.27588],[11.13747,47.27581],[11.138,47.27529],[11.13705,47.27512],[11.13572,47.27516]],[[11.13859,47.27576],[11.13767,47.27609],[11.13718,47.27731],[11.13635,47.27752]],[[11.13635,47.27752],[11.1362,47.27762]],[[11.1362,47.27762],[11.13631,47.27805]],[[11.13432,47.28034],[11.1347,47.27994],[11.13545,47.28021],[11.13499,47.27961],[11.13631,47.27805]],[[11.12884,47.28418],[11.13116,47.28352],[11.13417,47.28221],[11.13435,47.28115],[11.13484,47.28069],[11.13432,47.28034]],[[11.12856,47.28269],[11.12848,47.2831],[11.12884,47.28418]],[[11.12856,47.28269],[11.12639,47.28328],[11.1221,47.28395]],[[11.1221,47.28395],[11.12177,47.28452]],[[11.1221,47.28538],[11.12161,47.28474],[11.12177,47.28452]],[[11.1221,47.28538],[11.12245,47.28606],[11.12208,47.28639]],[[11.12208,47.28639],[11.12046,47.28773],[11.1208,47.28801]],[[11.1208,47.28801],[11.11972,47.28824]],[[11.11972,47.28824],[11.1195,47.28829]],[[11.1195,47.28829],[11.119,47.28846]],[[11.119,47.28846],[11.11856,47.28836]],[[11.11856,47.28836],[11.11777,47.28808]],[[11.11777,47.28808],[11.11705,47.28807]],[[11.11828,47.28903],[11.117,47.28804]],[[11.11828,47.28903],[11.11786,47.28883]],[[11.11732,47.28872],[11.11786,47.28883]],[[11.11763,47.28901],[11.11732,47.28872]],[[11.11748,47.28916],[11.11759,47.28902]],[[11.11748,47.28916],[11.11845,47.29034]],[[11.0989,47.29669],[11.10243,47.2965],[11.10372,47.29558],[11.10645,47.29503],[11.10804,47.29398],[11.10919,47.29396],[11.11017,47.29344],[11.11156,47.29306],[11.11483,47.29088],[11.11845,47.29034]],[[11.09701,47.29661],[11.0989,47.29669]],[[11.09687,47.2967],[11.09701,47.29661]],[[11.09413,47.29511],[11.09478,47.29586],[11.09537,47.29578],[11.09579,47.2963],[11.09687,47.2967]],[[11.09413,47.29511],[11.09484,47.2945],[11.09443,47.29388],[11.09353,47.2938],[11.09034,47.29399],[11.09084,47.29335],[11.09188,47.29305],[11.09075,47.29284],[11.08958,47.29322],[11.08923,47.29312],[11.08916,47.29286]],[[11.08766,47.29305],[11.08916,47.29286]],[[11.08766,47.29305],[11.08722,47.29229],[11.08678,47.29245]],[[11.08591,47.29278],[11.08678,47.29245]],[[11.08029,47.29195],[11.08208,47.29226],[11.08338,47.29208],[11.08446,47.29292],[11.08591,47.29278]],[[11.07295,47.29265],[11.07277,47.29244],[11.07405,47.29192],[11.08029,47.29195]],[[11.07295,47.29265],[11.07217,47.29297],[11.07054,47.2928],[11.07075,47.29312],[11.07174,47.29367],[11.07024,47.29387],[11.07135,47.29431],[11.07148,47.29457],[11.07247,47.29509],[11.0741,47.29547],[11.07522,47.29635],[11.07603,47.29644]],[[11.07603,47.29644],[11.07862,47.29746],[11.08095,47.29783],[11.08237,47.29771],[11.08263,47.29789]],[[11.08225,47.29812],[11.08263,47.29789]],[[11.08221,47.29812],[11.08213,47.29812]],[[11.08177,47.29862],[11.08213,47.29812]],[[11.0814,47.29902],[11.08177,47.29862]],[[11.08143,47.29903],[11.0814,47.29902]],[[11.0815,47.29904],[11.08143,47.29903]],[[11.0826,47.29884],[11.0815,47.29904]],[[11.08094,47.30034],[11.08099,47.29967],[11.08152,47.29904]],[[11.08094,47.30034],[11.08089,47.30034]],[[11.08089,47.30034],[11.08083,47.30034]],[[11.08083,47.30034],[11.0787,47.30011]],[[11.24697,47.24467],[11.24789,47.24465]],[[11.24571,47.24475],[11.24697,47.24467]],[[11.23731,47.2459],[11.24034,47.24531],[11.2434,47.24551],[11.24571,47.24475]],[[11.23538,47.24632],[11.23731,47.2459]],[[11.23274,47.24682],[11.23538,47.24632]],[[11.22959,47.24744],[11.23274,47.24682]],[[11.22959,47.24744],[11.22575,47.24893],[11.22489,47.24894]],[[11.22489,47.24894],[11.22453,47.24907]],[[11.22036,47.24918],[11.22364,47.24921],[11.22453,47.24907]],[[11.21909,47.24899],[11.22036,47.24918]],[[11.21766,47.24908],[11.21909,47.24899]],[[11.21734,47.24918],[11.21766,47.24908]],[[11.20938,47.25229],[11.21143,47.25099],[11.21643,47.24969],[11.21734,47.24918]],[[11.20831,47.25318],[11.20938,47.25229]],[[11.20637,47.25494],[11.20831,47.25318]],[[11.20629,47.255],[11.20637,47.25494]],[[11.20629,47.255],[11.20539,47.2547],[11.20497,47.25477],[11.20471,47.25456]],[[11.20471,47.25456],[11.20386,47.25446]],[[11.20386,47.25446],[11.20383,47.25452]],[[11.20383,47.25452],[11.20433,47.25532],[11.20378,47.25573],[11.2038,47.25626],[11.20274,47.25693]],[[11.19426,47.26045],[11.19404,47.26017],[11.19459,47.25982],[11.19947,47.25847],[11.20274,47.25693]],[[11.19142,47.26201],[11.19189,47.26162],[11.19326,47.26118],[11.19426,47.26045]],[[11.1883,47.26289],[11.19142,47.26201]]]}},{"type":"Feature","properties":{"name":"Pettnau - Mösern","ref":"96","network":"lwn","route":"hiking","osm":"relation/20297517","length_km_in_region":2.8},"geometry":{"type":"MultiLineString","coordinates":[[[11.15548,47.30943],[11.15504,47.30903],[11.1536,47.30891],[11.15304,47.30851],[11.15226,47.30832],[11.14917,47.30823]],[[11.14861,47.30959],[11.14863,47.30883],[11.14917,47.30823]],[[11.14917,47.30823],[11.14975,47.30743],[11.15227,47.3066],[11.15214,47.30578],[11.15282,47.30548],[11.15403,47.30344],[11.15499,47.30245],[11.15599,47.30199],[11.15445,47.30187]],[[11.16421,47.29692],[11.16316,47.29748],[11.16245,47.29813],[11.16246,47.29848],[11.16183,47.29905],[11.16222,47.29964],[11.16143,47.30002],[11.16089,47.30054],[11.16038,47.30164],[11.16005,47.30169],[11.15942,47.30141],[11.1577,47.30141],[11.15445,47.30187]]]}},{"type":"Feature","properties":{"name":"Pfarrachsteig","network":"lwn","route":"hiking","osm":"relation/17077782","length_km_in_region":2.1},"geometry":{"type":"MultiLineString","coordinates":[[[11.3359,47.17653],[11.33904,47.17781],[11.3397,47.17833],[11.34115,47.17826],[11.34164,47.17877],[11.3433,47.17946],[11.3438,47.17951],[11.34466,47.17915],[11.34556,47.17945],[11.34726,47.17961],[11.34831,47.18007],[11.34888,47.17993],[11.35009,47.18022],[11.35165,47.17987],[11.35334,47.18055],[11.35398,47.18152],[11.35488,47.18185],[11.35655,47.18368],[11.35793,47.18416]]]}},{"type":"Feature","properties":{"name":"Rauschbrunnen-Runde","ref":"07","network":"lwn","osmc:symbol":"green:green:green:RBR:white","website":"https://www.innsbruck.info/sport/sommer/laufen-und-walken/laufstrecken/touren/rauschbrunnen-runde.html","distance":"8.7","route":"hiking","roundtrip":"yes","osm":"relation/1618711","length_km_in_region":7.7},"geometry":{"type":"MultiLineString","coordinates":[[[11.37513,47.27518],[11.37486,47.27513]],[[11.3704,47.27412],[11.3708,47.27354],[11.37138,47.2734],[11.37233,47.27384],[11.37271,47.27384],[11.37348,47.27431],[11.37436,47.27447],[11.37486,47.27513]],[[11.3704,47.27412],[11.37018,47.27416],[11.36978,47.27355],[11.36898,47.27345],[11.36841,47.27264],[11.36698,47.27171],[11.36652,47.27113],[11.36581,47.27102]],[[11.36581,47.27102],[11.36519,47.271],[11.36466,47.27129],[11.36392,47.27121],[11.36307,47.27227],[11.36245,47.27223]],[[11.35921,47.27282],[11.3612,47.27164],[11.36201,47.27216],[11.36245,47.27223]],[[11.35921,47.27282],[11.35864,47.2725],[11.35834,47.272]],[[11.35834,47.272],[11.35803,47.27249],[11.35757,47.27248],[11.35715,47.27291],[11.35678,47.27294],[11.35595,47.27415]],[[11.35595,47.27415],[11.35588,47.27415]],[[11.35588,47.27415],[11.35506,47.27401],[11.35497,47.27417],[11.3541,47.27424]],[[11.3541,47.27424],[11.35323,47.27438],[11.35302,47.27536],[11.35259,47.27563]],[[11.35259,47.27563],[11.35186,47.27555],[11.35107,47.2758],[11.35035,47.27558],[11.34904,47.2758]],[[11.34884,47.27585],[11.34904,47.2758]],[[11.34865,47.27637],[11.34764,47.27599],[11.34884,47.27585]],[[11.34707,47.2763],[11.34865,47.27637]],[[11.34768,47.27821],[11.34642,47.27785],[11.34757,47.27781],[11.3465,47.27748],[11.34801,47.2775],[11.34664,47.27701],[11.34822,47.27705],[11.34692,47.27669],[11.3483,47.27677],[11.34707,47.2763]],[[11.34768,47.27821],[11.34614,47.27828],[11.34751,47.27866],[11.34626,47.27883]],[[11.34626,47.27883],[11.3469,47.27898]],[[11.3469,47.27898],[11.34745,47.27928]],[[11.34745,47.27928],[11.34731,47.28013],[11.34956,47.28029],[11.34967,47.28046],[11.35066,47.27963],[11.35176,47.27826],[11.35299,47.27825],[11.35454,47.27887],[11.35562,47.27898]],[[11.35893,47.27952],[11.35562,47.27898]],[[11.36805,47.28259],[11.36719,47.28237],[11.36697,47.282],[11.36614,47.28215],[11.36577,47.28185],[11.36532,47.28195],[11.36285,47.28086],[11.36033,47.2803],[11.35893,47.27952]],[[11.36925,47.28199],[11.36805,47.28259]],[[11.36952,47.28186],[11.36925,47.28199]],[[11.36967,47.28234],[11.36952,47.28186]],[[11.36967,47.28234],[11.36987,47.28254]],[[11.37481,47.27675],[11.37486,47.27714],[11.37317,47.27876],[11.37298,47.27943],[11.37313,47.27995],[11.37177,47.28132],[11.37177,47.28196],[11.37074,47.28204],[11.37101,47.28261],[11.36987,47.28254]],[[11.37513,47.27518],[11.37481,47.27675]]]}},{"type":"Feature","properties":{"name":"Rauthhütte","ref":"99","network":"lwn","osmc:symbol":"red:red:white_bar:99:black","route":"hiking","osm":"relation/3086798","length_km_in_region":1.5},"geometry":{"type":"MultiLineString","coordinates":[[[11.10451,47.34539],[11.10397,47.34575]],[[11.10451,47.34539],[11.10462,47.3453]],[[11.10483,47.34474],[11.10462,47.3453]],[[11.10473,47.3437],[11.10483,47.34474]],[[11.11106,47.33703],[11.11025,47.33837],[11.11048,47.33882],[11.11175,47.33901],[11.11202,47.33936],[11.11151,47.33947],[11.11168,47.33963],[11.11125,47.33998],[11.11082,47.34005],[11.1113,47.34042],[11.11132,47.34073],[11.11058,47.34059],[11.11017,47.3407],[11.11025,47.34113],[11.10973,47.34131],[11.10891,47.34208],[11.10855,47.34208],[11.1075,47.34276],[11.10706,47.34274],[11.10729,47.34307],[11.10681,47.34302],[11.10473,47.3437]]]}},{"type":"Feature","properties":{"name":"Reither Bienenlehrpfad","network":"lwn","route":"foot","osm":"relation/18102068","length_km_in_region":2.3},"geometry":{"type":"MultiLineString","coordinates":[[[11.20037,47.30282],[11.20032,47.30337]],[[11.20032,47.30337],[11.19998,47.30446],[11.20025,47.30538],[11.20059,47.30584],[11.20176,47.30658],[11.20282,47.30823]],[[11.20282,47.30823],[11.20291,47.30923]],[[11.20291,47.30923],[11.20317,47.30959],[11.20296,47.31014]],[[11.20296,47.31014],[11.2028,47.31068],[11.20323,47.31149],[11.20313,47.3123],[11.20384,47.31258]],[[11.20384,47.31258],[11.20383,47.3126]],[[11.20383,47.3126],[11.20378,47.31266]],[[11.20378,47.31266],[11.20141,47.315],[11.20151,47.3158],[11.20201,47.3163],[11.20186,47.31685]],[[11.20186,47.31685],[11.20183,47.31686]],[[11.20183,47.31686],[11.20174,47.31689]],[[11.20174,47.31689],[11.20159,47.31692]],[[11.20159,47.31692],[11.20078,47.31659],[11.20039,47.31678]],[[11.20039,47.31678],[11.19987,47.3166],[11.199,47.31752],[11.19871,47.31844],[11.19887,47.3194]],[[11.19887,47.3194],[11.19921,47.31978]]]}},{"type":"Feature","properties":{"name":"Reitherjoch Alm","ref":"83","network":"lwn","route":"hiking","osm":"relation/20283000","length_km_in_region":3.0},"geometry":{"type":"MultiLineString","coordinates":[[[11.20039,47.31678],[11.20119,47.31794],[11.20222,47.31875]],[[11.20802,47.33207],[11.20807,47.33121],[11.20677,47.33009],[11.20685,47.32925],[11.20586,47.32757],[11.20555,47.32638],[11.20486,47.32542],[11.20495,47.32501],[11.20375,47.32368],[11.20288,47.32354],[11.20254,47.32311],[11.20315,47.32212],[11.20284,47.32119],[11.20302,47.32069],[11.20291,47.31969],[11.20222,47.31875]],[[11.20806,47.33245],[11.20802,47.33207]],[[11.21082,47.33286],[11.21077,47.33248],[11.21054,47.33267],[11.21016,47.33253],[11.20974,47.3327],[11.2096,47.33236],[11.20806,47.33245]],[[11.21199,47.33242],[11.21136,47.33229],[11.21082,47.33286]],[[11.21199,47.33242],[11.21264,47.33267],[11.2129,47.33308],[11.21286,47.33359],[11.21456,47.334],[11.21508,47.33434]],[[11.19921,47.31978],[11.19987,47.31984]],[[11.19987,47.31984],[11.20068,47.3198],[11.20107,47.31925],[11.20222,47.31875]]]}},{"type":"Feature","properties":{"name":"Rosnerweg-Run","ref":"01","network":"lwn","osmc:symbol":"purple:purple:purple:RWR:white","website":"https://www.innsbruck.info/sport/sommer/laufen-und-walken/laufstrecken/touren/rosnerweg-run.html","distance":"2.8","route":"hiking","roundtrip":"yes","osm":"relation/1617826","length_km_in_region":2.6},"geometry":{"type":"MultiLineString","coordinates":[[[11.39616,47.28983],[11.39683,47.28948]],[[11.39683,47.28948],[11.40219,47.29097]],[[11.40219,47.29097],[11.40269,47.29112]],[[11.40269,47.29112],[11.40395,47.2915],[11.40431,47.29204],[11.40512,47.29214]],[[11.40512,47.29214],[11.40519,47.29265],[11.40481,47.29315]],[[11.40723,47.2957],[11.40806,47.29399],[11.40481,47.29315]],[[11.40695,47.2959],[11.40723,47.2957]],[[11.40695,47.2959],[11.40686,47.29595]],[[11.40475,47.29513],[11.40561,47.2954],[11.40575,47.29575],[11.40623,47.29604],[11.40686,47.29595]],[[11.39957,47.29167],[11.40017,47.29169],[11.40234,47.29291],[11.40224,47.29315],[11.40291,47.29314],[11.40294,47.29359],[11.40345,47.29359],[11.40365,47.29384],[11.40467,47.29419],[11.40475,47.29513]],[[11.39957,47.29167],[11.398,47.291],[11.39665,47.29079],[11.39594,47.2902]],[[11.39594,47.2902],[11.39616,47.28983]]]}},{"type":"Feature","properties":{"name":"Rudig's Angerweg","network":"lwn","route":"hiking","osm":"relation/17082396","length_km_in_region":0.9},"geometry":{"type":"MultiLineString","coordinates":[[[11.30723,47.2442],[11.30832,47.24448],[11.30913,47.24493],[11.31006,47.24508],[11.31045,47.2456],[11.31095,47.24566],[11.31138,47.24603],[11.31217,47.24615],[11.31296,47.24657]],[[11.30473,47.24226],[11.30485,47.24325],[11.30533,47.24366],[11.30646,47.24418],[11.30723,47.2442]],[[11.30431,47.242],[11.30473,47.24226]],[[11.30431,47.242],[11.30431,47.24188]],[[11.30431,47.24188],[11.3043,47.24184]]]}},{"type":"Feature","properties":{"name":"Rund um Raitis","network":"lwn","operator":"Innsbruck Tourismus","route":"foot","osm":"relation/19373421","length_km_in_region":1.8},"geometry":{"type":"MultiLineString","coordinates":[[[11.37765,47.22265],[11.37854,47.22308],[11.37979,47.22296]],[[11.37979,47.22296],[11.38057,47.22305],[11.3821,47.22417]],[[11.3825,47.22465],[11.3821,47.22417]],[[11.3825,47.22465],[11.38273,47.22496],[11.38308,47.22505],[11.38397,47.22448]],[[11.38397,47.22448],[11.38491,47.22329],[11.3849,47.22294],[11.38451,47.22244],[11.38363,47.22202],[11.38371,47.22151],[11.38294,47.22106],[11.38273,47.22113]],[[11.38273,47.22113],[11.38232,47.22046]],[[11.38232,47.22046],[11.3817,47.21944],[11.38013,47.21937],[11.37843,47.21839],[11.37771,47.21842]],[[11.37771,47.21842],[11.37624,47.21826]]]}},{"type":"Feature","properties":{"name":"Rundwanderweg Baumkirchen","network":"lwn","description":"Gehzeit 2h","sac_scale":"hiking","route":"foot","osm":"relation/19285411","length_km_in_region":6.6},"geometry":{"type":"MultiLineString","coordinates":[[[11.53766,47.29485],[11.53969,47.29546]],[[11.53969,47.29546],[11.5417,47.29602],[11.54588,47.29653]],[[11.54588,47.29653],[11.54702,47.2967],[11.54787,47.29723],[11.54904,47.29701],[11.55063,47.29771],[11.55372,47.29823],[11.55772,47.29951],[11.55893,47.3002]],[[11.55893,47.3002],[11.55944,47.30006],[11.56011,47.30015]],[[11.56011,47.30015],[11.56098,47.3004],[11.56163,47.30147]],[[11.56018,47.30235],[11.56163,47.30147]],[[11.55957,47.3027],[11.56018,47.30235]],[[11.55871,47.30295],[11.55957,47.3027]],[[11.55871,47.30295],[11.55885,47.30314]],[[11.55885,47.30314],[11.55829,47.30374],[11.55667,47.30423],[11.55533,47.30495],[11.55308,47.30549],[11.55238,47.306],[11.55013,47.30675],[11.54905,47.3081],[11.54764,47.30783],[11.54535,47.30877],[11.542,47.30883]],[[11.542,47.30883],[11.5419,47.30878]],[[11.5419,47.30878],[11.54116,47.30798]],[[11.54116,47.30798],[11.53949,47.30861],[11.53484,47.30922]],[[11.53304,47.30264],[11.533,47.30334],[11.53463,47.30615],[11.53488,47.30794],[11.53447,47.30858],[11.53484,47.30922]],[[11.52944,47.30041],[11.53064,47.3012],[11.53292,47.30143],[11.53283,47.30225],[11.53304,47.30264]],[[11.52944,47.30041],[11.53012,47.2986],[11.53127,47.29756],[11.53309,47.29676],[11.53451,47.29586],[11.53548,47.2958],[11.53696,47.29536],[11.53732,47.29512],[11.53728,47.29488],[11.53766,47.29485]]]}},{"type":"Feature","properties":{"name":"Rundwanderweg Bramor","ref":"23","network":"lwn","route":"foot","osm":"relation/6267270","length_km_in_region":4.4},"geometry":{"type":"MultiLineString","coordinates":[[[11.5438,47.2683],[11.54367,47.26855],[11.54393,47.26902],[11.54497,47.26986],[11.5427,47.26952]],[[11.5427,47.26952],[11.54256,47.26957]],[[11.54256,47.26957],[11.54327,47.27006],[11.54246,47.2705]],[[11.53801,47.26833],[11.54105,47.2701],[11.5419,47.27047],[11.54246,47.2705]],[[11.53684,47.26777],[11.53738,47.26787],[11.53801,47.26833]],[[11.53684,47.26777],[11.53635,47.26781],[11.5363,47.26767]],[[11.5363,47.26767],[11.53648,47.26748],[11.53628,47.2673],[11.53543,47.26699],[11.53473,47.26639],[11.53326,47.2656]],[[11.53326,47.2656],[11.53265,47.26494],[11.53301,47.26436]],[[11.53431,47.26291],[11.53301,47.26436]],[[11.53346,47.26187],[11.53391,47.26212],[11.53431,47.26291]],[[11.53004,47.26011],[11.53001,47.26037],[11.53074,47.26092],[11.53289,47.26149],[11.53346,47.26187]],[[11.53072,47.25955],[11.5305,47.26008],[11.53004,47.26011]],[[11.53094,47.25891],[11.53072,47.25955]],[[11.53011,47.25785],[11.53094,47.25891]],[[11.53011,47.25785],[11.53026,47.25694]],[[11.53026,47.25694],[11.53398,47.2581]],[[11.54013,47.26208],[11.53826,47.26037],[11.53652,47.25978],[11.53561,47.259],[11.53398,47.2581]],[[11.54091,47.2628],[11.54013,47.26208]],[[11.54181,47.26469],[11.54092,47.26333],[11.54091,47.2628]],[[11.5427,47.26554],[11.54181,47.26469]],[[11.5427,47.26554],[11.54304,47.26591],[11.54281,47.26732]],[[11.54281,47.26732],[11.54307,47.26775],[11.54359,47.26804]],[[11.54359,47.26804],[11.5438,47.2683]]]}},{"type":"Feature","properties":{"name":"Rundwanderweg Bugazikapelle","ref":"24","network":"lwn","route":"foot","osm":"relation/19828576","length_km_in_region":7.7},"geometry":{"type":"MultiLineString","coordinates":[[[11.53097,47.26766],[11.53116,47.26754]],[[11.53116,47.26754],[11.53122,47.26748]],[[11.53122,47.26748],[11.53169,47.26736],[11.53288,47.26838],[11.53507,47.26813],[11.53588,47.26827],[11.53539,47.26781]],[[11.53539,47.26781],[11.53636,47.268],[11.53684,47.26777]],[[11.53684,47.26777],[11.53738,47.26787],[11.53801,47.26833]],[[11.53801,47.26833],[11.54105,47.2701],[11.5419,47.27047],[11.54246,47.2705]],[[11.54256,47.26957],[11.54327,47.27006],[11.54246,47.2705]],[[11.5427,47.26952],[11.54256,47.26957]],[[11.5438,47.2683],[11.54367,47.26855],[11.54393,47.26902],[11.54497,47.26986],[11.5427,47.26952]],[[11.54359,47.26804],[11.5438,47.2683]],[[11.54281,47.26732],[11.54307,47.26775],[11.54359,47.26804]],[[11.5427,47.26554],[11.54304,47.26591],[11.54281,47.26732]],[[11.5427,47.26554],[11.54181,47.26469]],[[11.54181,47.26469],[11.54092,47.26333],[11.54091,47.2628]],[[11.54091,47.2628],[11.54013,47.26208]],[[11.54013,47.26208],[11.53826,47.26037],[11.53652,47.25978],[11.53561,47.259],[11.53398,47.2581]],[[11.53026,47.25694],[11.53398,47.2581]],[[11.52679,47.25623],[11.53026,47.25694]],[[11.52587,47.25592],[11.52679,47.25623]],[[11.5254,47.2558],[11.52587,47.25592]],[[11.5251,47.25783],[11.52492,47.25694],[11.5254,47.2558]],[[11.51842,47.25796],[11.51976,47.25776],[11.52062,47.25786],[11.52159,47.25735],[11.52267,47.25717],[11.52344,47.2572],[11.5251,47.25783]],[[11.51822,47.25767],[11.51842,47.25796]],[[11.51765,47.25795],[11.51822,47.25767]],[[11.51759,47.25795],[11.51765,47.25795]],[[11.51751,47.25798],[11.51759,47.25795]],[[11.5178,47.25862],[11.51751,47.25798]],[[11.51902,47.26062],[11.51823,47.26039],[11.51758,47.25965],[11.5178,47.25862]],[[11.51902,47.26062],[11.51968,47.26078],[11.52053,47.2606],[11.51966,47.26137],[11.51823,47.26151]],[[11.52017,47.26266],[11.51972,47.26178],[11.51823,47.26151]],[[11.52153,47.26409],[11.52103,47.26305],[11.52047,47.26295],[11.52017,47.26266]],[[11.52153,47.26409],[11.52119,47.26565],[11.52097,47.26617],[11.52058,47.26636]],[[11.52155,47.26714],[11.52076,47.26671],[11.52058,47.26636]],[[11.52544,47.26821],[11.52466,47.26806],[11.52337,47.2674],[11.52202,47.26736],[11.52155,47.26714]],[[11.52929,47.27011],[11.52749,47.26927],[11.52689,47.26851],[11.52544,47.26821]],[[11.53432,47.26964],[11.53545,47.27012],[11.53575,47.27074],[11.53529,47.27133],[11.5341,47.27154],[11.53269,47.27117],[11.53087,47.27113],[11.52929,47.27011]]]}},{"type":"Feature","properties":{"name":"Rundwanderweg Ebenwald","ref":"17","network":"lwn","description":"Gehzeit 2.5h","route":"foot","osm":"relation/6294092","length_km_in_region":8.3},"geometry":{"type":"MultiLineString","coordinates":[[[11.48377,47.25614],[11.48075,47.25593],[11.47729,47.25633]],[[11.48869,47.26034],[11.4864,47.25757],[11.48475,47.25635],[11.48377,47.25614]],[[11.4892,47.26076],[11.48869,47.26034]],[[11.48803,47.26351],[11.48931,47.2614],[11.4892,47.26076]],[[11.48833,47.264],[11.48803,47.26351]],[[11.48833,47.264],[11.4886,47.2645],[11.48844,47.26551]],[[11.48844,47.26551],[11.48838,47.26587],[11.489,47.26678],[11.49166,47.26666]],[[11.49166,47.26666],[11.49194,47.26666],[11.49312,47.26753]],[[11.4933,47.2676],[11.49312,47.26753]],[[11.49647,47.26995],[11.4933,47.2676]],[[11.48088,47.26676],[11.48275,47.26773],[11.48493,47.26814],[11.48808,47.26919],[11.49102,47.26886],[11.4919,47.26893],[11.49647,47.26995]],[[11.47868,47.26553],[11.48047,47.26632],[11.48088,47.26676]],[[11.47272,47.26345],[11.47676,47.26485],[11.47781,47.26538],[11.47868,47.26553]],[[11.47272,47.26345],[11.47292,47.26289],[11.47284,47.26169],[11.47183,47.26194]],[[11.47183,47.26194],[11.47049,47.26194],[11.47014,47.2617],[11.4697,47.26171],[11.46911,47.26121],[11.46862,47.2612],[11.46783,47.26081],[11.46702,47.26115],[11.46512,47.26104],[11.4632,47.26117],[11.46203,47.26099]],[[11.46094,47.26068],[11.46203,47.26099]],[[11.46094,47.26068],[11.45977,47.26043],[11.45861,47.26071]],[[11.45861,47.26071],[11.45846,47.26016],[11.45876,47.25949]],[[11.45876,47.25949],[11.4583,47.25923]],[[11.4583,47.25923],[11.45821,47.25893]],[[11.45821,47.25893],[11.45833,47.25877]],[[11.45833,47.25877],[11.45951,47.2586],[11.46063,47.25925],[11.46156,47.25924]],[[11.46156,47.25924],[11.46158,47.25925]],[[11.46158,47.25925],[11.4617,47.25929]],[[11.4617,47.25929],[11.46231,47.2598],[11.46289,47.25931],[11.46368,47.25928]],[[11.46368,47.25928],[11.46454,47.25927]],[[11.46454,47.25927],[11.46564,47.2591],[11.46776,47.25914],[11.47004,47.25956],[11.47125,47.25935]],[[11.47125,47.25935],[11.47073,47.25829],[11.47105,47.25758],[11.47148,47.25729],[11.47291,47.25702],[11.47147,47.25653],[11.47102,47.25613]],[[11.47729,47.25633],[11.47526,47.25643],[11.47273,47.25609],[11.47102,47.25613]]]}},{"type":"Feature","properties":{"name":"Rundwanderweg Gletscherkapelle","ref":"15","network":"lwn","route":"foot","osm":"relation/19327489","length_km_in_region":0.8},"geometry":{"type":"MultiLineString","coordinates":[[[11.44335,47.24449],[11.44334,47.24399],[11.44173,47.24395]],[[11.44173,47.24395],[11.44041,47.24286]],[[11.45133,47.24747],[11.45091,47.24702],[11.45249,47.24557]],[[11.45054,47.24569],[11.4519,47.24585],[11.45249,47.24557]]]}},{"type":"Feature","properties":{"name":"Rundwanderweg Hasental","ref":"20","network":"lwn","description":"Gehzeit 1.5h","route":"foot","roundtrip":"yes","osm":"relation/6047574","length_km_in_region":3.6},"geometry":{"type":"MultiLineString","coordinates":[[[11.50606,47.26129],[11.50557,47.2604]],[[11.5061,47.26138],[11.50606,47.26129]],[[11.50597,47.26301],[11.50571,47.26255],[11.5061,47.26138]],[[11.50353,47.26187],[11.50488,47.26237],[11.50576,47.26309],[11.50597,47.26301]],[[11.50353,47.26187],[11.50374,47.26212]],[[11.49805,47.26265],[11.49826,47.26232],[11.50129,47.2617],[11.50263,47.26171],[11.50374,47.26212]],[[11.4976,47.26324],[11.49805,47.26265]],[[11.49601,47.26389],[11.49695,47.26337],[11.4976,47.26324]],[[11.49601,47.26389],[11.49445,47.26265],[11.49392,47.26162],[11.49292,47.26087]],[[11.49292,47.26087],[11.4924,47.25965],[11.49329,47.25898],[11.49354,47.25855],[11.49315,47.2576]],[[11.49468,47.25886],[11.49465,47.25803],[11.49422,47.25742],[11.49379,47.25732],[11.49315,47.2576]],[[11.49503,47.25866],[11.49468,47.2592],[11.49468,47.25886]],[[11.49743,47.25896],[11.49503,47.25866]],[[11.50068,47.25743],[11.50043,47.25807],[11.50047,47.2594],[11.49902,47.2595],[11.49743,47.25896]],[[11.50252,47.25827],[11.50068,47.25743]],[[11.50417,47.25958],[11.50252,47.25827]],[[11.50557,47.2604],[11.50417,47.25958]]]}},{"type":"Feature","properties":{"name":"Rundwanderweg Herztal","ref":"11","network":"lwn","description":"Gehzeit 1.5h","route":"foot","osm":"relation/6245516","length_km_in_region":4.0},"geometry":{"type":"MultiLineString","coordinates":[[[11.45197,47.24898],[11.45431,47.2488]],[[11.45431,47.2488],[11.45704,47.24859],[11.45807,47.24797]],[[11.46112,47.25264],[11.46082,47.252],[11.45988,47.25196],[11.45948,47.2516],[11.45932,47.2512],[11.45978,47.24974],[11.45907,47.2482],[11.45807,47.24797]],[[11.46113,47.2527],[11.46112,47.25264]],[[11.46111,47.2529],[11.46113,47.2527]],[[11.46104,47.25298],[11.46111,47.2529]],[[11.46156,47.25924],[11.46241,47.25837],[11.46077,47.25702],[11.46126,47.25536],[11.46104,47.25298]],[[11.45833,47.25877],[11.45951,47.2586],[11.46063,47.25925],[11.46156,47.25924]],[[11.45638,47.25787],[11.45833,47.25877]],[[11.45487,47.25487],[11.45447,47.25522],[11.45419,47.25711],[11.45568,47.2574],[11.45638,47.25787]],[[11.45487,47.25487],[11.45446,47.25493],[11.45427,47.25429],[11.45334,47.25362]],[[11.44745,47.25148],[11.44811,47.25186],[11.44999,47.25222],[11.45097,47.25287],[11.45279,47.25319],[11.45334,47.25362]],[[11.44781,47.25134],[11.44745,47.25148]],[[11.45016,47.25048],[11.44957,47.25099],[11.44781,47.25134]],[[11.45197,47.24898],[11.45042,47.24997],[11.45016,47.25048]]]}},{"type":"Feature","properties":{"name":"Rundwanderweg Kienberg","ref":"18","network":"lwn","route":"foot","osm":"relation/19315219","length_km_in_region":4.9},"geometry":{"type":"MultiLineString","coordinates":[[[11.50735,47.26756],[11.50756,47.26768]],[[11.52127,47.27139],[11.5201,47.2705],[11.51604,47.26924],[11.51411,47.26889],[11.51086,47.26871],[11.50992,47.26829],[11.50756,47.26768]],[[11.52127,47.27139],[11.52081,47.27298]],[[11.52081,47.27298],[11.51947,47.27295]],[[11.51947,47.27295],[11.51882,47.27297]],[[11.51782,47.27292],[11.51882,47.27297]],[[11.51444,47.27311],[11.51566,47.27288],[11.51782,47.27292]],[[11.51444,47.27311],[11.51334,47.2732]],[[11.51334,47.2732],[11.51243,47.27327]],[[11.51243,47.27327],[11.50908,47.27311],[11.50831,47.27287],[11.50699,47.27202],[11.50576,47.27155],[11.50543,47.27112],[11.50508,47.27108],[11.50414,47.27027],[11.50263,47.26972],[11.50183,47.26905],[11.49991,47.2684],[11.49918,47.26795]],[[11.49666,47.26693],[11.49743,47.26717],[11.49835,47.26783],[11.49918,47.26795]],[[11.49539,47.26551],[11.49666,47.26693]],[[11.49539,47.26551],[11.49599,47.26428]],[[11.49599,47.26428],[11.49601,47.26389]],[[11.49601,47.26389],[11.49695,47.26337],[11.4976,47.26324]],[[11.4976,47.26324],[11.49917,47.26327],[11.49995,47.26306]],[[11.50735,47.26756],[11.50618,47.2664],[11.5012,47.26275],[11.50013,47.26272],[11.49995,47.26306]]]}},{"type":"Feature","properties":{"name":"Rundwanderweg Knappental","ref":"16","network":"lwn","route":"hiking","osm":"relation/11539647","length_km_in_region":3.7},"geometry":{"type":"MultiLineString","coordinates":[[[11.49601,47.26389],[11.49445,47.26265],[11.49392,47.26162],[11.49292,47.26087]],[[11.49599,47.26428],[11.49601,47.26389]],[[11.49599,47.26428],[11.49549,47.26373],[11.49378,47.26325],[11.4933,47.26293]],[[11.4933,47.26293],[11.49302,47.26274],[11.49296,47.26215]],[[11.49296,47.26215],[11.49229,47.26133],[11.49018,47.26028],[11.48966,47.26016],[11.48869,47.26034]],[[11.48649,47.25978],[11.48752,47.25992],[11.48869,47.26034]],[[11.48649,47.25978],[11.48635,47.25845]],[[11.48635,47.25845],[11.48563,47.25741],[11.4856,47.25691]],[[11.48709,47.25594],[11.4856,47.25691]],[[11.48329,47.25428],[11.48709,47.25594]],[[11.48329,47.25428],[11.48492,47.25453],[11.48604,47.25496],[11.48703,47.25506]],[[11.48703,47.25506],[11.4871,47.25495]],[[11.4871,47.25495],[11.48711,47.25491]],[[11.48711,47.25491],[11.4871,47.25459],[11.48769,47.25438],[11.4889,47.25435],[11.4893,47.25476],[11.48957,47.25596]],[[11.49315,47.2576],[11.49291,47.25741],[11.49201,47.25736],[11.49101,47.25697],[11.48957,47.25596]],[[11.49292,47.26087],[11.4924,47.25965],[11.49329,47.25898],[11.49354,47.25855],[11.49315,47.2576]]]}},{"type":"Feature","properties":{"name":"Rundwanderweg Poltental","ref":"21","network":"lwn","description":"Gehzeit 2.5 h","route":"foot","osm":"relation/6062769","length_km_in_region":5.3},"geometry":{"type":"MultiLineString","coordinates":[[[11.52544,47.26821],[11.52466,47.26806],[11.52337,47.2674],[11.52202,47.26736],[11.52155,47.26714]],[[11.52155,47.26714],[11.52076,47.26671],[11.52058,47.26636]],[[11.52058,47.26636],[11.52011,47.2658],[11.51841,47.26466]],[[11.51841,47.26466],[11.51547,47.26327]],[[11.51436,47.26349],[11.51547,47.26327]],[[11.51301,47.26411],[11.51436,47.26349]],[[11.51301,47.26411],[11.51205,47.26364]],[[11.51205,47.26364],[11.50973,47.26193]],[[11.50973,47.26193],[11.50934,47.26176]],[[11.50934,47.26176],[11.50618,47.26063]],[[11.50658,47.2602],[11.50618,47.26063]],[[11.5068,47.25993],[11.50658,47.2602]],[[11.50696,47.25825],[11.50665,47.25906],[11.5068,47.25993]],[[11.50706,47.25813],[11.50696,47.25825]],[[11.50717,47.25807],[11.50706,47.25813]],[[11.50717,47.25807],[11.50792,47.25671],[11.50875,47.25644]],[[11.50866,47.25616],[11.50875,47.25644]],[[11.5088,47.25432],[11.5086,47.25475],[11.50866,47.25616]],[[11.5088,47.25432],[11.50901,47.25399]],[[11.50901,47.25399],[11.51043,47.25356]],[[11.51043,47.25356],[11.51059,47.25323]],[[11.51059,47.25323],[11.51065,47.25326]],[[11.51065,47.25326],[11.51076,47.25331]],[[11.51076,47.25331],[11.51182,47.25361]],[[11.51376,47.25561],[11.51338,47.2547],[11.51182,47.25361]],[[11.51379,47.25568],[11.51376,47.25561]],[[11.51642,47.25629],[11.51379,47.25568]],[[11.51733,47.25738],[11.5172,47.25668],[11.51642,47.25629]],[[11.51751,47.25798],[11.51733,47.25738]],[[11.5178,47.25862],[11.51751,47.25798]],[[11.51902,47.26062],[11.51823,47.26039],[11.51758,47.25965],[11.5178,47.25862]],[[11.52465,47.26396],[11.52208,47.26201],[11.52102,47.26006],[11.51902,47.26062]],[[11.52465,47.26396],[11.52712,47.26584],[11.52757,47.26759],[11.5274,47.26776],[11.52535,47.26813]]]}},{"type":"Feature","properties":{"name":"Rundwanderweg Rans","ref":"10","network":"lwn","route":"foot","osm":"relation/19327490","length_km_in_region":1.1},"geometry":{"type":"MultiLineString","coordinates":[[[11.4347,47.23955],[11.43368,47.23843]],[[11.43539,47.2404],[11.4347,47.23955]],[[11.43539,47.2404],[11.43605,47.2405]],[[11.43605,47.2405],[11.43703,47.24083],[11.43849,47.24208],[11.44041,47.24286]],[[11.44173,47.24395],[11.44041,47.24286]],[[11.44335,47.24449],[11.44334,47.24399],[11.44173,47.24395]]]}},{"type":"Feature","properties":{"name":"Rundwanderweg Rauher Brunnen","ref":"3","network":"lwn","route":"foot","osm":"relation/19273820","length_km_in_region":5.4},"geometry":{"type":"MultiLineString","coordinates":[[[11.4151,47.20367],[11.41506,47.20409]],[[11.4151,47.20367],[11.41525,47.20304]],[[11.41525,47.20304],[11.41604,47.20088]],[[11.41604,47.20088],[11.4168,47.19939]],[[11.4183,47.19856],[11.4175,47.19922],[11.4168,47.19939]],[[11.4227,47.19772],[11.42201,47.19772],[11.42149,47.19749],[11.42089,47.19795],[11.41985,47.19782],[11.41843,47.19821],[11.4183,47.19856]],[[11.42271,47.19765],[11.4227,47.19772]],[[11.42364,47.19299],[11.42335,47.19412],[11.42208,47.19546],[11.42237,47.19737],[11.42271,47.19765]],[[11.42364,47.19299],[11.42401,47.19276],[11.42458,47.19137],[11.42504,47.18924]],[[11.42256,47.18627],[11.42299,47.18675],[11.42504,47.18793],[11.42527,47.1885],[11.42504,47.18924]],[[11.42256,47.18627],[11.42236,47.18625]],[[11.42236,47.18625],[11.42237,47.18637]],[[11.42428,47.1888],[11.42441,47.18838],[11.42336,47.18718],[11.42248,47.1868],[11.42237,47.18637]],[[11.42428,47.1888],[11.42434,47.18913],[11.42391,47.18974],[11.42301,47.19023],[11.42145,47.19192],[11.41878,47.19309],[11.41797,47.19483],[11.41694,47.19571],[11.4172,47.19633],[11.41634,47.19591],[11.41581,47.19594],[11.41556,47.19578],[11.41586,47.19537],[11.41565,47.19521],[11.41472,47.19511],[11.41358,47.1953]],[[11.41019,47.19649],[11.41098,47.19633],[11.41239,47.19543],[11.41358,47.1953]],[[11.41019,47.19649],[11.41008,47.19675],[11.41055,47.19673]],[[11.41055,47.19673],[11.41017,47.19708]],[[11.40929,47.19817],[11.41017,47.19708]],[[11.41252,47.20144],[11.41192,47.20097],[11.41172,47.19982],[11.41138,47.19941],[11.40945,47.19857],[11.40929,47.19817]],[[11.41307,47.20243],[11.41252,47.20144]]]}},{"type":"Feature","properties":{"name":"Rundwanderweg Rohrach","ref":"14","network":"lwn","description":"Gehzeit 2.5 h","route":"foot","osm":"relation/20355315","length_km_in_region":6.1},"geometry":{"type":"MultiLineString","coordinates":[[[11.45584,47.23726],[11.45492,47.23717],[11.4523,47.23757],[11.44874,47.23732]],[[11.44874,47.23732],[11.44883,47.2371]],[[11.44883,47.2371],[11.44914,47.23681]],[[11.44914,47.23681],[11.45034,47.2361],[11.45103,47.2349]],[[11.45103,47.2349],[11.45183,47.23495],[11.45232,47.23477]],[[11.45232,47.23477],[11.45339,47.23473]],[[11.47737,47.2377],[11.47537,47.2374],[11.47383,47.2368],[11.47288,47.23676],[11.47119,47.23622],[11.47034,47.23568],[11.46931,47.23554],[11.46855,47.23492],[11.46823,47.23487],[11.4663,47.23489],[11.46509,47.2345],[11.46386,47.23447],[11.46049,47.23525],[11.45339,47.23473]],[[11.47948,47.23771],[11.47893,47.23753],[11.47841,47.23776],[11.47737,47.2377]],[[11.48201,47.23921],[11.47948,47.23771]],[[11.48233,47.23903],[11.48201,47.23921]],[[11.48233,47.23903],[11.48296,47.23932],[11.48326,47.23982],[11.48418,47.24002],[11.48426,47.24049]],[[11.48426,47.24049],[11.48365,47.24084],[11.48262,47.24065],[11.48146,47.24088],[11.48088,47.24048],[11.4798,47.24084],[11.47897,47.24079]],[[11.47897,47.24079],[11.4779,47.24104]],[[11.4779,47.24104],[11.47731,47.24131],[11.4768,47.24195]],[[11.4768,47.24195],[11.47443,47.24214],[11.4714,47.24172],[11.47001,47.24211],[11.4688,47.24215]],[[11.4688,47.24215],[11.46812,47.24193]],[[11.46812,47.24193],[11.4642,47.24076],[11.46347,47.24015],[11.45829,47.23836],[11.45666,47.23745]],[[11.45666,47.23745],[11.45584,47.23726]]]}},{"type":"Feature","properties":{"name":"Rundwanderweg Rosengarten","ref":"7","network":"lwn","osmc:symbol":"yellow:yellow:green_circle:7:black","website":"https://www.innsbruck.info/wandern/wandern/wanderungen/touren/rosengarten-30-1.html","distance":"7.8","route":"foot","osm":"relation/6226096","length_km_in_region":4.7},"geometry":{"type":"MultiLineString","coordinates":[[[11.40904,47.22555],[11.40815,47.22224]],[[11.40964,47.21655],[11.40948,47.2173],[11.40805,47.21966],[11.40815,47.22224]],[[11.40964,47.21655],[11.40913,47.21419],[11.40934,47.21319],[11.40948,47.21274],[11.41046,47.21195],[11.4111,47.20999]],[[11.4111,47.20999],[11.41166,47.21027],[11.41211,47.21118],[11.41192,47.21218]],[[11.41192,47.21218],[11.41259,47.21234],[11.41253,47.21299]],[[11.41253,47.21299],[11.41406,47.21332],[11.41459,47.21196]],[[11.41457,47.21335],[11.41459,47.21196]],[[11.41666,47.21284],[11.41555,47.21224],[11.41457,47.21335]],[[11.41666,47.21284],[11.41622,47.21343],[11.41601,47.21496]],[[11.41601,47.21496],[11.4153,47.21569],[11.41572,47.21593]],[[11.41572,47.21593],[11.41503,47.21739],[11.415,47.21831]],[[11.415,47.21831],[11.41431,47.21859],[11.41399,47.21898],[11.41454,47.21973],[11.41325,47.22077],[11.41289,47.22093],[11.41302,47.22065],[11.4126,47.22068]],[[11.4126,47.22068],[11.41226,47.22057],[11.41153,47.22118],[11.40984,47.22128],[11.40939,47.22199]],[[11.40939,47.22199],[11.41004,47.22322],[11.40956,47.22373],[11.40983,47.22434],[11.40904,47.22555]]]}},{"type":"Feature","properties":{"name":"Rundwanderweg Teufelsmühle","ref":"19","network":"lwn","route":"foot","osm":"relation/19256350","length_km_in_region":8.1},"geometry":{"type":"MultiLineString","coordinates":[[[11.47804,47.24957],[11.47685,47.24994]],[[11.47988,47.24861],[11.48002,47.24884],[11.47935,47.24949],[11.47804,47.24957]],[[11.47988,47.24861],[11.48129,47.24869]],[[11.48158,47.24811],[11.48129,47.24869]],[[11.48211,47.24717],[11.48158,47.24811]],[[11.48211,47.24712],[11.48211,47.24717]],[[11.48211,47.2471],[11.48211,47.24712]],[[11.4826,47.24541],[11.48294,47.24592],[11.48304,47.24679],[11.48284,47.24699],[11.48211,47.2471]],[[11.47982,47.24342],[11.48029,47.24424],[11.48131,47.24519],[11.4826,47.24541]],[[11.4768,47.24195],[11.47703,47.24216],[11.47827,47.24215],[11.47929,47.24247],[11.47982,47.24342]],[[11.4779,47.24104],[11.47731,47.24131],[11.4768,47.24195]],[[11.4779,47.24104],[11.47821,47.24116]],[[11.47821,47.24116],[11.48039,47.24152],[11.48257,47.24217],[11.48373,47.24224],[11.48466,47.24273],[11.48597,47.24297]],[[11.48597,47.24297],[11.48656,47.24282],[11.48894,47.24308]],[[11.48894,47.24308],[11.49264,47.24408],[11.49407,47.24393]],[[11.49869,47.24412],[11.4967,47.24372],[11.49407,47.24393]],[[11.49869,47.24412],[11.49924,47.24467],[11.5025,47.24642]],[[11.5025,47.24642],[11.50194,47.24683],[11.50258,47.24737],[11.50303,47.24817]],[[11.50303,47.24817],[11.50246,47.24823]],[[11.50246,47.24823],[11.50227,47.24913]],[[11.50227,47.24913],[11.50203,47.24989]],[[11.50203,47.24989],[11.50164,47.24985]],[[11.50164,47.24985],[11.50168,47.25083],[11.50324,47.25239]],[[11.50324,47.25239],[11.50229,47.25336]],[[11.50191,47.25392],[11.50229,47.25336]],[[11.50185,47.2541],[11.50191,47.25392]],[[11.50106,47.257],[11.50185,47.2541]],[[11.50068,47.25743],[11.50106,47.257]],[[11.49913,47.25724],[11.50068,47.25743]],[[11.48917,47.25268],[11.49169,47.25437],[11.49398,47.25518],[11.4946,47.25586],[11.49913,47.25724]],[[11.48917,47.25268],[11.48896,47.25303],[11.48715,47.25305],[11.487,47.25342],[11.48656,47.25352],[11.48474,47.25249]],[[11.48474,47.25249],[11.48465,47.25249]],[[11.48465,47.25249],[11.48458,47.25225]],[[11.48458,47.25225],[11.48461,47.25298],[11.48439,47.25314],[11.48347,47.25289],[11.48172,47.25287],[11.48061,47.2525],[11.47554,47.25218],[11.47378,47.25152]],[[11.47378,47.25152],[11.47372,47.25146]],[[11.47372,47.25146],[11.47638,47.25146],[11.47753,47.25125],[11.47861,47.25076]],[[11.47861,47.25076],[11.47685,47.24994]]]}},{"type":"Feature","properties":{"name":"Rundwanderweg Voldertal","ref":"25","network":"lwn","route":"foot","osm":"relation/19345406","length_km_in_region":11.3},"geometry":{"type":"MultiLineString","coordinates":[[[11.54013,47.26208],[11.53826,47.26037],[11.53652,47.25978],[11.53561,47.259],[11.53398,47.2581]],[[11.54091,47.2628],[11.54013,47.26208]],[[11.54091,47.2628],[11.54294,47.26362]],[[11.54294,47.26362],[11.54385,47.26406]],[[11.54385,47.26406],[11.54593,47.26432],[11.54711,47.26473],[11.54897,47.26576],[11.55176,47.26659]],[[11.55565,47.26751],[11.55411,47.26714],[11.55367,47.26721],[11.55176,47.26659]],[[11.56232,47.26836],[11.56205,47.26894],[11.56073,47.26954],[11.56023,47.26901],[11.55867,47.26817],[11.55755,47.26786],[11.55641,47.26791],[11.55565,47.26751]],[[11.56232,47.26836],[11.56197,47.26794],[11.56164,47.26673],[11.56123,47.26644]],[[11.56123,47.26644],[11.56124,47.26555],[11.5602,47.26457],[11.55959,47.26216],[11.55878,47.26098],[11.55916,47.25958],[11.55887,47.25935]],[[11.55981,47.25557],[11.55967,47.25735],[11.55931,47.25766],[11.55938,47.25822],[11.55887,47.25935]],[[11.55482,47.26104],[11.55675,47.26008],[11.55762,47.25929],[11.55779,47.25881],[11.55878,47.25847],[11.55874,47.25771],[11.55928,47.25699],[11.55981,47.25557]],[[11.55355,47.26129],[11.55482,47.26104]],[[11.53922,47.25762],[11.53993,47.25741],[11.54051,47.2576],[11.54145,47.25842],[11.5456,47.26062],[11.54454,47.25852],[11.5447,47.25844],[11.5468,47.25963],[11.54851,47.26004],[11.5516,47.26216],[11.55407,47.26304],[11.55331,47.2619],[11.55355,47.26129]],[[11.53606,47.25693],[11.53563,47.25611],[11.53802,47.25676],[11.53869,47.25751],[11.53922,47.25762]],[[11.53398,47.2581],[11.53468,47.25736],[11.53569,47.25725],[11.53606,47.25693]],[[11.55996,47.25501],[11.55981,47.25557]],[[11.56047,47.25031],[11.56066,47.2507],[11.56037,47.25208],[11.56106,47.25388],[11.56012,47.25439],[11.55996,47.25501]],[[11.55752,47.24504],[11.55734,47.24612],[11.55876,47.24893],[11.55924,47.24951],[11.56047,47.25031]],[[11.55461,47.24191],[11.55513,47.2429],[11.55609,47.24334],[11.55648,47.24454],[11.55752,47.24504]],[[11.5531,47.23535],[11.55437,47.23721],[11.5541,47.23958],[11.55461,47.24191]],[[11.5531,47.23535],[11.55288,47.23433],[11.55304,47.23356],[11.55256,47.23222],[11.55257,47.23138]],[[11.5528,47.23007],[11.55286,47.23067],[11.55257,47.23138]],[[11.55287,47.22999],[11.5528,47.23007]],[[11.5529,47.22996],[11.55287,47.22999]],[[11.5529,47.22996],[11.55301,47.22869],[11.55198,47.22619]],[[11.55198,47.22619],[11.55132,47.22483]],[[11.55132,47.22483],[11.55118,47.22482]]]}},{"type":"Feature","properties":{"name":"Rundwanderweg Wiesenhöfe","ref":"12","network":"lwn","route":"foot","osm":"relation/19315218","length_km_in_region":3.6},"geometry":{"type":"MultiLineString","coordinates":[[[11.47102,47.2469],[11.472,47.24651]],[[11.472,47.24651],[11.47307,47.24566]],[[11.47324,47.24573],[11.47307,47.24566]],[[11.47593,47.24545],[11.47525,47.24564],[11.47414,47.24557],[11.47324,47.24573]],[[11.48211,47.2471],[11.48003,47.24677],[11.47746,47.24566],[11.47593,47.24545]],[[11.48211,47.2471],[11.48211,47.24712]],[[11.48211,47.24712],[11.48211,47.24717]],[[11.48211,47.24717],[11.48158,47.24811]],[[11.48158,47.24811],[11.48129,47.24869]],[[11.48129,47.24869],[11.48355,47.24898]],[[11.48355,47.24898],[11.48511,47.24886]],[[11.48511,47.24886],[11.48507,47.24937],[11.48753,47.25063],[11.48773,47.25156]],[[11.48773,47.25156],[11.48877,47.25212],[11.48917,47.25268]],[[11.48917,47.25268],[11.48896,47.25303],[11.48715,47.25305],[11.487,47.25342],[11.48656,47.25352],[11.48474,47.25249]],[[11.48474,47.25249],[11.48465,47.25249]],[[11.48465,47.25249],[11.48458,47.25225]],[[11.48458,47.25225],[11.48461,47.25298],[11.48439,47.25314],[11.48347,47.25289],[11.48172,47.25287],[11.48061,47.2525],[11.47554,47.25218],[11.47378,47.25152]],[[11.47378,47.25152],[11.47277,47.25156],[11.47191,47.25195]],[[11.47198,47.25216],[11.47191,47.25195]],[[11.47196,47.25225],[11.47198,47.25216]]]}},{"type":"Feature","properties":{"name":"Scharnitz - Kreidengraben - Oberbrunn-Alm","ref":"?","network":"lwn","osmc:symbol":"red:red:white_bar","route":"hiking","osm":"relation/3934833","length_km_in_region":0.7},"geometry":{"type":"MultiLineString","coordinates":[[[11.27722,47.35565],[11.27691,47.35634],[11.27792,47.35631],[11.27914,47.35707],[11.27922,47.35753],[11.27976,47.35755],[11.28114,47.35846],[11.28179,47.35943],[11.28123,47.36002]]]}},{"type":"Feature","properties":{"name":"Scharnitz - Mühlberg - Oberbrunn-Alm","ref":"?","network":"lwn","osmc:symbol":"red:red:white_bar","route":"hiking","osm":"relation/3934045","length_km_in_region":0.8},"geometry":{"type":"MultiLineString","coordinates":[[[11.27714,47.35536],[11.27722,47.35565],[11.27656,47.35572],[11.2765,47.35602],[11.27615,47.35614],[11.2758,47.35666],[11.27336,47.35762],[11.27306,47.35826],[11.27137,47.35931],[11.27098,47.36005]]]}},{"type":"Feature","properties":{"name":"Schartensteig","ref":"28","network":"lwn","route":"hiking","osm":"relation/17077817","length_km_in_region":2.9},"geometry":{"type":"MultiLineString","coordinates":[[[11.26734,47.2105],[11.2685,47.2105],[11.27066,47.20985],[11.2713,47.20938],[11.27284,47.20874],[11.27335,47.20818],[11.27482,47.20771],[11.27581,47.20773],[11.27813,47.20655],[11.28037,47.20599],[11.28171,47.20583],[11.28359,47.20516],[11.28421,47.20523],[11.28451,47.20504],[11.28627,47.20536],[11.2874,47.2058],[11.28776,47.20574],[11.28819,47.20524],[11.28826,47.20459],[11.28892,47.20331],[11.29,47.20185],[11.29178,47.20042],[11.29319,47.19993],[11.29386,47.19942]],[[11.26629,47.21239],[11.2659,47.21158],[11.2664,47.21095],[11.26734,47.2105]]]}},{"type":"Feature","properties":{"name":"Scheibenweg","network":"lwn","route":"hiking","osm":"relation/17078436","length_km_in_region":1.6},"geometry":{"type":"MultiLineString","coordinates":[[[11.33126,47.15722],[11.33145,47.15704],[11.33099,47.1571],[11.33129,47.15693],[11.33072,47.1569],[11.33091,47.15664],[11.33063,47.15659],[11.33026,47.15674],[11.32875,47.15646],[11.32616,47.15635],[11.3217,47.15657],[11.32105,47.15638],[11.32158,47.1562],[11.32082,47.15611],[11.3182,47.15612],[11.317,47.15637],[11.31644,47.15635],[11.31572,47.15605],[11.31529,47.1567],[11.31463,47.15691]]]}},{"type":"Feature","properties":{"name":"Schlosssteig","ref":"13","network":"lwn","route":"foot","osm":"relation/15818859","length_km_in_region":5.2},"geometry":{"type":"MultiLineString","coordinates":[[[11.24167,47.27722],[11.24148,47.27736],[11.24165,47.27739]],[[11.24165,47.27739],[11.2412,47.2775]],[[11.2412,47.2775],[11.24049,47.27758]],[[11.24049,47.27758],[11.23963,47.27783],[11.23988,47.27786]],[[11.23988,47.27786],[11.23878,47.27806],[11.23869,47.27849],[11.23818,47.27849],[11.23826,47.27868]],[[11.23748,47.27907],[11.23792,47.27858],[11.23826,47.27868]],[[11.23748,47.27907],[11.23732,47.27934]],[[11.23732,47.27934],[11.23714,47.27915],[11.23676,47.27928]],[[11.23676,47.27928],[11.23688,47.27954],[11.2355,47.2803]],[[11.2355,47.2803],[11.23502,47.28085],[11.23502,47.28146],[11.23648,47.28202]],[[11.23648,47.28202],[11.23642,47.28215],[11.23587,47.28209],[11.23604,47.28269],[11.23539,47.28245],[11.2356,47.28287],[11.23546,47.28278],[11.2354,47.28299],[11.23466,47.28336]],[[11.23466,47.28336],[11.23378,47.28465],[11.23187,47.28595],[11.23236,47.28692]],[[11.23236,47.28692],[11.23261,47.28835],[11.2323,47.28824],[11.23033,47.28842],[11.23037,47.28867],[11.23179,47.28888],[11.23178,47.28931],[11.2308,47.28923]],[[11.2308,47.28923],[11.23237,47.29004],[11.23229,47.2905],[11.23272,47.29102]],[[11.23825,47.29387],[11.23788,47.29448],[11.23743,47.29466],[11.23686,47.29402],[11.23631,47.29389],[11.23632,47.29341],[11.23574,47.29317],[11.23541,47.29275],[11.23528,47.29311],[11.2347,47.29296],[11.23468,47.29258],[11.23414,47.29249],[11.23366,47.29215],[11.2333,47.29149],[11.23272,47.29102]],[[11.23843,47.29387],[11.23825,47.29387]],[[11.23861,47.29387],[11.23843,47.29387]],[[11.23893,47.29432],[11.23861,47.29387]],[[11.23907,47.29439],[11.23893,47.29432]],[[11.23974,47.29334],[11.23979,47.29364],[11.23925,47.2941],[11.23952,47.29453],[11.23907,47.29439]],[[11.2391,47.29086],[11.23937,47.292],[11.23977,47.29241],[11.23951,47.29284],[11.23974,47.29334]],[[11.24292,47.28238],[11.24211,47.28255],[11.24183,47.28287],[11.2419,47.2833],[11.2415,47.28352],[11.24159,47.28371],[11.24123,47.28373],[11.24108,47.284],[11.24038,47.28432],[11.24185,47.28499],[11.24131,47.28511],[11.24118,47.28557],[11.24054,47.28574],[11.24008,47.28641],[11.23979,47.28776],[11.23923,47.28844],[11.23923,47.28923],[11.23948,47.28948],[11.2391,47.29086]]]}},{"type":"Feature","properties":{"name":"Schmidhubersteig","network":"lwn","operator":"ÖAV Zweig Innsbruck","sac_scale":"demanding_mountain_hiking","route":"foot","osm":"relation/17347439","length_km_in_region":1.7},"geometry":{"type":"MultiLineString","coordinates":[[[11.34868,47.30477],[11.35012,47.30444],[11.35077,47.3046],[11.35139,47.30449],[11.35163,47.30433],[11.35143,47.30429],[11.3514,47.3038],[11.35156,47.30392],[11.35291,47.30364],[11.35333,47.30386],[11.35363,47.30433],[11.35372,47.30497],[11.35506,47.3057],[11.3581,47.30634],[11.35985,47.30648],[11.36197,47.3072],[11.36376,47.30707],[11.3644,47.30684],[11.36683,47.30679],[11.36751,47.30694]]]}},{"type":"Feature","properties":{"name":"Schützensteig","network":"lwn","operator":"Schützenkompanie Gries im Sellrain","route":"foot","osm":"relation/16220170","length_km_in_region":2.1},"geometry":{"type":"MultiLineString","coordinates":[[[11.14271,47.17876],[11.14319,47.17764]],[[11.14271,47.17876],[11.14263,47.17853],[11.14197,47.17938],[11.14171,47.17934],[11.14151,47.17961],[11.14165,47.18102],[11.14073,47.18174],[11.14055,47.18216],[11.14008,47.18221],[11.13997,47.18182],[11.13946,47.18162],[11.13895,47.18183],[11.13868,47.18167],[11.13756,47.18261],[11.13772,47.18316],[11.13752,47.18317],[11.13827,47.18373],[11.13805,47.18428],[11.13766,47.18447],[11.13789,47.18469],[11.13697,47.18474],[11.13662,47.18518],[11.13683,47.18529],[11.13668,47.18553],[11.13751,47.18592],[11.13742,47.1872],[11.1362,47.18743],[11.13603,47.1878],[11.13628,47.18788],[11.13571,47.18841],[11.13608,47.18853],[11.13539,47.18879],[11.13561,47.18905],[11.13512,47.18937]],[[11.13512,47.18937],[11.13573,47.1898]]]}},{"type":"Feature","properties":{"name":"Sebastian-Kandler-Lauf","ref":"03","network":"lwn","osmc:symbol":"blue:blue:blue:SKL:white","website":"https://www.innsbruck.info/sport/sommer/laufen-und-walken/laufstrecken/touren/sebastian-kandler-lauf.html","distance":"3.1","route":"hiking","roundtrip":"yes","osm":"relation/1617865","length_km_in_region":5.4},"geometry":{"type":"MultiLineString","coordinates":[[[11.40512,47.29214],[11.40553,47.29247],[11.40567,47.29235],[11.40592,47.29251],[11.40619,47.29163],[11.40637,47.2915],[11.40642,47.29165],[11.4073,47.29083]],[[11.40512,47.29214],[11.4054,47.29254],[11.40521,47.2929],[11.40538,47.29307],[11.40788,47.29368],[11.40842,47.29358],[11.40902,47.29375]],[[11.40902,47.29375],[11.40922,47.29397]],[[11.40922,47.29397],[11.40955,47.29447],[11.41162,47.29591],[11.41237,47.2977],[11.4116,47.29752],[11.4111,47.29773],[11.41076,47.29742]],[[11.41076,47.29742],[11.40848,47.29795],[11.40609,47.29748]],[[11.40303,47.29634],[11.4033,47.29645],[11.40333,47.29699],[11.4043,47.29712],[11.40479,47.29778],[11.40609,47.29748]],[[11.40303,47.29634],[11.40297,47.29603]],[[11.40297,47.29603],[11.40255,47.29534],[11.40172,47.29462],[11.40145,47.29412],[11.40167,47.29384],[11.40123,47.29383],[11.40128,47.2933],[11.40045,47.29211]],[[11.40045,47.29211],[11.39957,47.29167]],[[11.39957,47.29167],[11.39811,47.29156],[11.39704,47.29179],[11.39388,47.29085]],[[11.3926,47.28998],[11.39388,47.29085]],[[11.3902,47.28922],[11.39134,47.28938],[11.3926,47.28998]],[[11.3902,47.28922],[11.39436,47.28784]],[[11.39436,47.28784],[11.39576,47.28764]],[[11.39576,47.28764],[11.39635,47.28755]],[[11.39635,47.28755],[11.39712,47.28734],[11.39726,47.28714]],[[11.39653,47.28632],[11.3964,47.28662],[11.39726,47.28714]],[[11.39653,47.28632],[11.39712,47.28609]],[[11.3983,47.28637],[11.39759,47.28634],[11.39712,47.28609]],[[11.39862,47.28642],[11.3983,47.28637]],[[11.39887,47.28647],[11.39859,47.28668],[11.39862,47.28642]],[[11.39941,47.28661],[11.39887,47.28647]],[[11.40063,47.28744],[11.40057,47.28691],[11.39941,47.28661]],[[11.40063,47.28744],[11.40194,47.28732],[11.40281,47.28781]],[[11.40281,47.28781],[11.4041,47.28821],[11.40493,47.28825],[11.40518,47.28859]],[[11.40518,47.28859],[11.40498,47.28903],[11.40564,47.28903],[11.40645,47.29]],[[11.4073,47.29083],[11.40645,47.29]]]}},{"type":"Feature","properties":{"name":"Seberinysteig","ref":"4A","network":"lwn","route":"foot","osm":"relation/21450663","length_km_in_region":1.9},"geometry":{"type":"MultiLineString","coordinates":[[[11.39543,47.2391],[11.39311,47.24074],[11.39258,47.24135],[11.39371,47.24236],[11.39379,47.24268],[11.39406,47.24281],[11.39528,47.24276],[11.39567,47.24311],[11.39616,47.2438],[11.39588,47.24482],[11.39628,47.24507],[11.39666,47.24507]],[[11.3954,47.23905],[11.39543,47.2391]],[[11.38923,47.23448],[11.38887,47.23683],[11.38953,47.23773],[11.38981,47.23783],[11.39049,47.23768],[11.39076,47.23785],[11.39187,47.23796],[11.3944,47.23756],[11.39498,47.23777],[11.39538,47.23821],[11.3954,47.23905]]]}},{"type":"Feature","properties":{"name":"Seeblesspitze","network":"lwn","osmc:symbol":"red:red:white_lower","route":"hiking","osm":"relation/11484585","length_km_in_region":3.5},"geometry":{"type":"MultiLineString","coordinates":[[[11.50325,47.17674],[11.50357,47.17689],[11.50598,47.17699]],[[11.50598,47.17699],[11.50702,47.17711],[11.5097,47.177],[11.51053,47.17739],[11.51314,47.17774]],[[11.51314,47.17774],[11.51316,47.17775]],[[11.51316,47.17775],[11.51542,47.17787],[11.51581,47.17804]],[[11.51581,47.17804],[11.51744,47.1773],[11.52091,47.17667]],[[11.52091,47.17667],[11.52148,47.17611],[11.51962,47.17582]],[[11.51962,47.17582],[11.52117,47.17526],[11.52119,47.17481]],[[11.52119,47.17481],[11.52118,47.17455],[11.52096,47.17448],[11.52122,47.17414],[11.52176,47.17384],[11.52349,47.17347],[11.52494,47.17235],[11.52487,47.17207],[11.52517,47.17186],[11.52827,47.17125],[11.52853,47.17144],[11.52964,47.17064],[11.53123,47.17006],[11.53147,47.16974]],[[11.53147,47.16974],[11.53142,47.16945],[11.53175,47.16912],[11.5315,47.16889],[11.53144,47.16772],[11.53175,47.16727],[11.53158,47.16708],[11.53209,47.16678]],[[11.53383,47.16743],[11.53209,47.16678],[11.5316,47.16638],[11.53119,47.16636],[11.53101,47.16592]]]}},{"type":"Feature","properties":{"name":"Seefeld - Mösern","ref":"2","network":"lwn","osmc:symbol":"red:red:white_bar:2:black","route":"hiking","osm":"relation/3973399","length_km_in_region":7.5},"geometry":{"type":"MultiLineString","coordinates":[[[11.13657,47.3269],[11.13786,47.32648],[11.1399,47.32715],[11.1409,47.3284],[11.14213,47.32902],[11.14234,47.33016],[11.14287,47.33079],[11.14353,47.33119],[11.14484,47.33149],[11.14624,47.33252],[11.14879,47.333],[11.15009,47.33446]],[[11.15009,47.33446],[11.15329,47.33552],[11.15512,47.33557],[11.1569,47.33639]],[[11.173,47.33113],[11.17281,47.33073],[11.17358,47.33031],[11.17354,47.32954],[11.17336,47.32935],[11.17198,47.32922],[11.17174,47.32902],[11.17202,47.32874],[11.17299,47.32864],[11.17377,47.32916],[11.1741,47.32914]],[[11.17335,47.3317],[11.173,47.33113]],[[11.17335,47.3317],[11.17431,47.33188],[11.17644,47.33113],[11.1774,47.33143],[11.17718,47.32984],[11.1765,47.32914]],[[11.1765,47.32914],[11.1761,47.32876],[11.17716,47.32809]],[[11.17716,47.32809],[11.17786,47.32861]],[[11.17855,47.32831],[11.17786,47.32861]],[[11.17855,47.32831],[11.17707,47.32719]],[[11.17707,47.32719],[11.17825,47.32697]],[[11.17701,47.32626],[11.17825,47.32697]],[[11.17701,47.32626],[11.17735,47.32584]],[[11.17735,47.32584],[11.1774,47.3258]],[[11.1774,47.3258],[11.17906,47.32646]],[[11.17906,47.32646],[11.18082,47.32664]],[[11.17701,47.32626],[11.17661,47.32612]],[[11.17613,47.32604],[11.17661,47.32612]],[[11.17482,47.32553],[11.17613,47.32604]],[[11.17482,47.32553],[11.17477,47.32562]],[[11.17057,47.32384],[11.17248,47.32422],[11.17286,47.32461],[11.17382,47.32483],[11.17477,47.32562]],[[11.17057,47.32384],[11.16989,47.32316]],[[11.16989,47.32316],[11.16978,47.32288]],[[11.16978,47.32288],[11.16885,47.32245]],[[11.16776,47.32109],[11.16885,47.32245]],[[11.16193,47.31844],[11.16313,47.31933],[11.1646,47.31936],[11.16563,47.31982],[11.16654,47.31984],[11.16776,47.32109]],[[11.16191,47.31842],[11.16193,47.31844]],[[11.15892,47.3151],[11.16104,47.31707],[11.16191,47.31842]],[[11.15892,47.3151],[11.15789,47.31411]],[[11.15499,47.31215],[11.15696,47.31309],[11.15789,47.31411]],[[11.16776,47.32109],[11.16882,47.32008],[11.16899,47.31962]],[[11.17094,47.31994],[11.17033,47.31997],[11.16961,47.31955],[11.16899,47.31962]],[[11.17139,47.31995],[11.17094,47.31994]],[[11.17421,47.32116],[11.17276,47.32025],[11.17139,47.31995]],[[11.17408,47.32135],[11.17421,47.32116]],[[11.17429,47.32179],[11.17408,47.32135]],[[11.17452,47.32202],[11.17429,47.32179]],[[11.17464,47.32235],[11.17452,47.32202]]]}},{"type":"Feature","properties":{"name":"Seefeld - Mösern","ref":"4","network":"lwn","from":"Seefeld","to":"Mösern","route":"hiking","osm":"relation/20280359","length_km_in_region":8.7},"geometry":{"type":"MultiLineString","coordinates":[[[11.19846,47.30856],[11.19768,47.30832],[11.19666,47.30833],[11.19614,47.30796]],[[11.19614,47.30796],[11.19521,47.30785],[11.19365,47.30731]],[[11.19365,47.30731],[11.1928,47.30672],[11.1923,47.30665],[11.19183,47.30601],[11.19061,47.30581],[11.18901,47.30624],[11.18696,47.30641],[11.18652,47.30711]],[[11.18652,47.30711],[11.18556,47.30672],[11.18477,47.30666],[11.18399,47.30615],[11.18408,47.30576],[11.18343,47.30546],[11.18191,47.30539],[11.18077,47.30513],[11.18056,47.30549],[11.18005,47.30534],[11.17836,47.30549],[11.17758,47.30484],[11.17653,47.30443],[11.17533,47.30429],[11.17455,47.3038],[11.17173,47.30368],[11.17079,47.30381],[11.16999,47.3045],[11.16948,47.30463],[11.16783,47.30431],[11.16616,47.30438],[11.16595,47.30487],[11.16531,47.3048],[11.16447,47.30496],[11.16337,47.30535],[11.16249,47.30595],[11.16174,47.30612],[11.1609,47.30736]],[[11.1558,47.30923],[11.15672,47.3091],[11.15703,47.30848],[11.15743,47.30844],[11.15783,47.3087],[11.15878,47.30808],[11.15998,47.30787],[11.1609,47.30736]],[[11.15491,47.31058],[11.15548,47.30943],[11.1558,47.30923]],[[11.15491,47.31058],[11.154,47.31038]],[[11.154,47.31038],[11.15297,47.31073]],[[11.19821,47.30846],[11.19789,47.30916]],[[11.19578,47.31335],[11.19593,47.31207],[11.19758,47.31203],[11.19789,47.30916]],[[11.19588,47.31342],[11.19578,47.31335]],[[11.19641,47.31358],[11.19588,47.31342]],[[11.19629,47.31618],[11.19597,47.31467],[11.19641,47.31358]],[[11.19605,47.31638],[11.19629,47.31618]],[[11.19605,47.31638],[11.19552,47.31658]],[[11.19246,47.31951],[11.19222,47.31909],[11.19281,47.31867],[11.19278,47.31806],[11.19365,47.31793],[11.19495,47.31827],[11.19552,47.31658]],[[11.19246,47.31951],[11.19299,47.31952],[11.19407,47.32016],[11.19442,47.32018]],[[11.19442,47.32018],[11.19454,47.32017]],[[11.19454,47.32017],[11.19495,47.31992]],[[11.19495,47.31992],[11.195,47.31986]],[[11.195,47.31986],[11.19515,47.31966]],[[11.19515,47.31966],[11.19534,47.31969]],[[11.19534,47.31969],[11.19543,47.31971]],[[11.19543,47.31971],[11.19589,47.31983]],[[11.19589,47.31983],[11.19602,47.31986]],[[11.19602,47.31986],[11.19658,47.32002]],[[11.19658,47.32002],[11.19667,47.32005]],[[11.19667,47.32005],[11.197,47.32033]],[[11.197,47.32033],[11.19643,47.32057],[11.19638,47.32094],[11.19581,47.32126]],[[11.19189,47.31998],[11.19246,47.31951]],[[11.19159,47.32017],[11.19189,47.31998]],[[11.19036,47.32099],[11.19061,47.32064],[11.1915,47.32042],[11.19159,47.32017]],[[11.18811,47.32369],[11.18904,47.32257],[11.19003,47.32232],[11.19043,47.32192],[11.19036,47.32099]],[[11.18746,47.32451],[11.18811,47.32369]],[[11.18733,47.32467],[11.18746,47.32451]],[[11.18732,47.32474],[11.18733,47.32467]],[[11.18724,47.32484],[11.18732,47.32474]],[[11.18724,47.32484],[11.18721,47.32554]],[[11.16901,47.31676],[11.16823,47.31596],[11.16828,47.31561],[11.16564,47.314],[11.1651,47.31352],[11.16507,47.31311],[11.16453,47.31304],[11.16237,47.31189],[11.16138,47.31187],[11.15897,47.3113],[11.15809,47.31089],[11.1558,47.30923]]]}},{"type":"Feature","properties":{"name":"Seegruben-Trophy","ref":"06","network":"lwn","osmc:symbol":"black:black:black:SGT:white","website":"https://www.innsbruck.info/sport/sommer/laufen-und-walken/laufstrecken/touren/seegruben-trophy.html","distance":"7.2","route":"hiking","osm":"relation/1618658","length_km_in_region":6.9},"geometry":{"type":"MultiLineString","coordinates":[[[11.39653,47.28632],[11.3964,47.28662],[11.39726,47.28714]],[[11.39635,47.28755],[11.39712,47.28734],[11.39726,47.28714]],[[11.39576,47.28764],[11.39635,47.28755]],[[11.39436,47.28784],[11.39576,47.28764]],[[11.3902,47.28922],[11.39436,47.28784]],[[11.38974,47.28937],[11.3902,47.28922]],[[11.38059,47.29175],[11.38213,47.29134],[11.38569,47.29099],[11.38727,47.29004],[11.38974,47.28937]],[[11.3781,47.29177],[11.37839,47.29177],[11.379,47.29223],[11.37987,47.2922],[11.38059,47.29175]],[[11.37381,47.2915],[11.3747,47.29228],[11.37595,47.29216],[11.3766,47.29187],[11.3781,47.29177]],[[11.37381,47.2915],[11.37347,47.29215],[11.37361,47.2926],[11.37284,47.29233],[11.3726,47.29254],[11.37338,47.29457],[11.37344,47.29579]],[[11.37344,47.29579],[11.37314,47.2968],[11.37237,47.29751],[11.37146,47.29739],[11.37077,47.29767],[11.36966,47.29852],[11.3691,47.29859],[11.36882,47.2983],[11.36859,47.29859],[11.36824,47.29861],[11.36801,47.29898],[11.36722,47.29838],[11.3669,47.29841]],[[11.36705,47.29848],[11.3669,47.29841]],[[11.36938,47.30023],[11.36897,47.30034],[11.36811,47.29982],[11.36745,47.29986],[11.36705,47.29848]],[[11.38403,47.30158],[11.38207,47.30091],[11.38154,47.29971],[11.3812,47.29956],[11.37954,47.29961],[11.37837,47.2994],[11.37513,47.29964],[11.37475,47.2999],[11.37477,47.2996],[11.37368,47.30014],[11.37329,47.29973],[11.3725,47.29959],[11.37193,47.2997],[11.37143,47.3001],[11.37047,47.29977],[11.36944,47.30037],[11.36938,47.30023]],[[11.38419,47.30161],[11.38403,47.30158]],[[11.38464,47.30203],[11.38419,47.30161]],[[11.38464,47.30203],[11.38521,47.30265],[11.38602,47.30266]],[[11.38602,47.30266],[11.3869,47.30255]],[[11.3869,47.30255],[11.38774,47.30221],[11.38861,47.30264]],[[11.38789,47.30318],[11.38811,47.30312],[11.38795,47.30285],[11.38861,47.30264]],[[11.38789,47.30318],[11.38828,47.30359],[11.38794,47.30352],[11.38769,47.30374],[11.38775,47.3048],[11.38734,47.30467],[11.38743,47.30502],[11.38711,47.30499],[11.38739,47.30531],[11.38692,47.30532],[11.38687,47.30574],[11.38662,47.30578],[11.38675,47.30599],[11.38612,47.30622],[11.38626,47.3063],[11.38601,47.30643]],[[11.38601,47.30643],[11.38441,47.30728],[11.38345,47.30721]],[[11.38172,47.30664],[11.38227,47.30697],[11.38345,47.30721]],[[11.37904,47.3065],[11.38038,47.30704],[11.38172,47.30664]]]}},{"type":"Feature","properties":{"name":"Seilbahnsteig","network":"lwn","operator":"Innsbrucker Nordkettenbahnen Betriebs GmbH","route":"hiking","osm":"relation/9825467","length_km_in_region":2.9},"geometry":{"type":"MultiLineString","coordinates":[[[11.38323,47.30235],[11.38313,47.30246]],[[11.38425,47.30132],[11.38323,47.30235]],[[11.38419,47.30161],[11.38403,47.30158]],[[11.38457,47.30149],[11.38419,47.30161]],[[11.38457,47.30149],[11.38443,47.30141]],[[11.38443,47.30141],[11.38371,47.30071],[11.38575,47.30088],[11.38525,47.30058],[11.38608,47.30061],[11.38568,47.30035],[11.3862,47.30033],[11.38578,47.30007],[11.38625,47.30003],[11.38601,47.29973],[11.38707,47.29974],[11.38635,47.29922],[11.38752,47.29918],[11.38694,47.29871],[11.38763,47.29857],[11.38755,47.29845]],[[11.38755,47.29845],[11.38749,47.29839]],[[11.38749,47.29839],[11.38709,47.29839]],[[11.38908,47.29683],[11.3878,47.29768],[11.38686,47.29801],[11.38709,47.29839]],[[11.38976,47.2961],[11.38947,47.29615],[11.38908,47.29683]],[[11.38976,47.2961],[11.39013,47.29569],[11.39025,47.29488],[11.39107,47.29482]],[[11.39107,47.29482],[11.39148,47.29444]],[[11.39148,47.29444],[11.39146,47.2944]],[[11.39146,47.2944],[11.39174,47.29373],[11.39233,47.29325]],[[11.39233,47.29325],[11.39299,47.29256],[11.39289,47.29239],[11.39386,47.29221],[11.39365,47.29182],[11.39491,47.29044]],[[11.39491,47.29044],[11.39502,47.29032]],[[11.39502,47.29032],[11.39539,47.28998]],[[11.39539,47.28998],[11.39575,47.28948]],[[11.39575,47.28948],[11.39718,47.28806]],[[11.39718,47.28806],[11.39702,47.28775],[11.39635,47.28755]],[[11.39635,47.28755],[11.39712,47.28734],[11.39726,47.28714]]]}},{"type":"Feature","properties":{"name":"Sellraintaler Höhenwanderweg","network":"lwn","from":"Zirmbachalm","to":"Rosskogelhütte","route":"hiking","osm":"relation/3089104","length_km_in_region":13.8},"geometry":{"type":"MultiLineString","coordinates":[[[11.10188,47.2095],[11.10118,47.2094],[11.09993,47.20954],[11.09842,47.21015],[11.09769,47.21104],[11.09612,47.21227],[11.09639,47.21229],[11.09632,47.21246],[11.09697,47.21229],[11.09634,47.21311],[11.09528,47.21391],[11.09542,47.21404],[11.09497,47.2144],[11.09538,47.21444],[11.09325,47.21522],[11.09199,47.21614],[11.0898,47.21649],[11.08892,47.2165],[11.08831,47.21637],[11.08859,47.21622],[11.0878,47.21615],[11.08643,47.21645],[11.08673,47.21598],[11.08569,47.21644],[11.08602,47.21558],[11.08485,47.21617],[11.08277,47.2167],[11.08251,47.21708],[11.08166,47.21732],[11.08141,47.21759],[11.08043,47.21774],[11.07997,47.21815],[11.07828,47.21862],[11.0763,47.21852],[11.07556,47.21778],[11.07567,47.21744]],[[11.10364,47.20982],[11.10188,47.2095]],[[11.10364,47.20982],[11.10428,47.21038],[11.10508,47.21004]],[[11.10508,47.21004],[11.10567,47.21052],[11.10538,47.21061],[11.10606,47.21109],[11.10575,47.21115],[11.10604,47.21132],[11.10583,47.2113],[11.10672,47.2121],[11.109,47.21199],[11.11113,47.2114],[11.11244,47.21187]],[[11.11244,47.21187],[11.11317,47.21195],[11.11379,47.21227],[11.11524,47.21176],[11.11724,47.21216],[11.11789,47.21184],[11.11904,47.21185],[11.1204,47.21127],[11.12288,47.21138],[11.12357,47.21163],[11.12374,47.21125],[11.1244,47.21092],[11.12606,47.21069],[11.12744,47.21028],[11.12882,47.2106],[11.12923,47.21054],[11.13002,47.20984],[11.13111,47.20964],[11.1303,47.20942],[11.13119,47.20911],[11.13203,47.20919],[11.13361,47.20899],[11.13476,47.20929],[11.13528,47.2091],[11.13755,47.20949],[11.13986,47.2092],[11.14088,47.20954],[11.14122,47.2094],[11.14187,47.20855],[11.14262,47.20827],[11.14243,47.20818]],[[11.14243,47.20818],[11.14306,47.20793],[11.14432,47.20801],[11.14628,47.20782],[11.14772,47.2084],[11.1481,47.20927],[11.14971,47.2093],[11.15117,47.21072],[11.15103,47.21077],[11.15163,47.21158],[11.15169,47.21206],[11.151,47.21185],[11.1517,47.21356],[11.15158,47.21374]],[[11.1548,47.21501],[11.15368,47.21519],[11.15188,47.21462],[11.15158,47.21374]],[[11.1548,47.21501],[11.15732,47.21601],[11.16006,47.21635]],[[11.16006,47.21635],[11.16101,47.21702],[11.16142,47.21885],[11.16256,47.21927],[11.16307,47.21979],[11.16378,47.22012],[11.16545,47.22028],[11.16683,47.22063]],[[11.16683,47.22063],[11.1712,47.22187],[11.17199,47.22252]],[[11.16837,47.22988],[11.16784,47.2288],[11.16791,47.22818],[11.16837,47.2277],[11.16762,47.22657],[11.16773,47.2261],[11.16892,47.22462],[11.17042,47.22398],[11.17071,47.22322],[11.17132,47.22329],[11.17168,47.22262],[11.17199,47.22252]],[[11.16934,47.23216],[11.1689,47.2319],[11.16853,47.23115],[11.16861,47.23042],[11.16837,47.22988]],[[11.16971,47.233],[11.16987,47.2327],[11.16934,47.23216]],[[11.16971,47.233],[11.16864,47.23418],[11.16882,47.23534],[11.16832,47.23575],[11.16899,47.23612],[11.16905,47.23715],[11.16927,47.23729]],[[11.16927,47.23729],[11.17029,47.23686],[11.17065,47.23687],[11.17374,47.23787],[11.17557,47.2391],[11.17667,47.23954]],[[11.17667,47.23954],[11.17741,47.23935],[11.18232,47.23914],[11.18797,47.24008],[11.18878,47.24037],[11.18952,47.24104]],[[11.18952,47.24104],[11.18964,47.24102]],[[11.18964,47.24102],[11.18983,47.24116],[11.19065,47.24083]]]}},{"type":"Feature","properties":{"name":"Sillschluchtweg","ref":"4","network":"lwn","route":"foot","osm":"relation/21450662","length_km_in_region":1.6},"geometry":{"type":"MultiLineString","coordinates":[[[11.39409,47.24677],[11.39571,47.24669],[11.3966,47.24682],[11.3976,47.24666],[11.39854,47.24587],[11.39851,47.24563],[11.3979,47.2458],[11.39772,47.24543],[11.39697,47.24562]],[[11.39697,47.24562],[11.39694,47.24563]],[[11.39694,47.24563],[11.39621,47.24538]],[[11.39621,47.24538],[11.39636,47.24514]],[[11.39636,47.24514],[11.3971,47.24477]],[[11.3971,47.24477],[11.39716,47.24475]],[[11.39716,47.24475],[11.39899,47.24458],[11.40154,47.24504]],[[11.40154,47.24504],[11.40311,47.2462]],[[11.40311,47.2462],[11.40279,47.24634]],[[11.40279,47.24634],[11.40326,47.24675]],[[11.40326,47.24675],[11.40326,47.24685]],[[11.40326,47.24685],[11.40327,47.24693]],[[11.40327,47.24693],[11.4033,47.24699]],[[11.4033,47.24699],[11.40329,47.24704]],[[11.40329,47.24704],[11.40341,47.24736]],[[11.40341,47.24736],[11.4034,47.24767]],[[11.4034,47.24767],[11.40393,47.24817]],[[11.40361,47.24894],[11.40393,47.24817]]]}},{"type":"Feature","properties":{"name":"Silzer-Energieweg","distance":"4.7","route":"hiking","ascent":"90","descent":"520","osm":"relation/19520806","length_km_in_region":4.9},"geometry":{"type":"MultiLineString","coordinates":[[[11.03923,47.20494],[11.03989,47.20471],[11.03986,47.20446],[11.03739,47.20425]],[[11.0337,47.2054],[11.03537,47.20509],[11.03602,47.20432],[11.03804,47.20421],[11.04019,47.20441],[11.0401,47.20477],[11.03923,47.20494]],[[11.03304,47.20516],[11.0337,47.2054]],[[11.02898,47.20372],[11.02896,47.20388],[11.02984,47.20445],[11.03021,47.20517],[11.03077,47.2053],[11.03304,47.20516]],[[11.02645,47.19949],[11.02666,47.20024],[11.02796,47.20066],[11.02837,47.20203],[11.02807,47.20316],[11.02898,47.20372]],[[11.02628,47.19911],[11.02645,47.19949]],[[11.02628,47.19911],[11.02588,47.19897]],[[11.02588,47.19897],[11.02055,47.19929],[11.01829,47.19977],[11.01816,47.20002],[11.01838,47.20013]],[[11.017,47.20058],[11.01679,47.20059],[11.01677,47.20038],[11.01707,47.20012],[11.0177,47.20025],[11.0178,47.20045],[11.01824,47.20006]],[[11.01321,47.20163],[11.01363,47.20171],[11.01482,47.20124],[11.01589,47.20049],[11.0166,47.20028],[11.01677,47.20038]],[[11.01029,47.20174],[11.01272,47.20219],[11.013,47.20212],[11.01242,47.20171],[11.01321,47.20163]],[[11.01029,47.20174],[11.00968,47.20196],[11.0112,47.20376],[11.01078,47.20417],[11.01043,47.20424],[11.01085,47.205],[11.01049,47.2058],[11.01063,47.20718],[11.0114,47.20761],[11.01285,47.20797],[11.01266,47.20822],[11.01352,47.20843],[11.01381,47.2097]],[[11.01381,47.2097],[11.01383,47.21041],[11.01463,47.21085],[11.01454,47.21121]]]}},{"type":"Feature","properties":{"name":"Sommersteig","network":"lwn","route":"hiking","osm":"relation/17077818","length_km_in_region":2.3},"geometry":{"type":"MultiLineString","coordinates":[[[11.26657,47.20331],[11.26626,47.2023],[11.26556,47.20122],[11.26472,47.19864],[11.26461,47.19674],[11.26433,47.19602],[11.26491,47.19517],[11.26458,47.1949],[11.26389,47.19325],[11.26291,47.19273]],[[11.26561,47.21146],[11.26624,47.20992],[11.26669,47.20638],[11.26723,47.20505],[11.26721,47.20414],[11.26657,47.20331]],[[11.26629,47.21239],[11.26562,47.2122],[11.26561,47.21146]]]}},{"type":"Feature","properties":{"name":"Speckbacherweg","network":"lwn","from":"Tulfes","to":"Ellbögen","website":"https://www.innsbruck.info/wandern/wandern/wanderungen/touren/speckbacherweg.html","distance":"16.4","route":"foot","osm":"relation/12254369","length_km_in_region":15.8},"geometry":{"type":"MultiLineString","coordinates":[[[11.43034,47.18574],[11.43095,47.18605]],[[11.43095,47.18605],[11.43122,47.18619]],[[11.43122,47.18619],[11.43178,47.18646]],[[11.43178,47.18646],[11.43248,47.18694]],[[11.43248,47.18694],[11.43259,47.18741],[11.43141,47.1883]],[[11.43141,47.1883],[11.43044,47.18972],[11.43058,47.19032],[11.42971,47.19153],[11.42993,47.19168],[11.42979,47.19217]],[[11.42979,47.19217],[11.4298,47.19252]],[[11.42923,47.19505],[11.42952,47.19478],[11.4298,47.19252]],[[11.42885,47.19589],[11.42923,47.19505]],[[11.42882,47.19687],[11.42885,47.19589]],[[11.43195,47.19926],[11.43135,47.19873],[11.43121,47.19822],[11.43018,47.19774],[11.42994,47.19725],[11.42971,47.19731],[11.42958,47.19811],[11.42868,47.19772],[11.42889,47.1974],[11.42882,47.19687]],[[11.43195,47.19926],[11.43216,47.19971],[11.43353,47.20086]],[[11.43353,47.20116],[11.43353,47.20086]],[[11.43352,47.20123],[11.43353,47.20116]],[[11.42993,47.20088],[11.43034,47.20064],[11.43116,47.20089],[11.43253,47.2008],[11.43352,47.20123]],[[11.42235,47.20331],[11.42308,47.20279],[11.42386,47.20278],[11.42406,47.20245],[11.42455,47.20234],[11.42487,47.20182],[11.42552,47.20187],[11.42584,47.20148],[11.42684,47.20108],[11.42702,47.20034],[11.42869,47.2005],[11.42993,47.20088]],[[11.41789,47.20721],[11.41894,47.206],[11.41951,47.20581],[11.41952,47.20548],[11.42022,47.20467],[11.42151,47.20405],[11.42235,47.20331]],[[11.41789,47.20721],[11.41784,47.20783]],[[11.41784,47.20783],[11.41755,47.20849]],[[11.41762,47.20877],[11.41755,47.20849]],[[11.41806,47.20939],[11.41762,47.20877]],[[11.4174,47.21235],[11.4171,47.21139],[11.4181,47.2101],[11.41806,47.20939]],[[11.42052,47.21578],[11.42025,47.21518],[11.41968,47.21505],[11.41928,47.21474],[11.41789,47.21264],[11.4174,47.21235]],[[11.42066,47.2159],[11.42052,47.21578]],[[11.42194,47.21978],[11.42117,47.21802],[11.42115,47.21724],[11.4206,47.21619],[11.42066,47.2159]],[[11.42341,47.22125],[11.42243,47.22048],[11.42194,47.21978]],[[11.42408,47.22161],[11.42341,47.22125]],[[11.42404,47.22165],[11.42408,47.22161]],[[11.42392,47.22179],[11.42404,47.22165]],[[11.42482,47.22209],[11.42392,47.22179]],[[11.4249,47.22211],[11.42482,47.22209]],[[11.4249,47.22211],[11.42539,47.22227]],[[11.42539,47.22227],[11.42599,47.22246]],[[11.42709,47.22299],[11.42599,47.22246]],[[11.42917,47.22468],[11.42709,47.22299]],[[11.4294,47.22497],[11.42917,47.22468]],[[11.4294,47.22497],[11.43045,47.22558]],[[11.43045,47.22558],[11.43219,47.22647]],[[11.43418,47.22909],[11.43383,47.2287],[11.43259,47.2281],[11.4321,47.22704],[11.43219,47.22647]],[[11.43532,47.22989],[11.43418,47.22909]],[[11.43532,47.22989],[11.43584,47.22955]],[[11.43584,47.22955],[11.43703,47.23005],[11.43972,47.22977],[11.44049,47.23045]],[[11.44049,47.23045],[11.44306,47.23147]],[[11.44484,47.23431],[11.44466,47.23368],[11.44306,47.23147]],[[11.44674,47.23625],[11.44649,47.2358],[11.44529,47.23497],[11.44484,47.23431]],[[11.44674,47.23625],[11.44768,47.23665]],[[11.44848,47.23689],[11.44829,47.23701],[11.44768,47.23665]],[[11.44848,47.23689],[11.44883,47.2371]],[[11.44874,47.23732],[11.44883,47.2371]],[[11.45584,47.23726],[11.45492,47.23717],[11.4523,47.23757],[11.44874,47.23732]],[[11.45666,47.23745],[11.45584,47.23726]],[[11.46812,47.24193],[11.4642,47.24076],[11.46347,47.24015],[11.45829,47.23836],[11.45666,47.23745]],[[11.4688,47.24215],[11.46812,47.24193]],[[11.4768,47.24195],[11.47443,47.24214],[11.4714,47.24172],[11.47001,47.24211],[11.4688,47.24215]],[[11.4779,47.24104],[11.47731,47.24131],[11.4768,47.24195]],[[11.4779,47.24104],[11.47821,47.24116]],[[11.47821,47.24116],[11.48039,47.24152],[11.48257,47.24217],[11.48373,47.24224],[11.48466,47.24273],[11.48597,47.24297]],[[11.48597,47.24297],[11.48656,47.24282],[11.48894,47.24308]],[[11.48894,47.24308],[11.49264,47.24408],[11.49407,47.24393]],[[11.49869,47.24412],[11.4967,47.24372],[11.49407,47.24393]],[[11.49869,47.24412],[11.49924,47.24467],[11.5025,47.24642]],[[11.50357,47.24649],[11.5025,47.24642]],[[11.50506,47.24807],[11.50463,47.24787],[11.50357,47.24649]],[[11.50506,47.24807],[11.50509,47.24807]],[[11.50509,47.24807],[11.50513,47.24807]],[[11.50513,47.24807],[11.50574,47.24809]],[[11.50574,47.24809],[11.50711,47.24819],[11.50814,47.24853],[11.51074,47.24822],[11.51235,47.2483],[11.51329,47.24871]],[[11.51329,47.24871],[11.51384,47.24888]],[[11.51384,47.24888],[11.51387,47.24889]],[[11.51387,47.24889],[11.51402,47.24931],[11.51426,47.24935]],[[11.51426,47.24935],[11.51476,47.24962],[11.516,47.24985],[11.51707,47.2496],[11.51886,47.25039],[11.51979,47.25036]],[[11.52002,47.25034],[11.51979,47.25036]],[[11.52004,47.25034],[11.52002,47.25034]],[[11.52167,47.2499],[11.52116,47.24991],[11.52056,47.25027],[11.52004,47.25034]],[[11.52173,47.24992],[11.52167,47.2499]],[[11.52225,47.25012],[11.52173,47.24992]],[[11.53085,47.25375],[11.53023,47.25375],[11.52839,47.25315],[11.52644,47.25191],[11.52382,47.25124],[11.52225,47.25012]],[[11.53085,47.25375],[11.53096,47.2538]],[[11.53096,47.2538],[11.53103,47.25387]],[[11.53056,47.25541],[11.53117,47.25443],[11.53103,47.25387]],[[11.53026,47.25694],[11.53056,47.25541]]]}},{"type":"Feature","properties":{"name":"Speckbacherweg","network":"lwn","description":"Variante Wald","route":"foot","osm":"relation/20355316","length_km_in_region":4.5},"geometry":{"type":"MultiLineString","coordinates":[[[11.44306,47.23147],[11.44339,47.23081],[11.44589,47.23122],[11.44826,47.23268],[11.45092,47.23365]],[[11.45086,47.23384],[11.45092,47.23365]],[[11.45169,47.23392],[11.45086,47.23384]],[[11.45232,47.23477],[11.45169,47.23392]],[[11.45232,47.23477],[11.45339,47.23473]],[[11.47737,47.2377],[11.47537,47.2374],[11.47383,47.2368],[11.47288,47.23676],[11.47119,47.23622],[11.47034,47.23568],[11.46931,47.23554],[11.46855,47.23492],[11.46823,47.23487],[11.4663,47.23489],[11.46509,47.2345],[11.46386,47.23447],[11.46049,47.23525],[11.45339,47.23473]],[[11.47948,47.23771],[11.47893,47.23753],[11.47841,47.23776],[11.47737,47.2377]],[[11.48201,47.23921],[11.47948,47.23771]],[[11.48233,47.23903],[11.48201,47.23921]],[[11.48233,47.23903],[11.48296,47.23932],[11.48326,47.23982],[11.48418,47.24002],[11.48426,47.24049]],[[11.48836,47.24184],[11.4881,47.24159],[11.48618,47.24115],[11.48481,47.24042],[11.48426,47.24049]],[[11.48875,47.24185],[11.48836,47.24184]],[[11.49407,47.24393],[11.49235,47.24343],[11.48875,47.24185]]]}},{"type":"Feature","properties":{"name":"Stadtwald-Walk","ref":"02","network":"lwn","osmc:symbol":"green:green:green:SWW:white","website":"https://www.innsbruck.info/sport/sommer/laufen-und-walken/laufstrecken/touren/stadtwald-walk.html","distance":"4.65","route":"hiking","roundtrip":"yes","osm":"relation/1617866","length_km_in_region":4.8},"geometry":{"type":"MultiLineString","coordinates":[[[11.37873,47.28295],[11.37846,47.28264]],[[11.37788,47.28286],[11.37846,47.28264]],[[11.37657,47.28348],[11.37788,47.28286]],[[11.37499,47.28321],[11.37657,47.28348]],[[11.37499,47.28321],[11.37525,47.28409]],[[11.37525,47.28409],[11.37658,47.285]],[[11.3763,47.28546],[11.37658,47.285]],[[11.3763,47.28546],[11.37676,47.28601],[11.37795,47.28621],[11.37954,47.28705],[11.37991,47.28696],[11.38023,47.28739],[11.38059,47.28736]],[[11.38059,47.28736],[11.38043,47.28763]],[[11.38043,47.28763],[11.38108,47.28787],[11.3819,47.28788],[11.38346,47.28839],[11.38475,47.28851],[11.3855,47.28901]],[[11.38674,47.28796],[11.38596,47.28832],[11.38586,47.28877],[11.3855,47.28901]],[[11.38674,47.28796],[11.38907,47.28898]],[[11.38907,47.28898],[11.3902,47.28922]],[[11.3902,47.28922],[11.39134,47.28938],[11.3926,47.28998]],[[11.3926,47.28998],[11.39484,47.28986]],[[11.39484,47.28986],[11.39539,47.28998]],[[11.39539,47.28998],[11.39567,47.28985]],[[11.39567,47.28985],[11.39616,47.28983]],[[11.39616,47.28983],[11.39683,47.28948]],[[11.39683,47.28948],[11.39878,47.28906],[11.39994,47.289]],[[11.3988,47.28787],[11.39934,47.28846],[11.39987,47.28852],[11.39994,47.289]],[[11.39726,47.28714],[11.3988,47.28787]],[[11.39653,47.28632],[11.3964,47.28662],[11.39726,47.28714]],[[11.39653,47.28632],[11.39712,47.28609]],[[11.39653,47.28632],[11.39712,47.28609]],[[11.39302,47.28524],[11.39498,47.28602],[11.39653,47.28632]],[[11.39063,47.28484],[11.39302,47.28524]],[[11.38995,47.28504],[11.39063,47.28484]],[[11.38244,47.2852],[11.38442,47.28509],[11.38569,47.28531],[11.38693,47.28506],[11.38807,47.28535],[11.38995,47.28504]],[[11.37873,47.28295],[11.37961,47.28358],[11.37995,47.28414],[11.38122,47.28447],[11.38202,47.28512],[11.38244,47.2852]]]}},{"type":"Feature","properties":{"name":"Stangensteig-Trail","ref":"08","network":"lwn","osmc:symbol":"purple:purple:purple:SST:white","website":"https://www.innsbruck.info/sport/sommer/laufen-und-walken/laufstrecken/touren/stangensteig-trail.html","distance":"9","route":"hiking","roundtrip":"yes","osm":"relation/1618712","length_km_in_region":8.6},"geometry":{"type":"MultiLineString","coordinates":[[[11.33385,47.27314],[11.33679,47.27286],[11.33712,47.27307],[11.33797,47.27304],[11.33833,47.27327],[11.33932,47.27331],[11.33985,47.27312],[11.34018,47.27344],[11.34097,47.27337],[11.34306,47.2736],[11.34351,47.27339],[11.34433,47.27377],[11.34515,47.27351],[11.34552,47.27403],[11.34625,47.27394],[11.34655,47.27374],[11.34707,47.2738],[11.34707,47.27362]],[[11.33381,47.27321],[11.33365,47.27319],[11.33385,47.27314]],[[11.33381,47.27321],[11.33588,47.27328],[11.33677,47.2737],[11.33756,47.27377],[11.33794,47.27407],[11.33808,47.27385],[11.33925,47.27405],[11.34236,47.27504],[11.34411,47.27517],[11.34434,47.27535],[11.34498,47.27529],[11.3471,47.27581],[11.34884,47.27585]],[[11.34884,47.27585],[11.34904,47.2758]],[[11.35259,47.27563],[11.35186,47.27555],[11.35107,47.2758],[11.35035,47.27558],[11.34904,47.2758]],[[11.35259,47.27563],[11.35348,47.27602],[11.35389,47.27572],[11.35419,47.27589]],[[11.35667,47.27641],[11.35519,47.27647],[11.35419,47.27589]],[[11.36244,47.27737],[11.36194,47.27764],[11.36112,47.27769],[11.3583,47.2773],[11.35673,47.27673],[11.35667,47.27641]],[[11.37106,47.27841],[11.37069,47.27948],[11.37024,47.27991],[11.36936,47.28032],[11.36884,47.27968],[11.36833,47.27989],[11.36795,47.27975],[11.36709,47.27985],[11.36684,47.27978],[11.36682,47.27944],[11.36618,47.27954],[11.3657,47.2794],[11.36567,47.27871],[11.3648,47.27899],[11.36432,47.27825],[11.36376,47.27858],[11.36335,47.27858],[11.36308,47.27791],[11.36244,47.27737]],[[11.37486,47.27513],[11.37337,47.27528],[11.3727,47.27514],[11.37208,47.27552],[11.37193,47.27653],[11.37075,47.27784],[11.37072,47.27814],[11.37106,47.27841]],[[11.3704,47.27412],[11.3708,47.27354],[11.37138,47.2734],[11.37233,47.27384],[11.37271,47.27384],[11.37348,47.27431],[11.37436,47.27447],[11.37486,47.27513]],[[11.3704,47.27412],[11.37018,47.27416],[11.36978,47.27355],[11.36898,47.27345],[11.36841,47.27264],[11.36698,47.27171],[11.36652,47.27113],[11.36581,47.27102]],[[11.36581,47.27102],[11.36519,47.271],[11.36466,47.27129],[11.36392,47.27121],[11.36307,47.27227],[11.36245,47.27223]],[[11.35921,47.27282],[11.3612,47.27164],[11.36201,47.27216],[11.36245,47.27223]],[[11.35921,47.27282],[11.35864,47.2725],[11.35834,47.272]],[[11.35834,47.272],[11.35803,47.27249],[11.35757,47.27248],[11.35715,47.27291],[11.35678,47.27294],[11.35595,47.27415]],[[11.3561,47.27277],[11.35595,47.27415]],[[11.34616,47.27312],[11.34685,47.2732],[11.34742,47.27277],[11.34812,47.27308],[11.34886,47.27281],[11.35019,47.27289],[11.3507,47.27238],[11.35107,47.27231],[11.352,47.27255],[11.35252,47.27319],[11.3533,47.27245],[11.35367,47.27244],[11.35456,47.27182],[11.35506,47.27172],[11.35545,47.27177],[11.35578,47.27208],[11.3561,47.27277]],[[11.34707,47.27362],[11.34642,47.27344],[11.34616,47.27312]]]}},{"type":"Feature","properties":{"name":"Stollensteig","network":"lwn","operator":"TVB Stubai","route":"foot","osm":"relation/15795160","length_km_in_region":5.6},"geometry":{"type":"MultiLineString","coordinates":[[[11.39666,47.19771],[11.39657,47.19707],[11.39608,47.19669],[11.39679,47.19461],[11.39652,47.19442],[11.3952,47.19441],[11.39515,47.19388],[11.39466,47.19359],[11.39544,47.19282],[11.39607,47.19266],[11.39654,47.19224],[11.39615,47.19138],[11.39718,47.19118],[11.39727,47.19061],[11.39811,47.19041],[11.39808,47.18995],[11.39917,47.18943],[11.39897,47.18892],[11.3994,47.18794],[11.39788,47.18667],[11.39784,47.18639],[11.3965,47.18624],[11.39649,47.18578],[11.39548,47.18518],[11.39499,47.18452],[11.3944,47.18427],[11.39379,47.18428],[11.39352,47.18394],[11.39246,47.18382],[11.39214,47.18357],[11.39197,47.18319],[11.39224,47.1827],[11.39141,47.18191],[11.39141,47.18157],[11.39085,47.18139],[11.39045,47.18044]],[[11.39045,47.18044],[11.39042,47.1804]],[[11.39042,47.1804],[11.39003,47.18028],[11.38983,47.17981],[11.38887,47.1796],[11.38903,47.17926],[11.38857,47.17899],[11.38845,47.17866],[11.38808,47.17859],[11.38757,47.17885],[11.38652,47.17869],[11.38578,47.17827],[11.38468,47.17821],[11.384,47.17768],[11.38333,47.17749],[11.38307,47.17688],[11.38226,47.17636],[11.3823,47.17586],[11.38169,47.17564],[11.38164,47.17515],[11.38098,47.175],[11.38104,47.17456],[11.38061,47.17399],[11.38083,47.17351],[11.38047,47.17302],[11.37999,47.17314],[11.37918,47.17301],[11.37842,47.17243],[11.37776,47.17238],[11.37697,47.1718],[11.37686,47.17149],[11.37643,47.17152],[11.37554,47.17091]],[[11.37554,47.17091],[11.37516,47.17033]],[[11.37516,47.17033],[11.37437,47.16956],[11.37452,47.16923]],[[11.37452,47.16923],[11.3745,47.16921]],[[11.3745,47.16921],[11.37398,47.16918],[11.3738,47.16888],[11.37344,47.16887],[11.37256,47.16842],[11.37179,47.168],[11.37154,47.1676],[11.37095,47.16739]],[[11.37095,47.16739],[11.36993,47.16596]],[[11.36993,47.16596],[11.36991,47.16574]],[[11.36991,47.16574],[11.36989,47.16568]],[[11.36989,47.16568],[11.36931,47.16502],[11.36856,47.16465]],[[11.36856,47.16465],[11.36849,47.16462]],[[11.36849,47.16462],[11.36778,47.1643]],[[11.36778,47.1643],[11.36692,47.1643],[11.36649,47.16361]]]}},{"type":"Feature","properties":{"name":"Stubaier Höhenweg","network":"rwn","osmc:symbol":"yellow:red:white_bar:STHW:black","website":"https://www.stubai.at/stubaier-hoehenweg/","wikipedia":"de:Stubaier Höhenweg","route":"hiking","osm":"relation/6560812","length_km_in_region":23.8},"geometry":{"type":"MultiLineString","coordinates":[[[11.31945,47.09496],[11.3189,47.0947],[11.31919,47.0943],[11.31889,47.09422],[11.31922,47.09402],[11.32004,47.09406],[11.32095,47.0938],[11.32128,47.09337],[11.32129,47.09209],[11.3218,47.09155],[11.321,47.08959],[11.32143,47.08828],[11.32065,47.08666]],[[11.32065,47.08666],[11.32023,47.08598],[11.3201,47.08452],[11.3194,47.08423],[11.31896,47.0837],[11.31913,47.08276],[11.31948,47.08238],[11.3189,47.08189],[11.31856,47.08096],[11.3178,47.07999]],[[11.19843,47.07999],[11.19961,47.08072],[11.20006,47.08073],[11.20011,47.081]],[[11.20011,47.081],[11.19994,47.08246],[11.20036,47.08276],[11.20039,47.08305],[11.20029,47.08287],[11.19943,47.08265],[11.19887,47.08183],[11.19773,47.08174],[11.19737,47.08141],[11.19699,47.08135],[11.1957,47.08143],[11.19426,47.08207],[11.19167,47.08181],[11.19051,47.08238],[11.18964,47.08226],[11.18863,47.08275],[11.18704,47.08248],[11.18571,47.08267],[11.1855,47.08293],[11.18506,47.08303],[11.1844,47.08307],[11.18403,47.08291],[11.18257,47.08421],[11.18258,47.08567],[11.18107,47.08677],[11.17951,47.08727],[11.17853,47.08721],[11.17646,47.08661],[11.17346,47.08606],[11.17243,47.08558],[11.17071,47.08436]],[[11.17071,47.08436],[11.17066,47.08439]],[[11.17066,47.08439],[11.17059,47.08476],[11.16861,47.08449]],[[11.16854,47.08493],[11.16861,47.08449]],[[11.16854,47.08493],[11.16793,47.08508]],[[11.16793,47.08508],[11.16782,47.08511]],[[11.16782,47.08513],[11.16782,47.08511]],[[11.16782,47.08513],[11.1685,47.08574],[11.1688,47.08722],[11.16936,47.08758],[11.1691,47.08748],[11.16925,47.08769],[11.16899,47.0876],[11.16858,47.08796],[11.16927,47.08844],[11.17045,47.09006],[11.17119,47.09037],[11.17242,47.09127],[11.1727,47.09174],[11.17319,47.09193]],[[11.17319,47.09193],[11.17402,47.0926],[11.17433,47.09315],[11.17526,47.09343],[11.17552,47.09383],[11.17541,47.09436],[11.17698,47.09591],[11.17713,47.09663],[11.17802,47.09704],[11.17985,47.09722],[11.18169,47.09823],[11.18189,47.09864],[11.184,47.09958],[11.1842,47.09997],[11.18358,47.1013],[11.18388,47.10178],[11.18367,47.10193],[11.1847,47.10315],[11.18541,47.10348]],[[11.18541,47.10348],[11.18667,47.10399],[11.18691,47.10387],[11.18804,47.10465],[11.18867,47.10485],[11.18859,47.10504]],[[11.18859,47.10504],[11.18866,47.10518],[11.18903,47.1051],[11.18935,47.10467],[11.19063,47.10435],[11.19067,47.10399],[11.1909,47.10405],[11.19164,47.10328],[11.19288,47.10387],[11.19401,47.10409],[11.19468,47.1045],[11.19683,47.10483],[11.19849,47.10618],[11.1995,47.10671],[11.20005,47.10677],[11.20041,47.10729],[11.20157,47.10813],[11.20416,47.10878],[11.20542,47.10956],[11.20629,47.10965],[11.20685,47.10997],[11.2085,47.11139],[11.20852,47.11266],[11.2089,47.11326],[11.20894,47.11388],[11.20944,47.1148],[11.21,47.1151]],[[11.21,47.1151],[11.20998,47.11518]],[[11.20998,47.11518],[11.21008,47.11527]],[[11.21008,47.11527],[11.21096,47.11721],[11.21081,47.11774],[11.211,47.11857],[11.21207,47.11964],[11.21252,47.11959],[11.21299,47.11989],[11.2137,47.12121],[11.21435,47.12127],[11.21421,47.12164],[11.21462,47.12185],[11.21449,47.12222],[11.21518,47.12346],[11.21587,47.12354],[11.21622,47.12389],[11.2171,47.12383],[11.21771,47.1242],[11.21783,47.12454],[11.21885,47.12465],[11.21933,47.12503],[11.21936,47.12581],[11.22019,47.12591],[11.22055,47.12623],[11.22184,47.12673],[11.22209,47.12728],[11.22315,47.12774],[11.22406,47.12847],[11.22552,47.12852],[11.22597,47.1289],[11.22708,47.12907],[11.2296,47.13055],[11.2336,47.13162],[11.23398,47.13211],[11.23473,47.13218],[11.23656,47.13293],[11.23861,47.13308],[11.23963,47.13418],[11.24008,47.13424],[11.24038,47.13457],[11.24183,47.13518],[11.24307,47.13532],[11.24348,47.1351],[11.24482,47.13501],[11.24855,47.13608],[11.24956,47.13603],[11.25008,47.13639],[11.25179,47.13673],[11.25163,47.13686],[11.25222,47.13682],[11.25237,47.13703],[11.25285,47.13696],[11.25404,47.13753],[11.25869,47.13819],[11.25998,47.13856]],[[11.26747,47.14492],[11.26635,47.14464],[11.26528,47.1436],[11.26471,47.14358],[11.26324,47.14295],[11.26162,47.14109],[11.26157,47.14046],[11.26036,47.13957],[11.25998,47.13856]],[[11.26747,47.14492],[11.26814,47.14467],[11.2709,47.14235],[11.27409,47.141],[11.27457,47.14053]],[[11.27457,47.14053],[11.27483,47.14018],[11.27482,47.13962],[11.27519,47.1394],[11.27516,47.13923],[11.27469,47.13946],[11.27504,47.13839],[11.27612,47.13692],[11.27594,47.13582],[11.27568,47.13551],[11.2757,47.1347],[11.27496,47.13355],[11.27391,47.13314],[11.27408,47.13256],[11.27427,47.13221],[11.27499,47.13191],[11.27501,47.13158],[11.27543,47.13145],[11.27499,47.13115],[11.27483,47.13061],[11.27554,47.13102],[11.27699,47.13102],[11.27747,47.13121],[11.278,47.13054],[11.27876,47.13033],[11.27906,47.12953],[11.28004,47.12893],[11.27911,47.12894],[11.27959,47.1285],[11.27892,47.12847],[11.2793,47.12796],[11.27921,47.12747]],[[11.27938,47.12716],[11.27921,47.12747]],[[11.29257,47.13561],[11.29163,47.13557],[11.29131,47.13519],[11.28988,47.13509],[11.28933,47.13474],[11.28934,47.13444],[11.28754,47.1337],[11.28783,47.13342],[11.28778,47.13314],[11.28804,47.13323],[11.28756,47.13275],[11.28771,47.13248],[11.28904,47.13285],[11.28948,47.13278],[11.29006,47.13237],[11.2901,47.13202],[11.29086,47.13158],[11.29047,47.13101],[11.29059,47.13083],[11.29151,47.13064],[11.29189,47.13036],[11.29179,47.13021],[11.2867,47.12915],[11.28529,47.12843],[11.28379,47.12855],[11.28351,47.12829],[11.28302,47.12833],[11.28195,47.12795],[11.28028,47.12801],[11.27966,47.12766],[11.27938,47.12716]],[[11.29411,47.13658],[11.29294,47.13616],[11.29282,47.13579],[11.29259,47.13592],[11.29257,47.13561]],[[11.29501,47.13704],[11.29411,47.13658]],[[11.29722,47.138],[11.29643,47.1378],[11.29501,47.13704]],[[11.29783,47.13826],[11.29722,47.138]],[[11.29794,47.13831],[11.29783,47.13826]],[[11.29794,47.13831],[11.29808,47.13837]],[[11.30305,47.14158],[11.30146,47.14041],[11.30131,47.14007],[11.29971,47.13945],[11.29808,47.13837]],[[11.30464,47.14228],[11.30407,47.14189],[11.30305,47.14158]],[[11.30523,47.14272],[11.30464,47.14228]]]}},{"type":"Feature","properties":{"name":"Sunnseit'n Weg","network":"lwn","operator":"TVB Stubai","route":"foot","osm":"relation/17808422","length_km_in_region":5.1},"geometry":{"type":"MultiLineString","coordinates":[[[11.30197,47.11162],[11.30128,47.11118],[11.3017,47.11093]],[[11.30107,47.11274],[11.30116,47.1124],[11.30197,47.11162]],[[11.30107,47.11274],[11.30106,47.11311]],[[11.30106,47.11311],[11.30095,47.11351]],[[11.30095,47.11351],[11.30091,47.11374]],[[11.30091,47.11374],[11.30095,47.11378]],[[11.30095,47.11378],[11.30123,47.11386],[11.30076,47.11399],[11.30025,47.11445],[11.30103,47.11438],[11.30173,47.11406],[11.3026,47.11488]],[[11.30177,47.11457],[11.3026,47.11488]],[[11.31351,47.12243],[11.31184,47.12148],[11.31127,47.1209],[11.31064,47.12069],[11.31022,47.1202],[11.30865,47.11956],[11.30774,47.11889],[11.30594,47.11885],[11.3057,47.11815],[11.30484,47.11787],[11.30449,47.11736],[11.30373,47.11711],[11.3033,47.11618],[11.30258,47.11578],[11.30348,47.11577],[11.3024,47.11529],[11.30177,47.11457]],[[11.31488,47.12276],[11.31351,47.12243]],[[11.31716,47.128],[11.31757,47.12751],[11.31754,47.12699],[11.31664,47.12579],[11.31611,47.12473],[11.31615,47.12435],[11.31488,47.12276]],[[11.31758,47.12904],[11.317,47.1287],[11.31716,47.128]],[[11.32024,47.13066],[11.31977,47.12991],[11.31758,47.12904]],[[11.32024,47.13066],[11.32058,47.13101],[11.32095,47.13303],[11.32142,47.13362]],[[11.32142,47.13362],[11.3198,47.13462]],[[11.3198,47.13462],[11.31981,47.13468]],[[11.31981,47.13468],[11.32064,47.13495]],[[11.32064,47.13495],[11.32277,47.13569],[11.32254,47.13578]],[[11.32254,47.13578],[11.32254,47.1358]],[[11.32254,47.1358],[11.3248,47.13638],[11.32489,47.13666]],[[11.32489,47.13666],[11.32535,47.13751],[11.32524,47.13796]],[[11.32524,47.13796],[11.32542,47.13851],[11.32456,47.14008],[11.32661,47.14006],[11.32815,47.14089]]]}},{"type":"Feature","properties":{"name":"Söldensteig","network":"lwn","osmc:symbol":"red:red:white_bar","description":"Abzweig von Wanderweg 220 nach Rauschbrunnen","route":"hiking","osm":"relation/8881192","length_km_in_region":2.6},"geometry":{"type":"MultiLineString","coordinates":[[[11.34637,47.27924],[11.34745,47.27928]],[[11.34637,47.27924],[11.34554,47.27895],[11.34037,47.27808],[11.33992,47.27806],[11.33871,47.27853],[11.33825,47.27796],[11.33771,47.27808],[11.33711,47.27786],[11.33598,47.27796],[11.3352,47.27779],[11.33415,47.27717],[11.33338,47.27696],[11.33252,47.27693],[11.33285,47.27716],[11.33254,47.27711],[11.33274,47.27725],[11.33198,47.27704],[11.3304,47.27715],[11.32998,47.27754],[11.33032,47.27817],[11.33026,47.27864],[11.32935,47.27944],[11.32949,47.28055],[11.32855,47.28131],[11.32813,47.28209],[11.3275,47.28263],[11.32762,47.28342],[11.32696,47.28407],[11.32723,47.28422],[11.32707,47.28465],[11.32733,47.28523],[11.32676,47.28565]]]}},{"type":"Feature","properties":{"name":"Tag 7 Variante1 Traumpfad München Venedig","network":"nwn","route":"hiking","roundtrip":"no","osm":"relation/2345251","length_km_in_region":4.5},"geometry":{"type":"MultiLineString","coordinates":[[[11.51482,47.31572],[11.51496,47.31672],[11.51414,47.31884]],[[11.5148,47.31559],[11.51482,47.31572]],[[11.5148,47.31559],[11.51507,47.31544],[11.51536,47.31454],[11.51567,47.31437]],[[11.51567,47.31437],[11.51599,47.31375],[11.51762,47.31202],[11.51817,47.31097],[11.5193,47.30983]],[[11.5193,47.30983],[11.51943,47.30953]],[[11.51943,47.30953],[11.51889,47.30831]],[[11.51869,47.30786],[11.51889,47.30831]],[[11.518,47.3056],[11.51869,47.30786]],[[11.51504,47.29487],[11.51562,47.29877],[11.518,47.3056]],[[11.51504,47.29487],[11.51496,47.29463]],[[11.51509,47.29463],[11.51494,47.29447],[11.51509,47.29463]],[[11.51497,47.29446],[11.51499,47.29424]],[[11.50953,47.28769],[11.51012,47.28845],[11.51199,47.29009]],[[11.51199,47.29009],[11.51376,47.2917],[11.51463,47.29311],[11.51499,47.29424]],[[11.50925,47.28715],[11.50953,47.28769]],[[11.50925,47.28715],[11.50915,47.28707]],[[11.50881,47.28675],[11.50883,47.28703],[11.50915,47.28707]],[[11.50892,47.28671],[11.50881,47.28675]],[[11.509,47.28672],[11.50892,47.28671]],[[11.509,47.28672],[11.50906,47.28664]],[[11.50805,47.28345],[11.50883,47.28507],[11.50906,47.28664]],[[11.50805,47.28345],[11.50794,47.28326]],[[11.50794,47.28326],[11.50784,47.28319]],[[11.50784,47.28319],[11.50789,47.2831]],[[11.50789,47.2831],[11.50797,47.28309]],[[11.50797,47.28309],[11.50755,47.28186]],[[11.50755,47.28186],[11.50752,47.2817]]]}},{"type":"Feature","properties":{"name":"Tag 8 V1 Traumpfad München Venedig","network":"nwn","route":"hiking","roundtrip":"no","osm":"relation/2345237","length_km_in_region":11.7},"geometry":{"type":"MultiLineString","coordinates":[[[11.52688,47.20991],[11.52779,47.20922],[11.52751,47.20874],[11.52788,47.20862]],[[11.52788,47.20862],[11.52821,47.20796]],[[11.52821,47.20796],[11.52841,47.20757]],[[11.52841,47.20757],[11.5287,47.20745],[11.52862,47.20698],[11.53013,47.20478],[11.53078,47.20452],[11.53122,47.20383],[11.53217,47.20306],[11.53239,47.20257],[11.53246,47.20177],[11.53232,47.20135],[11.53207,47.20134],[11.53193,47.20111],[11.53201,47.20048],[11.53082,47.19921],[11.53087,47.19889],[11.53137,47.19855]],[[11.53137,47.19855],[11.53175,47.19814],[11.53206,47.19811]],[[11.53206,47.19811],[11.53241,47.19787],[11.53281,47.1963],[11.53397,47.19575],[11.53411,47.19533],[11.53505,47.19458],[11.53518,47.19403],[11.53569,47.19364],[11.53596,47.19307],[11.53531,47.19217],[11.53516,47.19089],[11.53571,47.18944],[11.53564,47.18897],[11.53605,47.18852],[11.53605,47.18814],[11.53577,47.18792],[11.53622,47.18678],[11.53603,47.18657],[11.53621,47.18587],[11.53605,47.18532],[11.53628,47.18504]],[[11.53628,47.18504],[11.53738,47.18396],[11.53754,47.18346],[11.53885,47.18248],[11.5398,47.18125],[11.54066,47.18074],[11.54284,47.18033]],[[11.54284,47.18033],[11.5446,47.17856],[11.54509,47.1769],[11.54565,47.1762],[11.54578,47.17542],[11.54703,47.17381],[11.54793,47.17355],[11.54909,47.17386],[11.54979,47.17375],[11.55084,47.17329],[11.55225,47.17223],[11.55215,47.17161]],[[11.55215,47.17161],[11.55189,47.17095],[11.5529,47.16995],[11.5549,47.16936],[11.55539,47.16949],[11.55701,47.16882],[11.55942,47.16929],[11.56183,47.16902],[11.56308,47.16957],[11.56551,47.16994]],[[11.56551,47.16994],[11.56727,47.17052],[11.56822,47.17046]],[[11.56822,47.17046],[11.56974,47.1704],[11.57051,47.17008],[11.57048,47.16977],[11.57127,47.16977],[11.57165,47.16937],[11.57148,47.16927],[11.57222,47.16904],[11.57197,47.16888],[11.57255,47.16838],[11.5747,47.16806],[11.57529,47.16829],[11.57594,47.16828],[11.57846,47.16715],[11.57973,47.16679],[11.58039,47.16678],[11.58137,47.16636]],[[11.58137,47.16636],[11.58251,47.16608],[11.58313,47.16619],[11.58464,47.16591],[11.58552,47.16538],[11.58653,47.16539]],[[11.58653,47.16539],[11.58808,47.16488],[11.58983,47.16403]],[[11.58983,47.16403],[11.59105,47.16403],[11.59223,47.16357],[11.59453,47.16354],[11.59537,47.16327],[11.59668,47.16322],[11.59739,47.16293],[11.59783,47.16312],[11.59828,47.1641]],[[11.59828,47.1641],[11.60161,47.16498]],[[11.60161,47.16498],[11.60486,47.16559],[11.60515,47.16548],[11.60501,47.1653]],[[11.60501,47.1653],[11.6063,47.16502],[11.6093,47.16517],[11.61136,47.16447]],[[11.61136,47.16447],[11.61182,47.16422],[11.61247,47.16421],[11.61465,47.16457]],[[11.61465,47.16457],[11.61461,47.16481]],[[11.61461,47.16481],[11.61406,47.16551]],[[11.61406,47.16551],[11.61401,47.1663],[11.61453,47.16674],[11.61516,47.16789],[11.61732,47.169],[11.61864,47.17024],[11.61942,47.1703],[11.62001,47.16997]],[[11.5267,47.20983],[11.52686,47.2099],[11.52699,47.20962],[11.5267,47.20983]]]}},{"type":"Feature","properties":{"name":"Tatzlwurm-Runde","ref":"04","network":"lwn","osmc:symbol":"brown:brown:brown:TWR:white","website":"https://www.innsbruck.info/sport/sommer/laufen-und-walken/laufstrecken/touren/tatzlwurm-runde.html","distance":"7.3","route":"hiking","osm":"relation/1617897","length_km_in_region":7.2},"geometry":{"type":"MultiLineString","coordinates":[[[11.39862,47.28642],[11.3983,47.28637]],[[11.3983,47.28637],[11.39759,47.28634],[11.39712,47.28609]],[[11.39653,47.28632],[11.39712,47.28609]],[[11.39653,47.28632],[11.3964,47.28662],[11.39726,47.28714]],[[11.39726,47.28714],[11.3988,47.28787]],[[11.3988,47.28787],[11.39934,47.28846],[11.39987,47.28852],[11.39994,47.289]],[[11.39994,47.289],[11.40039,47.28932]],[[11.40039,47.28932],[11.40193,47.2903],[11.40269,47.29112]],[[11.40269,47.29112],[11.40395,47.2915],[11.40431,47.29204],[11.40512,47.29214]],[[11.40512,47.29214],[11.4054,47.29254],[11.40521,47.2929],[11.40538,47.29307],[11.40788,47.29368],[11.40842,47.29358],[11.40902,47.29375]],[[11.40902,47.29375],[11.40939,47.29388]],[[11.40939,47.29388],[11.40991,47.29417],[11.41141,47.29448],[11.41166,47.29473],[11.41303,47.29408],[11.41278,47.2948],[11.41383,47.29484],[11.41385,47.29616]],[[11.41385,47.29616],[11.41397,47.2962]],[[11.41397,47.2962],[11.41477,47.29559]],[[11.41477,47.29559],[11.41579,47.29497],[11.416,47.29448],[11.41658,47.29438]],[[11.41658,47.29438],[11.41857,47.29499],[11.41966,47.29573],[11.42052,47.29568],[11.42188,47.29603],[11.42314,47.29603],[11.42449,47.29569]],[[11.42539,47.29368],[11.42449,47.29569]],[[11.42547,47.29355],[11.42539,47.29368]],[[11.42251,47.29171],[11.42347,47.29145],[11.42404,47.29149],[11.42459,47.29187],[11.42506,47.29274],[11.42509,47.29304],[11.42478,47.29334],[11.42547,47.29355]],[[11.42251,47.29171],[11.42189,47.29158],[11.42201,47.29133]],[[11.42295,47.28838],[11.4242,47.28885],[11.42216,47.29039],[11.42201,47.29133]],[[11.42203,47.28794],[11.42295,47.28838]],[[11.42176,47.28759],[11.42203,47.28794]],[[11.41731,47.2899],[11.41922,47.28902],[11.41938,47.28849],[11.42047,47.28835],[11.42176,47.28759]],[[11.41711,47.28982],[11.41731,47.2899]],[[11.41711,47.28982],[11.41678,47.28951],[11.41607,47.28942]],[[11.41534,47.28938],[11.41607,47.28942]],[[11.41534,47.28938],[11.41318,47.28906],[11.41214,47.2891]],[[11.41214,47.2891],[11.41124,47.28892],[11.41086,47.28856],[11.41011,47.28829],[11.40968,47.28835],[11.40912,47.28876]],[[11.40912,47.28876],[11.40898,47.28884]],[[11.40898,47.28884],[11.40869,47.289]],[[11.40869,47.289],[11.40858,47.289]],[[11.40743,47.28783],[11.40811,47.28816],[11.40858,47.289]],[[11.40734,47.28782],[11.40743,47.28783]],[[11.40344,47.28689],[11.40456,47.28733],[11.40625,47.28728],[11.40645,47.28752],[11.40734,47.28782]],[[11.40384,47.2873],[11.40344,47.28689]],[[11.40384,47.2873],[11.40338,47.28714]],[[11.40338,47.28714],[11.40341,47.28718]],[[11.40341,47.28718],[11.40349,47.28719]],[[11.40349,47.28719],[11.40514,47.28818],[11.40518,47.28859]],[[11.40281,47.28781],[11.4041,47.28821],[11.40493,47.28825],[11.40518,47.28859]],[[11.40063,47.28744],[11.40194,47.28732],[11.40281,47.28781]],[[11.40063,47.28744],[11.40057,47.28691],[11.39941,47.28661]],[[11.39941,47.28661],[11.39887,47.28647]],[[11.39887,47.28647],[11.39859,47.28668],[11.39862,47.28642]]]}},{"type":"Feature","properties":{"name":"Teufelsmühlen-Run","ref":"37","network":"lwn","osmc:symbol":"yellow:brown:white_pointer","website":"https://www.innsbruck.info/wandern/wandern/wanderungen/touren/teufelsmuehlen-run-37-1.html","distance":"2.5","route":"hiking","osm":"relation/1619140","length_km_in_region":2.4},"geometry":{"type":"MultiLineString","coordinates":[[[11.48129,47.24869],[11.48355,47.24898]],[[11.48355,47.24898],[11.48511,47.24886]],[[11.48511,47.24886],[11.48507,47.24937],[11.48753,47.25063],[11.48773,47.25156]],[[11.48773,47.25156],[11.48877,47.25212],[11.48917,47.25268]],[[11.48917,47.25268],[11.48896,47.25303],[11.48715,47.25305],[11.487,47.25342],[11.48656,47.25352],[11.48474,47.25249]],[[11.48474,47.25249],[11.48465,47.25249]],[[11.48465,47.25249],[11.48458,47.25225]],[[11.48458,47.25225],[11.48424,47.25174],[11.48353,47.25146],[11.48128,47.25182],[11.47965,47.25139],[11.47861,47.25076]],[[11.47861,47.25076],[11.47685,47.24994]],[[11.47804,47.24957],[11.47685,47.24994]],[[11.47988,47.24861],[11.48002,47.24884],[11.47935,47.24949],[11.47804,47.24957]],[[11.47988,47.24861],[11.48129,47.24869]]]}},{"type":"Feature","properties":{"name":"Theodor-Streich-Weg","network":"lwn","route":"foot","osm":"relation/21379174","length_km_in_region":5.7},"geometry":{"type":"MultiLineString","coordinates":[[[10.99644,47.2113],[10.99677,47.21062],[10.99377,47.21046],[10.99196,47.21087],[10.99061,47.21094],[10.98985,47.21078],[10.98955,47.21042],[10.98935,47.20866],[10.98819,47.20706],[10.98798,47.20601],[10.98726,47.20486],[10.9873,47.20305],[10.98697,47.20243],[10.98629,47.20202],[10.9859,47.202],[10.98548,47.20153],[10.98441,47.20103],[10.98392,47.20042],[10.98275,47.19968]],[[10.98266,47.19964],[10.98275,47.19968]],[[10.98266,47.19964],[10.98178,47.19954],[10.98182,47.19924],[10.98109,47.19924],[10.9804,47.19884],[10.98028,47.19896],[10.97949,47.19872],[10.9788,47.19875],[10.97823,47.19845],[10.97812,47.19792],[10.97753,47.19756],[10.97671,47.19715],[10.97535,47.19683],[10.97515,47.19681],[10.97502,47.19728],[10.97452,47.19711],[10.97422,47.19717],[10.97416,47.19739],[10.97372,47.19723],[10.97348,47.19742],[10.97096,47.19713],[10.96932,47.19655],[10.96917,47.19627],[10.96846,47.19636],[10.96732,47.19587],[10.96621,47.19574],[10.96517,47.19571],[10.96489,47.19587],[10.96406,47.19569],[10.964,47.19599],[10.96265,47.19636],[10.96278,47.19643],[10.96011,47.19608]],[[10.96011,47.19608],[10.95865,47.19562],[10.95793,47.1951],[10.95768,47.1953]],[[10.95768,47.1953],[10.9572,47.19554],[10.95711,47.19607],[10.95637,47.19632],[10.95549,47.19755],[10.95431,47.19797],[10.95224,47.19923],[10.95179,47.20039],[10.95087,47.20045],[10.95037,47.20086],[10.94999,47.20139],[10.94987,47.2021],[10.95048,47.20253],[10.95024,47.20417],[10.94996,47.20439]]]}},{"type":"Feature","properties":{"name":"Toldern - Steinernes Lamm","ref":"525","network":"rwn","operator":"ÖTK Österreichischer Touristenklub","osmc:symbol":"red:white:red_bar","from":"Toldern","to":"Steinernes Lamm","website":"https://www.oetk.at/","route":"hiking","osm":"relation/19358191","length_km_in_region":1.4},"geometry":{"type":"MultiLineString","coordinates":[[[11.57986,47.0872],[11.58004,47.08708]],[[11.58004,47.08708],[11.58019,47.08702]],[[11.58019,47.08702],[11.58038,47.08698]],[[11.58038,47.08698],[11.58097,47.08674],[11.58233,47.08692],[11.5832,47.08681],[11.58618,47.08581]],[[11.58618,47.08581],[11.58818,47.08361],[11.58803,47.08323],[11.58845,47.08279],[11.59012,47.08173]],[[11.59008,47.08163],[11.59012,47.08173]],[[11.59005,47.08151],[11.59008,47.08163]],[[11.59207,47.07963],[11.59007,47.08131],[11.59005,47.08151]]]}},{"type":"Feature","properties":{"name":"Traumpfad München-Venedig","network":"iwn","website":"https://www.muenchen-venedig.net/","distance":"550","wikipedia":"de:Traumpfad München–Venedig","route":"hiking","osm":"relation/1736379","length_km_in_region":32.0},"geometry":{"type":"MultiLineString","coordinates":[[[11.4584,47.36002],[11.45932,47.35954],[11.46287,47.35893],[11.46496,47.35826],[11.4675,47.35773],[11.46919,47.35684],[11.47056,47.35547],[11.47234,47.35456]],[[11.47234,47.35456],[11.47274,47.35421],[11.47252,47.35326],[11.47435,47.353],[11.47473,47.35321],[11.47539,47.3544],[11.47712,47.35467]],[[11.47539,47.35244],[11.47491,47.35269],[11.47561,47.35334],[11.47592,47.35397],[11.47717,47.35455],[11.47712,47.35467]],[[11.47718,47.35006],[11.47732,47.35104],[11.47672,47.35129],[11.47633,47.35117],[11.47636,47.35163],[11.47608,47.35153],[11.47606,47.35172],[11.47578,47.35155],[11.47539,47.35244]],[[11.47701,47.35002],[11.47718,47.35006]],[[11.47077,47.34302],[11.47058,47.34372],[11.47123,47.34419],[11.47038,47.34441],[11.47073,47.34486],[11.47247,47.3455],[11.47361,47.34691],[11.47319,47.34805],[11.47325,47.34853],[11.47258,47.34868],[11.4739,47.34933],[11.47454,47.35001],[11.47575,47.35047],[11.47669,47.35029],[11.47701,47.35002]],[[11.47077,47.34302],[11.47074,47.3428],[11.47024,47.34262]],[[11.47024,47.34262],[11.46944,47.34241]],[[11.46944,47.34241],[11.46892,47.34198],[11.46888,47.34168],[11.46694,47.34077],[11.46579,47.34]],[[11.46579,47.34],[11.46542,47.33967],[11.46648,47.33956],[11.46755,47.33973],[11.46966,47.33926],[11.46931,47.33879],[11.46855,47.33864],[11.4684,47.33823],[11.468,47.33804],[11.46776,47.3371],[11.46604,47.33636],[11.4655,47.33652],[11.4646,47.33594],[11.46424,47.336],[11.46222,47.33527],[11.46206,47.33416],[11.46358,47.33415],[11.46402,47.334],[11.46467,47.33282]],[[11.46467,47.33282],[11.46853,47.33376],[11.46968,47.33335],[11.46995,47.33301]],[[11.46995,47.33301],[11.46996,47.333]],[[11.46996,47.333],[11.46999,47.33295]],[[11.46999,47.33295],[11.47137,47.33247],[11.47241,47.33233],[11.47342,47.33251],[11.47439,47.33247],[11.4761,47.33183],[11.47729,47.33168],[11.47774,47.33137],[11.47851,47.33134],[11.47908,47.33089],[11.47908,47.33042],[11.47939,47.33022],[11.47959,47.33042],[11.4804,47.33046],[11.4805,47.33093],[11.48181,47.33058],[11.48329,47.33087],[11.4841,47.33084],[11.48489,47.33055],[11.48612,47.32967],[11.48717,47.32944],[11.48759,47.32914],[11.48677,47.32751]],[[11.48677,47.32751],[11.48687,47.32745]],[[11.48687,47.32745],[11.48695,47.32742]],[[11.48751,47.32728],[11.48695,47.32742]],[[11.48751,47.32728],[11.48863,47.32723],[11.49031,47.32658],[11.49247,47.32688]],[[11.49247,47.32688],[11.49292,47.32686]],[[11.49292,47.32686],[11.49329,47.327],[11.49409,47.32656],[11.495,47.32634],[11.49552,47.32633],[11.49694,47.32686],[11.49765,47.32693],[11.49953,47.32641],[11.50323,47.3266],[11.50763,47.32622],[11.5086,47.32574]],[[11.51414,47.31884],[11.51318,47.31937],[11.51296,47.31988],[11.51145,47.32101],[11.51086,47.3227],[11.51026,47.32336],[11.5097,47.32358],[11.50919,47.32433],[11.50864,47.32451],[11.50854,47.32481],[11.50878,47.32516],[11.5086,47.32574]],[[11.51414,47.31884],[11.51428,47.31888]],[[11.51428,47.31888],[11.51506,47.31722]],[[11.51506,47.31722],[11.5155,47.31683]],[[11.5155,47.31683],[11.51558,47.31686]],[[11.51558,47.31686],[11.51568,47.31689]],[[11.51568,47.31689],[11.51791,47.31549],[11.51878,47.31517],[11.52008,47.31509],[11.52159,47.31432],[11.52374,47.31359],[11.52453,47.31295],[11.52612,47.31224]],[[11.53133,47.31224],[11.53042,47.31226],[11.53046,47.31195],[11.52945,47.31182],[11.52891,47.31146],[11.52889,47.31208],[11.52847,47.31252],[11.52795,47.31232],[11.52766,47.31197],[11.52687,47.312],[11.52643,47.31231],[11.52612,47.31224]],[[11.53133,47.31224],[11.53339,47.31348],[11.5362,47.31586],[11.53658,47.31591]],[[11.53658,47.31591],[11.53824,47.31661],[11.5398,47.31788],[11.54214,47.31887],[11.54324,47.31962],[11.54448,47.31942],[11.5452,47.31905],[11.54666,47.31872],[11.54876,47.31875],[11.55038,47.31932],[11.5504,47.31962],[11.551,47.31954],[11.55124,47.31988],[11.55114,47.32037]],[[11.55126,47.3206],[11.55114,47.32037]],[[11.55126,47.3206],[11.55199,47.32087],[11.55348,47.32082]],[[11.55348,47.32082],[11.55414,47.3208]],[[11.55414,47.3208],[11.55475,47.3207]],[[11.55475,47.3207],[11.55504,47.32028]],[[11.55504,47.32028],[11.55568,47.32049]],[[11.55568,47.32049],[11.55795,47.32128]],[[11.55795,47.32128],[11.55815,47.32047],[11.55793,47.32016]],[[11.55793,47.32016],[11.55925,47.31983],[11.56028,47.31903],[11.5613,47.31888],[11.5618,47.31715],[11.56274,47.31615],[11.56329,47.31596],[11.56445,47.31501],[11.56602,47.31482],[11.56665,47.31431],[11.56798,47.31387]],[[11.56798,47.31387],[11.57082,47.31302],[11.57357,47.3128]],[[11.57357,47.3128],[11.57736,47.31205],[11.57801,47.31169],[11.57943,47.31028],[11.58178,47.3093],[11.58259,47.30913],[11.58295,47.30922]],[[11.58304,47.30918],[11.58295,47.30922]],[[11.58316,47.30909],[11.58304,47.30918]],[[11.58396,47.30798],[11.58316,47.30909]],[[11.58488,47.30749],[11.58396,47.30798]],[[11.58488,47.30749],[11.58552,47.30689],[11.58584,47.30565],[11.58705,47.30431],[11.58742,47.30309],[11.58695,47.30245]],[[11.58695,47.30245],[11.58842,47.30237]],[[11.58841,47.30234],[11.58842,47.30237]],[[11.58877,47.30232],[11.58841,47.30234]],[[11.58873,47.30197],[11.58877,47.30232]],[[11.58877,47.30183],[11.58873,47.30197]],[[11.58852,47.30142],[11.58886,47.30138],[11.58861,47.3016],[11.58877,47.30183]],[[11.58814,47.30145],[11.58852,47.30142]],[[11.58805,47.30146],[11.58814,47.30145]],[[11.58805,47.30146],[11.58805,47.30145]],[[11.58805,47.30145],[11.58798,47.30042]],[[11.58798,47.30042],[11.58797,47.3003]],[[11.58797,47.3003],[11.58794,47.29987]],[[11.58794,47.29987],[11.58793,47.29983]],[[11.58793,47.29983],[11.58793,47.29973]],[[11.58793,47.29973],[11.58792,47.2993]],[[11.58792,47.2993],[11.58783,47.29904]],[[11.58798,47.29903],[11.58759,47.29891],[11.58775,47.29866],[11.58815,47.29877],[11.58798,47.29903]],[[11.58815,47.29877],[11.5886,47.29875]],[[11.5886,47.29875],[11.58979,47.2985],[11.59098,47.29785]],[[11.59098,47.29785],[11.59109,47.29777]],[[11.59109,47.29777],[11.5934,47.29595],[11.59274,47.29326]],[[11.59274,47.29326],[11.59268,47.29316]],[[11.59259,47.293],[11.59268,47.29316]],[[11.59252,47.29259],[11.59259,47.293]],[[11.59256,47.29242],[11.59252,47.29259]],[[11.59282,47.29169],[11.59256,47.29242]],[[11.59282,47.29169],[11.59287,47.29149]],[[11.59287,47.29149],[11.59294,47.29131]],[[11.59314,47.29138],[11.59294,47.29131]],[[11.59328,47.29142],[11.59314,47.29138]],[[11.59328,47.29142],[11.59333,47.29132]],[[11.59333,47.29132],[11.59451,47.28925]],[[11.59451,47.28925],[11.59463,47.28853]],[[11.59463,47.28853],[11.59459,47.28817]],[[11.59459,47.28817],[11.59463,47.28771],[11.59514,47.28722]],[[11.59511,47.28694],[11.59514,47.28722]],[[11.59678,47.28355],[11.59643,47.28354],[11.59655,47.28424],[11.59601,47.28541],[11.59524,47.2854],[11.59505,47.2857],[11.59456,47.28558],[11.59506,47.28602],[11.59432,47.28626],[11.59457,47.28684],[11.59511,47.28694]],[[11.59678,47.28355],[11.59675,47.28346]],[[11.59675,47.28346],[11.59674,47.28343]],[[11.59674,47.28343],[11.59746,47.28375]],[[11.59746,47.28375],[11.59748,47.28362]],[[11.59748,47.28362],[11.5976,47.28333]],[[11.5976,47.28333],[11.59802,47.28278],[11.59803,47.28144]],[[11.59887,47.28061],[11.59803,47.28144]],[[11.60024,47.27786],[11.59956,47.27835],[11.5992,47.27898],[11.59887,47.28061]],[[11.60024,47.27786],[11.60047,47.27703],[11.60166,47.2761]],[[11.60166,47.2761],[11.60249,47.27568],[11.60337,47.27472]],[[11.60337,47.27472],[11.60388,47.27411]],[[11.60388,47.27411],[11.60502,47.27391],[11.60529,47.27352]],[[11.60529,47.27352],[11.60574,47.27307]],[[11.60574,47.27307],[11.60592,47.27265]],[[11.60592,47.27265],[11.60679,47.27086],[11.60882,47.26899],[11.60897,47.26705]],[[11.60897,47.26705],[11.60895,47.26669]],[[11.60895,47.26669],[11.61089,47.26462]],[[11.61089,47.26462],[11.61157,47.26415],[11.61161,47.26341]],[[11.61302,47.2623],[11.61228,47.26258],[11.61161,47.26341]],[[11.61308,47.26226],[11.61302,47.2623]],[[11.61349,47.26173],[11.61308,47.26226]],[[11.61343,47.26163],[11.61349,47.26173]],[[11.61382,47.25889],[11.61334,47.26003],[11.61354,47.26071],[11.61343,47.26163]],[[11.61801,47.24713],[11.61814,47.24821],[11.6175,47.25109],[11.61748,47.25224],[11.61624,47.25386],[11.61624,47.25478],[11.61522,47.25748],[11.61382,47.25889]],[[11.61668,47.23948],[11.6166,47.23997],[11.61716,47.24035],[11.61761,47.24132],[11.61766,47.24254],[11.61825,47.2431],[11.61814,47.24351],[11.61894,47.2443],[11.61897,47.24512],[11.61838,47.24588],[11.61801,47.24713]],[[11.61623,47.22522],[11.61632,47.22609],[11.61561,47.22722],[11.61548,47.2285],[11.61603,47.22902],[11.61611,47.22983],[11.61674,47.23056],[11.61653,47.23146],[11.61698,47.23226],[11.6159,47.23338],[11.61502,47.23371],[11.61513,47.23422],[11.61479,47.23456],[11.61474,47.23504],[11.61508,47.23585],[11.61501,47.23687],[11.61565,47.2375],[11.61581,47.23861],[11.61668,47.23948]],[[11.62015,47.21921],[11.61879,47.22129],[11.6171,47.22241],[11.61675,47.22323],[11.6167,47.22423],[11.61623,47.22522]],[[11.61594,47.24068],[11.61656,47.24016],[11.61668,47.23948]],[[11.61595,47.24086],[11.61594,47.24068]],[[11.61684,47.24413],[11.61634,47.24352],[11.6164,47.24335],[11.61674,47.2433],[11.61635,47.24281],[11.61598,47.24269],[11.61565,47.24211],[11.61595,47.24086]],[[11.61734,47.24555],[11.6174,47.24484],[11.61684,47.24413]],[[11.61759,47.24596],[11.61734,47.24555]],[[11.61759,47.24596],[11.61711,47.24678]],[[11.61711,47.24678],[11.61721,47.24823],[11.61685,47.24922],[11.61693,47.2497],[11.61617,47.25149],[11.61649,47.25222],[11.61643,47.25279],[11.61584,47.2536]],[[11.61584,47.2536],[11.61549,47.25463]],[[11.61538,47.25502],[11.61549,47.25463]],[[11.6151,47.25525],[11.61538,47.25502]],[[11.6151,47.25525],[11.61524,47.25622],[11.61488,47.2574],[11.61411,47.25814],[11.61382,47.25889]]]}},{"type":"Feature","properties":{"name":"Trautson","network":"lwn","operator":"Tourismusverband Wipptal","website":"https://maps.wipptal.at/v2/de/gdi_winter/2d/-1/detail/16.141846373261636/47.13691555859472/11.45764058259158/18372/115405143/","route":"hiking","osm":"relation/17071515","length_km_in_region":4.7},"geometry":{"type":"MultiLineString","coordinates":[[[11.45271,47.12556],[11.45268,47.12556]],[[11.45487,47.12367],[11.45506,47.1247],[11.45492,47.12495],[11.45271,47.12556]],[[11.45487,47.12367],[11.45525,47.12394]],[[11.45568,47.12618],[11.45525,47.12394]],[[11.45623,47.13065],[11.45664,47.1301],[11.45549,47.12796],[11.45568,47.12618]],[[11.45474,47.13297],[11.45484,47.13229],[11.45623,47.13065]],[[11.45474,47.13297],[11.45522,47.13414],[11.45581,47.13397],[11.45707,47.13395],[11.45718,47.13408],[11.45685,47.1345],[11.45806,47.13421],[11.45793,47.13477],[11.45873,47.13479]],[[11.45873,47.13479],[11.45967,47.13598],[11.45952,47.13763],[11.46017,47.13849],[11.45886,47.13874]],[[11.4581,47.13864],[11.45886,47.13874]],[[11.45823,47.13892],[11.4581,47.13864]],[[11.45823,47.13892],[11.45609,47.13884]],[[11.45572,47.13908],[11.45609,47.13884]],[[11.45511,47.13931],[11.45572,47.13908]],[[11.45487,47.1393],[11.45511,47.13931]],[[11.45487,47.1393],[11.45416,47.13895]],[[11.45314,47.13828],[11.45416,47.13895]],[[11.45215,47.13817],[11.45259,47.13806],[11.45314,47.13828]],[[11.45256,47.13773],[11.45215,47.13817]],[[11.45265,47.13665],[11.45256,47.13773]],[[11.4526,47.1366],[11.45265,47.13665]],[[11.45267,47.13659],[11.4526,47.1366]],[[11.45302,47.13652],[11.45267,47.13659]],[[11.45316,47.13649],[11.45302,47.13652]],[[11.45321,47.13624],[11.45316,47.13649]],[[11.45341,47.13598],[11.45321,47.13624]],[[11.45346,47.13592],[11.45341,47.13598]],[[11.45375,47.13547],[11.45346,47.13592]],[[11.45422,47.13421],[11.45375,47.13547]],[[11.45416,47.13306],[11.45443,47.13323],[11.45422,47.13421]],[[11.45404,47.13283],[11.45416,47.13306]],[[11.45421,47.13219],[11.45404,47.13283]],[[11.45372,47.13192],[11.45421,47.13219]],[[11.45346,47.13181],[11.45372,47.13192]],[[11.45345,47.1318],[11.45346,47.13181]],[[11.45265,47.13158],[11.45345,47.1318]],[[11.45265,47.13158],[11.45311,47.13066],[11.45297,47.12961]],[[11.45297,47.12961],[11.45248,47.1275]],[[11.45248,47.1275],[11.45233,47.12722]],[[11.45237,47.12709],[11.45227,47.12711]],[[11.45247,47.12706],[11.45237,47.12709]],[[11.45269,47.12701],[11.45247,47.12706]],[[11.45293,47.12692],[11.45269,47.12701]],[[11.45291,47.12687],[11.45293,47.12692]],[[11.45289,47.12683],[11.45291,47.12687]],[[11.45286,47.12683],[11.45289,47.12683]],[[11.45269,47.12659],[11.45286,47.12683]],[[11.45216,47.12562],[11.45269,47.12659]]]}},{"type":"Feature","properties":{"name":"Tummelplatzweg","ref":"1","network":"lwn","operator":"Innsbrucker Verschönerungsverein","sac_scale":"hiking","route":"foot","osm":"relation/17331008","length_km_in_region":1.8},"geometry":{"type":"MultiLineString","coordinates":[[[11.4263,47.2543],[11.42544,47.25447],[11.42457,47.25435],[11.41939,47.25277],[11.41587,47.25254],[11.41234,47.2518],[11.41143,47.25189],[11.41047,47.25166],[11.40773,47.252],[11.40754,47.25216]],[[11.42703,47.25448],[11.4263,47.2543]],[[11.42837,47.25509],[11.42703,47.25448]],[[11.42959,47.25563],[11.42868,47.25542],[11.42837,47.25509]]]}},{"type":"Feature","properties":{"name":"Umhauser Höhenweg","network":"lwn","route":"hiking","roundtrip":"no","osm":"relation/13393085","length_km_in_region":1.6},"geometry":{"type":"MultiLineString","coordinates":[[[10.94991,47.13024],[10.95043,47.12976]],[[10.95043,47.12976],[10.95181,47.12951],[10.95209,47.1291],[10.9533,47.12859]],[[10.9533,47.12859],[10.95372,47.12848],[10.95466,47.12756],[10.95932,47.12682],[10.96176,47.12714],[10.96358,47.12802]],[[10.96358,47.12802],[10.96557,47.12883],[10.96707,47.12882],[10.96732,47.12864]],[[10.96732,47.12864],[10.96749,47.12848]],[[10.96749,47.12848],[10.96758,47.12838]],[[10.96758,47.12838],[10.96762,47.12835]]]}},{"type":"Feature","properties":{"name":"Verbindung Zirbenweg - Höhenweg","ref":"rot","network":"lwn","operator":"ÖAV Hall in Tirol","osmc:symbol":"red:red:white_bar","route":"hiking","osm":"relation/16289263","length_km_in_region":1.2},"geometry":{"type":"MultiLineString","coordinates":[[[11.50408,47.21245],[11.50487,47.214],[11.50425,47.21422],[11.50442,47.21671]],[[11.50442,47.21671],[11.5035,47.2174],[11.50348,47.21777]],[[11.50348,47.21777],[11.50445,47.21834],[11.50462,47.21911],[11.50509,47.21927],[11.50558,47.22006],[11.5057,47.22095],[11.50545,47.22127],[11.50495,47.22142],[11.50573,47.22207]]]}},{"type":"Feature","properties":{"name":"Vogellehrweg","network":"lwn","sac_scale":"mountain_hiking","route":"foot","osm":"relation/17669073","length_km_in_region":1.3},"geometry":{"type":"MultiLineString","coordinates":[[[11.24519,47.27648],[11.24575,47.27659],[11.24689,47.2763]],[[11.24653,47.27734],[11.247,47.27687],[11.24688,47.27677],[11.24733,47.27653],[11.24715,47.27646],[11.24751,47.27638],[11.24689,47.2763]],[[11.24631,47.27744],[11.24525,47.27759],[11.24456,47.27867],[11.24306,47.2792],[11.24239,47.27954],[11.24306,47.27963],[11.24209,47.2799],[11.24237,47.2801],[11.24187,47.28055],[11.24269,47.28047],[11.24202,47.28087],[11.24227,47.28088],[11.24204,47.2814],[11.24254,47.28133],[11.24293,47.28157],[11.24302,47.28228]]]}},{"type":"Feature","properties":{"name":"Vorbergalm - Malgrübler","network":"lwn","operator":"ÖAV Hall in Tirol","osmc:symbol":"red:white:red_bar","route":"hiking","osm":"relation/18305247","length_km_in_region":3.1},"geometry":{"type":"MultiLineString","coordinates":[[[11.55605,47.20972],[11.55662,47.20942],[11.5566,47.20889],[11.55724,47.20885],[11.55811,47.20828],[11.55945,47.20831],[11.55981,47.20855],[11.56044,47.20854],[11.5605,47.20799],[11.56203,47.20669],[11.56255,47.20646],[11.56381,47.2066],[11.56445,47.20621],[11.56469,47.2046],[11.56519,47.20397],[11.56588,47.20401],[11.56688,47.20376],[11.56756,47.20333],[11.56797,47.2034],[11.56915,47.20285],[11.57058,47.2027],[11.57082,47.20249]],[[11.58541,47.20168],[11.58506,47.20158],[11.58163,47.20254],[11.57977,47.20214],[11.57921,47.20171],[11.57614,47.20221],[11.57503,47.20266],[11.57269,47.20308],[11.57082,47.20249]],[[11.58541,47.20168],[11.58845,47.20061]]]}},{"type":"Feature","properties":{"name":"Waldsteig","ref":"39a","network":"lwn","route":"hiking","osm":"relation/17082369","length_km_in_region":0.8},"geometry":{"type":"MultiLineString","coordinates":[[[11.30488,47.24205],[11.30311,47.24095],[11.30287,47.24099],[11.30294,47.24073],[11.30157,47.241],[11.30146,47.24082],[11.30106,47.24083],[11.30008,47.24037],[11.29939,47.2393],[11.29945,47.23902]],[[11.29876,47.24004],[11.2991,47.23998],[11.29977,47.24024],[11.29975,47.24007],[11.29994,47.24012]]]}},{"type":"Feature","properties":{"name":"Waldsteig Kristeneben","network":"lwn","route":"hiking","osm":"relation/17082419","length_km_in_region":1.8},"geometry":{"type":"MultiLineString","coordinates":[[[11.27437,47.24591],[11.2745,47.24613],[11.27606,47.2461],[11.27699,47.24599],[11.2778,47.2456],[11.27942,47.24569],[11.28157,47.24554],[11.28293,47.24485],[11.28567,47.24481],[11.28657,47.24561],[11.28769,47.24537]],[[11.28785,47.24537],[11.28769,47.24537]],[[11.29608,47.24565],[11.29249,47.2456],[11.28933,47.246],[11.28785,47.24537]]]}},{"type":"Feature","properties":{"name":"Wanderweg 143","ref":"143","network":"rwn","osmc:symbol":"red:red:white_bar:143:black","route":"hiking","osm":"relation/8479416","length_km_in_region":5.4},"geometry":{"type":"MultiLineString","coordinates":[[[11.09617,47.11676],[11.09656,47.11654],[11.09762,47.11643],[11.0985,47.11514],[11.0978,47.11425],[11.09625,47.11295],[11.09602,47.11221],[11.09639,47.11194],[11.09663,47.11222],[11.09684,47.11227],[11.09705,47.11206],[11.09721,47.11224],[11.09768,47.11222],[11.0987,47.11178],[11.09872,47.11116],[11.09837,47.11079],[11.09874,47.11062],[11.09862,47.11044],[11.09936,47.1095]],[[11.09617,47.11676],[11.0956,47.11686],[11.0948,47.11729],[11.09412,47.11843],[11.09367,47.11867],[11.09376,47.11935],[11.09337,47.11967],[11.09337,47.11992],[11.09279,47.12024],[11.09289,47.1222]],[[11.09301,47.12237],[11.09289,47.1222]],[[11.09293,47.12279],[11.09301,47.12237]],[[11.09117,47.12483],[11.09178,47.12408],[11.09187,47.12348],[11.09283,47.12311],[11.09293,47.12279]],[[11.08252,47.14259],[11.0827,47.14057],[11.08304,47.1404],[11.08397,47.13916],[11.08415,47.13879],[11.08389,47.13833],[11.08457,47.13769],[11.08592,47.13751],[11.08569,47.13683],[11.08601,47.13668],[11.08684,47.13396],[11.08747,47.13342],[11.08748,47.13279],[11.08852,47.13072],[11.08932,47.13],[11.08844,47.12895],[11.08823,47.12839],[11.08837,47.12803],[11.08927,47.12704],[11.08992,47.12587],[11.09086,47.12544],[11.09117,47.12483]],[[11.08231,47.14983],[11.08269,47.14917],[11.08369,47.14855],[11.08326,47.14734],[11.08364,47.14589],[11.0835,47.14471],[11.08252,47.14259]]]}},{"type":"Feature","properties":{"name":"Wanderweg 144","ref":"144","network":"rwn","osmc:symbol":"red:red:white_bar:144:black","route":"hiking","osm":"relation/8479421","length_km_in_region":5.2},"geometry":{"type":"MultiLineString","coordinates":[[[11.08231,47.14983],[11.08313,47.14972],[11.08411,47.15],[11.08549,47.1498],[11.08589,47.15004],[11.0863,47.15001],[11.08655,47.15029],[11.08781,47.15029],[11.0892,47.15134],[11.09013,47.15174],[11.09156,47.1517],[11.0931,47.15201],[11.09436,47.15142],[11.09446,47.15159],[11.09612,47.15153],[11.09682,47.15194],[11.09829,47.15183],[11.09853,47.15209],[11.0987,47.15203],[11.0988,47.15242]],[[11.0988,47.15242],[11.09956,47.15231],[11.10012,47.15171],[11.10139,47.15105],[11.10384,47.15043],[11.10467,47.14988],[11.10475,47.14958],[11.10523,47.14943],[11.10704,47.14916],[11.10716,47.14937],[11.10813,47.14945],[11.10971,47.1491],[11.10966,47.14933],[11.11148,47.14943],[11.11261,47.15027],[11.11343,47.15039],[11.11717,47.14896],[11.11683,47.14996],[11.11693,47.15049],[11.1177,47.15134],[11.11794,47.15132],[11.11867,47.15226],[11.11952,47.15259]],[[11.11952,47.15259],[11.11988,47.15267]],[[11.12384,47.1537],[11.12262,47.15328],[11.12192,47.15339],[11.12038,47.15316],[11.11982,47.15293],[11.11988,47.15267]],[[11.12384,47.1537],[11.12443,47.15374],[11.12393,47.153],[11.12408,47.15219],[11.12469,47.15227],[11.12554,47.1519],[11.12659,47.15209],[11.1279,47.15178],[11.1281,47.15196],[11.12847,47.15173]],[[11.12847,47.15173],[11.12886,47.1514],[11.1292,47.15142],[11.12966,47.15203],[11.13009,47.15163],[11.12989,47.1505],[11.13064,47.15017],[11.13099,47.14953],[11.13239,47.14933],[11.13266,47.14886]]]}},{"type":"Feature","properties":{"name":"Wanderweg 144A","ref":"144A","network":"rwn","osmc:symbol":"red:red:white_bar:144A:black","route":"hiking","osm":"relation/8479463","length_km_in_region":0.5},"geometry":{"type":"MultiLineString","coordinates":[[[11.0988,47.15242],[11.09847,47.15247],[11.09848,47.15277],[11.09762,47.15402],[11.09699,47.15437],[11.09693,47.15474],[11.09609,47.15541],[11.09618,47.15574],[11.09566,47.15609]]]}},{"type":"Feature","properties":{"name":"Wanderweg 211","ref":"211","network":"rwn","osmc:symbol":"red:red:white_bar:211:black","description":"Reith - Freiunger Höhenweg","route":"hiking","osm":"relation/285551","length_km_in_region":11.0},"geometry":{"type":"MultiLineString","coordinates":[[[11.20459,47.29854],[11.2053,47.29877]],[[11.2053,47.29877],[11.20584,47.29955]],[[11.20584,47.29955],[11.20615,47.30005]],[[11.20615,47.30005],[11.20679,47.29998]],[[11.20679,47.29998],[11.20766,47.30087]],[[11.20766,47.30087],[11.20739,47.30186]],[[11.20739,47.30186],[11.20672,47.30376],[11.2067,47.30497],[11.20727,47.30667],[11.20834,47.30776]],[[11.20834,47.30776],[11.20869,47.30738],[11.2093,47.30757],[11.20979,47.30726],[11.2105,47.30739],[11.21065,47.30716],[11.21081,47.30731],[11.21218,47.30701],[11.21337,47.30716]],[[11.21337,47.30716],[11.21387,47.30718],[11.21456,47.30755],[11.21439,47.30806]],[[11.21439,47.30806],[11.21467,47.30784],[11.21474,47.30821],[11.21507,47.30793],[11.21541,47.3082],[11.21564,47.308],[11.21578,47.30832],[11.21621,47.30819],[11.21639,47.30861],[11.21668,47.3085],[11.21686,47.30874],[11.21713,47.30862],[11.21723,47.30895],[11.21786,47.30874],[11.21788,47.30894],[11.21878,47.30943],[11.21902,47.30925],[11.21955,47.30942],[11.21995,47.30898],[11.22035,47.30945],[11.22119,47.30922],[11.22486,47.30958],[11.22542,47.31013],[11.22589,47.31022],[11.22666,47.31086],[11.22871,47.31192],[11.22964,47.31193],[11.22952,47.31201],[11.23048,47.3122],[11.23022,47.31231],[11.23094,47.31244],[11.23019,47.31302],[11.23056,47.31306],[11.23021,47.31347],[11.23051,47.31342],[11.23047,47.31364],[11.23086,47.31352],[11.23081,47.31369],[11.23122,47.31353],[11.23177,47.31362],[11.23154,47.3138],[11.23195,47.31404],[11.23228,47.31462],[11.23272,47.31473],[11.23249,47.31492],[11.23275,47.31494],[11.23272,47.3151],[11.23312,47.31507],[11.23327,47.31532],[11.23317,47.31564],[11.23217,47.31651],[11.23428,47.31754],[11.237,47.32004]],[[11.237,47.32004],[11.23741,47.31969],[11.23728,47.31959],[11.2377,47.31968],[11.23768,47.31999],[11.23828,47.32031],[11.23803,47.3205],[11.23855,47.32145],[11.23837,47.32166],[11.23876,47.32209],[11.23992,47.3222],[11.24146,47.32209],[11.24336,47.32166],[11.24367,47.32124],[11.24495,47.32123]],[[11.24495,47.32123],[11.24657,47.32083],[11.24803,47.32015],[11.248,47.32031],[11.24835,47.32044],[11.25021,47.31991],[11.25132,47.31933],[11.25137,47.31887],[11.25082,47.31764],[11.251,47.31723],[11.25158,47.31694],[11.25141,47.31612],[11.25177,47.3161],[11.25272,47.3165],[11.25359,47.31753],[11.25484,47.31756],[11.25517,47.31772],[11.25656,47.31748],[11.25761,47.31703],[11.25832,47.31714],[11.25822,47.31697],[11.25943,47.31655],[11.26063,47.3165],[11.26146,47.31622],[11.2617,47.31639],[11.26251,47.31634],[11.26286,47.31627],[11.26254,47.31617],[11.26285,47.31609],[11.2627,47.31602],[11.26529,47.31511],[11.26611,47.31502],[11.26767,47.31418],[11.26832,47.31414],[11.2686,47.31431],[11.26912,47.3141],[11.26973,47.31324],[11.27047,47.31293],[11.27043,47.31225]],[[11.28054,47.31577],[11.27981,47.315],[11.27896,47.31523],[11.27772,47.31499],[11.27747,47.31448],[11.27666,47.31433],[11.27671,47.31413],[11.27599,47.31362],[11.27517,47.31352],[11.27477,47.31374],[11.27383,47.31366],[11.27351,47.31331],[11.27356,47.31299],[11.27308,47.3131],[11.27328,47.31282],[11.27312,47.31238],[11.27269,47.31233],[11.27258,47.3127],[11.27232,47.31275],[11.27179,47.31258],[11.27095,47.31277],[11.27043,47.31225]],[[11.2882,47.30831],[11.28696,47.30888],[11.28562,47.31038],[11.28501,47.31076],[11.2846,47.31191],[11.28527,47.3127],[11.28495,47.3128],[11.28473,47.31363],[11.28203,47.31505],[11.28195,47.31588],[11.28054,47.31577]],[[11.28841,47.30814],[11.2882,47.30831]]]}},{"type":"Feature","properties":{"name":"Wanderweg 212","ref":"212","network":"rwn","osmc:symbol":"red:red:white_bar:212:black","description":"Gießenbach - Eppzirler Scharte - Solsteinhaus","route":"hiking","osm":"relation/285556","length_km_in_region":7.4},"geometry":{"type":"MultiLineString","coordinates":[[[11.25643,47.36006],[11.25649,47.35893],[11.25681,47.35854]],[[11.25681,47.35854],[11.25678,47.3585]],[[11.25678,47.3585],[11.25674,47.35844]],[[11.25674,47.35844],[11.25644,47.35679],[11.25598,47.35634],[11.25605,47.35529],[11.25651,47.35454],[11.25581,47.35235],[11.25579,47.35084],[11.25652,47.34874],[11.25778,47.34779],[11.25845,47.34762],[11.2585,47.34591],[11.25903,47.34458],[11.25992,47.3434],[11.25971,47.34225],[11.26021,47.34144],[11.25977,47.34055],[11.26031,47.33954],[11.25944,47.33795],[11.25946,47.33678]],[[11.25946,47.33678],[11.25948,47.33669]],[[11.25948,47.33669],[11.2597,47.33592],[11.26115,47.33518],[11.26174,47.33495],[11.26279,47.33515],[11.26706,47.33123]],[[11.26706,47.33123],[11.26704,47.33105]],[[11.26704,47.33105],[11.26834,47.33032],[11.26853,47.33001],[11.26835,47.32971],[11.26984,47.32826]],[[11.26984,47.32826],[11.26941,47.32794]],[[11.27143,47.32202],[11.27111,47.32234],[11.27096,47.32343],[11.27073,47.32364],[11.27084,47.32437],[11.27039,47.32457],[11.27089,47.32474],[11.27064,47.3248],[11.27103,47.32497],[11.27087,47.32508],[11.27108,47.32544],[11.26962,47.32725],[11.26941,47.32794]],[[11.27143,47.32202],[11.27193,47.32143],[11.27242,47.32157],[11.27285,47.3214],[11.27294,47.32066],[11.2742,47.31979],[11.27487,47.31969],[11.27574,47.31921],[11.27639,47.31961],[11.27681,47.31937],[11.2772,47.31956],[11.27745,47.31888],[11.27784,47.31887],[11.27796,47.31849],[11.27777,47.31789],[11.27718,47.31762],[11.27761,47.31728],[11.27834,47.31729],[11.27882,47.31704]],[[11.28054,47.31577],[11.28044,47.31617],[11.2807,47.31648],[11.27971,47.3165],[11.27948,47.31693],[11.27882,47.31704]],[[11.2882,47.30831],[11.28696,47.30888],[11.28562,47.31038],[11.28501,47.31076],[11.2846,47.31191],[11.28527,47.3127],[11.28495,47.3128],[11.28473,47.31363],[11.28203,47.31505],[11.28195,47.31588],[11.28054,47.31577]],[[11.28841,47.30814],[11.2882,47.30831]]]}},{"type":"Feature","properties":{"name":"Wanderweg 215","ref":"215","network":"rwn","osmc:symbol":"red:red:white_bar:215:black","description":"Insbruck - Frau Hitt - Gleirsch","route":"hiking","osm":"relation/285618","length_km_in_region":11.2},"geometry":{"type":"MultiLineString","coordinates":[[[11.38501,47.27331],[11.38467,47.27336],[11.38418,47.27399],[11.3836,47.27387],[11.38299,47.27401]],[[11.38299,47.27401],[11.38302,47.27409]],[[11.38302,47.27409],[11.38355,47.27438],[11.38349,47.27496],[11.38381,47.27497]],[[11.38381,47.27497],[11.38472,47.27571]],[[11.38472,47.27571],[11.38463,47.27609],[11.3832,47.27737],[11.38216,47.27773],[11.38234,47.27835],[11.38186,47.27921]],[[11.38021,47.281],[11.38186,47.27921]],[[11.38021,47.281],[11.38032,47.28107]],[[11.38007,47.28174],[11.38032,47.28107]],[[11.37995,47.28174],[11.38007,47.28174]],[[11.37995,47.28174],[11.37919,47.28225]],[[11.37846,47.28264],[11.37919,47.28225]],[[11.37788,47.28286],[11.37846,47.28264]],[[11.37788,47.28286],[11.37752,47.28338]],[[11.37658,47.285],[11.37752,47.28338]],[[11.3763,47.28546],[11.37658,47.285]],[[11.3763,47.28546],[11.37576,47.28631],[11.37598,47.28664],[11.37575,47.28666],[11.37625,47.28706],[11.37615,47.28757],[11.377,47.28812],[11.37607,47.28825],[11.37643,47.28844],[11.3753,47.28877],[11.37546,47.28962],[11.3748,47.29006],[11.37477,47.29069],[11.37366,47.29114],[11.37381,47.2915]],[[11.37381,47.2915],[11.37347,47.29215],[11.37361,47.2926],[11.37284,47.29233],[11.3726,47.29254],[11.37338,47.29457],[11.37344,47.29579]],[[11.37344,47.29579],[11.37314,47.2968],[11.37237,47.29751],[11.37146,47.29739],[11.37077,47.29767],[11.36966,47.29852],[11.3691,47.29859],[11.36882,47.2983],[11.36859,47.29859],[11.36824,47.29861],[11.36801,47.29898],[11.36722,47.29838],[11.3669,47.29841]],[[11.3669,47.29841],[11.36632,47.2984]],[[11.36632,47.2984],[11.36652,47.29851],[11.36611,47.29875],[11.36639,47.29881],[11.36639,47.29913],[11.36606,47.29948],[11.36469,47.2998],[11.36305,47.30123],[11.36219,47.30067],[11.36117,47.30067],[11.36062,47.30001],[11.36048,47.30064],[11.36001,47.30059],[11.35998,47.30085],[11.35963,47.30083],[11.35921,47.30179],[11.35872,47.30159],[11.3587,47.30194],[11.35822,47.30161],[11.35793,47.30234],[11.35699,47.30197],[11.35692,47.30249],[11.35621,47.30191]],[[11.35621,47.30191],[11.35638,47.30214],[11.35618,47.30291],[11.35605,47.30306],[11.356,47.30271],[11.35579,47.30294],[11.35537,47.30267],[11.35524,47.30314],[11.35487,47.30283],[11.35187,47.30239],[11.35145,47.3025],[11.35107,47.30222],[11.35019,47.30203],[11.3498,47.30236],[11.34971,47.30317],[11.34924,47.30347]],[[11.34924,47.30347],[11.34899,47.30405],[11.34851,47.30421],[11.34854,47.30474]],[[11.34854,47.30474],[11.35024,47.30502],[11.35035,47.3052],[11.34854,47.3055]],[[11.34854,47.3055],[11.34745,47.30586],[11.34757,47.30629],[11.34722,47.30628],[11.34796,47.30699],[11.34779,47.3088],[11.34723,47.3098],[11.34727,47.31083],[11.34621,47.3115]],[[11.34621,47.3115],[11.34678,47.31193],[11.34704,47.31273],[11.34781,47.31318],[11.34789,47.31361],[11.34894,47.31381],[11.34941,47.31464],[11.35002,47.31498],[11.3492,47.31562],[11.34879,47.31567],[11.34837,47.31657],[11.34796,47.31662],[11.3475,47.31705],[11.34823,47.31875],[11.34932,47.32015],[11.3494,47.32088],[11.34862,47.32147],[11.34838,47.32194]],[[11.34838,47.32194],[11.34727,47.32388],[11.34687,47.32407],[11.34641,47.32472],[11.34683,47.32556],[11.34687,47.3265],[11.34592,47.32754],[11.34537,47.32956],[11.34546,47.33021],[11.34451,47.33088],[11.3444,47.33153],[11.3432,47.33317],[11.34213,47.33367],[11.34134,47.33439],[11.34137,47.33514],[11.34248,47.33619],[11.34279,47.3376],[11.34269,47.33815]]]}},{"type":"Feature","properties":{"name":"Wanderweg 216","ref":"216","network":"rwn","osmc:symbol":"red:red:white_bar:216:black","description":"Innsbruck-Hungerburg - Hafelescharte - Gleiersch","route":"hiking","osm":"relation/283628","length_km_in_region":8.7},"geometry":{"type":"MultiLineString","coordinates":[[[11.39635,47.28755],[11.39712,47.28734],[11.39726,47.28714]],[[11.39576,47.28764],[11.39635,47.28755]],[[11.39575,47.28948],[11.39588,47.28874],[11.39559,47.28778],[11.39576,47.28764]],[[11.39539,47.28998],[11.39575,47.28948]],[[11.39502,47.29032],[11.39539,47.28998]],[[11.39491,47.29044],[11.39502,47.29032]],[[11.39233,47.29325],[11.39299,47.29256],[11.39289,47.29239],[11.39386,47.29221],[11.39365,47.29182],[11.39491,47.29044]],[[11.39146,47.2944],[11.39174,47.29373],[11.39233,47.29325]],[[11.39148,47.29444],[11.39146,47.2944]],[[11.39107,47.29482],[11.39148,47.29444]],[[11.38976,47.2961],[11.39013,47.29569],[11.39025,47.29488],[11.39107,47.29482]],[[11.39115,47.29617],[11.38976,47.2961]],[[11.39115,47.29617],[11.39068,47.29646]],[[11.38861,47.30264],[11.38856,47.30249],[11.38887,47.30245],[11.38942,47.30302],[11.39005,47.30311],[11.38992,47.30285],[11.3902,47.30276],[11.39021,47.30246],[11.39116,47.30178],[11.39092,47.30126],[11.39128,47.30096],[11.39164,47.29962],[11.39227,47.29887],[11.39173,47.29827],[11.39048,47.29806],[11.38998,47.29765],[11.38988,47.29715],[11.39068,47.29646]],[[11.38789,47.30318],[11.38811,47.30312],[11.38795,47.30285],[11.38861,47.30264]],[[11.38789,47.30318],[11.38828,47.30359],[11.38794,47.30352],[11.38769,47.30374],[11.38775,47.3048],[11.38734,47.30467],[11.38743,47.30502],[11.38711,47.30499],[11.38739,47.30531],[11.38692,47.30532],[11.38687,47.30574],[11.38662,47.30578],[11.38675,47.30599],[11.38612,47.30622],[11.38626,47.3063],[11.38601,47.30643]],[[11.38601,47.30643],[11.38612,47.30665],[11.38567,47.30704],[11.38561,47.30787],[11.38512,47.30808],[11.38607,47.30863],[11.38636,47.30918],[11.38661,47.3092],[11.3864,47.3093],[11.38675,47.30933],[11.38615,47.30958],[11.38661,47.30965],[11.38611,47.30975],[11.38587,47.31006],[11.38563,47.30995],[11.38569,47.31015],[11.38529,47.30991],[11.38539,47.31038],[11.38509,47.31023],[11.38515,47.31038],[11.3849,47.3104],[11.38502,47.31081],[11.38452,47.31079],[11.38461,47.31099],[11.38442,47.31095],[11.38452,47.31108],[11.38398,47.31159],[11.38411,47.31178],[11.38392,47.31173],[11.384,47.31208]],[[11.384,47.31208],[11.384,47.31216]],[[11.38408,47.31225],[11.384,47.31216]],[[11.38341,47.31238],[11.38408,47.31225]],[[11.38365,47.31259],[11.38341,47.31238]],[[11.38365,47.31259],[11.38374,47.31292],[11.3835,47.31303],[11.38367,47.3131]],[[11.38367,47.3131],[11.3841,47.31314],[11.38379,47.31323],[11.38421,47.31355],[11.38398,47.31344],[11.38411,47.31369],[11.38379,47.31383],[11.38331,47.31371],[11.38341,47.31382]],[[11.38341,47.31382],[11.38312,47.3143],[11.38324,47.31494],[11.38353,47.31516],[11.38277,47.3151],[11.38302,47.31595]],[[11.38302,47.31595],[11.38258,47.31631],[11.38245,47.31678],[11.38328,47.31794],[11.38319,47.31825],[11.38268,47.3186],[11.38293,47.31927],[11.38271,47.32007],[11.3829,47.32031],[11.38508,47.32109],[11.38527,47.32236]],[[11.38527,47.32236],[11.38408,47.32345],[11.38411,47.32378],[11.38331,47.32457],[11.38165,47.32561],[11.37945,47.32578],[11.37913,47.32639],[11.37784,47.32631],[11.37601,47.32657],[11.37583,47.32675],[11.37322,47.32748],[11.37311,47.32766],[11.37132,47.32796],[11.37022,47.32872]],[[11.37022,47.32872],[11.37141,47.32908]],[[11.37141,47.32908],[11.37158,47.32931],[11.3711,47.33063],[11.36989,47.33126],[11.36957,47.33187],[11.36909,47.33219],[11.36953,47.33237],[11.36884,47.33306],[11.36902,47.33319],[11.36887,47.33351],[11.36785,47.33408],[11.36726,47.33505]],[[11.36726,47.33505],[11.36702,47.33514]],[[11.36702,47.33514],[11.36673,47.33551],[11.36784,47.33612],[11.36788,47.3363],[11.36746,47.33615],[11.36756,47.33643]],[[11.36756,47.33643],[11.36756,47.33744]]]}},{"type":"Feature","properties":{"name":"Wanderweg 217","ref":"217","network":"rwn","osmc:symbol":"red:red:white_bar:217:black","description":"Innsbruck-Hungerburg - Pfeis","route":"hiking","osm":"relation/283710","length_km_in_region":6.4},"geometry":{"type":"MultiLineString","coordinates":[[[11.40021,47.2917],[11.40006,47.29083],[11.3988,47.28917],[11.39945,47.28803],[11.39908,47.28754]],[[11.40045,47.29211],[11.40021,47.2917]],[[11.40297,47.29603],[11.40255,47.29534],[11.40172,47.29462],[11.40145,47.29412],[11.40167,47.29384],[11.40123,47.29383],[11.40128,47.2933],[11.40045,47.29211]],[[11.40303,47.29634],[11.40297,47.29603]],[[11.40303,47.29634],[11.4033,47.29645],[11.40333,47.29699],[11.4043,47.29712],[11.40479,47.29778],[11.40609,47.29748]],[[11.40609,47.29748],[11.40691,47.298],[11.40698,47.29874],[11.40744,47.29883],[11.40818,47.29937],[11.40802,47.29987],[11.4088,47.30007],[11.40975,47.30063]],[[11.40975,47.30063],[11.41047,47.30112],[11.41069,47.30176],[11.41233,47.3021],[11.41162,47.30386],[11.41264,47.30419],[11.4136,47.30388]],[[11.4136,47.30388],[11.41417,47.30459],[11.41423,47.30494],[11.41399,47.30507]],[[11.41411,47.30528],[11.41399,47.30507]],[[11.41382,47.30684],[11.41371,47.30589],[11.41411,47.30528]],[[11.41382,47.30684],[11.41363,47.30743],[11.4146,47.30842],[11.41404,47.30907],[11.41434,47.3092],[11.41416,47.30935],[11.41461,47.30975],[11.41443,47.31011],[11.41471,47.3103],[11.41455,47.31062],[11.41478,47.31078],[11.41458,47.31086],[11.41502,47.31145],[11.414,47.31197],[11.41416,47.31228],[11.41397,47.31235],[11.41438,47.31271],[11.41424,47.3129],[11.41446,47.31332],[11.41418,47.31419],[11.41364,47.31438],[11.41418,47.31517],[11.4142,47.31559],[11.41463,47.31576],[11.41418,47.31621],[11.41384,47.31627],[11.41371,47.31683],[11.41267,47.31738],[11.41256,47.31784],[11.41199,47.31844],[11.41231,47.31869],[11.41188,47.31933],[11.41251,47.3205],[11.4124,47.32075],[11.4127,47.3209]],[[11.4127,47.3209],[11.41275,47.32089]],[[11.41873,47.32416],[11.41791,47.32371],[11.417,47.32356],[11.41632,47.32289],[11.41517,47.32238],[11.41485,47.32183],[11.41427,47.32175],[11.41392,47.32117],[11.41275,47.32089]],[[11.41877,47.32423],[11.41873,47.32416]],[[11.4199,47.32498],[11.41893,47.32452],[11.41877,47.32423]],[[11.42315,47.32868],[11.42237,47.32853],[11.42159,47.32803],[11.42117,47.32685],[11.42125,47.32632],[11.4199,47.32498]],[[11.42546,47.3299],[11.42491,47.32973],[11.42362,47.32984],[11.42319,47.32934],[11.42315,47.32868]],[[11.42546,47.3299],[11.42576,47.32988]]]}},{"type":"Feature","properties":{"name":"Wanderweg 218","ref":"218","network":"rwn","osmc:symbol":"red:red:white_bar:218:black","description":"Hungerburg - Herrenhäuser","route":"hiking","osm":"relation/285637","length_km_in_region":10.7},"geometry":{"type":"MultiLineString","coordinates":[[[11.40021,47.2917],[11.40006,47.29083],[11.3988,47.28917],[11.39945,47.28803],[11.39908,47.28754]],[[11.40045,47.29211],[11.40021,47.2917]],[[11.40297,47.29603],[11.40255,47.29534],[11.40172,47.29462],[11.40145,47.29412],[11.40167,47.29384],[11.40123,47.29383],[11.40128,47.2933],[11.40045,47.29211]],[[11.40303,47.29634],[11.40297,47.29603]],[[11.40303,47.29634],[11.4033,47.29645],[11.40333,47.29699],[11.4043,47.29712],[11.40479,47.29778],[11.40609,47.29748]],[[11.40609,47.29748],[11.40691,47.298],[11.40698,47.29874],[11.40744,47.29883],[11.40818,47.29937],[11.40802,47.29987],[11.4088,47.30007],[11.40975,47.30063]],[[11.40975,47.30063],[11.41047,47.30112],[11.41069,47.30176],[11.41233,47.3021],[11.41162,47.30386],[11.41264,47.30419],[11.4136,47.30388]],[[11.4136,47.30388],[11.41419,47.304],[11.41591,47.30372],[11.41638,47.30322],[11.41737,47.30304],[11.41765,47.30247]],[[11.41868,47.30209],[11.41765,47.30247]],[[11.42116,47.30293],[11.41963,47.30357],[11.41866,47.30377],[11.41907,47.3033],[11.41959,47.30314],[11.4206,47.30209],[11.41986,47.3022],[11.4192,47.30194],[11.41868,47.30209]],[[11.42178,47.3028],[11.42116,47.30293]],[[11.42178,47.3028],[11.42266,47.30289],[11.42309,47.30317],[11.4241,47.30336]],[[11.4241,47.30336],[11.42604,47.30423],[11.42734,47.30522]],[[11.42734,47.30522],[11.42596,47.30552],[11.42567,47.30575],[11.42503,47.3057],[11.42363,47.30613],[11.42436,47.30672],[11.42372,47.30678],[11.42402,47.30735],[11.42354,47.30752],[11.4243,47.30785],[11.42394,47.30796],[11.42447,47.30822],[11.42667,47.30828],[11.42706,47.30856],[11.42763,47.30852],[11.4288,47.30922],[11.42998,47.30894],[11.43091,47.30902],[11.43187,47.31029],[11.43261,47.31055],[11.43366,47.31024],[11.43382,47.31046],[11.43463,47.30955],[11.43514,47.30957]],[[11.43514,47.30957],[11.4346,47.31004],[11.43451,47.31041],[11.4352,47.31268],[11.43701,47.31322],[11.43827,47.31385],[11.43934,47.31406],[11.43968,47.31398],[11.43982,47.31357],[11.44093,47.31325]],[[11.44093,47.31325],[11.4412,47.3131],[11.44183,47.31325],[11.44231,47.31293],[11.44287,47.31286],[11.44368,47.31314],[11.44469,47.3129],[11.44551,47.31302]],[[11.44678,47.31339],[11.44551,47.31302]],[[11.44678,47.31339],[11.44749,47.31379],[11.45081,47.31354],[11.45178,47.31388]],[[11.45178,47.31388],[11.45252,47.31418],[11.45318,47.31406]],[[11.4588,47.31722],[11.45665,47.31687],[11.45535,47.31641],[11.45528,47.31585],[11.45414,47.3153],[11.45408,47.31481],[11.45318,47.31406]],[[11.45944,47.31714],[11.4588,47.31722]],[[11.46026,47.31719],[11.45944,47.31714]],[[11.46026,47.31719],[11.46218,47.31805],[11.46424,47.31856],[11.46514,47.31924],[11.46616,47.31961],[11.46816,47.32123]],[[11.46816,47.32123],[11.46769,47.32121],[11.46666,47.32178]],[[11.46666,47.32178],[11.46645,47.32215],[11.46673,47.32267]],[[11.47182,47.32493],[11.4717,47.32413],[11.47094,47.32333],[11.47079,47.32285],[11.47017,47.32285],[11.47016,47.323],[11.46998,47.3227],[11.46989,47.32307],[11.46948,47.32246],[11.46929,47.32308],[11.46842,47.32224],[11.46867,47.32187],[11.46823,47.32182],[11.46758,47.32222],[11.46763,47.32319],[11.46673,47.32267]],[[11.47182,47.32493],[11.47184,47.32496]],[[11.47361,47.32558],[11.4728,47.32561],[11.47233,47.32541],[11.4722,47.325],[11.47184,47.32496]]]}},{"type":"Feature","properties":{"name":"Wanderweg 221","ref":"221","network":"rwn","osmc:symbol":"red:red:white_bar:221:black","description":"Scharnitz - Gleirsch - Stempeljoch - Absam","route":"hiking","osm":"relation/283898","length_km_in_region":21.2},"geometry":{"type":"MultiLineString","coordinates":[[[11.32037,47.352],[11.32031,47.35245],[11.32078,47.35317],[11.32033,47.35413],[11.31937,47.35502],[11.31799,47.35575],[11.31741,47.35658],[11.31629,47.3569],[11.31633,47.35844],[11.31703,47.35903],[11.31554,47.3593],[11.31538,47.35969],[11.31575,47.35991],[11.31507,47.36021]],[[11.32039,47.35191],[11.32037,47.352]],[[11.33251,47.34249],[11.33033,47.34372],[11.32947,47.34455],[11.32737,47.34554],[11.32474,47.34725],[11.3244,47.34784],[11.32366,47.34821],[11.3223,47.35046],[11.32084,47.35119],[11.32039,47.35191]],[[11.33258,47.34244],[11.33251,47.34249]],[[11.3327,47.34233],[11.33258,47.34244]],[[11.34115,47.3384],[11.34085,47.33818],[11.34033,47.33825],[11.33985,47.33888],[11.33888,47.33935],[11.33724,47.33914],[11.33596,47.33968],[11.33561,47.34016],[11.33486,47.3405],[11.33425,47.34146],[11.3327,47.34233]],[[11.34269,47.33815],[11.34115,47.3384]],[[11.36756,47.33744],[11.36698,47.33645],[11.36326,47.33532],[11.3593,47.33504],[11.35582,47.33552],[11.35274,47.33554],[11.35155,47.33607],[11.34913,47.3358],[11.34472,47.33629],[11.34411,47.33658],[11.34332,47.33785],[11.34269,47.33815]],[[11.37845,47.33698],[11.37659,47.33702],[11.37601,47.33752],[11.37354,47.33784],[11.37203,47.33826],[11.3694,47.33822],[11.36824,47.33848],[11.36788,47.3383],[11.36756,47.33744]],[[11.38103,47.33742],[11.38064,47.33727],[11.37926,47.33725],[11.37845,47.33698]],[[11.38115,47.33751],[11.38103,47.33742]],[[11.41179,47.33668],[11.40945,47.3368],[11.40693,47.33649],[11.40222,47.33667],[11.40085,47.33695],[11.39849,47.33693],[11.39788,47.33712],[11.39492,47.33731],[11.39404,47.33752],[11.39256,47.33739],[11.39183,47.33776],[11.39064,47.33796],[11.38758,47.33763],[11.38631,47.33778],[11.38437,47.33743],[11.38115,47.33751]],[[11.42576,47.32988],[11.42582,47.33022],[11.42386,47.33144],[11.42435,47.3319],[11.42405,47.33228],[11.42316,47.33258],[11.42337,47.33263],[11.42336,47.33315],[11.4228,47.33339],[11.42269,47.33407],[11.42217,47.3344],[11.42113,47.33453],[11.42008,47.33516],[11.41954,47.3351],[11.41824,47.33583],[11.41739,47.33597],[11.41717,47.3362],[11.41616,47.33652],[11.41407,47.33634],[11.41362,47.33672],[11.41316,47.33674],[11.4127,47.3365],[11.41179,47.33668]],[[11.42576,47.32988],[11.42656,47.32999]],[[11.42656,47.32999],[11.42789,47.32996]],[[11.43156,47.32767],[11.43096,47.32809],[11.43045,47.32882],[11.4281,47.33005],[11.42789,47.32996]],[[11.43173,47.32644],[11.4312,47.32678],[11.43156,47.32767]],[[11.43562,47.32556],[11.43437,47.32579],[11.43358,47.32571],[11.43173,47.32644]],[[11.44207,47.32699],[11.44149,47.32727],[11.44245,47.3261],[11.44156,47.32622],[11.44158,47.32567],[11.44057,47.32605],[11.44017,47.32647],[11.43968,47.32652],[11.43633,47.32586],[11.43562,47.32556]],[[11.44207,47.32699],[11.44195,47.32733],[11.44247,47.32732],[11.44313,47.3278],[11.4439,47.32788],[11.44377,47.32837]],[[11.44377,47.32837],[11.44454,47.32862],[11.44454,47.32882],[11.44481,47.32876],[11.44477,47.32902],[11.44501,47.32901],[11.44495,47.32919],[11.44543,47.32938],[11.44811,47.3295],[11.4493,47.32934]],[[11.4493,47.32934],[11.45091,47.32958],[11.45216,47.32938],[11.45534,47.32981],[11.45593,47.32973],[11.45687,47.33015],[11.45818,47.33043],[11.46193,47.33018],[11.46465,47.33029],[11.46642,47.32989],[11.46725,47.33006],[11.46738,47.32988],[11.46716,47.32945],[11.46727,47.32919],[11.46756,47.32922]],[[11.46756,47.32922],[11.46827,47.32903]],[[11.46827,47.32903],[11.46869,47.32896],[11.46907,47.32767],[11.47026,47.32647],[11.47022,47.32615],[11.47084,47.32538],[11.47113,47.3251],[11.47182,47.32493]],[[11.47182,47.32493],[11.47184,47.32496]],[[11.47184,47.32496],[11.47139,47.32523],[11.47152,47.32659],[11.4719,47.32603],[11.47234,47.32647],[11.47283,47.3263],[11.47307,47.32588],[11.4734,47.32595],[11.47361,47.32581]],[[11.47361,47.32581],[11.4734,47.32523],[11.47432,47.32461],[11.47512,47.32446],[11.47505,47.32508],[11.47626,47.32483],[11.47626,47.32541],[11.47802,47.32542],[11.47889,47.32561]],[[11.47889,47.32561],[11.47895,47.32563]],[[11.47895,47.32563],[11.482,47.326],[11.4837,47.32655]],[[11.4837,47.32655],[11.48381,47.32651]],[[11.48381,47.32651],[11.48669,47.32728],[11.48774,47.32815]],[[11.48774,47.32815],[11.4878,47.32822]],[[11.4878,47.32822],[11.48885,47.32812],[11.49094,47.32838]],[[11.49094,47.32838],[11.49345,47.32852],[11.49584,47.32791]],[[11.49584,47.32791],[11.49599,47.32798]],[[11.49599,47.32798],[11.49736,47.32791],[11.49887,47.32825],[11.49979,47.32827],[11.50149,47.32779],[11.50248,47.32771],[11.50465,47.32686]],[[11.50465,47.32686],[11.50482,47.32682]],[[11.50482,47.32682],[11.50758,47.32637],[11.50863,47.32599],[11.50901,47.32542],[11.50911,47.32457]],[[11.50911,47.32457],[11.50919,47.3245]],[[11.50919,47.3245],[11.51066,47.32319],[11.51121,47.32214]],[[11.51121,47.32214],[11.51129,47.32201]],[[11.51129,47.32201],[11.5118,47.32112],[11.5142,47.31911]],[[11.5142,47.31911],[11.51422,47.31904]],[[11.51422,47.31904],[11.51428,47.31888]],[[11.51428,47.31888],[11.51506,47.31722]],[[11.51506,47.31722],[11.51605,47.31482],[11.5184,47.31094],[11.51928,47.30994]],[[11.51928,47.30994],[11.5193,47.30983]]]}},{"type":"Feature","properties":{"name":"Wanderweg 222","ref":"222","network":"rwn","osmc:symbol":"red:red:white_bar:222:black","description":"Stempeljoch - Lafatscherjoch - Bettelwurfhütte","route":"hiking","osm":"relation/283899","length_km_in_region":10.1},"geometry":{"type":"MultiLineString","coordinates":[[[11.44207,47.32699],[11.44195,47.32733],[11.44247,47.32732],[11.44313,47.3278],[11.4439,47.32788],[11.44377,47.32837]],[[11.44377,47.32837],[11.44368,47.32879]],[[11.44368,47.32879],[11.44353,47.33009],[11.44383,47.33102],[11.44458,47.33149],[11.44499,47.33213],[11.44653,47.33333],[11.4465,47.33353],[11.44695,47.3337],[11.44733,47.33446],[11.44799,47.33445],[11.44917,47.33534],[11.44918,47.3357],[11.44959,47.3359],[11.45002,47.33658],[11.4517,47.33695],[11.45356,47.33656],[11.45475,47.33672],[11.45573,47.3372],[11.45726,47.33762],[11.45872,47.33885],[11.4604,47.33923],[11.46133,47.33904],[11.46227,47.33915],[11.46407,47.33959],[11.46464,47.33995],[11.46512,47.33975],[11.46579,47.34]],[[11.46944,47.34241],[11.46892,47.34198],[11.46888,47.34168],[11.46694,47.34077],[11.46579,47.34]],[[11.47024,47.34262],[11.46944,47.34241]],[[11.50739,47.33851],[11.50613,47.34002],[11.50659,47.33985],[11.50649,47.3403],[11.50671,47.3407],[11.50599,47.34102],[11.50559,47.34149],[11.5054,47.34225],[11.50456,47.34245],[11.50254,47.34182],[11.50181,47.34189],[11.50127,47.3421],[11.50034,47.34307],[11.49938,47.34339],[11.49626,47.34286],[11.49414,47.34347],[11.49293,47.34331],[11.49219,47.34285],[11.49175,47.34212],[11.49077,47.34175],[11.49002,47.34117],[11.48858,47.34067],[11.48772,47.34124],[11.48737,47.34106],[11.48443,47.34124],[11.48241,47.34106],[11.48034,47.34148],[11.47979,47.34147],[11.47931,47.34125],[11.47703,47.34169],[11.47722,47.34151],[11.47706,47.34144],[11.47655,47.34155],[11.47558,47.34213],[11.47532,47.34196],[11.47466,47.34194],[11.47467,47.34161],[11.47303,47.34254],[11.47224,47.34232],[11.47116,47.34236],[11.47024,47.34262]],[[11.50743,47.33851],[11.50739,47.33851]],[[11.51414,47.3292],[11.51548,47.32974],[11.51368,47.33008],[11.5129,47.32963],[11.51268,47.32986],[11.51157,47.32972],[11.51181,47.33007],[11.51156,47.33015],[11.51241,47.33069],[11.51188,47.33062],[11.51213,47.33086],[11.51124,47.33073],[11.51064,47.33109],[11.51117,47.3312],[11.51099,47.33137],[11.51152,47.3314],[11.51126,47.33153],[11.51192,47.33171],[11.51172,47.33181],[11.51181,47.33238],[11.51093,47.3322],[11.5106,47.33264],[11.51077,47.33271],[11.51067,47.3333],[11.51094,47.33324],[11.51104,47.33368],[11.51118,47.33357],[11.51183,47.33411],[11.51174,47.33503],[11.51206,47.33481],[11.51212,47.33595],[11.51122,47.33642],[11.51161,47.33696],[11.51186,47.3384],[11.51112,47.33864],[11.5083,47.33877],[11.50743,47.33851]],[[11.51172,47.32708],[11.51204,47.32708],[11.51196,47.3273],[11.51225,47.32723],[11.51218,47.3275],[11.51251,47.32742],[11.51244,47.32763],[11.51273,47.32759],[11.51298,47.32802],[11.51323,47.328],[11.51347,47.32834],[11.514,47.32851],[11.51414,47.3292]],[[11.51103,47.3263],[11.51085,47.32668],[11.51121,47.32666],[11.51117,47.32682],[11.51139,47.32679],[11.51137,47.32695],[11.51172,47.32708]],[[11.51103,47.3263],[11.51122,47.32604],[11.51077,47.32607],[11.51059,47.32577],[11.51023,47.32587],[11.51017,47.32538],[11.5098,47.32508],[11.51015,47.32407],[11.50998,47.32402]]]}},{"type":"Feature","properties":{"name":"Wanderweg 223","ref":"223","network":"rwn","osmc:symbol":"red:red:white_bar:223:black","description":"Herrenhäuser - Lafatscherjoch - Halleranger","route":"hiking","osm":"relation/536660","length_km_in_region":5.7},"geometry":{"type":"MultiLineString","coordinates":[[[11.47539,47.35244],[11.47491,47.35269],[11.47561,47.35334],[11.47592,47.35397],[11.47717,47.35455],[11.47712,47.35467]],[[11.47718,47.35006],[11.47732,47.35104],[11.47672,47.35129],[11.47633,47.35117],[11.47636,47.35163],[11.47608,47.35153],[11.47606,47.35172],[11.47578,47.35155],[11.47539,47.35244]],[[11.47701,47.35002],[11.47718,47.35006]],[[11.47077,47.34302],[11.47058,47.34372],[11.47123,47.34419],[11.47038,47.34441],[11.47073,47.34486],[11.47247,47.3455],[11.47361,47.34691],[11.47319,47.34805],[11.47325,47.34853],[11.47258,47.34868],[11.4739,47.34933],[11.47454,47.35001],[11.47575,47.35047],[11.47669,47.35029],[11.47701,47.35002]],[[11.47077,47.34302],[11.47074,47.3428],[11.47024,47.34262]],[[11.47024,47.34262],[11.46944,47.34241]],[[11.46944,47.34241],[11.46892,47.34198],[11.46888,47.34168],[11.46694,47.34077],[11.46579,47.34]],[[11.46579,47.34],[11.46542,47.33967],[11.46648,47.33956],[11.46755,47.33973],[11.46966,47.33926],[11.46931,47.33879],[11.46855,47.33864],[11.4684,47.33823],[11.468,47.33804],[11.46776,47.3371],[11.46604,47.33636],[11.4655,47.33652],[11.4646,47.33594],[11.46424,47.336],[11.46222,47.33527],[11.46206,47.33416],[11.46358,47.33415],[11.46402,47.334],[11.46467,47.33282]],[[11.46467,47.33282],[11.46592,47.33238],[11.46616,47.33199],[11.46766,47.33158],[11.46852,47.33102],[11.46973,47.33079],[11.47045,47.32974]],[[11.47045,47.32974],[11.47016,47.32952],[11.46866,47.32934],[11.46827,47.32903]],[[11.46827,47.32903],[11.46869,47.32896],[11.46907,47.32767],[11.47026,47.32647],[11.47022,47.32615],[11.47084,47.32538],[11.47113,47.3251],[11.47182,47.32493]],[[11.47182,47.32493],[11.47184,47.32496]],[[11.47361,47.32558],[11.4728,47.32561],[11.47233,47.32541],[11.4722,47.325],[11.47184,47.32496]]]}},{"type":"Feature","properties":{"name":"Wanderweg 224","ref":"224","network":"rwn","osmc:symbol":"red:red:white_bar:224:black","description":"Scharnitz - Isar - Vomperloch - Vomperberg","route":"hiking","osm":"relation/283189","length_km_in_region":16.1},"geometry":{"type":"MultiLineString","coordinates":[[[11.4584,47.36002],[11.45932,47.35954],[11.46287,47.35893],[11.46496,47.35826],[11.4675,47.35773],[11.46919,47.35684],[11.47056,47.35547],[11.47234,47.35456]],[[11.47234,47.35456],[11.47274,47.35421],[11.47252,47.35326],[11.47435,47.353],[11.47473,47.35321],[11.47539,47.3544],[11.47712,47.35467]],[[11.47801,47.35481],[11.47712,47.35467]],[[11.47993,47.3555],[11.47891,47.35557],[11.47801,47.35481]],[[11.47997,47.35555],[11.47993,47.3555]],[[11.47971,47.35597],[11.47997,47.35555]],[[11.48,47.35646],[11.47971,47.35597]],[[11.48043,47.35657],[11.48,47.35646]],[[11.49569,47.35355],[11.49438,47.35345],[11.49236,47.35362],[11.49176,47.35399],[11.49069,47.35407],[11.4895,47.35455],[11.48925,47.35489],[11.48704,47.35511],[11.48589,47.3558],[11.48416,47.35614],[11.48337,47.3565],[11.48043,47.35657]],[[11.49569,47.35355],[11.49673,47.35355],[11.4968,47.35368]],[[11.4968,47.35368],[11.49739,47.35395]],[[11.49739,47.35395],[11.4986,47.35392]],[[11.4986,47.35392],[11.50199,47.35416],[11.5047,47.35477],[11.50627,47.35479]],[[11.50627,47.35479],[11.50664,47.35469],[11.50743,47.3549],[11.51114,47.3546]],[[11.51114,47.3546],[11.51196,47.35471],[11.51172,47.35427],[11.51107,47.35394],[11.51312,47.35386],[11.51311,47.35355],[11.51375,47.35376],[11.51347,47.35337],[11.51397,47.35323],[11.51369,47.35293],[11.51431,47.35269],[11.51505,47.35286],[11.51632,47.35238],[11.51772,47.35263],[11.5187,47.35312],[11.52249,47.35436],[11.52362,47.35437],[11.52398,47.35456],[11.52404,47.35491],[11.52495,47.35494],[11.52528,47.35476],[11.52567,47.35499],[11.52684,47.35507],[11.52719,47.35491],[11.52821,47.35519],[11.52961,47.35507],[11.53008,47.35521],[11.53011,47.35543],[11.53049,47.35537],[11.53065,47.3559],[11.53105,47.35575],[11.53112,47.35619],[11.53159,47.35582],[11.5317,47.35604],[11.53194,47.35588]],[[11.53194,47.35588],[11.53217,47.35589]],[[11.53217,47.35589],[11.53224,47.35613],[11.53343,47.35632],[11.53526,47.35745],[11.53682,47.35712],[11.53792,47.35711],[11.53906,47.35672],[11.54014,47.35662],[11.54058,47.35675],[11.54271,47.35652],[11.54342,47.35619],[11.54402,47.35622],[11.54587,47.35536],[11.54623,47.35549],[11.54691,47.35532],[11.54751,47.35474],[11.54799,47.35506],[11.54866,47.35511],[11.54956,47.35484],[11.55164,47.35376],[11.55344,47.35346],[11.55438,47.35302],[11.5547,47.35313],[11.55562,47.35288],[11.55734,47.3522]],[[11.55734,47.3522],[11.55821,47.35219]],[[11.55821,47.35219],[11.55957,47.35183],[11.56001,47.35188],[11.56158,47.35109],[11.56144,47.35082],[11.56172,47.35069],[11.56156,47.35051],[11.56285,47.34993],[11.56292,47.35008],[11.56327,47.34994]],[[11.56327,47.34994],[11.56333,47.35001]],[[11.59331,47.35516],[11.59345,47.35487],[11.59188,47.35322],[11.59226,47.35224],[11.59155,47.35161],[11.59056,47.35117],[11.58861,47.35093],[11.58767,47.3511],[11.58676,47.35103],[11.58332,47.3504],[11.58251,47.35057],[11.58233,47.35045],[11.58252,47.35038],[11.58178,47.35024],[11.58055,47.35035],[11.57928,47.34974],[11.57814,47.34947],[11.57814,47.34917],[11.57654,47.34905],[11.57499,47.34855],[11.57228,47.34881],[11.57115,47.34857],[11.57078,47.34899],[11.57,47.34883],[11.5695,47.34897],[11.56927,47.34942],[11.56893,47.34948],[11.56455,47.34972],[11.56333,47.35001]],[[11.59331,47.35516],[11.59292,47.35569],[11.59327,47.35584],[11.5934,47.35562],[11.59389,47.35599],[11.59392,47.3567],[11.59435,47.35729],[11.59463,47.35862],[11.59487,47.35825],[11.59499,47.35836]],[[11.59499,47.35836],[11.59509,47.35831]],[[11.59509,47.35831],[11.59561,47.35713]],[[11.59561,47.35713],[11.59565,47.35614],[11.59653,47.3555],[11.59641,47.35452],[11.59674,47.35236],[11.59789,47.3511],[11.59993,47.35085],[11.59995,47.35065],[11.60028,47.35057],[11.59999,47.35042],[11.60137,47.3498],[11.60141,47.34932],[11.60335,47.34921],[11.60382,47.34927],[11.60323,47.34951],[11.60475,47.34958],[11.60595,47.34941],[11.60715,47.34972],[11.60753,47.34942],[11.60853,47.34959],[11.60862,47.34914],[11.60918,47.34912],[11.60918,47.34868],[11.6114,47.34857],[11.61435,47.34884],[11.61467,47.34868],[11.61628,47.34873],[11.61766,47.34852],[11.61809,47.34873],[11.61837,47.34836],[11.61908,47.3482],[11.61937,47.34824],[11.61945,47.34858],[11.62024,47.34859]]]}},{"type":"Feature","properties":{"name":"Wanderweg 226","ref":"226","network":"rwn","osmc:symbol":"red:red:white_bar:226:black","description":"Vomp - Lamsenjochhütte","route":"hiking","osm":"relation/285709","length_km_in_region":0.4},"geometry":{"type":"MultiLineString","coordinates":[[[11.59501,47.36023],[11.59581,47.35889],[11.59586,47.35775],[11.59561,47.35713]]]}},{"type":"Feature","properties":{"name":"Wanderweg 325","ref":"325","network":"rwn","operator":"ÖAV Akad. Sektion Innbruck","osmc:symbol":"red:red:white_bar:325:black","route":"hiking","osm":"relation/2343815","length_km_in_region":6.7},"geometry":{"type":"MultiLineString","coordinates":[[[11.60852,47.14142],[11.60862,47.14061],[11.60787,47.14066],[11.60533,47.14249],[11.60433,47.14255],[11.60407,47.14228],[11.60413,47.14094],[11.6036,47.14075],[11.60339,47.14018],[11.60265,47.13948],[11.60262,47.13906],[11.60116,47.13923],[11.60086,47.1396],[11.60039,47.13959],[11.59957,47.14088],[11.59986,47.14125],[11.59812,47.14171],[11.59654,47.14249],[11.59575,47.14319],[11.5957,47.14414],[11.59506,47.14504],[11.59512,47.14528],[11.59325,47.14606],[11.59193,47.14634],[11.58975,47.14643],[11.58724,47.14696],[11.58686,47.14687]],[[11.60935,47.14337],[11.60897,47.14207],[11.60852,47.14142]],[[11.61301,47.14019],[11.61189,47.14127],[11.61105,47.14173],[11.61007,47.14279],[11.60948,47.14301],[11.60935,47.14337]],[[11.62016,47.13834],[11.61937,47.13834],[11.61916,47.13872],[11.61778,47.13887],[11.61782,47.13947],[11.61612,47.13984],[11.61301,47.14019]],[[11.58686,47.14687],[11.58471,47.14725],[11.58297,47.14828],[11.58216,47.14919],[11.58157,47.14948]],[[11.58019,47.14902],[11.58124,47.14909],[11.58157,47.14948]],[[11.57592,47.14612],[11.57621,47.14606],[11.57818,47.14677],[11.57853,47.14769],[11.58019,47.14902]],[[11.57792,47.14775],[11.5783,47.14819],[11.57996,47.14905],[11.58019,47.14902]],[[11.57723,47.14739],[11.57776,47.14735],[11.57792,47.14775]],[[11.57432,47.14678],[11.57519,47.14711],[11.57609,47.14698],[11.57705,47.14714],[11.57723,47.14739]],[[11.56822,47.14222],[11.5687,47.14295],[11.57117,47.14391],[11.572,47.14469],[11.57235,47.14577],[11.57319,47.1464],[11.57432,47.14678]],[[11.57432,47.14678],[11.57392,47.14613],[11.5741,47.14544],[11.5748,47.14616],[11.57592,47.14612]]]}},{"type":"Feature","properties":{"name":"Wanderweg 34 (gelb)","ref":"34","network":"lwn","osmc:symbol":"red:red:white_bar:34:black","route":"hiking","osm":"relation/3973385","length_km_in_region":0.9},"geometry":{"type":"MultiLineString","coordinates":[[[11.16005,47.35842],[11.15961,47.35854],[11.15901,47.35843],[11.15895,47.35868],[11.15832,47.35909],[11.15834,47.35926],[11.15929,47.35953],[11.1597,47.36],[11.15716,47.35996],[11.15743,47.36007]],[[11.16069,47.35825],[11.16005,47.35842]],[[11.16069,47.35825],[11.16048,47.35753]],[[11.16048,47.35753],[11.16044,47.35672],[11.16105,47.35612],[11.16172,47.35587]]]}},{"type":"Feature","properties":{"name":"Wanderweg 42","ref":"42","network":"lwn","osmc:symbol":"red:red:white_bar:42:black","route":"hiking","osm":"relation/3973392","length_km_in_region":0.5},"geometry":{"type":"MultiLineString","coordinates":[[[11.15202,47.36002],[11.15094,47.36],[11.15007,47.35976],[11.14899,47.35897],[11.14847,47.35888]],[[11.14847,47.35888],[11.14628,47.35904]]]}},{"type":"Feature","properties":{"name":"Wanderweg 60 (gelb)","ref":"60","network":"lwn","osmc:symbol":"red:red:white_bar:60:black","route":"hiking","osm":"relation/3978946","length_km_in_region":1.2},"geometry":{"type":"MultiLineString","coordinates":[[[11.15976,47.32444],[11.16072,47.32438],[11.1619,47.32521],[11.16301,47.32535],[11.16613,47.32737],[11.16632,47.32769],[11.16618,47.32835],[11.16699,47.32852],[11.1684,47.32936],[11.16888,47.33174]]]}},{"type":"Feature","properties":{"name":"Wanderweg 61 (rot)","ref":"61","network":"lwn","osmc:symbol":"red:red:white_bar:61:black","route":"hiking","osm":"relation/3973401","length_km_in_region":1.7},"geometry":{"type":"MultiLineString","coordinates":[[[11.14642,47.33255],[11.14582,47.33164],[11.14631,47.33112],[11.14869,47.33108],[11.14909,47.33091],[11.14854,47.33038],[11.14904,47.33023],[11.14886,47.33004],[11.14952,47.32992],[11.14909,47.3297],[11.14964,47.32959],[11.15038,47.32912],[11.15038,47.32878],[11.15103,47.32812]],[[11.15103,47.32812],[11.14918,47.32621],[11.15048,47.32512]],[[11.15048,47.32512],[11.15052,47.32446]],[[11.15052,47.32446],[11.1518,47.32395],[11.15355,47.32258]]]}},{"type":"Feature","properties":{"name":"Wanderweg 62 (rot)","ref":"62","network":"lwn","osmc:symbol":"red:red:white_bar:62:black","route":"hiking","osm":"relation/3973402","length_km_in_region":1.6},"geometry":{"type":"MultiLineString","coordinates":[[[11.15496,47.32782],[11.15393,47.328],[11.15369,47.32827],[11.15103,47.32812]],[[11.15832,47.32791],[11.15779,47.32797],[11.15756,47.32851],[11.15711,47.32859],[11.15641,47.32847],[11.15496,47.32782]],[[11.15832,47.32791],[11.15868,47.32782],[11.15905,47.3281]],[[11.15905,47.3281],[11.15978,47.32801],[11.16034,47.32827],[11.16024,47.32873],[11.16089,47.32917]],[[11.16089,47.32917],[11.16092,47.3294],[11.1606,47.32959],[11.15987,47.32949],[11.15952,47.32983],[11.15955,47.33037],[11.16048,47.33096],[11.16047,47.33113],[11.15996,47.33135],[11.16037,47.3319],[11.16177,47.33173]],[[11.16177,47.33173],[11.16384,47.33171]]]}},{"type":"Feature","properties":{"name":"Wanderweg 63 (gelb)","ref":"63","network":"lwn","osmc:symbol":"red:red:white_bar:63:black","route":"hiking","osm":"relation/3978947","length_km_in_region":1.5},"geometry":{"type":"MultiLineString","coordinates":[[[11.16374,47.32802],[11.16456,47.32884],[11.1649,47.33004],[11.16419,47.33072],[11.16379,47.33184],[11.16288,47.3328],[11.1603,47.33439],[11.15998,47.33548]],[[11.15976,47.32444],[11.16037,47.32509],[11.16183,47.32583],[11.16257,47.32658],[11.16286,47.32736],[11.16374,47.32802]]]}},{"type":"Feature","properties":{"name":"Wanderwegenetz Pettnau","network":"lwn","description":"Überwiegend nicht nummerierte oder benannte Wanderwege","route":"hiking","osm":"relation/20297535","length_km_in_region":5.4},"geometry":{"type":"MultiLineString","coordinates":[[[11.16312,47.30256],[11.16132,47.3035],[11.16245,47.30337],[11.16366,47.30298],[11.16585,47.3032],[11.16823,47.3029],[11.16937,47.30327],[11.17086,47.30241],[11.17224,47.30257],[11.1726,47.30235],[11.1747,47.30283],[11.17437,47.30311],[11.17435,47.30345],[11.17371,47.30374]],[[11.17219,47.29739],[11.17183,47.29742],[11.17198,47.29765],[11.17128,47.29852],[11.17028,47.29883],[11.17101,47.29894],[11.17099,47.29907],[11.16952,47.29942],[11.16832,47.30023],[11.16723,47.30069],[11.1671,47.30102],[11.16423,47.30192],[11.16312,47.30256]],[[11.16721,47.29021],[11.16601,47.29117],[11.16628,47.29125],[11.16737,47.291],[11.16872,47.29141],[11.1683,47.29155],[11.1676,47.29248],[11.16693,47.29258],[11.1654,47.29235],[11.1637,47.29264],[11.16226,47.29322],[11.15946,47.29513],[11.16039,47.29537],[11.16453,47.29487],[11.16555,47.29537],[11.16665,47.29554],[11.16239,47.29645],[11.16395,47.29667],[11.16421,47.29692],[11.16514,47.29709],[11.16621,47.29702],[11.1671,47.29732],[11.16946,47.29757],[11.171,47.29747],[11.17169,47.29725],[11.17219,47.29739]]]}},{"type":"Feature","properties":{"name":"Wanderwegenetz Reith bei Seefeld","network":"lwn","description":"Überwiegend nicht nummerierte oder benannte Wanderwege","route":"hiking","osm":"relation/20282767","length_km_in_region":4.0},"geometry":{"type":"MultiLineString","coordinates":[[[11.20282,47.30823],[11.20274,47.30771],[11.20383,47.30549],[11.20359,47.30436],[11.20405,47.30381],[11.20461,47.30378],[11.20508,47.30326],[11.20739,47.30186]],[[11.2149,47.29656],[11.21349,47.299],[11.21356,47.30019],[11.21296,47.30055],[11.21418,47.30194],[11.21415,47.30215],[11.21303,47.30143],[11.21211,47.30111],[11.21038,47.30096],[11.20739,47.30186]],[[11.21205,47.295],[11.2174,47.29416],[11.21594,47.29519],[11.2149,47.29656]],[[11.2149,47.29656],[11.21742,47.2955],[11.22144,47.29464]],[[11.20802,47.33207],[11.20745,47.33168],[11.20617,47.33129],[11.20425,47.33126],[11.20308,47.33171],[11.20163,47.33116],[11.20097,47.33125]],[[11.20079,47.33131],[11.20097,47.33125]],[[11.20071,47.33133],[11.20079,47.33131]]]}},{"type":"Feature","properties":{"name":"Wanderwegenetz Seefeld in Tirol","network":"lwn","description":"Überwiegend nicht nummerierte oder benannte Wanderwege","route":"hiking","osm":"relation/20292538","length_km_in_region":4.2},"geometry":{"type":"MultiLineString","coordinates":[[[11.18316,47.32821],[11.18224,47.32771]],[[11.18731,47.32889],[11.18903,47.32892]],[[11.18697,47.32894],[11.18731,47.32889]],[[11.18692,47.329],[11.18697,47.32894]],[[11.18371,47.32838],[11.1853,47.32918],[11.18692,47.329]],[[11.18371,47.32838],[11.18487,47.32845],[11.18464,47.32808]],[[11.18539,47.32808],[11.18464,47.32808]],[[11.18605,47.32852],[11.18539,47.32808]],[[11.1869,47.32858],[11.18605,47.32852]],[[11.1869,47.32858],[11.18729,47.32845]],[[11.18371,47.32838],[11.18332,47.32829]],[[11.18332,47.32829],[11.18313,47.32825],[11.18332,47.32829]],[[11.18732,47.32923],[11.18731,47.32889]],[[11.18539,47.32808],[11.18501,47.32734]],[[11.18312,47.32649],[11.18481,47.32799]],[[11.20039,47.33092],[11.20085,47.33201],[11.202,47.3328],[11.20686,47.33452],[11.20819,47.33534],[11.20912,47.33556],[11.20847,47.33564],[11.20702,47.33542],[11.20637,47.33566],[11.20349,47.336],[11.20211,47.33687],[11.20199,47.33723]],[[11.19195,47.32996],[11.19332,47.33019],[11.19539,47.33005],[11.19708,47.33036]],[[11.19732,47.33053],[11.19708,47.33036]],[[11.19865,47.33159],[11.19744,47.33083],[11.19732,47.33053]],[[11.1989,47.33175],[11.19865,47.33159]],[[11.19904,47.33183],[11.1989,47.33175]],[[11.19937,47.332],[11.19904,47.33183]],[[11.19937,47.332],[11.20006,47.33173]],[[11.20006,47.33173],[11.20078,47.33177]],[[11.19727,47.33053],[11.19765,47.33176]],[[11.19765,47.33176],[11.19685,47.33215],[11.19557,47.33324],[11.19412,47.33371]],[[11.19412,47.33371],[11.19179,47.33451]]]}},{"type":"Feature","properties":{"name":"Wanderwegenetz Telfs","network":"lwn","description":"Überwiegend nicht nummerierte oder benannte Wanderwege","route":"hiking","osm":"relation/20296441","length_km_in_region":1.1},"geometry":{"type":"MultiLineString","coordinates":[[[11.15429,47.31229],[11.15499,47.31215]],[[11.15297,47.31073],[11.15369,47.31071],[11.154,47.31094],[11.15429,47.31229]],[[11.15414,47.31232],[11.1546,47.31266]],[[11.15431,47.31329],[11.1546,47.31266]],[[11.15285,47.31245],[11.15429,47.31229]],[[11.15152,47.31252],[11.15285,47.31245]],[[11.15102,47.31266],[11.15152,47.31252]],[[11.15789,47.31411],[11.15774,47.31312],[11.15681,47.31185]],[[11.15681,47.31185],[11.15491,47.31058]]]}},{"type":"Feature","properties":{"name":"Wasserläufer Stuibenfall","network":"lwn","osmc:symbol":"blue:white::~:blue","route":"hiking","roundtrip":"yes","osm":"relation/13290756","length_km_in_region":0.7},"geometry":{"type":"MultiLineString","coordinates":[[[10.94991,47.13024],[10.95043,47.12976]],[[10.94995,47.12958],[10.95043,47.12976]],[[10.95304,47.12651],[10.95262,47.12697],[10.9499,47.12874]],[[10.94999,47.12764],[10.95102,47.12739],[10.95304,47.12651]]]}},{"type":"Feature","properties":{"name":"Wattenberger Waldrunde","network":"lwn","route":"foot","osm":"relation/19345391","length_km_in_region":2.3},"geometry":{"type":"MultiLineString","coordinates":[[[11.60512,47.26474],[11.60547,47.26454]],[[11.60547,47.26454],[11.60609,47.26377],[11.60654,47.26375],[11.60813,47.26302],[11.60916,47.26231],[11.61035,47.26022],[11.61154,47.25896],[11.61274,47.25839],[11.61385,47.25737],[11.61435,47.25568]],[[11.61435,47.25568],[11.61481,47.25524]],[[11.61481,47.25524],[11.61495,47.25524]],[[11.61495,47.25524],[11.6151,47.25525]],[[11.6151,47.25525],[11.61538,47.25502]],[[11.61538,47.25502],[11.61549,47.25463]],[[11.61584,47.2536],[11.61549,47.25463]],[[11.61711,47.24678],[11.61721,47.24823],[11.61685,47.24922],[11.61693,47.2497],[11.61617,47.25149],[11.61649,47.25222],[11.61643,47.25279],[11.61584,47.2536]]]}},{"type":"Feature","properties":{"name":"Waz Hochleger - Rosskopf","network":"lwn","operator":"ÖAV Hall in Tirol","osmc:symbol":"red:white:red_bar","route":"hiking","osm":"relation/18305251","length_km_in_region":2.5},"geometry":{"type":"MultiLineString","coordinates":[[[11.59735,47.2158],[11.59725,47.21567],[11.59672,47.21633],[11.59573,47.21816],[11.59551,47.21915],[11.59509,47.21969],[11.59515,47.22042],[11.59482,47.22054],[11.59458,47.22117],[11.59258,47.22195],[11.58857,47.22158],[11.5878,47.22155],[11.58755,47.22174],[11.58627,47.22129],[11.58615,47.22171]],[[11.60004,47.21771],[11.59952,47.21736],[11.59933,47.2169],[11.59897,47.21683],[11.5989,47.21648],[11.59762,47.21606],[11.59735,47.2158]],[[11.59986,47.21828],[11.60004,47.21771]],[[11.60095,47.22141],[11.60062,47.22095],[11.60064,47.22002],[11.60092,47.2198],[11.59986,47.21828]],[[11.60222,47.22241],[11.60224,47.22277],[11.60095,47.22141]],[[11.60275,47.22303],[11.60222,47.22241]]]}},{"type":"Feature","properties":{"name":"Winklen - Köfels","ref":"rot","network":"lwn","operator":"ÖTK Östereichischer Touristenklub","osmc:symbol":"red:white:red_bar","from":"Winklen","to":"Köfels","website":"https://oetk.at","route":"hiking","osm":"relation/13829128","length_km_in_region":0.2},"geometry":{"type":"MultiLineString","coordinates":[[[10.9531,47.10057],[10.95279,47.10056]],[[10.95279,47.10056],[10.95117,47.10055]],[[10.95117,47.10055],[10.95087,47.10056]],[[10.95087,47.10056],[10.95023,47.10057]],[[10.95023,47.10057],[10.94982,47.10055]]]}},{"type":"Feature","properties":{"name":"Wolfele-Wilde-Weg","ref":"05","network":"lwn","osmc:symbol":"orange:orange:orange:WWW:black","website":"https://www.innsbruck.info/sport/sommer/laufen-und-walken/laufstrecken/touren/wolfele-wilde-weg.html","distance":"10.11","route":"hiking","roundtrip":"yes","osm":"relation/1618593","length_km_in_region":10.0},"geometry":{"type":"MultiLineString","coordinates":[[[11.37873,47.28295],[11.37846,47.28264]],[[11.37788,47.28286],[11.37846,47.28264]],[[11.37657,47.28348],[11.37788,47.28286]],[[11.37499,47.28321],[11.37657,47.28348]],[[11.37193,47.285],[11.37319,47.28411],[11.3744,47.28397],[11.37499,47.28321]],[[11.37187,47.28499],[11.37193,47.285]],[[11.36987,47.28254],[11.37087,47.28291],[11.37177,47.28254],[11.37195,47.28271],[11.37196,47.28325],[11.37224,47.28332],[11.37187,47.28499]],[[11.36987,47.28254],[11.37021,47.28376],[11.3693,47.28347],[11.36922,47.2833],[11.36798,47.28319]],[[11.36798,47.28319],[11.36798,47.28335],[11.36871,47.28361],[11.36875,47.28503],[11.36844,47.28506],[11.36791,47.28451],[11.36791,47.28405],[11.36755,47.2845],[11.36765,47.2851],[11.36741,47.28536],[11.36752,47.28563],[11.36817,47.28587],[11.36804,47.28635]],[[11.36804,47.28635],[11.36844,47.28647],[11.36861,47.28691],[11.36768,47.28775],[11.36762,47.28811],[11.36883,47.28833],[11.3688,47.28942],[11.36816,47.29093],[11.36833,47.29138]],[[11.36833,47.29138],[11.36838,47.29141]],[[11.36838,47.29141],[11.36926,47.29142],[11.37005,47.29073],[11.37149,47.29016],[11.37306,47.28982],[11.37427,47.29003],[11.37515,47.29045],[11.37523,47.29169],[11.37635,47.29158]],[[11.37635,47.29158],[11.3781,47.29177]],[[11.3781,47.29177],[11.37839,47.29177],[11.379,47.29223],[11.37987,47.2922],[11.38059,47.29175]],[[11.38059,47.29175],[11.3821,47.2918],[11.38358,47.29218],[11.3839,47.29261],[11.38426,47.29233],[11.38493,47.29231],[11.38691,47.29293],[11.38829,47.2931],[11.38941,47.29244]],[[11.38941,47.29244],[11.39092,47.29283]],[[11.39092,47.29283],[11.39169,47.29296]],[[11.39169,47.29296],[11.39206,47.2931]],[[11.39206,47.2931],[11.39663,47.29433],[11.39707,47.29426],[11.39795,47.29458],[11.3988,47.29519],[11.40182,47.29577],[11.40249,47.29616]],[[11.40249,47.29616],[11.40303,47.29634]],[[11.40303,47.29634],[11.40297,47.29603]],[[11.40475,47.29513],[11.40459,47.29494],[11.4043,47.29507],[11.40437,47.29569],[11.40421,47.29549],[11.40318,47.29527],[11.40324,47.29551],[11.40386,47.29589],[11.40377,47.29608],[11.40349,47.29588],[11.40297,47.29603]],[[11.39957,47.29167],[11.40017,47.29169],[11.40234,47.29291],[11.40224,47.29315],[11.40291,47.29314],[11.40294,47.29359],[11.40345,47.29359],[11.40365,47.29384],[11.40467,47.29419],[11.40475,47.29513]],[[11.39957,47.29167],[11.39811,47.29156],[11.39704,47.29179],[11.39388,47.29085]],[[11.3926,47.28998],[11.39388,47.29085]],[[11.3926,47.28998],[11.39484,47.28986]],[[11.39484,47.28986],[11.39467,47.2892],[11.39399,47.28862],[11.39436,47.28784]],[[11.39436,47.28784],[11.39576,47.28764]],[[11.39576,47.28764],[11.39635,47.28755]],[[11.39635,47.28755],[11.39712,47.28734],[11.39726,47.28714]],[[11.39653,47.28632],[11.3964,47.28662],[11.39726,47.28714]],[[11.39653,47.28632],[11.39712,47.28609]],[[11.39653,47.28632],[11.39712,47.28609]],[[11.39302,47.28524],[11.39498,47.28602],[11.39653,47.28632]],[[11.39063,47.28484],[11.39302,47.28524]],[[11.38995,47.28504],[11.39063,47.28484]],[[11.38244,47.2852],[11.38442,47.28509],[11.38569,47.28531],[11.38693,47.28506],[11.38807,47.28535],[11.38995,47.28504]],[[11.37873,47.28295],[11.37961,47.28358],[11.37995,47.28414],[11.38122,47.28447],[11.38202,47.28512],[11.38244,47.2852]]]}},{"type":"Feature","properties":{"name":"Zentralalpenweg 02A","ref":"02A","network":"nwn","operator":"Österreichischer Alpenverein","osmc:symbol":"red:red:white_bar:02A:black","description":"Gletscherfreie Variante von Weg 02 zw. Tappenkarseehütte und Lindauer Hütte","website":"https://www.alpenverein.at/weitwanderer/weitwanderwege/zentralalpenweg.php","distance":"1270","wikipedia":"de:Zentralalpenweg","route":"hiking","osm":"relation/398221","length_km_in_region":83.0},"geometry":{"type":"MultiLineString","coordinates":[[[11.62016,47.13834],[11.61937,47.13834],[11.61916,47.13872],[11.61778,47.13887],[11.61782,47.13947],[11.61612,47.13984],[11.61301,47.14019]],[[11.61301,47.14019],[11.61189,47.14127],[11.61105,47.14173],[11.61007,47.14279],[11.60948,47.14301],[11.60935,47.14337]],[[11.60935,47.14337],[11.60897,47.14207],[11.60852,47.14142]],[[11.60852,47.14142],[11.60862,47.14061],[11.60787,47.14066],[11.60533,47.14249],[11.60433,47.14255],[11.60407,47.14228],[11.60413,47.14094],[11.6036,47.14075],[11.60339,47.14018],[11.60265,47.13948],[11.60262,47.13906],[11.60116,47.13923],[11.60086,47.1396],[11.60039,47.13959],[11.59957,47.14088],[11.59986,47.14125],[11.59812,47.14171],[11.59654,47.14249],[11.59575,47.14319],[11.5957,47.14414],[11.59506,47.14504],[11.59512,47.14528],[11.59325,47.14606],[11.59193,47.14634],[11.58975,47.14643],[11.58724,47.14696],[11.58686,47.14687]],[[11.58686,47.14687],[11.58471,47.14725],[11.58297,47.14828],[11.58216,47.14919],[11.58157,47.14948]],[[11.58019,47.14902],[11.58124,47.14909],[11.58157,47.14948]],[[11.57792,47.14775],[11.5783,47.14819],[11.57996,47.14905],[11.58019,47.14902]],[[11.57723,47.14739],[11.57776,47.14735],[11.57792,47.14775]],[[11.57432,47.14678],[11.57519,47.14711],[11.57609,47.14698],[11.57705,47.14714],[11.57723,47.14739]],[[11.56822,47.14222],[11.5687,47.14295],[11.57117,47.14391],[11.572,47.14469],[11.57235,47.14577],[11.57319,47.1464],[11.57432,47.14678]],[[11.56854,47.14167],[11.56833,47.14171],[11.56822,47.14222]],[[11.5586,47.13913],[11.55934,47.13989],[11.5598,47.13942],[11.56079,47.14003],[11.56253,47.1403],[11.56376,47.1411],[11.565,47.1414],[11.56655,47.14229],[11.56762,47.14148],[11.56819,47.14141],[11.56854,47.14167]],[[11.5586,47.13913],[11.55871,47.13871],[11.55778,47.138],[11.55732,47.13719],[11.55621,47.13798],[11.55563,47.13701],[11.55281,47.13633]],[[11.55281,47.13633],[11.55186,47.13619]],[[11.5505,47.13555],[11.55186,47.13619]],[[11.54617,47.13378],[11.5505,47.13555]],[[11.54596,47.13371],[11.54617,47.13378]],[[11.54575,47.13332],[11.54596,47.13371]],[[11.54567,47.13325],[11.54575,47.13332]],[[11.54557,47.13319],[11.54567,47.13325]],[[11.54557,47.13319],[11.54506,47.13285]],[[11.54506,47.13285],[11.54486,47.13278]],[[11.54486,47.13278],[11.54379,47.13266],[11.54335,47.13241]],[[11.54335,47.13241],[11.54239,47.13191]],[[11.54239,47.13191],[11.54201,47.13177]],[[11.54201,47.13177],[11.5406,47.13158],[11.54048,47.13092]],[[11.5405,47.13078],[11.54048,47.13092]],[[11.54048,47.13064],[11.5405,47.13078]],[[11.54028,47.13065],[11.54048,47.13064]],[[11.53812,47.13076],[11.53886,47.13083],[11.54028,47.13065]],[[11.53789,47.1307],[11.53812,47.13076]],[[11.53697,47.13039],[11.53789,47.1307]],[[11.53681,47.13033],[11.53697,47.13039]],[[11.52468,47.1275],[11.52646,47.1282],[11.52824,47.12837],[11.53026,47.12905],[11.5346,47.12953],[11.53681,47.13033]],[[11.51639,47.12535],[11.51722,47.12547],[11.51956,47.12675],[11.5206,47.12696],[11.52109,47.12746],[11.52265,47.12716],[11.52468,47.1275]],[[11.50699,47.12536],[11.50972,47.12491],[11.5118,47.12539],[11.51484,47.1252],[11.51639,47.12535]],[[11.50675,47.12534],[11.50699,47.12536]],[[11.50264,47.12513],[11.50371,47.12522],[11.50478,47.12505],[11.50675,47.12534]],[[11.49631,47.12537],[11.49911,47.12481],[11.50123,47.1252],[11.50264,47.12513]],[[11.49613,47.12537],[11.49631,47.12537]],[[11.49613,47.12537],[11.49603,47.12535]],[[11.49603,47.12535],[11.49462,47.12483],[11.49211,47.12277],[11.49005,47.12231],[11.48917,47.12192],[11.48821,47.12198]],[[11.48821,47.12198],[11.48536,47.1217],[11.48402,47.12184],[11.48238,47.12174],[11.47972,47.12246],[11.47917,47.12227],[11.4774,47.12096],[11.4749,47.1207],[11.47269,47.12091],[11.47114,47.12073]],[[11.47114,47.12073],[11.46853,47.11999]],[[11.46853,47.11999],[11.46806,47.11947]],[[11.46806,47.11947],[11.46774,47.11906],[11.46673,47.11846],[11.46591,47.11839],[11.46441,47.11861]],[[11.46441,47.11861],[11.4631,47.1187]],[[11.4631,47.1187],[11.46147,47.11885],[11.45963,47.11969]],[[11.45963,47.11969],[11.45796,47.12052]],[[11.45796,47.12052],[11.45694,47.12123],[11.45564,47.12275]],[[11.45564,47.12275],[11.45498,47.12338]],[[11.45498,47.12338],[11.45487,47.12367]],[[11.45487,47.12367],[11.45506,47.1247],[11.45492,47.12495],[11.45271,47.12556]],[[11.45271,47.12556],[11.45268,47.12556]],[[11.45268,47.12556],[11.45221,47.12564]],[[11.45221,47.12564],[11.45155,47.12437],[11.45135,47.12286],[11.45101,47.12242]],[[11.45101,47.12242],[11.45075,47.12232]],[[11.45075,47.12232],[11.45067,47.12216]],[[11.45068,47.12231],[11.45067,47.12216]],[[11.45068,47.12238],[11.45068,47.12231]],[[11.45071,47.12282],[11.45068,47.12238]],[[11.45078,47.12326],[11.45071,47.12282]],[[11.45233,47.12722],[11.45127,47.12507],[11.45078,47.12326]],[[11.45248,47.1275],[11.45233,47.12722]],[[11.45297,47.12961],[11.45248,47.1275]],[[11.45265,47.13158],[11.45311,47.13066],[11.45297,47.12961]],[[11.45211,47.13306],[11.45216,47.13244],[11.45265,47.13158]],[[11.45231,47.13373],[11.45211,47.13306]],[[11.45192,47.13401],[11.45231,47.13373]],[[11.45,47.13575],[11.4508,47.13547],[11.45192,47.13401]],[[11.44958,47.13579],[11.45,47.13575]],[[11.44363,47.1381],[11.44333,47.1378],[11.44477,47.13746],[11.44642,47.13652],[11.44958,47.13579]],[[11.43988,47.13703],[11.44031,47.13736],[11.44066,47.13705],[11.4421,47.13778],[11.44363,47.1381]],[[11.4398,47.137],[11.43988,47.13703]],[[11.43926,47.13669],[11.4398,47.137]],[[11.43734,47.13561],[11.43813,47.13623],[11.43926,47.13669]],[[11.43663,47.13461],[11.43734,47.13561]],[[11.41057,47.1262],[11.41091,47.12632],[11.41163,47.1261],[11.41262,47.12651],[11.41384,47.12672],[11.41461,47.12722],[11.41495,47.12772],[11.41588,47.12823],[11.4172,47.12827],[11.41803,47.12848],[11.41886,47.12942],[11.42095,47.12931],[11.42245,47.13],[11.42817,47.13028],[11.43114,47.13125],[11.43279,47.13132],[11.43427,47.13213],[11.43617,47.13436],[11.43663,47.13461]],[[11.41051,47.12615],[11.41057,47.1262]],[[11.40556,47.13005],[11.4065,47.12946],[11.40728,47.12843],[11.40741,47.12768],[11.40675,47.1262],[11.4085,47.12623],[11.40901,47.12608],[11.40948,47.12562],[11.41013,47.12578],[11.41051,47.12615]],[[11.40528,47.13044],[11.40556,47.13005]],[[11.40528,47.13044],[11.405,47.13082]],[[11.405,47.13082],[11.40484,47.13094]],[[11.39989,47.13438],[11.40484,47.13094]],[[11.39743,47.13612],[11.39989,47.13438]],[[11.39614,47.13656],[11.39743,47.13612]],[[11.39309,47.13764],[11.39375,47.13813],[11.39459,47.13736],[11.39555,47.1369],[11.39581,47.13697],[11.39614,47.13656]],[[11.38577,47.1415],[11.38603,47.14114],[11.38689,47.14075],[11.38942,47.14],[11.39078,47.13935],[11.3914,47.13884],[11.39177,47.13878],[11.3927,47.13772],[11.39309,47.13764]],[[11.38577,47.1415],[11.38363,47.14253],[11.38262,47.14336],[11.38215,47.14331],[11.3812,47.14395],[11.38077,47.14404],[11.3801,47.14447],[11.37951,47.1453]],[[11.37951,47.1453],[11.37913,47.14541]],[[11.37913,47.14541],[11.37848,47.14609],[11.37787,47.14622],[11.37761,47.14684],[11.37631,47.14712],[11.37606,47.14845],[11.37522,47.14936],[11.37517,47.15004],[11.37441,47.15113],[11.37322,47.15125],[11.37332,47.15164],[11.37277,47.15221],[11.37201,47.15214],[11.37121,47.15276],[11.37072,47.15264],[11.37021,47.153],[11.36944,47.15297],[11.36922,47.15337],[11.36879,47.15354],[11.36869,47.15392]],[[11.36869,47.15392],[11.36788,47.15378],[11.36715,47.15299],[11.3669,47.15333],[11.3668,47.1531],[11.36653,47.1538]],[[11.36603,47.1538],[11.36653,47.1538]],[[11.35696,47.15195],[11.35959,47.15288],[11.36282,47.15365],[11.36603,47.1538]],[[11.35365,47.14999],[11.35495,47.15115],[11.35605,47.15174],[11.35696,47.15195]],[[11.35356,47.15004],[11.35365,47.14999]],[[11.35333,47.15015],[11.35356,47.15004]],[[11.35319,47.15019],[11.35333,47.15015]],[[11.35244,47.15017],[11.35319,47.15019]],[[11.35178,47.15012],[11.35244,47.15017]],[[11.35155,47.15019],[11.35178,47.15012]],[[11.35109,47.15041],[11.35155,47.15019]],[[11.34963,47.1515],[11.35109,47.15041]],[[11.34949,47.15199],[11.34963,47.1515]],[[11.34838,47.15221],[11.34949,47.15199]],[[11.34841,47.15224],[11.34838,47.15221]],[[11.34903,47.15289],[11.34841,47.15224]],[[11.34933,47.15336],[11.34903,47.15289]],[[11.34948,47.15373],[11.34933,47.15336]],[[11.34954,47.15378],[11.34948,47.15373]],[[11.34943,47.15431],[11.34954,47.15378]],[[11.34931,47.1547],[11.34943,47.15431]],[[11.34911,47.15464],[11.34931,47.1547]],[[11.34887,47.15455],[11.34911,47.15464]],[[11.34874,47.15451],[11.34887,47.15455]],[[11.34716,47.15627],[11.34874,47.15451]],[[11.34694,47.15939],[11.34715,47.15887],[11.34716,47.15627]],[[11.34659,47.15996],[11.34694,47.15939]],[[11.34659,47.16001],[11.34659,47.15996]],[[11.34581,47.16101],[11.34659,47.16001]],[[11.34058,47.16334],[11.34122,47.16309],[11.34122,47.16329],[11.34313,47.16293],[11.34419,47.1625],[11.34581,47.16101]],[[11.33613,47.16107],[11.33776,47.1617],[11.33834,47.16251],[11.33931,47.16315],[11.34058,47.16334]],[[11.3392,47.16072],[11.3391,47.16093],[11.33824,47.16074],[11.33639,47.16074],[11.33612,47.16081],[11.33681,47.16095],[11.33613,47.16107]],[[11.33836,47.16045],[11.3392,47.16072]],[[11.33727,47.15967],[11.33836,47.16045]],[[11.3371,47.15934],[11.33727,47.15967]],[[11.33665,47.1586],[11.3371,47.15934]],[[11.33585,47.15818],[11.33665,47.1586]],[[11.33621,47.15784],[11.33585,47.15818]],[[11.33588,47.15761],[11.33621,47.15784]],[[11.33539,47.15779],[11.33588,47.15761]],[[11.332,47.15756],[11.33295,47.15754],[11.33438,47.15791],[11.33539,47.15779]],[[11.33227,47.15721],[11.332,47.15756]],[[11.32662,47.15157],[11.32755,47.15291],[11.32773,47.15235],[11.32811,47.15211],[11.32795,47.15094],[11.32978,47.1523],[11.33001,47.15284],[11.33071,47.15348],[11.33052,47.15428],[11.33108,47.15488],[11.33114,47.15614],[11.33227,47.15721]],[[11.32205,47.14831],[11.32387,47.1499],[11.32579,47.15077],[11.32662,47.15157]],[[11.32153,47.1479],[11.32205,47.14831]],[[11.32153,47.1479],[11.32086,47.14759],[11.32057,47.14709],[11.31786,47.14526],[11.31682,47.14493],[11.31537,47.14402],[11.31527,47.14319],[11.31483,47.14278],[11.31548,47.14163],[11.31495,47.14071],[11.31277,47.13977],[11.31034,47.13833],[11.30995,47.1383],[11.30855,47.1374],[11.30837,47.13708],[11.30677,47.13614],[11.30619,47.13605]],[[11.30619,47.13605],[11.30573,47.13556],[11.30372,47.13486],[11.30254,47.13409]],[[11.30254,47.13409],[11.30226,47.13405],[11.30249,47.13351],[11.30224,47.13362],[11.30223,47.13342],[11.30166,47.13363],[11.30171,47.13312],[11.30134,47.13265],[11.29991,47.13309]],[[11.29991,47.13309],[11.29996,47.1326],[11.30027,47.13231],[11.30016,47.13176],[11.30051,47.13141],[11.30316,47.13155],[11.30418,47.1309],[11.30378,47.13009],[11.30218,47.12815]],[[11.30218,47.12815],[11.29984,47.12721]],[[11.27921,47.12747],[11.2788,47.12684],[11.27914,47.12614],[11.27924,47.1251],[11.28034,47.12443],[11.28117,47.12481],[11.28085,47.12574],[11.28117,47.12729],[11.28154,47.12739],[11.28213,47.1273],[11.28435,47.12772],[11.28491,47.12756],[11.28614,47.12765],[11.28784,47.12728],[11.28854,47.12731],[11.2901,47.12688],[11.29085,47.12713],[11.29215,47.12691],[11.29485,47.12742],[11.29259,47.12617],[11.29433,47.12655],[11.29496,47.12646],[11.29684,47.12701],[11.29815,47.12705],[11.30009,47.1275],[11.29984,47.12721]],[[11.27457,47.14053],[11.27483,47.14018],[11.27482,47.13962],[11.27519,47.1394],[11.27516,47.13923],[11.27469,47.13946],[11.27504,47.13839],[11.27612,47.13692],[11.27594,47.13582],[11.27568,47.13551],[11.2757,47.1347],[11.27496,47.13355],[11.27391,47.13314],[11.27408,47.13256],[11.27427,47.13221],[11.27499,47.13191],[11.27501,47.13158],[11.27543,47.13145],[11.27499,47.13115],[11.27483,47.13061],[11.27554,47.13102],[11.27699,47.13102],[11.27747,47.13121],[11.278,47.13054],[11.27876,47.13033],[11.27906,47.12953],[11.28004,47.12893],[11.27911,47.12894],[11.27959,47.1285],[11.27892,47.12847],[11.2793,47.12796],[11.27921,47.12747]],[[11.26747,47.14492],[11.26814,47.14467],[11.2709,47.14235],[11.27409,47.141],[11.27457,47.14053]],[[11.2599,47.14294],[11.2615,47.14357],[11.26235,47.14371],[11.26233,47.144],[11.26314,47.14418],[11.26316,47.14437],[11.26412,47.14426],[11.26548,47.1447],[11.26747,47.14492]],[[11.25998,47.13856],[11.25952,47.13874],[11.25939,47.139],[11.25948,47.14059],[11.2598,47.1408],[11.25954,47.14095],[11.25973,47.1412],[11.25927,47.14147],[11.2599,47.14294]],[[11.21008,47.11527],[11.21096,47.11721],[11.21081,47.11774],[11.211,47.11857],[11.21207,47.11964],[11.21252,47.11959],[11.21299,47.11989],[11.2137,47.12121],[11.21435,47.12127],[11.21421,47.12164],[11.21462,47.12185],[11.21449,47.12222],[11.21518,47.12346],[11.21587,47.12354],[11.21622,47.12389],[11.2171,47.12383],[11.21771,47.1242],[11.21783,47.12454],[11.21885,47.12465],[11.21933,47.12503],[11.21936,47.12581],[11.22019,47.12591],[11.22055,47.12623],[11.22184,47.12673],[11.22209,47.12728],[11.22315,47.12774],[11.22406,47.12847],[11.22552,47.12852],[11.22597,47.1289],[11.22708,47.12907],[11.2296,47.13055],[11.2336,47.13162],[11.23398,47.13211],[11.23473,47.13218],[11.23656,47.13293],[11.23861,47.13308],[11.23963,47.13418],[11.24008,47.13424],[11.24038,47.13457],[11.24183,47.13518],[11.24307,47.13532],[11.24348,47.1351],[11.24482,47.13501],[11.24855,47.13608],[11.24956,47.13603],[11.25008,47.13639],[11.25179,47.13673],[11.25163,47.13686],[11.25222,47.13682],[11.25237,47.13703],[11.25285,47.13696],[11.25404,47.13753],[11.25869,47.13819],[11.25998,47.13856]],[[11.20998,47.11518],[11.21008,47.11527]],[[11.21,47.1151],[11.20998,47.11518]],[[11.18859,47.10504],[11.18866,47.10518],[11.18903,47.1051],[11.18935,47.10467],[11.19063,47.10435],[11.19067,47.10399],[11.1909,47.10405],[11.19164,47.10328],[11.19288,47.10387],[11.19401,47.10409],[11.19468,47.1045],[11.19683,47.10483],[11.19849,47.10618],[11.1995,47.10671],[11.20005,47.10677],[11.20041,47.10729],[11.20157,47.10813],[11.20416,47.10878],[11.20542,47.10956],[11.20629,47.10965],[11.20685,47.10997],[11.2085,47.11139],[11.20852,47.11266],[11.2089,47.11326],[11.20894,47.11388],[11.20944,47.1148],[11.21,47.1151]],[[11.18541,47.10348],[11.18667,47.10399],[11.18691,47.10387],[11.18804,47.10465],[11.18867,47.10485],[11.18859,47.10504]],[[11.17319,47.09193],[11.17402,47.0926],[11.17433,47.09315],[11.17526,47.09343],[11.17552,47.09383],[11.17541,47.09436],[11.17698,47.09591],[11.17713,47.09663],[11.17802,47.09704],[11.17985,47.09722],[11.18169,47.09823],[11.18189,47.09864],[11.184,47.09958],[11.1842,47.09997],[11.18358,47.1013],[11.18388,47.10178],[11.18367,47.10193],[11.1847,47.10315],[11.18541,47.10348]],[[11.17319,47.09193],[11.17298,47.09191],[11.17307,47.09221],[11.17289,47.09221],[11.17292,47.0925],[11.17267,47.09253],[11.17281,47.09317],[11.17242,47.09341],[11.17243,47.09442],[11.17314,47.09485],[11.17298,47.09487],[11.17354,47.09531],[11.17357,47.09562],[11.17301,47.09622],[11.17287,47.09683],[11.17238,47.09726],[11.17216,47.09719],[11.17206,47.09741],[11.17189,47.09733],[11.17088,47.09788],[11.17128,47.09889],[11.17047,47.09891],[11.16961,47.09948],[11.16989,47.09964],[11.16999,47.10016],[11.16974,47.10022],[11.17006,47.10058],[11.16767,47.1019],[11.16592,47.10216],[11.16487,47.10257],[11.16432,47.10289],[11.16442,47.10312],[11.1632,47.10313],[11.1625,47.10274],[11.16242,47.10283]],[[11.14374,47.12369],[11.14393,47.12306],[11.14369,47.12253],[11.14422,47.12144],[11.14542,47.12076],[11.14503,47.12012],[11.14513,47.11989],[11.14532,47.11995],[11.14611,47.11922],[11.1464,47.11914],[11.14657,47.11933],[11.14667,47.11903],[11.14696,47.11918],[11.14724,47.11878],[11.1469,47.1178],[11.14716,47.11723],[11.14703,47.11651],[11.14621,47.1157],[11.14654,47.11516],[11.14625,47.11485],[11.14634,47.11438],[11.14725,47.11363],[11.14725,47.11296],[11.14691,47.11268],[11.14686,47.11207],[11.14832,47.11168],[11.14846,47.11138],[11.14898,47.11134],[11.14975,47.11038],[11.15016,47.10942],[11.15076,47.10923],[11.1511,47.10877],[11.15363,47.10752],[11.15461,47.10733],[11.15808,47.10576],[11.1587,47.10514],[11.15924,47.10509],[11.15957,47.10477],[11.15984,47.10477],[11.16075,47.10406],[11.1613,47.10333],[11.16242,47.10283]],[[11.13864,47.12694],[11.13911,47.12668],[11.13979,47.1269],[11.13979,47.12669],[11.14028,47.12695],[11.14038,47.12654],[11.14139,47.12728],[11.1417,47.12706],[11.14193,47.12712],[11.1421,47.12687],[11.14244,47.12691],[11.1422,47.12653],[11.14269,47.12548],[11.14227,47.12461],[11.14282,47.12392],[11.14333,47.12364],[11.14374,47.12369]],[[11.13818,47.12733],[11.13864,47.12694]],[[11.13818,47.12733],[11.13818,47.12824]],[[11.13818,47.12824],[11.13824,47.12881]],[[11.13843,47.12929],[11.13824,47.12881]],[[11.13843,47.12929],[11.13778,47.12957]],[[11.13778,47.12957],[11.13773,47.12964]],[[11.13773,47.12964],[11.13783,47.13035]],[[11.13813,47.13056],[11.13783,47.13035]],[[11.13885,47.13667],[11.13764,47.13534],[11.13757,47.13325],[11.13686,47.1315],[11.13709,47.13108],[11.13813,47.13079],[11.13813,47.13056]],[[11.13885,47.13667],[11.13889,47.13673]],[[11.13889,47.13673],[11.1388,47.13758],[11.13773,47.1391],[11.1382,47.14104],[11.13791,47.14208],[11.13657,47.14339],[11.1348,47.14388],[11.13384,47.14497],[11.1337,47.1464],[11.13317,47.14726],[11.13344,47.14788]],[[11.13344,47.14788],[11.13315,47.1486],[11.13326,47.14933]],[[11.13326,47.14945],[11.13326,47.14933]],[[11.13327,47.14958],[11.13326,47.14945]],[[11.13327,47.14958],[11.13312,47.14949]],[[11.13312,47.14949],[11.13266,47.14886]],[[11.12847,47.15173],[11.12886,47.1514],[11.1292,47.15142],[11.12966,47.15203],[11.13009,47.15163],[11.12989,47.1505],[11.13064,47.15017],[11.13099,47.14953],[11.13239,47.14933],[11.13266,47.14886]],[[11.12384,47.1537],[11.12443,47.15374],[11.12393,47.153],[11.12408,47.15219],[11.12469,47.15227],[11.12554,47.1519],[11.12659,47.15209],[11.1279,47.15178],[11.1281,47.15196],[11.12847,47.15173]],[[11.12384,47.1537],[11.12262,47.15328],[11.12192,47.15339],[11.12038,47.15316],[11.11982,47.15293],[11.11988,47.15267]],[[11.11952,47.15259],[11.11988,47.15267]],[[11.0988,47.15242],[11.09956,47.15231],[11.10012,47.15171],[11.10139,47.15105],[11.10384,47.15043],[11.10467,47.14988],[11.10475,47.14958],[11.10523,47.14943],[11.10704,47.14916],[11.10716,47.14937],[11.10813,47.14945],[11.10971,47.1491],[11.10966,47.14933],[11.11148,47.14943],[11.11261,47.15027],[11.11343,47.15039],[11.11717,47.14896],[11.11683,47.14996],[11.11693,47.15049],[11.1177,47.15134],[11.11794,47.15132],[11.11867,47.15226],[11.11952,47.15259]],[[11.08231,47.14983],[11.08313,47.14972],[11.08411,47.15],[11.08549,47.1498],[11.08589,47.15004],[11.0863,47.15001],[11.08655,47.15029],[11.08781,47.15029],[11.0892,47.15134],[11.09013,47.15174],[11.09156,47.1517],[11.0931,47.15201],[11.09436,47.15142],[11.09446,47.15159],[11.09612,47.15153],[11.09682,47.15194],[11.09829,47.15183],[11.09853,47.15209],[11.0987,47.15203],[11.0988,47.15242]],[[11.0802,47.15174],[11.08201,47.1504],[11.08231,47.14983]],[[11.08012,47.15171],[11.0802,47.15174]],[[11.07832,47.15204],[11.07926,47.152],[11.08012,47.15171]],[[11.07828,47.15212],[11.07832,47.15204]],[[11.0724,47.15463],[11.07298,47.1545],[11.07414,47.15326],[11.07479,47.15332],[11.07592,47.15266],[11.07828,47.15212]],[[11.0724,47.15463],[11.07074,47.15397],[11.06894,47.15356],[11.06758,47.15356],[11.06653,47.15406],[11.06494,47.15435],[11.06315,47.15419]],[[11.05517,47.1493],[11.05574,47.14936],[11.05603,47.14919],[11.05657,47.14946],[11.05715,47.14918],[11.05716,47.1495],[11.05752,47.14942],[11.05759,47.1497],[11.05824,47.14969],[11.05869,47.15007],[11.05896,47.15003],[11.05954,47.15133],[11.06093,47.15252],[11.06123,47.15313],[11.06315,47.15419]],[[11.02979,47.15222],[11.03064,47.15198],[11.03434,47.14955],[11.0357,47.14928],[11.03658,47.14887],[11.03708,47.14906],[11.03724,47.14894],[11.03732,47.14908],[11.03804,47.14905],[11.03884,47.14848],[11.0419,47.14742],[11.04235,47.14682],[11.04319,47.14633],[11.04379,47.14547],[11.04521,47.1446],[11.0479,47.14486],[11.04831,47.14463],[11.04943,47.14495],[11.05074,47.14496],[11.05119,47.14539],[11.05243,47.14529],[11.0523,47.14582],[11.05294,47.14592],[11.053,47.14644],[11.05367,47.14678],[11.05351,47.14706],[11.05383,47.14711],[11.05364,47.14741],[11.05427,47.14755],[11.05431,47.14808],[11.05478,47.14831],[11.05465,47.14848],[11.05505,47.14872],[11.05497,47.1489],[11.05537,47.14901],[11.05517,47.1493]],[[11.02466,47.15663],[11.02724,47.15452],[11.02818,47.15315],[11.02932,47.15271],[11.02979,47.15222]],[[11.02466,47.15663],[11.02435,47.1565],[11.02395,47.15696],[11.02262,47.15738],[11.02153,47.15804],[11.02022,47.15837]],[[11.02022,47.15837],[11.01994,47.15851]],[[11.01994,47.15851],[11.01989,47.15906]],[[11.01989,47.15906],[11.01956,47.15938]],[[11.01956,47.15938],[11.01952,47.1594]],[[11.01952,47.1594],[11.01935,47.15947]],[[10.96927,47.16922],[10.97133,47.1685],[10.9727,47.16837],[10.97512,47.16854],[10.97894,47.16823],[10.9793,47.16855],[10.97959,47.16831],[10.98066,47.16835],[10.98155,47.16806],[10.98261,47.16726],[10.98299,47.16723],[10.98342,47.16693],[10.98499,47.16674],[10.98571,47.16642],[10.98801,47.16638],[10.98948,47.16598],[10.98942,47.16648],[10.9896,47.16641],[10.99053,47.16678],[10.99074,47.16678],[10.99079,47.16645],[10.99131,47.16669],[10.99158,47.16653],[10.99259,47.16641],[10.99285,47.16652],[10.99326,47.16635],[10.99356,47.16699],[10.99407,47.16702],[10.99555,47.16675],[10.99648,47.16682],[10.99841,47.16622],[11.00084,47.16626],[11.00122,47.16614],[11.0008,47.16603],[11.00141,47.16585],[11.00349,47.16588],[11.00404,47.16563],[11.00393,47.16552],[11.00432,47.16546],[11.00443,47.16467],[11.0055,47.16452],[11.00691,47.16384],[11.00988,47.16315],[11.01314,47.16113],[11.01517,47.1614],[11.01546,47.16093],[11.01597,47.16071],[11.01894,47.16004],[11.01935,47.15947]],[[10.96356,47.17347],[10.96574,47.17223],[10.96693,47.16964],[10.96842,47.1689],[10.9687,47.16928],[10.96927,47.16922]],[[10.94991,47.18465],[10.95085,47.18467],[10.95243,47.18417],[10.95257,47.18354],[10.95354,47.18322],[10.95324,47.18295],[10.95358,47.18273],[10.95352,47.18242],[10.95433,47.18182],[10.9552,47.18044],[10.95463,47.1796],[10.95526,47.1788],[10.95528,47.17842],[10.95502,47.17802],[10.95477,47.1785],[10.95437,47.17861],[10.95443,47.17837],[10.95297,47.17748],[10.95288,47.17675],[10.9532,47.17644],[10.95588,47.17621],[10.95691,47.17591],[10.95738,47.17553],[10.9582,47.17555],[10.95865,47.17542],[10.95885,47.17501],[10.95994,47.17455],[10.96356,47.17347]]]}},{"type":"Feature","properties":{"name":"Zirbenweg","ref":"350","network":"rwn","osmc:symbol":"red:red:white_bar:350","route":"hiking","osm":"relation/11648589","length_km_in_region":7.0},"geometry":{"type":"MultiLineString","coordinates":[[[11.47716,47.21235],[11.47588,47.21181],[11.47326,47.21161],[11.47255,47.21174],[11.47283,47.21208],[11.47258,47.21246],[11.47074,47.21201],[11.46728,47.21217],[11.46503,47.21199],[11.46427,47.21212],[11.46259,47.21304],[11.46212,47.21293],[11.4613,47.21231],[11.45413,47.21158],[11.45257,47.21052]],[[11.48206,47.21303],[11.48115,47.21286],[11.47932,47.21284],[11.47716,47.21235]],[[11.4839,47.21336],[11.48332,47.21338],[11.48281,47.21306],[11.48206,47.21303]],[[11.48672,47.21363],[11.48569,47.21333],[11.4839,47.21336]],[[11.52793,47.2231],[11.52781,47.22277],[11.52672,47.22199],[11.52566,47.22173],[11.52514,47.22222],[11.52486,47.22225],[11.52449,47.22191],[11.52467,47.22158],[11.52444,47.22102],[11.52196,47.22048],[11.52063,47.22058],[11.51744,47.22211],[11.51746,47.22185],[11.51706,47.22228],[11.51611,47.22256],[11.51573,47.22297],[11.51508,47.22323],[11.51236,47.22251],[11.51006,47.22267],[11.50789,47.2224],[11.50671,47.22256],[11.50573,47.22207],[11.50514,47.22211],[11.50458,47.22239],[11.5041,47.22234],[11.50313,47.2217],[11.50321,47.22103],[11.50299,47.22057],[11.50149,47.21943],[11.49901,47.21895],[11.49711,47.21943],[11.49379,47.21766],[11.49318,47.21758],[11.49225,47.21772],[11.49172,47.21747],[11.49069,47.21734],[11.49107,47.21724],[11.49065,47.21706],[11.48988,47.21619],[11.48916,47.21583],[11.48896,47.21507],[11.48738,47.21477],[11.48628,47.214],[11.48672,47.21363]]]}},{"type":"Feature","properties":{"name":"Zirmach","network":"lwn","route":"hiking","osm":"relation/17078417","length_km_in_region":0.5},"geometry":{"type":"MultiLineString","coordinates":[[[11.29751,47.14235],[11.29796,47.14293],[11.29789,47.14322],[11.29697,47.14379],[11.29629,47.1438],[11.29563,47.14405],[11.29621,47.14467],[11.29503,47.14517],[11.29464,47.14513]]]}},{"type":"Feature","properties":{"name":"Zustieg Klettersteig","network":"lwn","route":"hiking","osm":"relation/17078418","length_km_in_region":0.1},"geometry":{"type":"MultiLineString","coordinates":[[[11.28434,47.14958],[11.28561,47.14961]]]}},{"type":"Feature","properties":{"name":"Zustieg Klettersteig","network":"lwn","route":"hiking","osm":"relation/17078432","length_km_in_region":0.1},"geometry":{"type":"MultiLineString","coordinates":[[[11.28051,47.16031],[11.28074,47.16104],[11.28099,47.16114]]]}},{"type":"Feature","properties":{"name":"Zustieg Neunerspitze","network":"lwn","operator":"ÖAV Hall in Tirol","osmc:symbol":"red:red:white_left","route":"hiking","osm":"relation/16189303","length_km_in_region":0.1},"geometry":{"type":"MultiLineString","coordinates":[[[11.50283,47.21687],[11.50298,47.21671],[11.50387,47.21683],[11.50398,47.21667],[11.50442,47.21671]]]}},{"type":"Feature","properties":{"name":"Ötztal Trek Etappe 01","network":"rwn","osmc:symbol":"red:white::22:black","route":"hiking","osm":"relation/11514651","length_km_in_region":5.8},"geometry":{"type":"MultiLineString","coordinates":[[[10.9753,47.22686],[10.97412,47.22724],[10.97319,47.22843],[10.97082,47.22962],[10.96576,47.23054],[10.96477,47.23117],[10.96447,47.23162],[10.96349,47.23216],[10.96234,47.23236],[10.96021,47.23222],[10.95551,47.23287],[10.95435,47.23273],[10.94998,47.23287]],[[10.98005,47.22492],[10.97976,47.22529],[10.97808,47.22582],[10.97797,47.22607],[10.97754,47.22598],[10.97634,47.22667],[10.9753,47.22686]],[[10.98005,47.22492],[10.9804,47.22426],[10.98183,47.22343],[10.98378,47.22269],[10.98652,47.2226],[10.98855,47.22144]],[[10.98924,47.22097],[10.98883,47.22107],[10.98855,47.22144]],[[10.98928,47.22094],[10.98924,47.22097]],[[10.9911,47.21871],[10.98958,47.22028],[10.98928,47.22094]],[[10.99654,47.21607],[10.9962,47.21603],[10.99566,47.21628],[10.99395,47.21721],[10.99355,47.21772],[10.99242,47.2179],[10.99172,47.21857],[10.9911,47.21871]],[[10.99659,47.21606],[10.99654,47.21607]],[[11.00037,47.21526],[10.99976,47.21567],[10.99786,47.21567],[10.99659,47.21606]],[[11.00037,47.21526],[11.00054,47.21495],[11.00201,47.21448],[11.00245,47.21398],[11.00357,47.21362]],[[11.00357,47.21362],[11.00664,47.21263],[11.00825,47.21258]],[[11.00825,47.21258],[11.00901,47.21254]],[[11.00901,47.21254],[11.01038,47.21199],[11.01072,47.21148]],[[11.01072,47.21148],[11.0109,47.21131]],[[11.01091,47.21126],[11.0109,47.21131]],[[11.01092,47.21118],[11.01091,47.21126]],[[11.0102,47.21132],[11.01092,47.21118]],[[11.00886,47.21145],[11.0102,47.21132]],[[11.00833,47.21145],[11.00886,47.21145]]]}},{"type":"Feature","properties":{"name":"Ötztal Trek Etappe 02","network":"rwn","osmc:symbol":"red:white::22:black","description":"Dortmunder Hütte → Schweinfurter Hütte","route":"hiking","osm":"relation/11514650","length_km_in_region":9.4},"geometry":{"type":"MultiLineString","coordinates":[[[11.00824,47.21137],[11.00833,47.21145]],[[11.008,47.21044],[11.00824,47.21137]],[[11.008,47.21044],[11.00814,47.21024],[11.00788,47.20981]],[[11.00788,47.20981],[11.00913,47.21081],[11.00954,47.21092],[11.012,47.2104],[11.01391,47.20963],[11.01466,47.20956],[11.01749,47.20876],[11.0199,47.20899],[11.0214,47.20843],[11.02212,47.20772],[11.02251,47.20765]],[[11.02251,47.20765],[11.02255,47.20768]],[[11.02255,47.20768],[11.02281,47.20776]],[[11.02431,47.20161],[11.02358,47.20215],[11.02384,47.20236],[11.02378,47.20306],[11.02302,47.20349],[11.02272,47.20439],[11.02337,47.20458],[11.02388,47.20509],[11.02422,47.20558],[11.0242,47.2064],[11.02361,47.20721],[11.02281,47.20776]],[[11.02304,47.20033],[11.02294,47.2009],[11.02386,47.20113],[11.02431,47.20161]],[[11.02304,47.20033],[11.02398,47.20036]],[[11.02548,47.20011],[11.02526,47.20026],[11.02461,47.20011],[11.0243,47.20029],[11.02389,47.20024],[11.02398,47.20036]],[[11.02548,47.20011],[11.02554,47.20014]],[[11.02604,47.19982],[11.02554,47.20014]],[[11.02604,47.19982],[11.02628,47.19911]],[[11.02628,47.19911],[11.02588,47.19897]],[[11.02588,47.19897],[11.02578,47.19849]],[[11.02578,47.19849],[11.02635,47.19858]],[[11.02635,47.19858],[11.0268,47.19873]],[[11.0268,47.19873],[11.0267,47.19849],[11.02723,47.1983]],[[11.02723,47.1983],[11.02789,47.19756],[11.02881,47.197]],[[11.02881,47.197],[11.03021,47.19615],[11.03115,47.19462],[11.03099,47.19367],[11.03239,47.19109],[11.03343,47.18789],[11.03334,47.18749],[11.03243,47.18663],[11.03015,47.18621],[11.02926,47.18549]],[[11.02926,47.18549],[11.0293,47.18504],[11.03002,47.18454],[11.03046,47.18452],[11.03063,47.18431],[11.03111,47.18437],[11.03143,47.18404],[11.03335,47.18394],[11.03391,47.18408],[11.03599,47.18367],[11.03603,47.18298],[11.03526,47.18289],[11.03464,47.1824],[11.03487,47.18214],[11.03398,47.18161],[11.03405,47.18119],[11.03463,47.18084],[11.03366,47.18041],[11.03291,47.18033],[11.0327,47.17983],[11.03241,47.17969],[11.03232,47.17939],[11.03268,47.17905],[11.03207,47.1788],[11.03219,47.17852],[11.03251,47.17841]],[[11.03251,47.17841],[11.03255,47.17841]],[[11.03255,47.17841],[11.03338,47.17764],[11.03319,47.17737],[11.03437,47.17688],[11.0339,47.17672],[11.03445,47.17638],[11.03374,47.1745],[11.03411,47.17284],[11.03433,47.17282],[11.03436,47.17198],[11.0349,47.17138]],[[11.0349,47.17138],[11.03538,47.17107],[11.03512,47.17044],[11.03535,47.16945],[11.03456,47.16809],[11.03287,47.1665],[11.03262,47.16519],[11.032,47.16479],[11.02807,47.16331],[11.02699,47.16256],[11.02606,47.16245],[11.02561,47.16216],[11.02467,47.16225],[11.02472,47.16155],[11.02415,47.16158],[11.0237,47.16109],[11.02284,47.1609],[11.02236,47.16045],[11.02209,47.16045],[11.02215,47.16025],[11.02051,47.16025],[11.01989,47.15906]],[[11.01994,47.15851],[11.01989,47.15906]],[[11.02022,47.15837],[11.01994,47.15851]]]}},{"type":"Feature","properties":{"name":"Ötztal Trek Etappe 03","network":"rwn","osmc:symbol":"red:white::22:black","description":"Schweinfurter Hütte → Winnebachseehütte","route":"hiking","osm":"relation/11514649","length_km_in_region":10.0},"geometry":{"type":"MultiLineString","coordinates":[[[11.02466,47.15663],[11.02435,47.1565],[11.02395,47.15696],[11.02262,47.15738],[11.02153,47.15804],[11.02022,47.15837]],[[11.02466,47.15663],[11.02724,47.15452],[11.02818,47.15315],[11.02932,47.15271],[11.02979,47.15222]],[[11.02979,47.15222],[11.03046,47.15167],[11.032,47.14968],[11.03417,47.14795]],[[11.03417,47.14795],[11.036,47.14717],[11.0371,47.14609],[11.03727,47.14558],[11.03886,47.14464]],[[11.03886,47.14464],[11.03917,47.14436],[11.03922,47.14311],[11.03971,47.14247],[11.04044,47.14198],[11.04155,47.14162],[11.04238,47.14093],[11.04335,47.13937]],[[11.04039,47.10591],[11.0399,47.1067],[11.03989,47.10734],[11.04016,47.1081],[11.04082,47.10874],[11.04092,47.1093],[11.04262,47.11068],[11.04268,47.11094],[11.04302,47.11087],[11.04403,47.11156],[11.0458,47.11452],[11.04688,47.11442],[11.04741,47.11482],[11.0475,47.11639],[11.04852,47.1184],[11.04817,47.11859],[11.0484,47.11929],[11.0479,47.12016],[11.04766,47.12016],[11.04805,47.12083],[11.04786,47.12094],[11.04803,47.12127],[11.04853,47.12168],[11.04843,47.12211],[11.04767,47.1226],[11.04781,47.12427],[11.04682,47.12521],[11.0465,47.12527],[11.04687,47.12609],[11.04595,47.12731],[11.04614,47.12819],[11.04598,47.12881],[11.04552,47.12962],[11.0447,47.13008],[11.0447,47.1317],[11.04514,47.13269],[11.04577,47.1332],[11.0454,47.13667],[11.04335,47.13937]],[[11.04338,47.09834],[11.04372,47.09835],[11.04371,47.09855],[11.04403,47.0985],[11.04404,47.09872],[11.04439,47.09869],[11.04444,47.09895],[11.04531,47.09866],[11.04547,47.0996],[11.04523,47.1003],[11.04473,47.10059],[11.04405,47.10159],[11.04319,47.10202],[11.04215,47.10381],[11.04153,47.10416],[11.04096,47.10424],[11.04088,47.1049],[11.04112,47.10524],[11.04094,47.10563],[11.04039,47.10591]],[[11.05459,47.09107],[11.05429,47.0912],[11.05434,47.09173],[11.05405,47.09174],[11.05395,47.09209],[11.05163,47.09374],[11.05116,47.09446],[11.04933,47.09597],[11.04904,47.09654],[11.0461,47.09702],[11.04394,47.09713],[11.04321,47.09787],[11.04338,47.09834]],[[11.0543,47.08765],[11.0541,47.08828],[11.05459,47.09107]]]}},{"type":"Feature","properties":{"name":"Ötztal Trek Etappe 04","network":"rwn","osmc:symbol":"red:white::22:black","description":"Winnebachseehütte → Amberger Hütte","route":"hiking","osm":"relation/11514412","length_km_in_region":2.7},"geometry":{"type":"MultiLineString","coordinates":[[[11.05465,47.08765],[11.0543,47.08765]],[[11.0547,47.08766],[11.05465,47.08765]],[[11.06192,47.08597],[11.06135,47.08602],[11.06108,47.08646],[11.0612,47.0866],[11.05963,47.08749],[11.05847,47.08731],[11.05791,47.08746],[11.05754,47.08727],[11.05741,47.0874],[11.05701,47.08708],[11.05646,47.0877],[11.05569,47.08812],[11.0547,47.08766]],[[11.0763,47.08376],[11.07572,47.08435],[11.07498,47.0847],[11.0747,47.08517],[11.07228,47.08576],[11.07147,47.0862],[11.06831,47.08657],[11.0681,47.08606],[11.06587,47.08564],[11.06485,47.08515],[11.06268,47.08558],[11.06228,47.08592],[11.06192,47.08597]],[[11.07759,47.08098],[11.07787,47.08181],[11.07731,47.08285],[11.0763,47.08376]],[[11.07759,47.08098],[11.07933,47.07851]]]}},{"type":"Feature","properties":{"name":"Ötztaler Urweg","network":"rwn","osmc:symbol":"red:white::12:red","website":"https://www.oetztal.com/de/sommer/wandern-bergsteigen/wanderrouten/wanderhighlights/oetztaler-urweg.html","route":"hiking","osm":"relation/13286598","length_km_in_region":13.5},"geometry":{"type":"MultiLineString","coordinates":[[[10.94999,47.12764],[10.95102,47.12739],[10.95304,47.12651]],[[10.95351,47.1263],[10.95304,47.12651]],[[10.95361,47.12617],[10.95351,47.1263]],[[10.95413,47.12627],[10.95361,47.12617]],[[10.95422,47.12628],[10.95413,47.12627]],[[10.9647,47.12674],[10.96424,47.12651],[10.96283,47.12674],[10.96204,47.12648],[10.95787,47.12587],[10.95661,47.12615],[10.95422,47.12628]],[[10.96661,47.1287],[10.96524,47.12826],[10.96454,47.12761],[10.96442,47.12716],[10.9647,47.12674]],[[10.96732,47.12864],[10.96684,47.12853],[10.96661,47.1287]],[[10.96732,47.12864],[10.96749,47.12848]],[[10.96749,47.12848],[10.96758,47.12838]],[[10.96758,47.12838],[10.96762,47.12835]],[[10.96922,47.12615],[10.96829,47.1266],[10.96812,47.12779],[10.96762,47.12835]],[[10.96609,47.12104],[10.96754,47.1208],[10.96786,47.12091],[10.96852,47.12189],[10.96849,47.12292],[10.96998,47.12419],[10.96922,47.12615]],[[10.96633,47.11958],[10.96609,47.12104]],[[10.96519,47.11722],[10.96633,47.11951]],[[10.96499,47.11608],[10.96442,47.11714],[10.96497,47.1169],[10.96519,47.11722]],[[10.96441,47.11585],[10.96499,47.11608]],[[10.96172,47.113],[10.96233,47.11338],[10.96324,47.11486],[10.96441,47.11585]],[[10.95971,47.10959],[10.95979,47.11051],[10.96018,47.11115],[10.96131,47.11189],[10.96184,47.112],[10.96199,47.11237],[10.96172,47.113]],[[10.96151,47.10838],[10.96136,47.10848]],[[10.96418,47.10599],[10.96233,47.10719],[10.96236,47.10843],[10.96163,47.10925],[10.96137,47.10944],[10.96019,47.10958],[10.95991,47.11034],[10.96001,47.11091]],[[10.96582,47.10616],[10.96513,47.10625],[10.96417,47.10597],[10.96459,47.10575],[10.96487,47.1041],[10.9653,47.10316],[10.96601,47.10269],[10.9675,47.10241],[10.96733,47.10158],[10.96667,47.10116],[10.96695,47.10067],[10.96655,47.09994],[10.96637,47.09907],[10.96656,47.09824],[10.96619,47.0976],[10.96672,47.0967],[10.9663,47.09668],[10.9669,47.0964],[10.96663,47.09622],[10.96672,47.09598],[10.96587,47.09614],[10.9659,47.09558],[10.96619,47.09547],[10.96593,47.09528]],[[10.96593,47.09528],[10.96577,47.09523],[10.96622,47.09418],[10.96608,47.09301],[10.96685,47.09103],[10.96677,47.08982]],[[10.9674,47.08376],[10.96753,47.08504],[10.96709,47.08622],[10.96657,47.08664],[10.9672,47.08775],[10.96666,47.08921],[10.96677,47.08982]],[[10.9674,47.08376],[10.96748,47.08257],[10.96853,47.08119],[10.96756,47.08192],[10.96724,47.08201],[10.96747,47.08176],[10.96703,47.08191],[10.9663,47.08348],[10.96385,47.08631],[10.96358,47.08589],[10.96389,47.08516],[10.96303,47.08574],[10.96255,47.08786],[10.96282,47.0892],[10.96208,47.08882],[10.96204,47.08858],[10.96185,47.08889],[10.96195,47.08957],[10.96224,47.08989],[10.96215,47.09074],[10.95937,47.09253]],[[10.95937,47.09253],[10.95843,47.09203]],[[10.95843,47.09203],[10.9583,47.09194]],[[10.9583,47.09194],[10.95691,47.09116]],[[10.95569,47.09293],[10.95616,47.09177],[10.95691,47.09116]],[[10.95387,47.0927],[10.95493,47.09299],[10.95569,47.09293]],[[10.94926,47.09146],[10.95271,47.09215],[10.95387,47.0927]],[[10.95267,47.08684],[10.94983,47.09037]],[[10.95267,47.08684],[10.95415,47.08517],[10.95668,47.07997]],[[10.95402,47.08401],[10.95487,47.08243],[10.95562,47.07983]],[[10.95397,47.08409],[10.95402,47.08401]],[[10.95396,47.0841],[10.95397,47.08409]],[[10.95385,47.08436],[10.95396,47.0841]],[[10.95385,47.08436],[10.95386,47.08444]],[[10.95386,47.08444],[10.95361,47.08486]],[[10.95361,47.08486],[10.95183,47.08659]],[[10.95183,47.08659],[10.94997,47.08839]]]}}]}