{"type":"FeatureCollection","features":[{"type":"Feature","properties":{"sac_scale":"mountain_hiking","piste:type":"skitour","osm":"way/27614341","length_km_in_region":0.5},"geometry":{"type":"MultiLineString","coordinates":[[[11.13767,47.12981],[11.13654,47.12872],[11.13488,47.12806],[11.13458,47.12725],[11.13343,47.12607]]]}},{"type":"Feature","properties":{"piste:type":"skitour","osm":"way/49273066","length_km_in_region":2.2},"geometry":{"type":"MultiLineString","coordinates":[[[11.40038,47.16216],[11.40158,47.16056],[11.40191,47.1583],[11.40352,47.15729],[11.40364,47.15642],[11.40458,47.15515],[11.40441,47.15351],[11.4047,47.15259],[11.40553,47.15131],[11.40544,47.1504],[11.40496,47.14951],[11.4052,47.14915],[11.40513,47.14839],[11.40532,47.14804],[11.4057,47.148],[11.40569,47.14765],[11.40674,47.14627],[11.40661,47.14407]]]}},{"type":"Feature","properties":{"piste:type":"skitour","osm":"way/49273109","length_km_in_region":0.3},"geometry":{"type":"MultiLineString","coordinates":[[[11.40078,47.14547],[11.40048,47.14496],[11.40085,47.14385],[11.40039,47.14342],[11.40095,47.14303]]]}},{"type":"Feature","properties":{"piste:type":"skitour","osm":"way/51930807","length_km_in_region":3.7},"geometry":{"type":"MultiLineString","coordinates":[[[11.09947,47.10701],[11.09886,47.10583],[11.0985,47.10409],[11.09848,47.10345],[11.09861,47.10353],[11.09884,47.10328],[11.09897,47.1029],[11.09797,47.10122],[11.09794,47.10009],[11.09742,47.09855],[11.09849,47.09601],[11.09841,47.09558],[11.09807,47.09561],[11.09495,47.09383],[11.09457,47.09316],[11.09324,47.09264],[11.09196,47.0912],[11.09105,47.08919],[11.09143,47.08898],[11.09143,47.08869],[11.09194,47.08874],[11.09222,47.08816],[11.09276,47.08824],[11.0936,47.08785],[11.09384,47.08734],[11.09384,47.08508],[11.09435,47.08338],[11.09595,47.0817],[11.09482,47.0783]]]}},{"type":"Feature","properties":{"piste:type":"skitour","osm":"way/53156048","length_km_in_region":1.3},"geometry":{"type":"MultiLineString","coordinates":[[[11.06814,47.10702],[11.06777,47.1079],[11.06817,47.10845],[11.06891,47.1087],[11.0685,47.10875],[11.06876,47.10896],[11.0684,47.10899],[11.06862,47.10915],[11.06815,47.10918],[11.0685,47.10999],[11.06765,47.11028],[11.0676,47.11076],[11.06708,47.11139],[11.06699,47.11221],[11.06653,47.11255],[11.06598,47.11279],[11.0644,47.11266],[11.0636,47.11279],[11.06286,47.11212],[11.06282,47.11178],[11.06269,47.11193],[11.06276,47.11101],[11.06241,47.11072]]]}},{"type":"Feature","properties":{"piste:type":"skitour","osm":"way/53156050","length_km_in_region":0.2},"geometry":{"type":"MultiLineString","coordinates":[[[11.07897,47.08054],[11.07975,47.07906]]]}},{"type":"Feature","properties":{"piste:type":"skitour","osm":"way/53156051","length_km_in_region":2.6},"geometry":{"type":"MultiLineString","coordinates":[[[11.06814,47.10702],[11.06877,47.1071],[11.06929,47.10684],[11.07046,47.10679],[11.07461,47.10745],[11.07704,47.10727],[11.07765,47.10739],[11.07767,47.10758],[11.0774,47.10765],[11.07758,47.10805],[11.07841,47.10854],[11.0815,47.10902],[11.08285,47.10904],[11.08534,47.10863],[11.08732,47.10887],[11.09508,47.10864],[11.09566,47.10845],[11.09664,47.10764],[11.09895,47.10761],[11.09997,47.10776]]]}},{"type":"Feature","properties":{"piste:type":"skitour","osm":"way/53156052","length_km_in_region":0.6},"geometry":{"type":"MultiLineString","coordinates":[[[11.07346,47.08356],[11.07516,47.08177],[11.07897,47.08054]]]}},{"type":"Feature","properties":{"piste:type":"skitour","osm":"way/53156057","length_km_in_region":2.2},"geometry":{"type":"MultiLineString","coordinates":[[[11.04338,47.09834],[11.04339,47.09987],[11.04287,47.1003],[11.04218,47.10061],[11.041,47.10059],[11.03834,47.10316],[11.03568,47.10439],[11.031,47.10328],[11.03031,47.10274],[11.02964,47.10275],[11.02983,47.10249],[11.02947,47.10256],[11.02957,47.1023],[11.02922,47.10241],[11.02938,47.10216],[11.02826,47.10228],[11.02707,47.10216],[11.02475,47.10143],[11.02275,47.10179],[11.0227,47.10131]]]}},{"type":"Feature","properties":{"piste:type":"skitour","osm":"way/53156058","length_km_in_region":1.8},"geometry":{"type":"MultiLineString","coordinates":[[[11.05429,47.0875],[11.05583,47.08742],[11.05739,47.08813],[11.05998,47.08809],[11.06272,47.08735],[11.06425,47.08558],[11.06542,47.08551],[11.06631,47.0852],[11.06955,47.08471],[11.0693,47.08436],[11.06941,47.08414],[11.07142,47.08465],[11.0729,47.084],[11.07346,47.08356]]]}},{"type":"Feature","properties":{"piste:type":"skitour","osm":"way/53156059","length_km_in_region":1.8},"geometry":{"type":"MultiLineString","coordinates":[[[11.04044,47.07979],[11.04125,47.08054],[11.04215,47.08071],[11.04239,47.08147],[11.04265,47.08105],[11.04276,47.08134],[11.04295,47.08107],[11.04295,47.08145],[11.04317,47.08125],[11.04322,47.08149],[11.04339,47.08137],[11.0451,47.08239],[11.04629,47.08265],[11.04912,47.084],[11.05305,47.08458],[11.05424,47.08501],[11.05467,47.08546],[11.05432,47.08529],[11.05451,47.0856],[11.05421,47.08539],[11.05442,47.08566],[11.0541,47.08551],[11.05426,47.08572],[11.05398,47.08565],[11.05408,47.08584],[11.05374,47.0857],[11.05357,47.086]]]}},{"type":"Feature","properties":{"piste:type":"skitour","osm":"way/53156068","length_km_in_region":2.7},"geometry":{"type":"MultiLineString","coordinates":[[[11.05459,47.09107],[11.05484,47.09193],[11.05462,47.09305],[11.05392,47.09406],[11.0532,47.09447],[11.05295,47.0958],[11.05317,47.09897],[11.05361,47.10036],[11.0535,47.10124],[11.05486,47.10149],[11.05621,47.10251],[11.05636,47.10294],[11.05895,47.10257],[11.06163,47.10252],[11.06258,47.10291],[11.06359,47.1039],[11.06451,47.10412],[11.06558,47.10412],[11.06785,47.10541],[11.0684,47.10616],[11.06814,47.10702]]]}},{"type":"Feature","properties":{"piste:type":"skitour","osm":"way/53156072","length_km_in_region":0.2},"geometry":{"type":"MultiLineString","coordinates":[[[11.07897,47.08054],[11.08124,47.07975]]]}},{"type":"Feature","properties":{"piste:type":"skitour","osm":"way/54678653","length_km_in_region":2.9},"geometry":{"type":"MultiLineString","coordinates":[[[11.13157,47.11223],[11.13105,47.11219],[11.13071,47.11249],[11.13032,47.11236],[11.1295,47.1125],[11.12893,47.11224],[11.12589,47.11202],[11.12197,47.11224],[11.11755,47.11211],[11.11409,47.1117],[11.11356,47.1113],[11.10887,47.10983],[11.10741,47.10911],[11.10447,47.1074],[11.10194,47.10554],[11.10146,47.10551],[11.10141,47.10597],[11.10106,47.1059],[11.10124,47.10623],[11.10102,47.10617],[11.10101,47.1066],[11.10056,47.10652],[11.10066,47.10674],[11.10026,47.10669],[11.09947,47.10701]]]}},{"type":"Feature","properties":{"sac_scale":"mountain_hiking","piste:type":"skitour","osm":"way/74062939","length_km_in_region":0.8},"geometry":{"type":"MultiLineString","coordinates":[[[11.30668,47.17838],[11.30662,47.17875],[11.30711,47.17925],[11.30746,47.18011],[11.30727,47.18106],[11.30611,47.18175],[11.30578,47.1825],[11.30495,47.18301],[11.30203,47.18367]]]}},{"type":"Feature","properties":{"piste:type":"skitour","osm":"way/93091878","length_km_in_region":3.3},"geometry":{"type":"MultiLineString","coordinates":[[[11.13182,47.12411],[11.1314,47.12365],[11.13021,47.12532],[11.12879,47.12541],[11.12782,47.12578],[11.12556,47.1259],[11.12115,47.12531],[11.11901,47.12474],[11.11537,47.12451],[11.1135,47.12418],[11.11192,47.12351],[11.10725,47.12309],[11.1056,47.12326],[11.10324,47.12422],[11.10076,47.12463],[11.0991,47.12523],[11.09672,47.12463],[11.09652,47.12427],[11.09667,47.12381],[11.09489,47.12278],[11.09473,47.12233],[11.0944,47.12217]]]}},{"type":"Feature","properties":{"piste:type":"skitour","osm":"way/93091890","length_km_in_region":2.8},"geometry":{"type":"MultiLineString","coordinates":[[[11.14233,47.14839],[11.14233,47.14866],[11.14344,47.14951],[11.14354,47.15024],[11.14503,47.15042],[11.14671,47.15104],[11.14742,47.15088],[11.1479,47.15046],[11.14863,47.15051],[11.14891,47.15006],[11.14944,47.15024],[11.15032,47.14912],[11.15099,47.14963],[11.15177,47.14936],[11.15244,47.14944],[11.15257,47.14895],[11.15353,47.14901],[11.15376,47.14832],[11.15431,47.14851],[11.15467,47.14844],[11.15501,47.14881],[11.15544,47.14841],[11.15801,47.14896],[11.15846,47.1492],[11.15891,47.14888],[11.1594,47.14925],[11.16326,47.14911],[11.16409,47.14979],[11.16651,47.14959],[11.16991,47.14754]]]}},{"type":"Feature","properties":{"piste:type":"skitour","osm":"way/93361599","length_km_in_region":1.5},"geometry":{"type":"MultiLineString","coordinates":[[[11.13684,47.08512],[11.1251,47.08672],[11.1185,47.08974]]]}},{"type":"Feature","properties":{"piste:type":"skitour","osm":"way/93361600","length_km_in_region":1.1},"geometry":{"type":"MultiLineString","coordinates":[[[11.11977,47.0932],[11.12182,47.0915],[11.12322,47.09124],[11.12592,47.09232],[11.13211,47.09155]]]}},{"type":"Feature","properties":{"piste:type":"skitour","osm":"way/93361601","length_km_in_region":3.1},"geometry":{"type":"MultiLineString","coordinates":[[[11.13497,47.11402],[11.1353,47.1133],[11.13512,47.11099],[11.13445,47.10998],[11.13472,47.10819],[11.13343,47.10404],[11.13228,47.1036],[11.13251,47.10237],[11.13223,47.10096],[11.13526,47.09768],[11.13567,47.09599],[11.13429,47.09309],[11.12881,47.0892]]]}},{"type":"Feature","properties":{"piste:type":"skitour","osm":"way/150715274","length_km_in_region":3.3},"geometry":{"type":"MultiLineString","coordinates":[[[11.51938,47.13061],[11.51715,47.13133],[11.51234,47.13247],[11.5112,47.13338],[11.51131,47.13409],[11.51281,47.13617],[11.51294,47.13784],[11.51363,47.13971],[11.51567,47.14163],[11.51541,47.14189],[11.51348,47.14211],[11.51172,47.14197],[11.51028,47.14214],[11.51017,47.14229],[11.51211,47.14356],[11.51389,47.14445],[11.51444,47.14541],[11.51565,47.14567],[11.5156,47.14637],[11.51859,47.14721],[11.51914,47.14792],[11.51791,47.14938]]]}},{"type":"Feature","properties":{"piste:type":"skitour","osm":"way/152187263","length_km_in_region":1.6},"geometry":{"type":"MultiLineString","coordinates":[[[11.4213,47.09675],[11.42198,47.09803],[11.42165,47.09855],[11.42089,47.09859],[11.42054,47.09932],[11.41971,47.09977],[11.41818,47.09982],[11.41805,47.10026],[11.41706,47.10031],[11.41648,47.10073],[11.41538,47.10334],[11.41459,47.10365],[11.41422,47.10426],[11.41295,47.10414],[11.41268,47.10459],[11.41152,47.10505],[11.4112,47.10546],[11.4116,47.10641]]]}},{"type":"Feature","properties":{"description":"Wetterkreuz Seapnalm Kreuzjöchl","sac_scale":"hiking","piste:type":"skitour","osm":"way/152224026","length_km_in_region":0.9},"geometry":{"type":"MultiLineString","coordinates":[[[11.54857,47.14503],[11.55062,47.14571],[11.55209,47.14582],[11.55274,47.14634],[11.55448,47.14632],[11.55569,47.14659],[11.55707,47.1475],[11.55673,47.14873]]]}},{"type":"Feature","properties":{"sac_scale":"mountain_hiking","piste:type":"skitour","osm":"way/152320683","length_km_in_region":0.1},"geometry":{"type":"MultiLineString","coordinates":[[[11.55788,47.13938],[11.5586,47.13913]]]}},{"type":"Feature","properties":{"piste:type":"skitour","piste:difficulty":"novice","osm":"way/154955280","length_km_in_region":1.6},"geometry":{"type":"MultiLineString","coordinates":[[[11.10462,47.3453],[11.10484,47.34515],[11.10935,47.34464],[11.11302,47.34399],[11.11392,47.34287],[11.11426,47.3428],[11.11476,47.34306],[11.11551,47.34396],[11.11607,47.34505],[11.11641,47.34674],[11.11615,47.34809],[11.1181,47.34911]]]}},{"type":"Feature","properties":{"sac_scale":"mountain_hiking","piste:type":"skitour","osm":"way/175467449","length_km_in_region":1.0},"geometry":{"type":"MultiLineString","coordinates":[[[11.5586,47.13913],[11.55934,47.13989],[11.5598,47.13942],[11.56079,47.14003],[11.56253,47.1403],[11.56376,47.1411],[11.565,47.1414],[11.56655,47.14229],[11.56762,47.14148],[11.56819,47.14141],[11.56854,47.14167]]]}},{"type":"Feature","properties":{"sac_scale":"mountain_hiking","piste:type":"skitour","osm":"way/175467464","length_km_in_region":0.5},"geometry":{"type":"MultiLineString","coordinates":[[[11.61301,47.14019],[11.61189,47.14127],[11.61105,47.14173],[11.61007,47.14279],[11.60948,47.14301],[11.60935,47.14337]]]}},{"type":"Feature","properties":{"piste:type":"skitour","piste:difficulty":"easy","osm":"way/257349312","length_km_in_region":0.1},"geometry":{"type":"MultiLineString","coordinates":[[[11.30817,47.20437],[11.30809,47.20391],[11.30907,47.20333]]]}},{"type":"Feature","properties":{"piste:type":"skitour","piste:difficulty":"intermediate","osm":"way/257349313","length_km_in_region":0.6},"geometry":{"type":"MultiLineString","coordinates":[[[11.29379,47.21579],[11.2944,47.21591],[11.29612,47.21508],[11.29637,47.21538],[11.29668,47.21519],[11.29682,47.21534],[11.29733,47.21516],[11.29797,47.21469],[11.29828,47.21468],[11.2983,47.21435],[11.29881,47.21414],[11.29891,47.21381]]]}},{"type":"Feature","properties":{"piste:type":"skitour","piste:difficulty":"easy","osm":"way/257349315","length_km_in_region":0.6},"geometry":{"type":"MultiLineString","coordinates":[[[11.28754,47.2174],[11.28967,47.21686],[11.29287,47.21552],[11.29352,47.21541],[11.29379,47.21579]]]}},{"type":"Feature","properties":{"piste:type":"skitour","piste:difficulty":"intermediate","osm":"way/258161283","length_km_in_region":0.5},"geometry":{"type":"MultiLineString","coordinates":[[[11.29891,47.21381],[11.29921,47.21363],[11.29964,47.21371],[11.30017,47.21289],[11.30103,47.21254],[11.30196,47.21067]]]}},{"type":"Feature","properties":{"piste:type":"skitour","osm":"way/332164320","length_km_in_region":0.4},"geometry":{"type":"MultiLineString","coordinates":[[[10.95427,47.35898],[10.95142,47.35764],[10.9498,47.35725]]]}},{"type":"Feature","properties":{"piste:type":"skitour","osm":"way/335952545","length_km_in_region":2.7},"geometry":{"type":"MultiLineString","coordinates":[[[11.1592,47.16486],[11.1609,47.163],[11.16297,47.16145],[11.16357,47.16041],[11.16487,47.15967],[11.16568,47.15962],[11.16564,47.15856],[11.16501,47.15756],[11.16515,47.1568],[11.16446,47.15596],[11.16467,47.15582],[11.16443,47.1554],[11.16465,47.15513],[11.16452,47.15487],[11.16147,47.15298],[11.16134,47.1527],[11.16214,47.15147],[11.16255,47.15156],[11.1628,47.15131],[11.16307,47.15136],[11.16328,47.15098],[11.16354,47.15103],[11.16449,47.15022],[11.1649,47.15042],[11.16546,47.15012],[11.16567,47.15028],[11.16813,47.14931],[11.16911,47.1486],[11.16991,47.14754]]]}},{"type":"Feature","properties":{"piste:type":"skitour","osm":"way/335952548","length_km_in_region":1.0},"geometry":{"type":"MultiLineString","coordinates":[[[11.1592,47.16486],[11.16037,47.16555],[11.16036,47.16703],[11.16095,47.16852],[11.16209,47.16944],[11.16141,47.16948],[11.1613,47.16979],[11.16085,47.16999],[11.15858,47.1707],[11.15767,47.17064]]]}},{"type":"Feature","properties":{"piste:type":"skitour","osm":"way/479959240","length_km_in_region":0.6},"geometry":{"type":"MultiLineString","coordinates":[[[11.16867,47.0842],[11.16945,47.08345],[11.16922,47.08257],[11.16982,47.08117],[11.17164,47.08]]]}},{"type":"Feature","properties":{"piste:type":"skitour","osm":"way/479964205","length_km_in_region":0.4},"geometry":{"type":"MultiLineString","coordinates":[[[11.16167,47.08156],[11.16081,47.081],[11.15918,47.0804],[11.15781,47.08019],[11.15784,47.07996]]]}},{"type":"Feature","properties":{"piste:type":"skitour","osm":"way/901381521","length_km_in_region":3.6},"geometry":{"type":"MultiLineString","coordinates":[[[11.42511,47.22148],[11.42529,47.21952],[11.42586,47.21805],[11.42617,47.21765],[11.4273,47.21707],[11.42796,47.21635],[11.42761,47.21555],[11.42693,47.21533],[11.42639,47.21484],[11.42606,47.21484],[11.42599,47.21208],[11.42645,47.2117],[11.42802,47.21145],[11.42867,47.21171],[11.43059,47.21181],[11.43147,47.21165],[11.43389,47.21225],[11.43548,47.21324],[11.43609,47.21318],[11.4366,47.21344],[11.44031,47.21207],[11.44241,47.21196],[11.445,47.21226],[11.44702,47.21165],[11.44847,47.21153],[11.45157,47.21218],[11.45316,47.2123],[11.45234,47.21029]]]}},{"type":"Feature","properties":{"piste:type":"skitour","piste:difficulty":"advanced","osm":"way/913675628","length_km_in_region":5.5},"geometry":{"type":"MultiLineString","coordinates":[[[11.54232,47.13056],[11.54436,47.13066],[11.54344,47.13006],[11.54475,47.13018],[11.5485,47.12974],[11.55217,47.12963],[11.55498,47.12921],[11.55711,47.12733],[11.55757,47.12657],[11.55782,47.12541],[11.55881,47.12464],[11.55942,47.12358],[11.55929,47.12277],[11.5588,47.12187],[11.55905,47.12072],[11.55834,47.12101],[11.55807,47.12051],[11.55794,47.12074],[11.55781,47.12035],[11.55759,47.12047],[11.55758,47.12021],[11.5574,47.12037],[11.55716,47.12006],[11.55692,47.12034],[11.55658,47.12021],[11.55647,47.12043],[11.55631,47.12023],[11.55571,47.12055],[11.55541,47.12034],[11.55513,47.12081],[11.55495,47.1207],[11.55492,47.12097],[11.55449,47.12112],[11.55412,47.12156],[11.55302,47.12071],[11.55252,47.12084],[11.55058,47.11986],[11.54947,47.11981],[11.54961,47.1196],[11.54916,47.11957],[11.5498,47.11883],[11.54902,47.11849],[11.54912,47.11812],[11.54967,47.11808],[11.54927,47.11755],[11.54962,47.1175],[11.54902,47.11723],[11.54942,47.11716],[11.54857,47.11533],[11.54762,47.11467],[11.54688,47.1131],[11.54709,47.11293],[11.5475,47.11107],[11.54797,47.11065],[11.54797,47.10979],[11.54831,47.10959],[11.5486,47.10899],[11.54865,47.10797],[11.54908,47.10803],[11.54949,47.10733],[11.54935,47.10712],[11.54962,47.10699],[11.54941,47.10681],[11.54959,47.10661],[11.54934,47.10578],[11.551,47.1054],[11.55251,47.10461]]]}},{"type":"Feature","properties":{"description":"Nur bei sicheren Verhältnissen!","piste:type":"skitour","piste:difficulty":"expert","osm":"way/914226234","length_km_in_region":1.1},"geometry":{"type":"MultiLineString","coordinates":[[[11.3124,47.18945],[11.31303,47.18976],[11.31335,47.18924],[11.31329,47.18882],[11.31427,47.18821],[11.31451,47.18761],[11.31556,47.18664],[11.31579,47.18668],[11.31593,47.18709],[11.31617,47.18688],[11.31674,47.18718],[11.31707,47.18707],[11.31707,47.18776],[11.31749,47.18837],[11.31768,47.18814],[11.318,47.18846],[11.3182,47.1881],[11.31853,47.1885],[11.31869,47.18816],[11.31906,47.18831],[11.31949,47.18808],[11.32006,47.18826]]]}},{"type":"Feature","properties":{"piste:type":"skitour","osm":"way/914226235","length_km_in_region":2.6},"geometry":{"type":"MultiLineString","coordinates":[[[11.30239,47.19546],[11.30188,47.19519],[11.30091,47.19621],[11.30003,47.19643],[11.29827,47.19644],[11.29847,47.19705],[11.29714,47.19763],[11.29537,47.19809],[11.29479,47.19799],[11.29506,47.19664],[11.29432,47.19586],[11.29249,47.19601],[11.292,47.1952],[11.2859,47.19103],[11.28501,47.19115],[11.28327,47.19032],[11.28158,47.18829],[11.28119,47.18663]]]}},{"type":"Feature","properties":{"piste:type":"skitour","osm":"way/914226236","length_km_in_region":2.6},"geometry":{"type":"MultiLineString","coordinates":[[[11.30057,47.18712],[11.29985,47.18638],[11.29876,47.18611],[11.29784,47.18613],[11.29782,47.18662],[11.29757,47.18675],[11.29676,47.18657],[11.29533,47.18556],[11.29465,47.18407],[11.29315,47.18257],[11.28969,47.18203],[11.28923,47.18108],[11.28856,47.1804],[11.28375,47.17937],[11.28281,47.17995],[11.28259,47.17933],[11.28276,47.17871],[11.28238,47.17865],[11.28141,47.17869],[11.281,47.17908],[11.28061,47.18038],[11.28082,47.18215],[11.28117,47.18306]]]}},{"type":"Feature","properties":{"piste:type":"skitour","osm":"way/914836577","length_km_in_region":2.1},"geometry":{"type":"MultiLineString","coordinates":[[[11.41002,47.11591],[11.40763,47.11305],[11.40715,47.11185],[11.40684,47.11173],[11.40694,47.11146],[11.40664,47.11127],[11.40687,47.11089],[11.40619,47.11068],[11.4064,47.11035],[11.40601,47.11008],[11.40602,47.10975],[11.40549,47.10955],[11.4057,47.10928],[11.40542,47.10908],[11.40577,47.10877],[11.40533,47.10853],[11.40568,47.10834],[11.40539,47.10821],[11.4058,47.10812],[11.4055,47.1076],[11.40607,47.1074],[11.40538,47.10701],[11.40542,47.10616],[11.40627,47.10612],[11.40624,47.10532],[11.40744,47.10528],[11.4081,47.10451],[11.40884,47.10459],[11.4116,47.10641]]]}},{"type":"Feature","properties":{"description":"Nach der Skisaison","piste:type":"skitour","piste:difficulty":"easy","osm":"way/934454690","length_km_in_region":3.2},"geometry":{"type":"MultiLineString","coordinates":[[[11.02449,47.21368],[11.02412,47.21313],[11.02407,47.21253],[11.02445,47.21251],[11.02455,47.2112],[11.02727,47.20987],[11.03102,47.20861],[11.03259,47.20729],[11.03389,47.20698],[11.03463,47.20633],[11.03528,47.2061],[11.03601,47.20514],[11.03586,47.20439],[11.03804,47.20421],[11.04025,47.20445],[11.04545,47.20366],[11.04684,47.20318],[11.0475,47.20273],[11.04754,47.20234],[11.04802,47.20249],[11.04823,47.20215],[11.04868,47.20231],[11.04891,47.20199],[11.04934,47.20217],[11.04952,47.20181],[11.04993,47.20201],[11.05014,47.20166],[11.0505,47.20191],[11.05077,47.20157],[11.05117,47.2018],[11.05145,47.20141],[11.05229,47.20206],[11.05222,47.20232],[11.05302,47.20264]]]}},{"type":"Feature","properties":{"piste:type":"skitour","osm":"way/1027469252","length_km_in_region":2.5},"geometry":{"type":"MultiLineString","coordinates":[[[11.12881,47.0892],[11.10582,47.07307]]]}},{"type":"Feature","properties":{"piste:type":"skitour","osm":"way/1028649771","length_km_in_region":2.3},"geometry":{"type":"MultiLineString","coordinates":[[[11.0624,47.19037],[11.06199,47.18935],[11.06281,47.18537],[11.06109,47.18403],[11.06153,47.18321],[11.0702,47.18096],[11.07069,47.18019],[11.07009,47.18005],[11.07025,47.17984],[11.06966,47.17972],[11.06978,47.17943],[11.06606,47.17683],[11.06482,47.17625]]]}},{"type":"Feature","properties":{"piste:type":"skitour","osm":"way/1028649772","length_km_in_region":1.4},"geometry":{"type":"MultiLineString","coordinates":[[[11.07164,47.19964],[11.0705,47.1963],[11.06438,47.19214],[11.06378,47.19134],[11.06401,47.19114],[11.06367,47.19113],[11.06392,47.19103],[11.06289,47.19093],[11.0624,47.19037]]]}},{"type":"Feature","properties":{"piste:type":"skitour","osm":"way/1028649773","length_km_in_region":0.9},"geometry":{"type":"MultiLineString","coordinates":[[[11.05185,47.18994],[11.04825,47.19052],[11.04617,47.19134],[11.04192,47.19412]]]}},{"type":"Feature","properties":{"piste:type":"skitour","osm":"way/1028649775","length_km_in_region":1.3},"geometry":{"type":"MultiLineString","coordinates":[[[11.06482,47.17625],[11.05602,47.17707],[11.05446,47.17741],[11.0496,47.17986]]]}},{"type":"Feature","properties":{"piste:type":"skitour","osm":"way/1028649776","length_km_in_region":1.4},"geometry":{"type":"MultiLineString","coordinates":[[[11.05185,47.18994],[11.04722,47.18841],[11.04734,47.18745],[11.04606,47.1872],[11.04652,47.18698],[11.04513,47.18713],[11.04203,47.18704],[11.04129,47.18565],[11.04414,47.18424],[11.04454,47.18435]]]}},{"type":"Feature","properties":{"piste:type":"skitour","osm":"way/1028649777","length_km_in_region":1.4},"geometry":{"type":"MultiLineString","coordinates":[[[11.06108,47.17227],[11.05074,47.17395],[11.0489,47.17396],[11.04937,47.17459],[11.04746,47.17476],[11.04822,47.17544],[11.04633,47.1755]]]}},{"type":"Feature","properties":{"piste:type":"skitour","osm":"way/1028649778","length_km_in_region":0.2},"geometry":{"type":"MultiLineString","coordinates":[[[11.05804,47.16648],[11.05829,47.16721],[11.05937,47.16774],[11.05956,47.16808]]]}},{"type":"Feature","properties":{"piste:type":"skitour","osm":"way/1028649786","length_km_in_region":0.1},"geometry":{"type":"MultiLineString","coordinates":[[[11.03937,47.19503],[11.03842,47.19431]]]}},{"type":"Feature","properties":{"piste:type":"skitour","osm":"way/1028649787","length_km_in_region":0.4},"geometry":{"type":"MultiLineString","coordinates":[[[11.04192,47.19412],[11.04123,47.19444],[11.04022,47.1941],[11.04038,47.19456],[11.03947,47.19442],[11.0397,47.19483],[11.03909,47.19465],[11.03937,47.19503]]]}},{"type":"Feature","properties":{"piste:type":"skitour","osm":"way/1028649788","length_km_in_region":0.5},"geometry":{"type":"MultiLineString","coordinates":[[[11.04192,47.19412],[11.04191,47.19489],[11.04147,47.1957],[11.04046,47.19624],[11.0415,47.1975],[11.04259,47.19783]]]}},{"type":"Feature","properties":{"piste:type":"skitour","osm":"way/1028649789","length_km_in_region":0.7},"geometry":{"type":"MultiLineString","coordinates":[[[11.0496,47.17986],[11.04683,47.18138],[11.04523,47.18299],[11.04591,47.18367],[11.04552,47.18414],[11.04454,47.18435]]]}},{"type":"Feature","properties":{"piste:type":"skitour","osm":"way/1028649791","length_km_in_region":0.2},"geometry":{"type":"MultiLineString","coordinates":[[[11.0551,47.16631],[11.05751,47.1663]]]}},{"type":"Feature","properties":{"piste:type":"skitour","osm":"way/1028649792","length_km_in_region":1.9},"geometry":{"type":"MultiLineString","coordinates":[[[11.05568,47.16501],[11.05626,47.16184],[11.05685,47.16025],[11.06223,47.15602],[11.06454,47.15484],[11.06759,47.15431],[11.07083,47.154]]]}},{"type":"Feature","properties":{"piste:type":"skitour","osm":"way/1028649793","length_km_in_region":1.4},"geometry":{"type":"MultiLineString","coordinates":[[[11.06187,47.15307],[11.06006,47.15255],[11.05896,47.15264],[11.05471,47.15349],[11.05537,47.15448],[11.05068,47.15477],[11.04959,47.15527],[11.04949,47.1565],[11.04983,47.15691],[11.04965,47.15719]]]}},{"type":"Feature","properties":{"piste:type":"skitour","osm":"way/1028649794","length_km_in_region":1.5},"geometry":{"type":"MultiLineString","coordinates":[[[11.06578,47.15416],[11.06381,47.15361],[11.06294,47.15252],[11.0633,47.15021],[11.06158,47.14898],[11.06231,47.14785],[11.06187,47.14679],[11.06104,47.14642],[11.05983,47.1462],[11.0629,47.14442]]]}},{"type":"Feature","properties":{"piste:type":"skitour","osm":"way/1028649795","length_km_in_region":0.6},"geometry":{"type":"MultiLineString","coordinates":[[[11.07388,47.15699],[11.07504,47.15753],[11.0763,47.15773],[11.07619,47.15683],[11.07929,47.15728],[11.07976,47.15762]]]}},{"type":"Feature","properties":{"piste:type":"skitour","osm":"way/1028649796","length_km_in_region":2.3},"geometry":{"type":"MultiLineString","coordinates":[[[11.07211,47.15494],[11.07146,47.15622],[11.07232,47.15919],[11.072,47.1615],[11.07462,47.16613],[11.07492,47.16706],[11.07191,47.16841],[11.07111,47.17119],[11.06973,47.17222],[11.06737,47.17223]]]}},{"type":"Feature","properties":{"piste:type":"skitour","osm":"way/1028649797","length_km_in_region":2.1},"geometry":{"type":"MultiLineString","coordinates":[[[11.07388,47.15699],[11.07405,47.15879],[11.07313,47.15838],[11.07312,47.15899],[11.07117,47.15971],[11.07064,47.1591],[11.06898,47.16054],[11.06713,47.16073],[11.06698,47.16196],[11.06568,47.16208],[11.06582,47.16303],[11.058,47.16448],[11.05846,47.16536],[11.05776,47.1658],[11.05804,47.16648]]]}},{"type":"Feature","properties":{"piste:type":"skitour","osm":"way/1028649800","length_km_in_region":2.3},"geometry":{"type":"MultiLineString","coordinates":[[[11.09669,47.17319],[11.09453,47.17377],[11.09119,47.1757],[11.08535,47.17592],[11.07708,47.17879],[11.07775,47.18008],[11.07774,47.18155],[11.07665,47.18338],[11.07721,47.18417]]]}},{"type":"Feature","properties":{"piste:type":"skitour","osm":"way/1044494371","length_km_in_region":1.0},"geometry":{"type":"MultiLineString","coordinates":[[[11.06187,47.15307],[11.05975,47.15099],[11.05882,47.14966],[11.05898,47.14896],[11.05773,47.14903],[11.05811,47.14819],[11.05523,47.14927]]]}},{"type":"Feature","properties":{"piste:type":"skitour","osm":"way/1044494372","length_km_in_region":1.1},"geometry":{"type":"MultiLineString","coordinates":[[[11.07224,47.15478],[11.07281,47.15149],[11.0719,47.14453]]]}},{"type":"Feature","properties":{"piste:type":"skitour","piste:difficulty":"expert","osm":"way/1044494373","length_km_in_region":2.1},"geometry":{"type":"MultiLineString","coordinates":[[[11.08088,47.13311],[11.07567,47.11883],[11.07104,47.11555]]]}},{"type":"Feature","properties":{"piste:type":"skitour","osm":"way/1044494374","length_km_in_region":1.8},"geometry":{"type":"MultiLineString","coordinates":[[[11.07983,47.1516],[11.08322,47.14597],[11.08175,47.13551]]]}},{"type":"Feature","properties":{"piste:type":"skitour","osm":"way/1044494376","length_km_in_region":0.4},"geometry":{"type":"MultiLineString","coordinates":[[[11.07104,47.11555],[11.06908,47.11363],[11.07,47.11244]]]}},{"type":"Feature","properties":{"piste:type":"skitour","osm":"way/1044494377","length_km_in_region":3.9},"geometry":{"type":"MultiLineString","coordinates":[[[11.1316,47.14813],[11.13219,47.14814],[11.13234,47.14795],[11.1306,47.14672],[11.12491,47.14397],[11.1212,47.14305],[11.11935,47.14178],[11.11437,47.14084],[11.10676,47.13778],[11.1052,47.13738],[11.10512,47.13664],[11.1037,47.13619],[11.10387,47.13514],[11.10214,47.13431],[11.10268,47.13363],[11.10165,47.13326],[11.10254,47.13263],[11.10152,47.13254],[11.1017,47.13208],[11.09787,47.13244],[11.09691,47.13236],[11.09501,47.13154]]]}},{"type":"Feature","properties":{"piste:type":"skitour","osm":"way/1044494378","length_km_in_region":3.4},"geometry":{"type":"MultiLineString","coordinates":[[[11.13266,47.14886],[11.13259,47.14949],[11.12983,47.15207],[11.12897,47.15151],[11.12857,47.15182],[11.12591,47.15188],[11.11665,47.14916],[11.11383,47.14988],[11.10985,47.14945],[11.10458,47.15132],[11.10207,47.15196],[11.09776,47.15389],[11.09604,47.15537],[11.0962,47.15586],[11.09565,47.15609]]]}},{"type":"Feature","properties":{"piste:type":"skitour","osm":"way/1044494379","length_km_in_region":1.2},"geometry":{"type":"MultiLineString","coordinates":[[[11.0719,47.14453],[11.06456,47.13519]]]}},{"type":"Feature","properties":{"piste:type":"skitour","osm":"way/1044494380","length_km_in_region":1.5},"geometry":{"type":"MultiLineString","coordinates":[[[11.0719,47.14453],[11.07669,47.13922],[11.07597,47.13216]]]}},{"type":"Feature","properties":{"piste:type":"skitour","osm":"way/1044494381","length_km_in_region":1.8},"geometry":{"type":"MultiLineString","coordinates":[[[11.07597,47.13216],[11.07421,47.12554],[11.06908,47.12398],[11.06275,47.12062]]]}},{"type":"Feature","properties":{"piste:type":"skitour","osm":"way/1044494394","length_km_in_region":1.6},"geometry":{"type":"MultiLineString","coordinates":[[[11.08088,47.13311],[11.08784,47.13062],[11.09165,47.12761],[11.09289,47.1222]]]}},{"type":"Feature","properties":{"sac_scale":"mountain_hiking","piste:type":"skitour","piste:difficulty":"easy","osm":"way/1049227043","length_km_in_region":0.2},"geometry":{"type":"MultiLineString","coordinates":[[[11.61021,47.16696],[11.61087,47.16807],[11.61078,47.16833]]]}},{"type":"Feature","properties":{"piste:type":"skitour","piste:difficulty":"easy","osm":"way/1049227044","length_km_in_region":5.8},"geometry":{"type":"MultiLineString","coordinates":[[[11.61078,47.16834],[11.60923,47.16892],[11.60875,47.1708],[11.60796,47.17138],[11.60884,47.17365],[11.60967,47.17444],[11.60901,47.17537],[11.60876,47.17682],[11.60683,47.17845],[11.60518,47.17791],[11.60459,47.17727],[11.60365,47.17752],[11.60469,47.17947],[11.60468,47.18024],[11.60556,47.18251],[11.60603,47.18274],[11.60719,47.18589],[11.60716,47.18612],[11.6067,47.18621],[11.60624,47.18525],[11.6058,47.18497],[11.60581,47.18757],[11.60612,47.1884],[11.60691,47.18944],[11.60694,47.19021],[11.60813,47.19274],[11.60857,47.19547],[11.60909,47.19666],[11.61134,47.19828],[11.61104,47.19842],[11.60975,47.19811],[11.60959,47.19829],[11.61242,47.20058],[11.61383,47.20127],[11.61684,47.20326],[11.61868,47.20367],[11.61926,47.20399],[11.61913,47.20419],[11.61784,47.20429],[11.61863,47.20469],[11.62011,47.20504]]]}},{"type":"Feature","properties":{"piste:type":"skitour","piste:difficulty":"easy","osm":"way/1049688573","length_km_in_region":1.9},"geometry":{"type":"MultiLineString","coordinates":[[[11.60801,47.153],[11.6084,47.1544],[11.60721,47.15567],[11.61204,47.16083],[11.61255,47.16187],[11.61431,47.16298],[11.61476,47.16348],[11.61479,47.16515],[11.61423,47.16576],[11.61443,47.16684],[11.61496,47.16779]]]}},{"type":"Feature","properties":{"piste:type":"skitour","osm":"way/1332480270","length_km_in_region":1.1},"geometry":{"type":"MultiLineString","coordinates":[[[10.97459,47.21381],[10.97467,47.21457],[10.97584,47.21458],[10.97726,47.21399],[10.98057,47.21392],[10.98152,47.21303],[10.98411,47.21246],[10.98716,47.21237]]]}},{"type":"Feature","properties":{"piste:type":"skitour","osm":"way/1332715242","length_km_in_region":1.8},"geometry":{"type":"MultiLineString","coordinates":[[[10.96208,47.20672],[10.96197,47.20777],[10.95931,47.20922],[10.96094,47.21139],[10.96356,47.21234],[10.96499,47.21566],[10.96846,47.21721],[10.97013,47.21905]]]}},{"type":"Feature","properties":{"piste:type":"skitour","osm":"way/1332715243","length_km_in_region":0.9},"geometry":{"type":"MultiLineString","coordinates":[[[10.96396,47.20461],[10.96657,47.20141],[10.96671,47.19913],[10.96778,47.19925],[10.96921,47.20006]]]}},{"type":"Feature","properties":{"piste:type":"skitour","piste:difficulty":"easy","osm":"way/1335560437","length_km_in_region":0.5},"geometry":{"type":"MultiLineString","coordinates":[[[11.61496,47.16779],[11.61844,47.16906],[11.62061,47.16946]]]}},{"type":"Feature","properties":{"piste:type":"skitour","piste:difficulty":"easy","osm":"way/1335560442","length_km_in_region":0.4},"geometry":{"type":"MultiLineString","coordinates":[[[11.61078,47.16834],[11.61155,47.16875],[11.61305,47.16874],[11.61292,47.16785],[11.61496,47.16779]]]}},{"type":"Feature","properties":{"piste:type":"skitour","piste:difficulty":"easy","osm":"way/1335560444","length_km_in_region":0.2},"geometry":{"type":"MultiLineString","coordinates":[[[11.61017,47.16695],[11.61078,47.16834]]]}},{"type":"Feature","properties":{"piste:type":"skitour","piste:difficulty":"easy","osm":"way/1335560448","length_km_in_region":0.8},"geometry":{"type":"MultiLineString","coordinates":[[[11.62105,47.13968],[11.61921,47.1396],[11.61789,47.13888],[11.61694,47.13949],[11.61517,47.13973],[11.61175,47.1414]]]}},{"type":"Feature","properties":{"piste:type":"skitour","piste:difficulty":"easy","osm":"way/1335560449","length_km_in_region":5.4},"geometry":{"type":"MultiLineString","coordinates":[[[11.59785,47.14993],[11.59726,47.15047],[11.59488,47.15073],[11.59394,47.15063],[11.59406,47.15009],[11.5935,47.14973],[11.58432,47.15156],[11.58228,47.15181],[11.58486,47.15235],[11.58405,47.15256],[11.58462,47.15317],[11.58188,47.15261],[11.57981,47.15279],[11.58115,47.153],[11.57867,47.1534],[11.57649,47.15458],[11.57507,47.155],[11.57398,47.15592],[11.57348,47.15584],[11.57225,47.15495],[11.56955,47.15461],[11.56755,47.15412],[11.5669,47.15357],[11.56631,47.15254],[11.56286,47.15137],[11.5602,47.15148],[11.55579,47.14921],[11.5566,47.14871],[11.55767,47.14765],[11.55629,47.14551],[11.55471,47.14477],[11.55403,47.14395],[11.55364,47.14215]]]}},{"type":"Feature","properties":{"piste:type":"skitour","osm":"way/1335560450","length_km_in_region":1.0},"geometry":{"type":"MultiLineString","coordinates":[[[11.59785,47.14993],[11.59931,47.14915],[11.60266,47.15042],[11.60379,47.15156],[11.60387,47.15252],[11.60645,47.15321],[11.60801,47.153]]]}},{"type":"Feature","properties":{"piste:type":"skitour","piste:difficulty":"easy","osm":"way/1335560451","length_km_in_region":1.7},"geometry":{"type":"MultiLineString","coordinates":[[[11.61175,47.1414],[11.60469,47.14321],[11.60153,47.14424],[11.59776,47.14472],[11.59806,47.14693],[11.59785,47.14993]]]}},{"type":"Feature","properties":{"piste:type":"skitour","piste:difficulty":"easy","osm":"way/1335560452","length_km_in_region":1.4},"geometry":{"type":"MultiLineString","coordinates":[[[11.61175,47.1414],[11.60952,47.1434],[11.6098,47.14624],[11.60979,47.15012],[11.60928,47.15169],[11.60801,47.153]]]}},{"type":"Feature","properties":{"piste:type":"skitour","osm":"way/1348562122","length_km_in_region":0.6},"geometry":{"type":"MultiLineString","coordinates":[[[11.30151,47.17794],[11.30076,47.17768],[11.30054,47.17816],[11.30027,47.17802],[11.30045,47.17976],[11.29933,47.17966],[11.29932,47.17985],[11.299,47.17972],[11.29859,47.17992],[11.29833,47.17974],[11.29815,47.17994],[11.29791,47.17988],[11.29781,47.18024]]]}},{"type":"Feature","properties":{"sac_scale":"mountain_hiking","piste:type":"skitour","osm":"way/1348562123","length_km_in_region":0.4},"geometry":{"type":"MultiLineString","coordinates":[[[11.30151,47.17794],[11.30272,47.17848],[11.30668,47.17838]]]}},{"type":"Feature","properties":{"piste:type":"skitour","osm":"way/1348722220","length_km_in_region":1.2},"geometry":{"type":"MultiLineString","coordinates":[[[11.30398,47.19496],[11.30903,47.19586],[11.3102,47.19482],[11.31014,47.19454],[11.31077,47.19425],[11.3113,47.19423],[11.31212,47.19521],[11.31366,47.19455],[11.31427,47.19447],[11.31652,47.19478]]]}},{"type":"Feature","properties":{"piste:type":"skitour","osm":"way/1348722221","length_km_in_region":0.6},"geometry":{"type":"MultiLineString","coordinates":[[[11.31014,47.19454],[11.30924,47.19409],[11.30859,47.19348],[11.3077,47.19392],[11.30593,47.19403],[11.30404,47.19368],[11.30347,47.19403]]]}},{"type":"Feature","properties":{"piste:type":"skitour","piste:difficulty":"intermediate","osm":"way/1370378469","length_km_in_region":0.9},"geometry":{"type":"MultiLineString","coordinates":[[[11.30196,47.21067],[11.30246,47.20963],[11.30278,47.20953],[11.30311,47.2089],[11.30484,47.20723],[11.30504,47.20658],[11.30692,47.20552],[11.30779,47.20388],[11.30809,47.20391]]]}},{"type":"Feature","properties":{"piste:type":"skitour","osm":"way/1370379607","length_km_in_region":0.7},"geometry":{"type":"MultiLineString","coordinates":[[[10.97263,47.20744],[10.97376,47.20729],[10.97481,47.20755],[10.97827,47.20761],[10.97948,47.20696],[10.98048,47.20564]]]}},{"type":"Feature","properties":{"piste:type":"skitour","osm":"way/1370381490","length_km_in_region":1.8},"geometry":{"type":"MultiLineString","coordinates":[[[10.97013,47.21905],[10.97007,47.21801],[10.96933,47.21697],[10.97041,47.21601],[10.96862,47.21386],[10.96964,47.21158],[10.96823,47.20886],[10.96396,47.20461]]]}},{"type":"Feature","properties":{"piste:type":"skitour","osm":"way/1375917781","length_km_in_region":1.3},"geometry":{"type":"MultiLineString","coordinates":[[[11.08689,47.16361],[11.08915,47.1668],[11.09005,47.16713],[11.09155,47.16919],[11.09567,47.17205],[11.09669,47.17319]]]}},{"type":"Feature","properties":{"piste:type":"skitour","osm":"way/1375921471","length_km_in_region":2.2},"geometry":{"type":"MultiLineString","coordinates":[[[11.07983,47.1516],[11.08335,47.15238],[11.0842,47.15153],[11.08708,47.15208],[11.09035,47.1516],[11.09341,47.15217],[11.09555,47.15169],[11.09581,47.15027],[11.09524,47.14945],[11.09628,47.1491],[11.09663,47.14742],[11.09608,47.14492],[11.09522,47.14379]]]}},{"type":"Feature","properties":{"sac_scale":"hiking","piste:type":"skitour","piste:difficulty":"easy","osm":"way/1410819616","length_km_in_region":0.0},"geometry":{"type":"MultiLineString","coordinates":[[[11.46133,47.20824],[11.46135,47.20838]]]}},{"type":"Feature","properties":{"piste:type":"skitour","piste:difficulty":"easy","osm":"way/1463906324","length_km_in_region":0.0},"geometry":{"type":"MultiLineString","coordinates":[[[11.45218,47.21023],[11.45234,47.21029]]]}},{"type":"Feature","properties":{"piste:type":"skitour","osm":"way/1466759072","length_km_in_region":0.1},"geometry":{"type":"MultiLineString","coordinates":[[[11.39933,47.14606],[11.39905,47.14526]]]}},{"type":"Feature","properties":{"piste:type":"skitour","osm":"way/1466759078","length_km_in_region":0.0},"geometry":{"type":"MultiLineString","coordinates":[[[11.40018,47.14336],[11.40046,47.14334]]]}},{"type":"Feature","properties":{"piste:type":"skitour","osm":"way/1466759079","length_km_in_region":0.0},"geometry":{"type":"MultiLineString","coordinates":[[[11.40095,47.14977],[11.40121,47.14992]]]}},{"type":"Feature","properties":{"piste:type":"skitour","osm":"way/1466759084","length_km_in_region":0.0},"geometry":{"type":"MultiLineString","coordinates":[[[11.38679,47.16259],[11.38714,47.16229]]]}},{"type":"Feature","properties":{"piste:type":"skitour","osm":"way/1466759089","length_km_in_region":0.1},"geometry":{"type":"MultiLineString","coordinates":[[[11.38696,47.15734],[11.38738,47.15696]]]}},{"type":"Feature","properties":{"piste:type":"skitour","osm":"way/1466759093","length_km_in_region":0.6},"geometry":{"type":"MultiLineString","coordinates":[[[11.38999,47.15892],[11.39185,47.15837],[11.39222,47.1567],[11.39337,47.15514],[11.39453,47.1547]]]}},{"type":"Feature","properties":{"piste:type":"skitour","osm":"way/1466759096","length_km_in_region":0.6},"geometry":{"type":"MultiLineString","coordinates":[[[11.39526,47.15004],[11.39675,47.1467],[11.39821,47.14613],[11.39905,47.14526]]]}},{"type":"Feature","properties":{"piste:type":"skitour","osm":"way/1466768137","length_km_in_region":1.6},"geometry":{"type":"MultiLineString","coordinates":[[[11.28766,47.14201],[11.28697,47.14004],[11.28588,47.13946],[11.28398,47.13936],[11.28387,47.13854],[11.2841,47.13782],[11.28548,47.13675],[11.28564,47.13599],[11.28512,47.13493],[11.28029,47.13511],[11.27988,47.13415],[11.28013,47.13348],[11.28101,47.13336]]]}},{"type":"Feature","properties":{"piste:type":"skitour","osm":"way/1466768138","length_km_in_region":0.6},"geometry":{"type":"MultiLineString","coordinates":[[[11.28029,47.13511],[11.28068,47.13676],[11.282,47.13851],[11.28398,47.13936]]]}},{"type":"Feature","properties":{"piste:type":"skitour","osm":"way/1466768141","length_km_in_region":0.1},"geometry":{"type":"MultiLineString","coordinates":[[[11.3017,47.15419],[11.30087,47.15389]]]}},{"type":"Feature","properties":{"piste:type":"skitour","osm":"way/1466768143","length_km_in_region":1.3},"geometry":{"type":"MultiLineString","coordinates":[[[11.29763,47.15796],[11.29651,47.15798],[11.29483,47.15762],[11.29353,47.15779],[11.29168,47.15876],[11.29043,47.15919],[11.288,47.15937],[11.28704,47.1602],[11.28488,47.16119],[11.28201,47.16208]]]}},{"type":"Feature","properties":{"piste:type":"skitour","osm":"way/1466961146","length_km_in_region":3.1},"geometry":{"type":"MultiLineString","coordinates":[[[11.49013,47.20699],[11.48728,47.2044],[11.48786,47.20336],[11.48752,47.2024],[11.48944,47.19787],[11.49633,47.19553],[11.50372,47.18773],[11.5053,47.18705],[11.50757,47.18719],[11.50842,47.18742]]]}},{"type":"Feature","properties":{"piste:type":"skitour","osm":"way/1466961149","length_km_in_region":0.5},"geometry":{"type":"MultiLineString","coordinates":[[[11.46267,47.20806],[11.46376,47.20805],[11.46487,47.20826],[11.46828,47.20992]]]}},{"type":"Feature","properties":{"piste:type":"skitour","osm":"way/1466961150","length_km_in_region":0.5},"geometry":{"type":"MultiLineString","coordinates":[[[11.46828,47.20992],[11.47006,47.21027],[11.47277,47.2103],[11.47381,47.21111]]]}},{"type":"Feature","properties":{"piste:type":"skitour","osm":"way/1466961152","length_km_in_region":1.5},"geometry":{"type":"MultiLineString","coordinates":[[[11.49685,47.21248],[11.4984,47.21229],[11.50063,47.21271],[11.50111,47.2125],[11.50657,47.21268],[11.50987,47.21246],[11.51301,47.21178],[11.51418,47.2118],[11.51594,47.21218]]]}},{"type":"Feature","properties":{"piste:type":"skitour","osm":"way/1467233882","length_km_in_region":0.1},"geometry":{"type":"MultiLineString","coordinates":[[[11.09947,47.10701],[11.09997,47.10776]]]}},{"type":"Feature","properties":{"piste:type":"skitour","osm":"way/1467233884","length_km_in_region":1.2},"geometry":{"type":"MultiLineString","coordinates":[[[11.1185,47.08974],[11.11779,47.09092],[11.12094,47.09094],[11.11977,47.0932],[11.1162,47.09415],[11.11405,47.09454],[11.11402,47.0951]]]}},{"type":"Feature","properties":{"piste:type":"skitour","osm":"way/1467233885","length_km_in_region":1.0},"geometry":{"type":"MultiLineString","coordinates":[[[11.1185,47.08974],[11.11654,47.09041],[11.11466,47.09038],[11.1135,47.08988],[11.11288,47.08925],[11.11268,47.08855],[11.11328,47.08758],[11.11165,47.0875],[11.11066,47.08776],[11.11102,47.08821],[11.11086,47.0884]]]}},{"type":"Feature","properties":{"piste:type":"skitour","osm":"way/1467233886","length_km_in_region":0.8},"geometry":{"type":"MultiLineString","coordinates":[[[11.12881,47.0892],[11.12468,47.0885],[11.1185,47.08974]]]}},{"type":"Feature","properties":{"piste:type":"skitour","osm":"way/1467233889","length_km_in_region":2.9},"geometry":{"type":"MultiLineString","coordinates":[[[11.16761,47.08518],[11.16699,47.08517],[11.16456,47.0843],[11.16092,47.08539],[11.15986,47.08456],[11.15881,47.08419],[11.1572,47.08536],[11.15691,47.08534],[11.15379,47.08426],[11.1521,47.08405],[11.1481,47.08392],[11.14567,47.08357],[11.14261,47.08266],[11.14029,47.08242],[11.13843,47.08277],[11.13956,47.08402],[11.13778,47.08413],[11.13805,47.08461],[11.13701,47.08453]]]}},{"type":"Feature","properties":{"piste:type":"skitour","osm":"way/1467530993","length_km_in_region":0.6},"geometry":{"type":"MultiLineString","coordinates":[[[11.54846,47.14503],[11.54895,47.14476],[11.54854,47.14424],[11.54913,47.14376],[11.55299,47.14165]]]}},{"type":"Feature","properties":{"piste:type":"skitour","osm":"way/1467535595","length_km_in_region":0.4},"geometry":{"type":"MultiLineString","coordinates":[[[11.61446,47.22558],[11.61376,47.22607],[11.61024,47.22676]]]}},{"type":"Feature","properties":{"piste:type":"skitour","osm":"way/1467535598","length_km_in_region":0.5},"geometry":{"type":"MultiLineString","coordinates":[[[11.60813,47.23013],[11.60787,47.23037],[11.60673,47.23001],[11.60353,47.22833],[11.60251,47.22759]]]}},{"type":"Feature","properties":{"piste:type":"skitour","osm":"way/1467535602","length_km_in_region":0.1},"geometry":{"type":"MultiLineString","coordinates":[[[11.60222,47.22241],[11.60095,47.22141]]]}},{"type":"Feature","properties":{"piste:type":"skitour","osm":"way/1467535605","length_km_in_region":2.6},"geometry":{"type":"MultiLineString","coordinates":[[[11.59986,47.21828],[11.59843,47.21546],[11.59509,47.21354],[11.59154,47.20992],[11.58823,47.20763],[11.58763,47.20641],[11.58544,47.20332],[11.58457,47.20146],[11.58477,47.20065],[11.58694,47.20009],[11.58825,47.20036],[11.58845,47.20061]]]}},{"type":"Feature","properties":{"piste:type":"skitour","osm":"way/1467556336","length_km_in_region":0.2},"geometry":{"type":"MultiLineString","coordinates":[[[11.32257,47.19102],[11.32348,47.19115],[11.3245,47.19214],[11.32471,47.19211]]]}},{"type":"Feature","properties":{"description":"Nur bei sicheren Verhältnissen!","piste:type":"skitour","piste:difficulty":"expert","osm":"way/1467556337","length_km_in_region":0.1},"geometry":{"type":"MultiLineString","coordinates":[[[11.32239,47.1904],[11.32257,47.19102]]]}},{"type":"Feature","properties":{"piste:type":"skitour","osm":"way/1467556341","length_km_in_region":0.6},"geometry":{"type":"MultiLineString","coordinates":[[[11.30383,47.19163],[11.30512,47.19138],[11.30645,47.19221],[11.30821,47.1912],[11.3083,47.19174],[11.30982,47.19134],[11.3099,47.19115]]]}},{"type":"Feature","properties":{"piste:type":"skitour","osm":"way/1467556344","length_km_in_region":0.2},"geometry":{"type":"MultiLineString","coordinates":[[[11.30312,47.1933],[11.30325,47.19162],[11.30383,47.19163]]]}},{"type":"Feature","properties":{"piste:type":"skitour","osm":"way/1467556346","length_km_in_region":0.0},"geometry":{"type":"MultiLineString","coordinates":[[[11.27988,47.19328],[11.27995,47.19307]]]}},{"type":"Feature","properties":{"piste:type":"skitour","osm":"way/1467556351","length_km_in_region":0.1},"geometry":{"type":"MultiLineString","coordinates":[[[11.2804,47.19141],[11.28025,47.19029]]]}},{"type":"Feature","properties":{"piste:type":"skitour","osm":"way/1467556354","length_km_in_region":0.4},"geometry":{"type":"MultiLineString","coordinates":[[[11.28119,47.18663],[11.28069,47.18635],[11.28039,47.18549],[11.28116,47.18308]]]}},{"type":"Feature","properties":{"piste:type":"skitour","osm":"way/1468446675","length_km_in_region":0.2},"geometry":{"type":"MultiLineString","coordinates":[[[11.14008,47.1486],[11.14182,47.14778],[11.14232,47.14808],[11.14234,47.14836]]]}},{"type":"Feature","properties":{"piste:type":"skitour","osm":"way/1468446679","length_km_in_region":0.7},"geometry":{"type":"MultiLineString","coordinates":[[[11.15298,47.16686],[11.15374,47.1672],[11.15505,47.16614],[11.15569,47.16595],[11.15643,47.16586],[11.15673,47.16633],[11.15915,47.16607],[11.15954,47.16578],[11.1592,47.16486]]]}},{"type":"Feature","properties":{"piste:type":"skitour","osm":"way/1468460678","length_km_in_region":0.3},"geometry":{"type":"MultiLineString","coordinates":[[[10.95427,47.35898],[10.95635,47.36088]]]}},{"type":"Feature","properties":{"piste:type":"skitour","osm":"way/1468691001","length_km_in_region":1.1},"geometry":{"type":"MultiLineString","coordinates":[[[10.97013,47.21905],[10.97327,47.22138],[10.97455,47.22123],[10.97508,47.22181],[10.9757,47.22163],[10.97644,47.22274],[10.97733,47.22266],[10.97784,47.22297],[10.97894,47.22278],[10.97936,47.22324],[10.9793,47.22407]]]}},{"type":"Feature","properties":{"piste:type":"skitour","osm":"way/1468691002","length_km_in_region":1.4},"geometry":{"type":"MultiLineString","coordinates":[[[10.94928,47.20456],[10.951,47.20481],[10.95338,47.20427],[10.9538,47.20334],[10.9559,47.20267],[10.95832,47.20253],[10.95978,47.20312],[10.96083,47.20423],[10.96168,47.2053],[10.96208,47.20672]]]}},{"type":"Feature","properties":{"piste:type":"skitour","osm":"way/1468691003","length_km_in_region":0.3},"geometry":{"type":"MultiLineString","coordinates":[[[10.96208,47.20672],[10.96396,47.20461]]]}},{"type":"Feature","properties":{"piste:type":"skitour","osm":"way/1468691004","length_km_in_region":1.1},"geometry":{"type":"MultiLineString","coordinates":[[[10.98812,47.21256],[10.9893,47.2128],[10.99032,47.21251],[10.99229,47.21151],[10.99615,47.21095],[10.99666,47.21169],[10.99957,47.2143]]]}},{"type":"Feature","properties":{"piste:type":"skitour","osm":"way/1468691005","length_km_in_region":0.1},"geometry":{"type":"MultiLineString","coordinates":[[[10.98716,47.21237],[10.98812,47.21256]]]}},{"type":"Feature","properties":{"piste:type":"skitour","osm":"way/1468691006","length_km_in_region":1.0},"geometry":{"type":"MultiLineString","coordinates":[[[10.98716,47.21237],[10.98653,47.21124],[10.98656,47.21025],[10.98601,47.20931],[10.98555,47.20905],[10.98499,47.20764],[10.98318,47.20589],[10.98238,47.20622],[10.98048,47.20564]]]}},{"type":"Feature","properties":{"piste:type":"skitour","osm":"way/1468691007","length_km_in_region":1.2},"geometry":{"type":"MultiLineString","coordinates":[[[10.98048,47.20564],[10.98245,47.20476],[10.98536,47.2063],[10.9861,47.20814],[10.98639,47.20969],[10.98713,47.2099],[10.98755,47.21124],[10.98738,47.2117],[10.98784,47.21197],[10.98812,47.21256]]]}},{"type":"Feature","properties":{"piste:type":"skitour","osm":"way/1468691008","length_km_in_region":0.8},"geometry":{"type":"MultiLineString","coordinates":[[[10.9778,47.20538],[10.97725,47.2046],[10.97633,47.20526],[10.97366,47.20519],[10.97353,47.20574],[10.97226,47.2061],[10.97366,47.20658],[10.97359,47.20702],[10.97263,47.20744]]]}},{"type":"Feature","properties":{"piste:type":"skitour","osm":"way/1468691009","length_km_in_region":0.2},"geometry":{"type":"MultiLineString","coordinates":[[[10.98048,47.20564],[10.9778,47.20538]]]}},{"type":"Feature","properties":{"piste:type":"skitour","piste:difficulty":"expert","osm":"way/1468706899","length_km_in_region":0.3},"geometry":{"type":"MultiLineString","coordinates":[[[11.08175,47.13551],[11.08088,47.13311]]]}},{"type":"Feature","properties":{"piste:type":"skitour","osm":"way/1468706900","length_km_in_region":1.4},"geometry":{"type":"MultiLineString","coordinates":[[[11.07597,47.13216],[11.0621,47.12414]]]}},{"type":"Feature","properties":{"piste:type":"skitour","osm":"way/1468706901","length_km_in_region":0.1},"geometry":{"type":"MultiLineString","coordinates":[[[11.07224,47.15478],[11.07083,47.154]]]}},{"type":"Feature","properties":{"piste:type":"skitour","osm":"way/1468706902","length_km_in_region":0.0},"geometry":{"type":"MultiLineString","coordinates":[[[11.07224,47.15478],[11.07211,47.15494]]]}},{"type":"Feature","properties":{"piste:type":"skitour","piste:difficulty":"expert","osm":"way/1468706903","length_km_in_region":0.4},"geometry":{"type":"MultiLineString","coordinates":[[[11.07104,47.11555],[11.06631,47.11417]]]}},{"type":"Feature","properties":{"piste:type":"skitour","osm":"way/1468706904","length_km_in_region":0.3},"geometry":{"type":"MultiLineString","coordinates":[[[11.06578,47.15416],[11.06412,47.15426],[11.06331,47.15413],[11.06187,47.15307]]]}},{"type":"Feature","properties":{"piste:type":"skitour","osm":"way/1468706905","length_km_in_region":0.5},"geometry":{"type":"MultiLineString","coordinates":[[[11.07083,47.154],[11.06972,47.15338],[11.06794,47.15303],[11.06641,47.15349],[11.06578,47.15416]]]}},{"type":"Feature","properties":{"piste:type":"skitour","osm":"way/1468706906","length_km_in_region":0.8},"geometry":{"type":"MultiLineString","coordinates":[[[11.05439,47.16572],[11.05323,47.16562],[11.0526,47.16581],[11.05017,47.16539],[11.04859,47.16493],[11.04726,47.16427],[11.04747,47.16416],[11.04703,47.16409],[11.04736,47.164],[11.04693,47.16393],[11.04783,47.16349]]]}},{"type":"Feature","properties":{"piste:type":"skitour","osm":"way/1468706907","length_km_in_region":0.1},"geometry":{"type":"MultiLineString","coordinates":[[[11.0551,47.16631],[11.05439,47.16572]]]}},{"type":"Feature","properties":{"piste:type":"skitour","osm":"way/1468706908","length_km_in_region":0.1},"geometry":{"type":"MultiLineString","coordinates":[[[11.05439,47.16572],[11.05568,47.16501]]]}},{"type":"Feature","properties":{"piste:type":"skitour","osm":"way/1468706909","length_km_in_region":0.2},"geometry":{"type":"MultiLineString","coordinates":[[[11.05568,47.16501],[11.05582,47.16526],[11.05655,47.16538],[11.05751,47.1663]]]}},{"type":"Feature","properties":{"piste:type":"skitour","osm":"way/1468706910","length_km_in_region":0.0},"geometry":{"type":"MultiLineString","coordinates":[[[11.05751,47.1663],[11.05804,47.16648]]]}},{"type":"Feature","properties":{"piste:type":"skitour","osm":"way/1468706911","length_km_in_region":0.3},"geometry":{"type":"MultiLineString","coordinates":[[[11.07211,47.15494],[11.07256,47.15576],[11.07388,47.15699]]]}},{"type":"Feature","properties":{"piste:type":"skitour","osm":"way/1468706912","length_km_in_region":0.9},"geometry":{"type":"MultiLineString","coordinates":[[[11.06108,47.17227],[11.05947,47.17109],[11.05803,47.16964],[11.05804,47.1693],[11.05608,47.16905],[11.05481,47.16836],[11.0551,47.16631]]]}},{"type":"Feature","properties":{"piste:type":"skitour","osm":"way/1468706913","length_km_in_region":0.9},"geometry":{"type":"MultiLineString","coordinates":[[[11.0624,47.19037],[11.06181,47.18953],[11.05378,47.18964],[11.05185,47.18994]]]}},{"type":"Feature","properties":{"piste:type":"skitour","osm":"way/1468706914","length_km_in_region":0.5},"geometry":{"type":"MultiLineString","coordinates":[[[11.08408,47.20741],[11.08334,47.2067],[11.0806,47.20539],[11.07953,47.20464]]]}},{"type":"Feature","properties":{"piste:type":"skitour","osm":"way/1468706920","length_km_in_region":0.6},"geometry":{"type":"MultiLineString","coordinates":[[[11.0496,47.17986],[11.04854,47.1796],[11.04529,47.17949],[11.04513,47.17966],[11.04477,47.17958],[11.04467,47.17975],[11.04424,47.17969],[11.04419,47.17993],[11.04354,47.17999],[11.043,47.18074]]]}},{"type":"Feature","properties":{"piste:type":"skitour","osm":"way/1468706922","length_km_in_region":0.5},"geometry":{"type":"MultiLineString","coordinates":[[[11.06482,47.17625],[11.06406,47.17589],[11.06175,47.17408],[11.06108,47.17227]]]}},{"type":"Feature","properties":{"piste:type":"skitour","osm":"way/1468706923","length_km_in_region":0.7},"geometry":{"type":"MultiLineString","coordinates":[[[11.07976,47.15762],[11.07816,47.15539],[11.07983,47.1516]]]}},{"type":"Feature","properties":{"piste:type":"skitour","osm":"way/1468751844","length_km_in_region":0.0},"geometry":{"type":"MultiLineString","coordinates":[[[11.30057,47.18712],[11.30056,47.18701]]]}},{"type":"Feature","properties":{"piste:type":"skitour","osm":"way/1468751847","length_km_in_region":0.6},"geometry":{"type":"MultiLineString","coordinates":[[[11.30383,47.19163],[11.30404,47.19042],[11.3029,47.18924],[11.3026,47.1886],[11.30057,47.18712]]]}},{"type":"Feature","properties":{"piste:type":"skitour","osm":"way/1468751848","length_km_in_region":0.2},"geometry":{"type":"MultiLineString","coordinates":[[[11.44756,47.12235],[11.44597,47.1229],[11.4454,47.12342]]]}},{"type":"Feature","properties":{"piste:type":"skitour","osm":"way/1468751850","length_km_in_region":1.0},"geometry":{"type":"MultiLineString","coordinates":[[[11.44271,47.12408],[11.4392,47.12353],[11.4367,47.12427],[11.43567,47.12398],[11.43527,47.12407],[11.43453,47.12741],[11.43399,47.12774]]]}},{"type":"Feature","properties":{"piste:type":"skitour","osm":"way/1468751852","length_km_in_region":0.5},"geometry":{"type":"MultiLineString","coordinates":[[[11.42359,47.12161],[11.42311,47.12151],[11.42304,47.12061],[11.42169,47.1216],[11.42119,47.12165],[11.4205,47.12038]]]}},{"type":"Feature","properties":{"piste:type":"skitour","osm":"way/1468751858","length_km_in_region":0.8},"geometry":{"type":"MultiLineString","coordinates":[[[11.58485,47.24392],[11.58492,47.24359],[11.58464,47.24344],[11.5855,47.24309],[11.58641,47.24235],[11.58799,47.2423],[11.5897,47.24261],[11.59226,47.24214],[11.5925,47.24169]]]}},{"type":"Feature","properties":{"description":"Skitour-Aufstiegsroute Seduck - Franz-Senn-Hütte","piste:type":"skitour","osm":"relation/18815046","length_km_in_region":6.6},"geometry":{"type":"MultiLineString","coordinates":[[[11.22383,47.10898],[11.22463,47.10939],[11.22481,47.10979],[11.22635,47.1105],[11.2277,47.11054],[11.23109,47.11174],[11.23232,47.11367],[11.23389,47.1141]],[[11.22383,47.10898],[11.22374,47.10902]],[[11.22374,47.10902],[11.22364,47.10907]],[[11.22364,47.10907],[11.22358,47.1091]],[[11.22358,47.1091],[11.22266,47.10827],[11.22126,47.10757],[11.21894,47.10721],[11.21687,47.10508]],[[11.21687,47.10508],[11.21693,47.10501]],[[11.21693,47.10501],[11.21702,47.10495]],[[11.21702,47.10495],[11.21737,47.10479]],[[11.21277,47.10237],[11.21697,47.10431],[11.21737,47.10479]],[[11.20744,47.09989],[11.20903,47.10044],[11.21025,47.10122],[11.21243,47.10205],[11.21277,47.10237]],[[11.20717,47.09993],[11.20744,47.09989]],[[11.20148,47.09879],[11.20185,47.09907],[11.20403,47.09945],[11.20624,47.10039],[11.20667,47.10003],[11.20717,47.09993]],[[11.20137,47.09864],[11.20148,47.09879]],[[11.19593,47.09513],[11.19764,47.0964],[11.20002,47.0976],[11.20137,47.09864]],[[11.19385,47.09482],[11.19557,47.09495],[11.19593,47.09513]],[[11.19385,47.09482],[11.19352,47.09484]],[[11.19305,47.09481],[11.19352,47.09484]],[[11.19305,47.09481],[11.19142,47.09469],[11.19054,47.09483]],[[11.19054,47.09483],[11.19049,47.09486]],[[11.19049,47.09486],[11.1899,47.09518],[11.18939,47.09521],[11.18856,47.09477]],[[11.18856,47.09477],[11.18853,47.09475]],[[11.18853,47.09475],[11.18816,47.09445]],[[11.18816,47.09445],[11.18812,47.09443]],[[11.18812,47.09443],[11.18685,47.09369]],[[11.18685,47.09369],[11.1849,47.0918],[11.18469,47.09145],[11.1848,47.09107],[11.1836,47.09005],[11.18377,47.0898],[11.18347,47.08963],[11.18285,47.08956],[11.18279,47.08981],[11.17979,47.08917],[11.17919,47.08922],[11.17783,47.08895],[11.17548,47.08921]],[[11.17548,47.08921],[11.17498,47.08905]],[[11.17498,47.08905],[11.17492,47.08899]],[[11.17492,47.08899],[11.1749,47.08897]],[[11.1749,47.08897],[11.17304,47.08823],[11.17196,47.08814],[11.17152,47.08766]],[[11.17152,47.08766],[11.17153,47.08762]],[[11.17153,47.08762],[11.1713,47.08698],[11.17087,47.08689],[11.17088,47.08642],[11.16996,47.0857],[11.16956,47.08566]],[[11.16956,47.08566],[11.16951,47.08559]],[[11.16951,47.08559],[11.16909,47.08507],[11.16854,47.08493]]]}},{"type":"Feature","properties":{"name":"Alpenbad","ref":"A6","distance":"5.6","piste:type":"nordic","osm":"relation/6813647","length_km_in_region":0.9},"geometry":{"type":"MultiLineString","coordinates":[[[11.13854,47.3601],[11.13745,47.35971],[11.13631,47.36066],[11.13455,47.35989]],[[11.13455,47.35989],[11.13455,47.35982]],[[11.13455,47.35982],[11.13622,47.35977],[11.13665,47.35913],[11.13704,47.35903],[11.13998,47.36005]]]}},{"type":"Feature","properties":{"name":"Auf Sömen","from":"Parkplatz Juifenalm","to":"Auf Sömen","piste:type":"skitour","osm":"relation/20111192","length_km_in_region":6.6},"geometry":{"type":"MultiLineString","coordinates":[[[11.1483,47.17211],[11.14926,47.17266],[11.14971,47.17318],[11.14766,47.1725],[11.14625,47.17225],[11.14532,47.17165]],[[11.1483,47.17211],[11.14873,47.17208],[11.14873,47.17179],[11.14957,47.17177],[11.14884,47.1704],[11.14925,47.17018],[11.14946,47.17025],[11.14939,47.17005],[11.14957,47.17021],[11.14991,47.17017],[11.1499,47.16975],[11.15042,47.16997],[11.15003,47.16932],[11.15023,47.16931],[11.15022,47.16881],[11.15057,47.16855],[11.15068,47.16811],[11.15128,47.16801],[11.15211,47.16736],[11.15257,47.16733],[11.15298,47.16686]],[[11.15298,47.16686],[11.15374,47.1672],[11.15505,47.16614],[11.15569,47.16595],[11.15643,47.16586],[11.15673,47.16633],[11.15915,47.16607],[11.15954,47.16578],[11.1592,47.16486]],[[11.1592,47.16486],[11.16037,47.16555],[11.16036,47.16703],[11.16095,47.16852],[11.16209,47.16944],[11.16141,47.16948],[11.1613,47.16979],[11.16085,47.16999],[11.15858,47.1707],[11.15767,47.17064]],[[11.1592,47.16486],[11.1609,47.163],[11.16297,47.16145],[11.16357,47.16041],[11.16487,47.15967],[11.16568,47.15962],[11.16564,47.15856],[11.16501,47.15756],[11.16515,47.1568],[11.16446,47.15596],[11.16467,47.15582],[11.16443,47.1554],[11.16465,47.15513],[11.16452,47.15487],[11.16147,47.15298],[11.16134,47.1527],[11.16214,47.15147],[11.16255,47.15156],[11.1628,47.15131],[11.16307,47.15136],[11.16328,47.15098],[11.16354,47.15103],[11.16449,47.15022],[11.1649,47.15042],[11.16546,47.15012],[11.16567,47.15028],[11.16813,47.14931],[11.16911,47.1486],[11.16991,47.14754]],[[11.15767,47.17064],[11.15696,47.16993],[11.15691,47.16905],[11.15553,47.16824],[11.15434,47.16636],[11.15397,47.16673],[11.15409,47.16718],[11.15333,47.16772]]]}},{"type":"Feature","properties":{"name":"Auf Sömen","from":"Fischteiche","to":"Auf Sömen","piste:type":"skitour","piste:difficulty":"intermediate","osm":"relation/20111193","length_km_in_region":5.9},"geometry":{"type":"MultiLineString","coordinates":[[[11.14233,47.14839],[11.14233,47.14866],[11.14344,47.14951],[11.14354,47.15024],[11.14503,47.15042],[11.14671,47.15104],[11.14742,47.15088],[11.1479,47.15046],[11.14863,47.15051],[11.14891,47.15006],[11.14944,47.15024],[11.15032,47.14912],[11.15099,47.14963],[11.15177,47.14936],[11.15244,47.14944],[11.15257,47.14895],[11.15353,47.14901],[11.15376,47.14832],[11.15431,47.14851],[11.15467,47.14844],[11.15501,47.14881],[11.15544,47.14841],[11.15801,47.14896],[11.15846,47.1492],[11.15891,47.14888],[11.1594,47.14925],[11.16326,47.14911],[11.16409,47.14979],[11.16651,47.14959],[11.16991,47.14754]],[[11.14233,47.14839],[11.14233,47.14866],[11.14344,47.14951],[11.14354,47.15024],[11.14503,47.15042],[11.14671,47.15104],[11.14742,47.15088],[11.1479,47.15046],[11.14863,47.15051],[11.14891,47.15006],[11.14944,47.15024],[11.15032,47.14912],[11.15099,47.14963],[11.15177,47.14936],[11.15244,47.14944],[11.15257,47.14895],[11.15353,47.14901],[11.15376,47.14832],[11.15431,47.14851],[11.15467,47.14844],[11.15501,47.14881],[11.15544,47.14841],[11.15801,47.14896],[11.15846,47.1492],[11.15891,47.14888],[11.1594,47.14925],[11.16326,47.14911],[11.16409,47.14979],[11.16651,47.14959],[11.16991,47.14754]],[[11.14234,47.14836],[11.14233,47.14839]],[[11.14008,47.1486],[11.14182,47.14778],[11.14232,47.14808],[11.14234,47.14836]],[[11.14008,47.1486],[11.13964,47.14872],[11.13791,47.14868]]]}},{"type":"Feature","properties":{"name":"Bachfallenkopf","from":"Winnebachseehütte","to":"Bachfallenkopf","description":"Skitour zum Bachfallenkopf (von Winnebachseehütte)","piste:type":"skitour","piste:difficulty":"intermediate","osm":"relation/532936","length_km_in_region":2.5},"geometry":{"type":"MultiLineString","coordinates":[[[11.05429,47.0875],[11.05583,47.08742],[11.05739,47.08813],[11.05998,47.08809],[11.06272,47.08735],[11.06425,47.08558],[11.06542,47.08551],[11.06631,47.0852],[11.06955,47.08471],[11.0693,47.08436],[11.06941,47.08414],[11.07142,47.08465],[11.0729,47.084],[11.07346,47.08356]],[[11.07346,47.08356],[11.07516,47.08177],[11.07897,47.08054]],[[11.07897,47.08054],[11.08124,47.07975]]]}},{"type":"Feature","properties":{"name":"Bichlwald","ref":"C7","distance":"3.1","piste:type":"nordic","piste:difficulty":"advanced","osm":"relation/7002505","length_km_in_region":2.0},"geometry":{"type":"MultiLineString","coordinates":[[[11.10244,47.36003],[11.10278,47.3592],[11.10404,47.35874],[11.1048,47.35883],[11.10551,47.35938],[11.10669,47.35938],[11.10715,47.36],[11.11099,47.36011],[11.11276,47.35926],[11.11301,47.35866],[11.11371,47.3583],[11.11437,47.35733],[11.11582,47.35677]],[[11.11582,47.35677],[11.11941,47.35624]],[[11.11941,47.35624],[11.1203,47.35595],[11.1211,47.35597],[11.12198,47.3566],[11.1232,47.35703]],[[11.12439,47.357],[11.1232,47.35703]]]}},{"type":"Feature","properties":{"name":"Birgitzer Alm (Waldvariante)","from":"Adelshof","to":"Birgitzer Alm","piste:type":"skitour","piste:difficulty":"intermediate","osm":"relation/18878780","length_km_in_region":2.5},"geometry":{"type":"MultiLineString","coordinates":[[[11.28754,47.2174],[11.28967,47.21686],[11.29287,47.21552],[11.29352,47.21541],[11.29379,47.21579]],[[11.29379,47.21579],[11.2944,47.21591],[11.29612,47.21508],[11.29637,47.21538],[11.29668,47.21519],[11.29682,47.21534],[11.29733,47.21516],[11.29797,47.21469],[11.29828,47.21468],[11.2983,47.21435],[11.29881,47.21414],[11.29891,47.21381]],[[11.29891,47.21381],[11.29921,47.21363],[11.29964,47.21371],[11.30017,47.21289],[11.30103,47.21254],[11.30196,47.21067]],[[11.30196,47.21067],[11.30246,47.20963],[11.30278,47.20953],[11.30311,47.2089],[11.30484,47.20723],[11.30504,47.20658],[11.30692,47.20552],[11.30779,47.20388],[11.30809,47.20391]]]}},{"type":"Feature","properties":{"name":"Birgitzköpfl","piste:type":"skitour","piste:difficulty":"easy","osm":"way/256545405","length_km_in_region":2.2},"geometry":{"type":"MultiLineString","coordinates":[[[11.29471,47.21791],[11.29669,47.21778],[11.29947,47.21733],[11.30446,47.21471],[11.30437,47.214],[11.30278,47.21197],[11.30253,47.21072],[11.30317,47.20965],[11.30484,47.20826],[11.30753,47.20654],[11.30749,47.20558],[11.30817,47.20437]]]}},{"type":"Feature","properties":{"name":"Birgitzköpfl","piste:type":"skitour","piste:difficulty":"easy","osm":"way/1467556334","length_km_in_region":0.8},"geometry":{"type":"MultiLineString","coordinates":[[[11.30817,47.20437],[11.30868,47.2041],[11.30869,47.20372],[11.30907,47.20333],[11.3104,47.20291],[11.31093,47.20221],[11.31379,47.20063],[11.31426,47.20013],[11.31462,47.19892]]]}},{"type":"Feature","properties":{"name":"Birgitzköpfl","from":"Hoadlstraße, Parkplatz Birgitzer Alm","to":"Birgitzköpfl","piste:type":"skitour","piste:difficulty":"easy","osm":"relation/20102141","length_km_in_region":3.0},"geometry":{"type":"MultiLineString","coordinates":[[[11.29471,47.21791],[11.29669,47.21778],[11.29947,47.21733],[11.30446,47.21471],[11.30437,47.214],[11.30278,47.21197],[11.30253,47.21072],[11.30317,47.20965],[11.30484,47.20826],[11.30753,47.20654],[11.30749,47.20558],[11.30817,47.20437]],[[11.30817,47.20437],[11.30868,47.2041],[11.30869,47.20372],[11.30907,47.20333],[11.3104,47.20291],[11.31093,47.20221],[11.31379,47.20063],[11.31426,47.20013],[11.31462,47.19892]]]}},{"type":"Feature","properties":{"name":"Birgitzköpfl","from":"Axamer Lizum","to":"Birgitzköpfl","piste:type":"skitour","piste:difficulty":"easy","osm":"relation/20102146","length_km_in_region":1.7},"geometry":{"type":"MultiLineString","coordinates":[[[11.30398,47.19496],[11.30903,47.19586],[11.3102,47.19482],[11.31014,47.19454],[11.31077,47.19425],[11.3113,47.19423],[11.31212,47.19521],[11.31366,47.19455],[11.31427,47.19447],[11.31652,47.19478]],[[11.31014,47.19454],[11.30924,47.19409],[11.30859,47.19348],[11.3077,47.19392],[11.30593,47.19403],[11.30404,47.19368],[11.30347,47.19403]]]}},{"type":"Feature","properties":{"name":"Blaser","from":"Trins","to":"Blaser","piste:type":"skitour","piste:difficulty":"intermediate","osm":"relation/20081750","length_km_in_region":3.8},"geometry":{"type":"MultiLineString","coordinates":[[[11.41171,47.08557],[11.41363,47.08533],[11.4129,47.0861],[11.41334,47.0864],[11.412,47.08695],[11.41437,47.08741],[11.4155,47.08734],[11.41627,47.08787],[11.41707,47.08787],[11.41814,47.08856]],[[11.41814,47.08856],[11.41926,47.08915],[11.41762,47.08912]],[[11.41762,47.08912],[11.41729,47.08922],[11.41697,47.09021],[11.41658,47.09058],[11.41666,47.09144],[11.41692,47.09212],[11.41731,47.09228],[11.41742,47.0928],[11.41822,47.09324],[11.41933,47.09468]],[[11.41933,47.09468],[11.41985,47.09548]],[[11.41985,47.09548],[11.4202,47.09614],[11.4213,47.09675]],[[11.4213,47.09675],[11.42198,47.09803],[11.42165,47.09855],[11.42089,47.09859],[11.42054,47.09932],[11.41971,47.09977],[11.41818,47.09982],[11.41805,47.10026],[11.41706,47.10031],[11.41648,47.10073],[11.41538,47.10334],[11.41459,47.10365],[11.41422,47.10426],[11.41295,47.10414],[11.41268,47.10459],[11.41152,47.10505],[11.4112,47.10546],[11.4116,47.10641]]]}},{"type":"Feature","properties":{"name":"Blaser","from":"Matrei am Brenner","to":"Blaser","piste:type":"skitour","osm":"relation/20081751","length_km_in_region":6.1},"geometry":{"type":"MultiLineString","coordinates":[[[11.41002,47.11591],[11.40763,47.11305],[11.40715,47.11185],[11.40684,47.11173],[11.40694,47.11146],[11.40664,47.11127],[11.40687,47.11089],[11.40619,47.11068],[11.4064,47.11035],[11.40601,47.11008],[11.40602,47.10975],[11.40549,47.10955],[11.4057,47.10928],[11.40542,47.10908],[11.40577,47.10877],[11.40533,47.10853],[11.40568,47.10834],[11.40539,47.10821],[11.4058,47.10812],[11.4055,47.1076],[11.40607,47.1074],[11.40538,47.10701],[11.40542,47.10616],[11.40627,47.10612],[11.40624,47.10532],[11.40744,47.10528],[11.4081,47.10451],[11.40884,47.10459],[11.4116,47.10641]],[[11.41002,47.11591],[11.41018,47.11625]],[[11.41018,47.11625],[11.41157,47.11869],[11.41166,47.11925]],[[11.41166,47.11925],[11.41188,47.12063],[11.41233,47.12155]],[[11.41317,47.12348],[11.41233,47.12155]],[[11.41317,47.12348],[11.4137,47.12534],[11.41437,47.12624],[11.41443,47.12684],[11.4153,47.12768],[11.41578,47.1279],[11.41763,47.12797],[11.41855,47.12841],[11.41933,47.12834],[11.41995,47.12806],[11.42178,47.12861]],[[11.42178,47.12861],[11.42264,47.12888],[11.42372,47.12878],[11.424,47.12839],[11.42516,47.12853],[11.42539,47.12796],[11.42647,47.12766],[11.42797,47.12847],[11.42833,47.12804],[11.42885,47.12803],[11.42949,47.12848],[11.43024,47.12855],[11.4303,47.12898],[11.43082,47.12958],[11.4319,47.12948],[11.43151,47.13008],[11.43063,47.13023],[11.42988,47.13061],[11.43095,47.131],[11.43265,47.13103],[11.43382,47.13141],[11.43428,47.13159],[11.43479,47.13236]],[[11.43479,47.13236],[11.43485,47.13244]],[[11.43485,47.13244],[11.43504,47.13271]],[[11.43504,47.13271],[11.43513,47.13284]],[[11.43513,47.13284],[11.43663,47.13461]],[[11.43663,47.13461],[11.43734,47.13561]]]}},{"type":"Feature","properties":{"name":"Bodenalm","piste:type":"nordic","piste:difficulty":"easy","osm":"relation/17016956","length_km_in_region":3.4},"geometry":{"type":"MultiLineString","coordinates":[[[11.2237,47.3586],[11.22572,47.36008]],[[11.21349,47.35148],[11.21208,47.35036],[11.20995,47.34979],[11.20991,47.3495],[11.21229,47.35034],[11.21331,47.35117],[11.21453,47.3508],[11.21567,47.35155],[11.21633,47.35295],[11.21751,47.35446],[11.21973,47.3557],[11.22124,47.35673],[11.22223,47.35781],[11.22285,47.358],[11.2237,47.3586]],[[11.21341,47.35157],[11.21349,47.35148]],[[11.21301,47.35193],[11.21341,47.35157]],[[11.22265,47.35937],[11.2209,47.35756],[11.21937,47.35705],[11.2193,47.35645],[11.21878,47.35601],[11.21655,47.35517],[11.2159,47.35431],[11.21439,47.35331],[11.21301,47.35193]],[[11.22292,47.36018],[11.22265,47.35937]]]}},{"type":"Feature","properties":{"name":"Breiter Grießkogl","from":"Winnebachseehütte","to":"Breiter Grießkogl","description":"Skitour zum Breiten Grießkogl (von Winnebachseehütte)","piste:type":"skitour","piste:difficulty":"intermediate","osm":"relation/532935","length_km_in_region":3.9},"geometry":{"type":"MultiLineString","coordinates":[[[11.0543,47.08765],[11.0541,47.08828],[11.05459,47.09107]],[[11.05459,47.09107],[11.05429,47.0912],[11.05434,47.09173],[11.05405,47.09174],[11.05395,47.09209],[11.05163,47.09374],[11.05116,47.09446],[11.04933,47.09597],[11.04904,47.09654],[11.0461,47.09702],[11.04394,47.09713],[11.04321,47.09787],[11.04338,47.09834]],[[11.04338,47.09834],[11.04339,47.09987],[11.04287,47.1003],[11.04218,47.10061],[11.041,47.10059],[11.03834,47.10316],[11.03568,47.10439],[11.031,47.10328],[11.03031,47.10274],[11.02964,47.10275],[11.02983,47.10249],[11.02947,47.10256],[11.02957,47.1023],[11.02922,47.10241],[11.02938,47.10216],[11.02826,47.10228],[11.02707,47.10216],[11.02475,47.10143],[11.02275,47.10179],[11.0227,47.10131]]]}},{"type":"Feature","properties":{"name":"Gaißlehnkogl","from":"Winnebachseehütte","to":"Gaißlehnkogl","description":"Skitour zur Scharte zwischen großem und kleinem Gaißlehnkogl (von Winnebachseehütte)","piste:type":"skitour","piste:difficulty":"easy","osm":"relation/532937","length_km_in_region":4.6},"geometry":{"type":"MultiLineString","coordinates":[[[11.05429,47.0875],[11.05583,47.08742],[11.05739,47.08813],[11.05998,47.08809],[11.06272,47.08735],[11.06425,47.08558],[11.06542,47.08551],[11.06631,47.0852],[11.06955,47.08471],[11.0693,47.08436],[11.06941,47.08414],[11.07142,47.08465],[11.0729,47.084],[11.07346,47.08356]],[[11.07346,47.08356],[11.07516,47.08177],[11.07897,47.08054]],[[11.07897,47.08054],[11.07975,47.07906]],[[11.07391,47.07985],[11.07346,47.08356]],[[11.05429,47.0875],[11.05583,47.08742],[11.05739,47.08813],[11.05998,47.08809],[11.06272,47.08735],[11.06425,47.08558],[11.06542,47.08551],[11.06631,47.0852],[11.06955,47.08471],[11.0693,47.08436],[11.06941,47.08414],[11.07142,47.08465],[11.0729,47.084],[11.07346,47.08356]]]}},{"type":"Feature","properties":{"name":"Geier","from":"Lizumer Hütte","to":"Geier","piste:type":"skitour","osm":"relation/20101933","length_km_in_region":4.5},"geometry":{"type":"MultiLineString","coordinates":[[[11.61496,47.16779],[11.61844,47.16906],[11.62061,47.16946]],[[11.60801,47.153],[11.6084,47.1544],[11.60721,47.15567],[11.61204,47.16083],[11.61255,47.16187],[11.61431,47.16298],[11.61476,47.16348],[11.61479,47.16515],[11.61423,47.16576],[11.61443,47.16684],[11.61496,47.16779]],[[11.61175,47.1414],[11.60952,47.1434],[11.6098,47.14624],[11.60979,47.15012],[11.60928,47.15169],[11.60801,47.153]],[[11.62105,47.13968],[11.61921,47.1396],[11.61789,47.13888],[11.61694,47.13949],[11.61517,47.13973],[11.61175,47.1414]]]}},{"type":"Feature","properties":{"name":"Geier - Reibn","piste:type":"skitour","osm":"relation/18304787","length_km_in_region":4.5},"geometry":{"type":"MultiLineString","coordinates":[[[11.61496,47.16779],[11.61844,47.16906],[11.62061,47.16946]],[[11.60801,47.153],[11.6084,47.1544],[11.60721,47.15567],[11.61204,47.16083],[11.61255,47.16187],[11.61431,47.16298],[11.61476,47.16348],[11.61479,47.16515],[11.61423,47.16576],[11.61443,47.16684],[11.61496,47.16779]],[[11.61175,47.1414],[11.60952,47.1434],[11.6098,47.14624],[11.60979,47.15012],[11.60928,47.15169],[11.60801,47.153]],[[11.62105,47.13968],[11.61921,47.1396],[11.61789,47.13888],[11.61694,47.13949],[11.61517,47.13973],[11.61175,47.1414]]]}},{"type":"Feature","properties":{"name":"Gipfelroute","from":"Bergstation Patscherkofelbahn","to":"Patscherkofel Gipfel","distance":"3","piste:type":"skitour","piste:difficulty":"easy","osm":"relation/20082145","length_km_in_region":2.7},"geometry":{"type":"MultiLineString","coordinates":[[[11.45234,47.21029],[11.45252,47.21014],[11.45237,47.20906],[11.45255,47.20757],[11.45411,47.20572],[11.45406,47.20445],[11.45503,47.20414],[11.45608,47.20337],[11.45819,47.20353],[11.45906,47.20342],[11.46015,47.20365],[11.45918,47.20371],[11.45805,47.20418],[11.45729,47.20426],[11.45818,47.2044],[11.45909,47.20428],[11.46022,47.20459],[11.45869,47.20483],[11.45774,47.20533],[11.45717,47.20618],[11.45739,47.208],[11.45785,47.20863],[11.45853,47.20894],[11.45823,47.20805],[11.45883,47.20753],[11.45974,47.20725],[11.46029,47.20737],[11.46133,47.20824]],[[11.46133,47.20824],[11.46135,47.20838]]]}},{"type":"Feature","properties":{"name":"Gleirscher Fernerkogel","from":"Sankt Sigmund im Sellrain","to":"Gleirscher Fernerkogel;Roßkarscharte","piste:type":"skitour","piste:difficulty":"expert","osm":"relation/18962263","length_km_in_region":11.3},"geometry":{"type":"MultiLineString","coordinates":[[[11.0987,47.19811],[11.09862,47.19841],[11.09903,47.19901],[11.10063,47.20079]],[[11.09883,47.19799],[11.0987,47.19811]],[[11.09857,47.18952],[11.09806,47.19068],[11.09846,47.19393],[11.09893,47.19447],[11.09766,47.19478],[11.09799,47.19624],[11.09864,47.19724],[11.09883,47.19799]],[[11.09892,47.18893],[11.09857,47.18952]],[[11.09892,47.18893],[11.09896,47.18817],[11.09672,47.18584],[11.09678,47.18503],[11.09628,47.18326],[11.09842,47.1796],[11.09871,47.17811],[11.0977,47.17664],[11.0977,47.17576],[11.09829,47.17581],[11.09712,47.1736],[11.09669,47.17319]],[[11.08689,47.16361],[11.08915,47.1668],[11.09005,47.16713],[11.09155,47.16919],[11.09567,47.17205],[11.09669,47.17319]],[[11.08689,47.16361],[11.08592,47.16263],[11.08408,47.16151],[11.08304,47.16009],[11.08177,47.15947],[11.07969,47.15776],[11.07976,47.15762]],[[11.07976,47.15762],[11.07816,47.15539],[11.07983,47.1516]],[[11.07983,47.1516],[11.08322,47.14597],[11.08175,47.13551]],[[11.08175,47.13551],[11.08088,47.13311]],[[11.08088,47.13311],[11.07567,47.11883],[11.07104,47.11555]],[[11.07104,47.11555],[11.06631,47.11417]],[[11.07104,47.11555],[11.06908,47.11363],[11.07,47.11244]]]}},{"type":"Feature","properties":{"name":"Gleirscher Rosskogel","from":"Pforzheimer Hütte","to":"Rosskogel","piste:type":"skitour","piste:difficulty":"intermediate","osm":"relation/20114309","length_km_in_region":2.3},"geometry":{"type":"MultiLineString","coordinates":[[[11.07224,47.15478],[11.07083,47.154]],[[11.07083,47.154],[11.06972,47.15338],[11.06794,47.15303],[11.06641,47.15349],[11.06578,47.15416]],[[11.06578,47.15416],[11.06412,47.15426],[11.06331,47.15413],[11.06187,47.15307]],[[11.06187,47.15307],[11.06006,47.15255],[11.05896,47.15264],[11.05471,47.15349],[11.05537,47.15448],[11.05068,47.15477],[11.04959,47.15527],[11.04949,47.1565],[11.04983,47.15691],[11.04965,47.15719]]]}},{"type":"Feature","properties":{"name":"Gleirschjöchl","from":"Pforzheimer Hütte","to":"Gleirschjöchl","piste:type":"skitour","osm":"relation/20114308","length_km_in_region":1.9},"geometry":{"type":"MultiLineString","coordinates":[[[11.07224,47.15478],[11.07083,47.154]],[[11.07083,47.154],[11.06972,47.15338],[11.06794,47.15303],[11.06641,47.15349],[11.06578,47.15416]],[[11.06578,47.15416],[11.06412,47.15426],[11.06331,47.15413],[11.06187,47.15307]],[[11.06187,47.15307],[11.05975,47.15099],[11.05882,47.14966],[11.05898,47.14896],[11.05773,47.14903],[11.05811,47.14819],[11.05523,47.14927]]]}},{"type":"Feature","properties":{"name":"Glungezer","piste:type":"skitour","piste:difficulty":"intermediate","osm":"way/845633112","length_km_in_region":1.4},"geometry":{"type":"MultiLineString","coordinates":[[[11.53328,47.21701],[11.53271,47.21715],[11.53225,47.21677],[11.53197,47.21706],[11.53089,47.21578],[11.5303,47.2157],[11.52956,47.21528],[11.52913,47.21528],[11.52898,47.21488],[11.52796,47.21446],[11.52793,47.21412],[11.52854,47.21305],[11.52839,47.21244],[11.52688,47.21164],[11.52543,47.21156],[11.52555,47.21126],[11.52528,47.21121],[11.52503,47.2108],[11.52615,47.21048],[11.52684,47.20994]]]}},{"type":"Feature","properties":{"name":"Grünsteinumfahrung","from":"Talstation Marienbergbahn I","to":"Ehrwalder Alm","piste:type":"skitour","osm":"relation/20111513","length_km_in_region":0.8},"geometry":{"type":"MultiLineString","coordinates":[[[10.94931,47.35535],[10.95079,47.35566],[10.95238,47.35758],[10.95427,47.35898]],[[10.95427,47.35898],[10.95635,47.36088]]]}},{"type":"Feature","properties":{"name":"Haidenspitze","from":"Pforzheimer Hütte","to":"Haidenspitze","piste:type":"skitour","osm":"relation/20114305","length_km_in_region":2.3},"geometry":{"type":"MultiLineString","coordinates":[[[11.07224,47.15478],[11.07211,47.15494]],[[11.07211,47.15494],[11.07146,47.15622],[11.07232,47.15919],[11.072,47.1615],[11.07462,47.16613],[11.07492,47.16706],[11.07191,47.16841],[11.07111,47.17119],[11.06973,47.17222],[11.06737,47.17223]]]}},{"type":"Feature","properties":{"name":"Hintere Karlesspitze","from":"Kühtai Issbrücke","to":"Hintere Karlesspitze","piste:type":"skitour","piste:difficulty":"easy","osm":"relation/20114010","length_km_in_region":5.8},"geometry":{"type":"MultiLineString","coordinates":[[[10.97013,47.21905],[10.97327,47.22138],[10.97455,47.22123],[10.97508,47.22181],[10.9757,47.22163],[10.97644,47.22274],[10.97733,47.22266],[10.97784,47.22297],[10.97894,47.22278],[10.97936,47.22324],[10.9793,47.22407]],[[10.96208,47.20672],[10.96197,47.20777],[10.95931,47.20922],[10.96094,47.21139],[10.96356,47.21234],[10.96499,47.21566],[10.96846,47.21721],[10.97013,47.21905]],[[10.96208,47.20672],[10.96396,47.20461]],[[10.97013,47.21905],[10.97007,47.21801],[10.96933,47.21697],[10.97041,47.21601],[10.96862,47.21386],[10.96964,47.21158],[10.96823,47.20886],[10.96396,47.20461]],[[10.96396,47.20461],[10.96657,47.20141],[10.96671,47.19913],[10.96778,47.19925],[10.96921,47.20006]]]}},{"type":"Feature","properties":{"name":"Hintere Sonnenwand","from":"Pforzheimer Hütte","to":"Hintere Sonnenwand","piste:type":"skitour","osm":"relation/20114300","length_km_in_region":4.0},"geometry":{"type":"MultiLineString","coordinates":[[[11.07224,47.15478],[11.07281,47.15149],[11.0719,47.14453]],[[11.0719,47.14453],[11.07669,47.13922],[11.07597,47.13216]],[[11.07597,47.13216],[11.0621,47.12414]]]}},{"type":"Feature","properties":{"name":"Hinterer Brunnenkogel","from":"Westfalenhaus","to":"Hinterer Brunnenkogel","piste:type":"skitour","piste:difficulty":"advanced","osm":"relation/20087019","length_km_in_region":3.8},"geometry":{"type":"MultiLineString","coordinates":[[[11.09947,47.10701],[11.09886,47.10583],[11.0985,47.10409],[11.09848,47.10345],[11.09861,47.10353],[11.09884,47.10328],[11.09897,47.1029],[11.09797,47.10122],[11.09794,47.10009],[11.09742,47.09855],[11.09849,47.09601],[11.09841,47.09558],[11.09807,47.09561],[11.09495,47.09383],[11.09457,47.09316],[11.09324,47.09264],[11.09196,47.0912],[11.09105,47.08919],[11.09143,47.08898],[11.09143,47.08869],[11.09194,47.08874],[11.09222,47.08816],[11.09276,47.08824],[11.0936,47.08785],[11.09384,47.08734],[11.09384,47.08508],[11.09435,47.08338],[11.09595,47.0817],[11.09482,47.0783]],[[11.09947,47.10701],[11.09997,47.10776]]]}},{"type":"Feature","properties":{"name":"Hinterer Brunnenkogel","from":"Sankt Sigmund im Sellrain, Lüsens","to":"Hinterer Brunnenkogel","piste:type":"skitour","piste:difficulty":"advanced","osm":"relation/20087020","length_km_in_region":5.6},"geometry":{"type":"MultiLineString","coordinates":[[[11.13497,47.11402],[11.1353,47.1133],[11.13512,47.11099],[11.13445,47.10998],[11.13472,47.10819],[11.13343,47.10404],[11.13228,47.1036],[11.13251,47.10237],[11.13223,47.10096],[11.13526,47.09768],[11.13567,47.09599],[11.13429,47.09309],[11.12881,47.0892]],[[11.12881,47.0892],[11.10582,47.07307]]]}},{"type":"Feature","properties":{"name":"Hinterer Tajakopf","from":"Bergstation Ehrwalder Almbahnen","to":"Hinterer Tajakopf","piste:type":"skitour","osm":"relation/20111415","length_km_in_region":0.7},"geometry":{"type":"MultiLineString","coordinates":[[[10.95427,47.35898],[10.95142,47.35764],[10.9498,47.35725]],[[10.95427,47.35898],[10.95635,47.36088]]]}},{"type":"Feature","properties":{"name":"Hoadl","from":"Talsation Hoadl","to":"Hoadl","piste:type":"skitour","piste:difficulty":"easy","osm":"relation/20102144","length_km_in_region":3.4},"geometry":{"type":"MultiLineString","coordinates":[[[11.30057,47.18712],[11.29985,47.18638],[11.29876,47.18611],[11.29784,47.18613],[11.29782,47.18662],[11.29757,47.18675],[11.29676,47.18657],[11.29533,47.18556],[11.29465,47.18407],[11.29315,47.18257],[11.28969,47.18203],[11.28923,47.18108],[11.28856,47.1804],[11.28375,47.17937],[11.28281,47.17995],[11.28259,47.17933],[11.28276,47.17871],[11.28238,47.17865],[11.28141,47.17869],[11.281,47.17908],[11.28061,47.18038],[11.28082,47.18215],[11.28117,47.18306]],[[11.30383,47.19163],[11.30404,47.19042],[11.3029,47.18924],[11.3026,47.1886],[11.30057,47.18712]],[[11.30312,47.1933],[11.30325,47.19162],[11.30383,47.19163]]]}},{"type":"Feature","properties":{"name":"Hoadl","from":"Talsation Hoadl","to":"Hoadl","piste:type":"skitour","piste:difficulty":"intermediate","osm":"relation/20102145","length_km_in_region":3.0},"geometry":{"type":"MultiLineString","coordinates":[[[11.30239,47.19546],[11.30188,47.19519],[11.30091,47.19621],[11.30003,47.19643],[11.29827,47.19644],[11.29847,47.19705],[11.29714,47.19763],[11.29537,47.19809],[11.29479,47.19799],[11.29506,47.19664],[11.29432,47.19586],[11.29249,47.19601],[11.292,47.1952],[11.2859,47.19103],[11.28501,47.19115],[11.28327,47.19032],[11.28158,47.18829],[11.28119,47.18663]],[[11.28119,47.18663],[11.28069,47.18635],[11.28039,47.18549],[11.28116,47.18308]]]}},{"type":"Feature","properties":{"name":"Hoadl","from":"Axams","to":"Hoadl","piste:type":"skitour","osm":"relation/20102147","length_km_in_region":5.5},"geometry":{"type":"MultiLineString","coordinates":[[[11.27558,47.2014],[11.27493,47.20141],[11.27327,47.20259],[11.27247,47.20364],[11.27201,47.20521],[11.27074,47.20612],[11.27023,47.20722],[11.27031,47.20799],[11.27,47.20854],[11.27027,47.209],[11.2702,47.21014],[11.26978,47.21199],[11.27019,47.21251],[11.27032,47.21443],[11.26975,47.21529],[11.26966,47.21601],[11.2705,47.2172],[11.27178,47.21756],[11.27174,47.218],[11.2723,47.2185],[11.27171,47.21962],[11.27229,47.22006],[11.27223,47.22039],[11.27156,47.2212],[11.27228,47.2219],[11.27206,47.22264],[11.27327,47.22557],[11.27425,47.22632],[11.27594,47.22681]],[[11.2787,47.19516],[11.27879,47.19597],[11.27922,47.19647],[11.27925,47.19686],[11.27804,47.1978],[11.27686,47.19997],[11.27558,47.2014]],[[11.27988,47.19328],[11.2787,47.19516]],[[11.27988,47.19328],[11.27995,47.19307]],[[11.28065,47.19256],[11.27995,47.19307]],[[11.2804,47.19141],[11.28103,47.19252],[11.28065,47.19256]],[[11.2804,47.19141],[11.28025,47.19029]],[[11.28119,47.18663],[11.2802,47.18754],[11.28017,47.18871],[11.28045,47.18929],[11.28025,47.19029]],[[11.28119,47.18663],[11.28069,47.18635],[11.28039,47.18549],[11.28116,47.18308]]]}},{"type":"Feature","properties":{"name":"Hoher Burgstall","from":"Talstation Schlick 2000;Bergstation Kreuzjochbahn","to":"Hoher Burgstall","piste:type":"skitour","osm":"relation/20081897","length_km_in_region":12.4},"geometry":{"type":"MultiLineString","coordinates":[[[11.30041,47.15257],[11.30278,47.15436]],[[11.28995,47.14454],[11.29121,47.14616],[11.29346,47.14803],[11.29659,47.14941],[11.29964,47.15175],[11.30041,47.15257]],[[11.28995,47.14454],[11.29121,47.14616],[11.29346,47.14803],[11.29659,47.14941],[11.29964,47.15175],[11.30041,47.15257]],[[11.30041,47.15257],[11.30278,47.15436]],[[11.30278,47.15436],[11.30283,47.15452]],[[11.30283,47.15452],[11.30488,47.15552],[11.30634,47.15575],[11.30705,47.1562],[11.30789,47.15642],[11.3096,47.15672],[11.31218,47.15782],[11.31277,47.15779]],[[11.31277,47.15779],[11.31386,47.15738],[11.31768,47.1568],[11.3253,47.15678],[11.32785,47.15661],[11.33036,47.15711],[11.3319,47.15718]],[[11.3319,47.15718],[11.33222,47.15717]],[[11.33222,47.15717],[11.33203,47.15763]],[[11.33203,47.15763],[11.33207,47.15787]],[[11.33207,47.15787],[11.33322,47.15784],[11.33665,47.15923]],[[11.33665,47.15923],[11.33706,47.15934]],[[11.33706,47.15934],[11.33727,47.15934]],[[11.33727,47.15934],[11.33786,47.16005],[11.33894,47.1605],[11.33921,47.16036],[11.33894,47.15967],[11.34089,47.16032],[11.34092,47.15975]],[[11.34092,47.15975],[11.3416,47.16003],[11.34203,47.16002],[11.34089,47.15783],[11.34191,47.15874],[11.34335,47.15967],[11.34399,47.15984],[11.34321,47.15799],[11.3427,47.15757],[11.34248,47.15648],[11.34211,47.15612],[11.34242,47.1545]],[[11.34242,47.1545],[11.34302,47.1546],[11.34371,47.1552]],[[11.34371,47.1552],[11.34372,47.15524]],[[11.3396,47.15893],[11.34092,47.15975]],[[11.33918,47.15963],[11.3396,47.15893]],[[11.33911,47.15976],[11.33918,47.15963]],[[11.3392,47.16072],[11.33962,47.16064],[11.33911,47.15976]],[[11.33836,47.16045],[11.3392,47.16072]],[[11.33727,47.15967],[11.33836,47.16045]],[[11.3371,47.15934],[11.33727,47.15967]],[[11.28029,47.13511],[11.28068,47.13676],[11.282,47.13851],[11.28398,47.13936]],[[11.28766,47.14201],[11.28697,47.14004],[11.28588,47.13946],[11.28398,47.13936],[11.28387,47.13854],[11.2841,47.13782],[11.28548,47.13675],[11.28564,47.13599],[11.28512,47.13493],[11.28029,47.13511],[11.27988,47.13415],[11.28013,47.13348],[11.28101,47.13336]],[[11.28766,47.14201],[11.28707,47.14258],[11.28824,47.1443],[11.2893,47.14424],[11.28995,47.14454]],[[11.2923,47.14477],[11.2904,47.14433],[11.28995,47.14454]],[[11.30712,47.14539],[11.30463,47.1441],[11.30325,47.14393],[11.30132,47.14409],[11.29866,47.14395],[11.29502,47.14479],[11.2923,47.14477]]]}},{"type":"Feature","properties":{"name":"Höhenloipe Leutasch Wildmoos","ref":"C4","distance":"7.4","piste:type":"nordic","piste:difficulty":"intermediate","osm":"relation/10772991","length_km_in_region":6.0},"geometry":{"type":"MultiLineString","coordinates":[[[11.16374,47.33984],[11.16336,47.33929],[11.16265,47.33889],[11.16209,47.33897],[11.16165,47.33935],[11.16186,47.34143],[11.16152,47.34205],[11.16132,47.34388]],[[11.16374,47.33984],[11.16412,47.34135],[11.16364,47.34202],[11.16424,47.3427],[11.16514,47.34325],[11.1657,47.34427],[11.16722,47.34534],[11.1673,47.34604]],[[11.1673,47.34604],[11.16364,47.34476],[11.16272,47.34488],[11.16222,47.34423],[11.16156,47.34385],[11.1604,47.34423]],[[11.159,47.34563],[11.15873,47.34557],[11.15872,47.34502],[11.1604,47.34423]],[[11.159,47.34563],[11.15968,47.34752],[11.15969,47.34855],[11.15935,47.34889],[11.15938,47.34943],[11.15957,47.34962],[11.16074,47.34964],[11.16111,47.35066],[11.16022,47.35192],[11.1595,47.35203],[11.15811,47.35157],[11.15765,47.35182]],[[11.15765,47.35182],[11.1579,47.35227],[11.15778,47.35285],[11.15882,47.35333],[11.15947,47.3541],[11.16088,47.35472],[11.16088,47.35503],[11.16165,47.35575],[11.16096,47.3561],[11.16034,47.35675],[11.16031,47.3574],[11.16188,47.35824]],[[11.15277,47.35329],[11.15288,47.35311],[11.15336,47.35304],[11.15331,47.35273],[11.1542,47.35224],[11.15765,47.35182]],[[11.15293,47.35383],[11.15277,47.35329]],[[11.15485,47.35462],[11.15383,47.3546],[11.15293,47.35383]],[[11.15485,47.35462],[11.15517,47.35444],[11.15581,47.35467],[11.15705,47.35478],[11.15804,47.35521],[11.15799,47.35607],[11.15717,47.35666],[11.15737,47.35697],[11.15806,47.35709],[11.15857,47.35674],[11.15979,47.35668],[11.16022,47.35685],[11.16028,47.35749],[11.16076,47.35818],[11.16185,47.35826]]]}},{"type":"Feature","properties":{"name":"Innere Sommerwand","from":"Franz-Senn-Hütte","to":"Innere Sommerwand","description":"Skitour Franz-Senn-Hütte - Innere Sommerwand","piste:type":"skitour","osm":"relation/7064683","length_km_in_region":0.6},"geometry":{"type":"MultiLineString","coordinates":[[[11.16854,47.08493],[11.16861,47.08449]],[[11.16861,47.08449],[11.16867,47.0842]],[[11.16867,47.0842],[11.16945,47.08345],[11.16922,47.08257],[11.16982,47.08117],[11.17164,47.08]]]}},{"type":"Feature","properties":{"name":"Katzenloch","ref":"B5","piste:type":"nordic","piste:difficulty":"intermediate","osm":"relation/6813652","length_km_in_region":4.8},"geometry":{"type":"MultiLineString","coordinates":[[[11.12429,47.33736],[11.12295,47.33653],[11.12217,47.33574],[11.12133,47.33547],[11.11976,47.33547],[11.11933,47.33467],[11.1185,47.33429],[11.11589,47.33387],[11.11344,47.33284],[11.11232,47.33232],[11.11083,47.33107],[11.11008,47.33106],[11.10991,47.33132],[11.11012,47.33188]],[[11.11012,47.33188],[11.11027,47.33257],[11.10971,47.33268],[11.109,47.33332],[11.10887,47.33377],[11.10782,47.33447],[11.10741,47.33499]],[[11.10741,47.33499],[11.1075,47.33538],[11.10886,47.33604],[11.11039,47.33632],[11.11223,47.33712],[11.11344,47.33839],[11.11422,47.33873],[11.1168,47.33929],[11.11819,47.33996],[11.11894,47.34062],[11.12137,47.34085],[11.12157,47.34119],[11.12114,47.34214],[11.12065,47.3427],[11.11986,47.34305],[11.11982,47.34329],[11.12081,47.34432],[11.12169,47.34435],[11.12111,47.34529],[11.12174,47.34493],[11.12266,47.34477],[11.12414,47.3439],[11.12465,47.34334],[11.12512,47.34343],[11.12505,47.34401],[11.12636,47.34507],[11.12651,47.34545],[11.12569,47.34595],[11.12485,47.34819]]]}},{"type":"Feature","properties":{"name":"Kraspesspitz","from":"Haggen","to":"Kraspesspitz","piste:type":"skitour","piste:difficulty":"intermediate","osm":"relation/20114311","length_km_in_region":8.2},"geometry":{"type":"MultiLineString","coordinates":[[[11.08408,47.20741],[11.08334,47.2067],[11.0806,47.20539],[11.07953,47.20464]],[[11.07953,47.20464],[11.0786,47.20462],[11.07532,47.20326],[11.07541,47.20299],[11.07435,47.20206],[11.07422,47.20163]],[[11.07422,47.20163],[11.07382,47.20115]],[[11.07382,47.20115],[11.07235,47.2004],[11.07164,47.19964]],[[11.07164,47.19964],[11.0705,47.1963],[11.06438,47.19214],[11.06378,47.19134],[11.06401,47.19114],[11.06367,47.19113],[11.06392,47.19103],[11.06289,47.19093],[11.0624,47.19037]],[[11.0624,47.19037],[11.06199,47.18935],[11.06281,47.18537],[11.06109,47.18403],[11.06153,47.18321],[11.0702,47.18096],[11.07069,47.18019],[11.07009,47.18005],[11.07025,47.17984],[11.06966,47.17972],[11.06978,47.17943],[11.06606,47.17683],[11.06482,47.17625]],[[11.06482,47.17625],[11.05602,47.17707],[11.05446,47.17741],[11.0496,47.17986]],[[11.0496,47.17986],[11.04854,47.1796],[11.04529,47.17949],[11.04513,47.17966],[11.04477,47.17958],[11.04467,47.17975],[11.04424,47.17969],[11.04419,47.17993],[11.04354,47.17999],[11.043,47.18074]],[[11.05249,47.17848],[11.05475,47.17857]],[[11.05475,47.17857],[11.05887,47.17902],[11.05724,47.18014],[11.05793,47.18087],[11.05707,47.1823],[11.05784,47.18292],[11.05964,47.18337],[11.06109,47.18403]]]}},{"type":"Feature","properties":{"name":"Kreuzspitz","from":"Franz-Senn-Hütter","to":"Kreuzspitz","piste:type":"skitour","osm":"relation/20087030","length_km_in_region":0.6},"geometry":{"type":"MultiLineString","coordinates":[[[11.16867,47.0842],[11.16945,47.08345],[11.16922,47.08257],[11.16982,47.08117],[11.17164,47.08]],[[11.16861,47.08449],[11.16867,47.0842]],[[11.16854,47.08493],[11.16861,47.08449]]]}},{"type":"Feature","properties":{"name":"Kühtai - Pirchkogel","piste:type":"skitour","piste:difficulty":"easy","osm":"way/801513707","length_km_in_region":3.6},"geometry":{"type":"MultiLineString","coordinates":[[[11.02367,47.21425],[11.02343,47.21462],[11.02254,47.2151],[11.02239,47.21546],[11.02193,47.21544],[11.02184,47.21564],[11.02151,47.21568],[11.02106,47.21627],[11.02009,47.21852],[11.02012,47.21937],[11.02103,47.22028],[11.02102,47.22057],[11.01667,47.22414],[11.01659,47.22537],[11.01687,47.22605],[11.01518,47.22611],[11.01372,47.22641],[11.01147,47.22635],[11.01055,47.22694],[11.00923,47.22721],[11.0081,47.22775],[11.00718,47.22855],[11.00822,47.22948],[11.00763,47.22974],[11.00452,47.23024],[11.00439,47.22984],[11.00349,47.22992],[11.00323,47.23087],[11.00273,47.23084],[11.00282,47.23156],[11.00219,47.23146],[11.00183,47.23183],[11.00097,47.23127],[11.00007,47.23128],[10.99945,47.23212],[10.99919,47.23189],[10.99895,47.23201]]]}},{"type":"Feature","properties":{"name":"Lampsenspitze","from":"Praxmar","to":"Lampsenspitze","piste:type":"skitour","piste:difficulty":"easy","osm":"relation/20114297","length_km_in_region":3.5},"geometry":{"type":"MultiLineString","coordinates":[[[11.13312,47.14949],[11.13266,47.14886]],[[11.13266,47.14886],[11.13259,47.14949],[11.12983,47.15207],[11.12897,47.15151],[11.12857,47.15182],[11.12591,47.15188],[11.11665,47.14916],[11.11383,47.14988],[11.10985,47.14945],[11.10458,47.15132],[11.10207,47.15196],[11.09776,47.15389],[11.09604,47.15537],[11.0962,47.15586],[11.09565,47.15609]]]}},{"type":"Feature","properties":{"name":"Largoz","from":"Krepperhüttenweg","to":"Largoz","piste:type":"skitour","osm":"relation/20114800","length_km_in_region":3.4},"geometry":{"type":"MultiLineString","coordinates":[[[11.57514,47.25772],[11.57367,47.25656]],[[11.57514,47.25772],[11.57532,47.25809],[11.57699,47.25879],[11.57979,47.25953]],[[11.57979,47.25953],[11.57966,47.25805],[11.5793,47.25731],[11.57985,47.25684],[11.57992,47.25633],[11.58043,47.25577],[11.58118,47.25539]],[[11.58118,47.25539],[11.58148,47.25531],[11.58165,47.25444],[11.58218,47.25362],[11.5835,47.25252],[11.58431,47.25213]],[[11.58431,47.25213],[11.58427,47.25199]],[[11.58427,47.25199],[11.5849,47.251],[11.58478,47.25049],[11.58515,47.25033],[11.58487,47.24946],[11.58501,47.24923],[11.58472,47.24902],[11.585,47.24866],[11.5841,47.24728],[11.58423,47.24694],[11.58478,47.24681],[11.5846,47.24632],[11.58488,47.246],[11.58514,47.24601],[11.58505,47.24566],[11.58531,47.24559],[11.58465,47.24469],[11.58469,47.24439]],[[11.58483,47.24406],[11.58469,47.24439]],[[11.58483,47.24406],[11.58485,47.24392]],[[11.58485,47.24392],[11.58492,47.24359],[11.58464,47.24344],[11.5855,47.24309],[11.58641,47.24235],[11.58799,47.2423],[11.5897,47.24261],[11.59226,47.24214],[11.5925,47.24169]]]}},{"type":"Feature","properties":{"name":"Largozweg","piste:type":"skitour","osm":"way/1335616809","length_km_in_region":0.0},"geometry":{"type":"MultiLineString","coordinates":[[[11.58431,47.25213],[11.58427,47.25199]]]}},{"type":"Feature","properties":{"name":"Largozweg","piste:type":"skitour","osm":"way/1335616812","length_km_in_region":0.0},"geometry":{"type":"MultiLineString","coordinates":[[[11.58483,47.24406],[11.58485,47.24392]]]}},{"type":"Feature","properties":{"name":"Largozweg","piste:type":"skitour","osm":"way/1468751856","length_km_in_region":0.4},"geometry":{"type":"MultiLineString","coordinates":[[[11.57514,47.25772],[11.57532,47.25809],[11.57699,47.25879],[11.57979,47.25953]]]}},{"type":"Feature","properties":{"name":"Lizumer Hütte - Knappenkuchl - Lizumer Sonnenspitze","from":"Lizumer Hütte","to":"Lizumer Sonnenspitze","piste:type":"skitour","osm":"relation/18304780","length_km_in_region":4.5},"geometry":{"type":"MultiLineString","coordinates":[[[11.62105,47.13968],[11.61921,47.1396],[11.61789,47.13888],[11.61694,47.13949],[11.61517,47.13973],[11.61175,47.1414]],[[11.61175,47.1414],[11.60952,47.1434],[11.6098,47.14624],[11.60979,47.15012],[11.60928,47.15169],[11.60801,47.153]],[[11.60801,47.153],[11.6084,47.1544],[11.60721,47.15567],[11.61204,47.16083],[11.61255,47.16187],[11.61431,47.16298],[11.61476,47.16348],[11.61479,47.16515],[11.61423,47.16576],[11.61443,47.16684],[11.61496,47.16779]],[[11.61496,47.16779],[11.61844,47.16906],[11.62061,47.16946]]]}},{"type":"Feature","properties":{"name":"Lizumer Hütte - Mölser Sonnenspitze","piste:type":"skitour","osm":"relation/18304783","length_km_in_region":1.1},"geometry":{"type":"MultiLineString","coordinates":[[[11.61017,47.16695],[11.61078,47.16834]],[[11.61078,47.16834],[11.61155,47.16875],[11.61305,47.16874],[11.61292,47.16785],[11.61496,47.16779]],[[11.61496,47.16779],[11.61844,47.16906],[11.62061,47.16946]]]}},{"type":"Feature","properties":{"name":"Längentaler Weißer Kogel","from":"Westfalenhaus","to":"Längentaler Weißer Kogel","piste:type":"skitour","osm":"relation/445112","length_km_in_region":3.8},"geometry":{"type":"MultiLineString","coordinates":[[[11.09947,47.10701],[11.09886,47.10583],[11.0985,47.10409],[11.09848,47.10345],[11.09861,47.10353],[11.09884,47.10328],[11.09897,47.1029],[11.09797,47.10122],[11.09794,47.10009],[11.09742,47.09855],[11.09849,47.09601],[11.09841,47.09558],[11.09807,47.09561],[11.09495,47.09383],[11.09457,47.09316],[11.09324,47.09264],[11.09196,47.0912],[11.09105,47.08919],[11.09143,47.08898],[11.09143,47.08869],[11.09194,47.08874],[11.09222,47.08816],[11.09276,47.08824],[11.0936,47.08785],[11.09384,47.08734],[11.09384,47.08508],[11.09435,47.08338],[11.09595,47.0817],[11.09482,47.0783]],[[11.09947,47.10701],[11.09997,47.10776]]]}},{"type":"Feature","properties":{"name":"Lüsener Fernerkogel","from":"Sankt Sigmund im Sellrain, Lüsens","to":"Lüsener Fernerkogel","piste:type":"skitour","piste:difficulty":"intermediate","osm":"relation/20087021","length_km_in_region":6.1},"geometry":{"type":"MultiLineString","coordinates":[[[11.13497,47.11402],[11.1353,47.1133],[11.13512,47.11099],[11.13445,47.10998],[11.13472,47.10819],[11.13343,47.10404],[11.13228,47.1036],[11.13251,47.10237],[11.13223,47.10096],[11.13526,47.09768],[11.13567,47.09599],[11.13429,47.09309],[11.12881,47.0892]],[[11.12881,47.0892],[11.12468,47.0885],[11.1185,47.08974]],[[11.1185,47.08974],[11.11779,47.09092],[11.12094,47.09094],[11.11977,47.0932],[11.1162,47.09415],[11.11405,47.09454],[11.11402,47.0951]],[[11.11977,47.0932],[11.12182,47.0915],[11.12322,47.09124],[11.12592,47.09232],[11.13211,47.09155]]]}},{"type":"Feature","properties":{"name":"Lüsener Spitze","from":"Sankt Sigmund im Sellrain, Lüsens","to":"Lüsener Spitze","piste:type":"skitour","osm":"relation/20087022","length_km_in_region":4.9},"geometry":{"type":"MultiLineString","coordinates":[[[11.1185,47.08974],[11.11654,47.09041],[11.11466,47.09038],[11.1135,47.08988],[11.11288,47.08925],[11.11268,47.08855],[11.11328,47.08758],[11.11165,47.0875],[11.11066,47.08776],[11.11102,47.08821],[11.11086,47.0884]],[[11.12881,47.0892],[11.12468,47.0885],[11.1185,47.08974]],[[11.13497,47.11402],[11.1353,47.1133],[11.13512,47.11099],[11.13445,47.10998],[11.13472,47.10819],[11.13343,47.10404],[11.13228,47.1036],[11.13251,47.10237],[11.13223,47.10096],[11.13526,47.09768],[11.13567,47.09599],[11.13429,47.09309],[11.12881,47.0892]]]}},{"type":"Feature","properties":{"name":"Lüsener Spitze","from":"Franz-Senn-Hütte","to":"Lüsener Spitze","piste:type":"skitour","osm":"relation/20087023","length_km_in_region":8.1},"geometry":{"type":"MultiLineString","coordinates":[[[11.16793,47.08508],[11.16782,47.08511]],[[11.16782,47.08513],[11.16782,47.08511]],[[11.16782,47.08513],[11.16761,47.08518]],[[11.16761,47.08518],[11.16641,47.08471],[11.16562,47.08386]],[[11.16562,47.08386],[11.16554,47.08374]],[[11.16554,47.08374],[11.16553,47.08373]],[[11.16553,47.08373],[11.1642,47.08316],[11.16272,47.08207],[11.16167,47.08156]],[[11.16167,47.08156],[11.16081,47.081],[11.15918,47.0804],[11.15781,47.08019],[11.15784,47.07996]],[[11.11086,47.0884],[11.10962,47.08688],[11.1158,47.08361],[11.12154,47.07865]],[[11.1185,47.08974],[11.11654,47.09041],[11.11466,47.09038],[11.1135,47.08988],[11.11288,47.08925],[11.11268,47.08855],[11.11328,47.08758],[11.11165,47.0875],[11.11066,47.08776],[11.11102,47.08821],[11.11086,47.0884]],[[11.13684,47.08512],[11.1251,47.08672],[11.1185,47.08974]],[[11.13701,47.08453],[11.13657,47.08464],[11.13713,47.08509],[11.13684,47.08512]],[[11.16761,47.08518],[11.16699,47.08517],[11.16456,47.0843],[11.16092,47.08539],[11.15986,47.08456],[11.15881,47.08419],[11.1572,47.08536],[11.15691,47.08534],[11.15379,47.08426],[11.1521,47.08405],[11.1481,47.08392],[11.14567,47.08357],[11.14261,47.08266],[11.14029,47.08242],[11.13843,47.08277],[11.13956,47.08402],[11.13778,47.08413],[11.13805,47.08461],[11.13701,47.08453]],[[11.16782,47.08513],[11.16761,47.08518]],[[11.16782,47.08513],[11.16782,47.08511]],[[11.16793,47.08508],[11.16782,47.08511]],[[11.16854,47.08493],[11.16793,47.08508]],[[11.16854,47.08493],[11.16793,47.08508]]]}},{"type":"Feature","properties":{"name":"Malgrübler","from":"Weerberg","to":"Malgrübler","piste:type":"skitour","osm":"relation/20101889","length_km_in_region":5.3},"geometry":{"type":"MultiLineString","coordinates":[[[11.61525,47.22507],[11.61446,47.22558]],[[11.61446,47.22558],[11.61376,47.22607],[11.61024,47.22676]],[[11.61024,47.22676],[11.60996,47.22707],[11.60955,47.22683],[11.60992,47.22865],[11.60892,47.22786],[11.60899,47.22867],[11.60813,47.23013]],[[11.60813,47.23013],[11.60787,47.23037],[11.60673,47.23001],[11.60353,47.22833],[11.60251,47.22759]],[[11.60251,47.22759],[11.60063,47.22636],[11.60109,47.22521],[11.60241,47.22396],[11.60275,47.22303]],[[11.60275,47.22303],[11.60222,47.22241]],[[11.60095,47.22141],[11.60062,47.22095],[11.60064,47.22002],[11.60092,47.2198],[11.59986,47.21828]],[[11.59986,47.21828],[11.59843,47.21546],[11.59509,47.21354],[11.59154,47.20992],[11.58823,47.20763],[11.58763,47.20641],[11.58544,47.20332],[11.58457,47.20146],[11.58477,47.20065],[11.58694,47.20009],[11.58825,47.20036],[11.58845,47.20061]]]}},{"type":"Feature","properties":{"name":"Mieders-Waldraster Jöchl","piste:type":"skitour","osm":"relation/399447","length_km_in_region":14.5},"geometry":{"type":"MultiLineString","coordinates":[[[11.39372,47.16963],[11.39415,47.17078],[11.39492,47.17122],[11.39563,47.17281],[11.3961,47.17317],[11.39575,47.17451],[11.3959,47.17765],[11.39639,47.17899],[11.39695,47.17935]],[[11.39372,47.16963],[11.39416,47.16879],[11.39516,47.16784],[11.3951,47.16713],[11.39687,47.16607]],[[11.39687,47.16607],[11.39865,47.1652],[11.40006,47.1626]],[[11.40006,47.1626],[11.40033,47.16225]],[[11.40033,47.16225],[11.40038,47.16216]],[[11.40038,47.16216],[11.40158,47.16056],[11.40191,47.1583],[11.40352,47.15729],[11.40364,47.15642],[11.40458,47.15515],[11.40441,47.15351],[11.4047,47.15259],[11.40553,47.15131],[11.40544,47.1504],[11.40496,47.14951],[11.4052,47.14915],[11.40513,47.14839],[11.40532,47.14804],[11.4057,47.148],[11.40569,47.14765],[11.40674,47.14627],[11.40661,47.14407]],[[11.40661,47.14407],[11.40681,47.14381]],[[11.40014,47.14602],[11.40259,47.14556],[11.40681,47.14381]],[[11.40078,47.14547],[11.40014,47.14602]],[[11.40078,47.14547],[11.40048,47.14496],[11.40085,47.14385],[11.40039,47.14342],[11.40095,47.14303]],[[11.40095,47.14303],[11.40155,47.14327]],[[11.40155,47.14327],[11.40146,47.14268],[11.4026,47.14208],[11.40424,47.13971],[11.40505,47.13903],[11.40511,47.13818],[11.40575,47.13788],[11.40594,47.13752]],[[11.40594,47.13752],[11.4067,47.1372]],[[11.39695,47.17935],[11.3985,47.1798],[11.40025,47.18075],[11.4014,47.18091],[11.40186,47.18072],[11.40209,47.18096],[11.40312,47.18119]],[[11.39502,47.15723],[11.39435,47.16181],[11.39466,47.16318],[11.39448,47.16384],[11.39391,47.16463],[11.39105,47.16623],[11.38942,47.16641],[11.38846,47.16618],[11.38727,47.1658],[11.38616,47.16503],[11.38408,47.16421],[11.38006,47.16358]],[[11.38846,47.16618],[11.38854,47.16574],[11.38779,47.16408],[11.38776,47.16351],[11.38679,47.16259]],[[11.38679,47.16259],[11.38714,47.16229]],[[11.38714,47.16229],[11.38806,47.16283]],[[11.38675,47.16041],[11.38712,47.16071],[11.38716,47.16141],[11.38806,47.16283]],[[11.38691,47.15951],[11.38675,47.16041]],[[11.38685,47.15945],[11.38691,47.15951]],[[11.38696,47.15734],[11.38694,47.15765],[11.38637,47.15826],[11.38685,47.15945]],[[11.38696,47.15734],[11.38738,47.15696]],[[11.38738,47.15696],[11.38767,47.15751],[11.38999,47.15892]],[[11.38999,47.15892],[11.39185,47.15837],[11.39222,47.1567],[11.39337,47.15514],[11.39453,47.1547]],[[11.39526,47.15004],[11.39453,47.1547]],[[11.39526,47.15004],[11.39675,47.1467],[11.39821,47.14613],[11.39905,47.14526]],[[11.39497,47.15637],[11.39502,47.15723]],[[11.39483,47.1562],[11.39497,47.15637]],[[11.40274,47.15053],[11.40274,47.15074],[11.40233,47.15094],[11.40046,47.15147],[11.39935,47.15199],[11.39852,47.15204],[11.39857,47.15263],[11.39804,47.15308],[11.3975,47.15317],[11.3975,47.15378],[11.39651,47.154],[11.39637,47.1547],[11.39657,47.15516],[11.39607,47.15547],[11.39602,47.15588],[11.39483,47.1562]],[[11.40121,47.14992],[11.40169,47.14989],[11.40213,47.15031],[11.40274,47.15053]],[[11.40095,47.14977],[11.40121,47.14992]],[[11.39938,47.14629],[11.40076,47.14801],[11.40052,47.14916],[11.40095,47.14977]],[[11.39933,47.14606],[11.39938,47.14629]],[[11.39933,47.14606],[11.39905,47.14526]],[[11.40018,47.14336],[11.39946,47.14425],[11.39905,47.14526]],[[11.40018,47.14336],[11.40046,47.14334]],[[11.40014,47.14602],[11.39938,47.14629]],[[11.40078,47.14547],[11.40014,47.14602]],[[11.39453,47.1547],[11.39483,47.1562]]]}},{"type":"Feature","properties":{"name":"Morgenkogel","from":"Ellbögen Mühltal","to":"Morgenkogel","piste:type":"skitour","osm":"relation/20084111","length_km_in_region":7.7},"geometry":{"type":"MultiLineString","coordinates":[[[11.46515,47.19711],[11.46391,47.19593],[11.46088,47.19485],[11.45701,47.19388],[11.45421,47.19247],[11.45132,47.19152],[11.44547,47.1888],[11.44381,47.18847],[11.44044,47.18713]],[[11.46519,47.19715],[11.46515,47.19711]],[[11.47586,47.20439],[11.47499,47.20391],[11.47426,47.20382],[11.47384,47.20354],[11.47349,47.20286],[11.47159,47.20201],[11.47038,47.20179],[11.46726,47.19905],[11.46675,47.19822],[11.46519,47.19715]],[[11.4762,47.20474],[11.47586,47.20439]],[[11.48604,47.20679],[11.48465,47.20695],[11.4824,47.20674],[11.48169,47.20699],[11.48074,47.20695],[11.47985,47.20663],[11.47716,47.20501],[11.4762,47.20474]],[[11.48861,47.20709],[11.48604,47.20679]],[[11.48861,47.20709],[11.48993,47.207]],[[11.48993,47.207],[11.49013,47.20699]],[[11.49013,47.20699],[11.48728,47.2044],[11.48786,47.20336],[11.48752,47.2024],[11.48944,47.19787],[11.49633,47.19553],[11.50372,47.18773],[11.5053,47.18705],[11.50757,47.18719],[11.50842,47.18742]]]}},{"type":"Feature","properties":{"name":"Muggenmoos","ref":"A4","distance":"1.5","piste:type":"nordic","piste:difficulty":"easy","osm":"relation/6813651","length_km_in_region":1.6},"geometry":{"type":"MultiLineString","coordinates":[[[11.12979,47.33699],[11.13127,47.3381],[11.13257,47.33764],[11.13229,47.3369],[11.13177,47.33711],[11.13091,47.33697],[11.12968,47.33619],[11.1284,47.33586],[11.12752,47.33588],[11.12617,47.33524],[11.12505,47.33536],[11.12412,47.33496],[11.12395,47.3351],[11.1241,47.3353]],[[11.1241,47.3353],[11.12526,47.33566]],[[11.12526,47.33566],[11.12681,47.33615]],[[11.12681,47.33615],[11.12842,47.33683],[11.12979,47.33699]]]}},{"type":"Feature","properties":{"name":"Mölsbergreibn","piste:type":"skitour","osm":"relation/18304788","length_km_in_region":6.9},"geometry":{"type":"MultiLineString","coordinates":[[[11.61496,47.16779],[11.61844,47.16906],[11.62061,47.16946]],[[11.61078,47.16834],[11.61155,47.16875],[11.61305,47.16874],[11.61292,47.16785],[11.61496,47.16779]],[[11.61017,47.16695],[11.61078,47.16834]],[[11.61078,47.16834],[11.60923,47.16892],[11.60875,47.1708],[11.60796,47.17138],[11.60884,47.17365],[11.60967,47.17444],[11.60901,47.17537],[11.60876,47.17682],[11.60683,47.17845],[11.60518,47.17791],[11.60459,47.17727],[11.60365,47.17752],[11.60469,47.17947],[11.60468,47.18024],[11.60556,47.18251],[11.60603,47.18274],[11.60719,47.18589],[11.60716,47.18612],[11.6067,47.18621],[11.60624,47.18525],[11.6058,47.18497],[11.60581,47.18757],[11.60612,47.1884],[11.60691,47.18944],[11.60694,47.19021],[11.60813,47.19274],[11.60857,47.19547],[11.60909,47.19666],[11.61134,47.19828],[11.61104,47.19842],[11.60975,47.19811],[11.60959,47.19829],[11.61242,47.20058],[11.61383,47.20127],[11.61684,47.20326],[11.61868,47.20367],[11.61926,47.20399],[11.61913,47.20419],[11.61784,47.20429],[11.61863,47.20469],[11.62011,47.20504]]]}},{"type":"Feature","properties":{"name":"Mölstal - Mölser Sonnenspitze","from":"Lager Walchen","to":"Mölser Sonnenspitze","piste:type":"skitour","osm":"relation/18304789","length_km_in_region":6.0},"geometry":{"type":"MultiLineString","coordinates":[[[11.61078,47.16834],[11.60923,47.16892],[11.60875,47.1708],[11.60796,47.17138],[11.60884,47.17365],[11.60967,47.17444],[11.60901,47.17537],[11.60876,47.17682],[11.60683,47.17845],[11.60518,47.17791],[11.60459,47.17727],[11.60365,47.17752],[11.60469,47.17947],[11.60468,47.18024],[11.60556,47.18251],[11.60603,47.18274],[11.60719,47.18589],[11.60716,47.18612],[11.6067,47.18621],[11.60624,47.18525],[11.6058,47.18497],[11.60581,47.18757],[11.60612,47.1884],[11.60691,47.18944],[11.60694,47.19021],[11.60813,47.19274],[11.60857,47.19547],[11.60909,47.19666],[11.61134,47.19828],[11.61104,47.19842],[11.60975,47.19811],[11.60959,47.19829],[11.61242,47.20058],[11.61383,47.20127],[11.61684,47.20326],[11.61868,47.20367],[11.61926,47.20399],[11.61913,47.20419],[11.61784,47.20429],[11.61863,47.20469],[11.62011,47.20504]],[[11.61017,47.16695],[11.61078,47.16834]]]}},{"type":"Feature","properties":{"name":"Naviser Hütte","from":"Navis, Parkplatz Schranzberg","to":"Naviser Hütte","piste:type":"skitour","osm":"relation/20114799","length_km_in_region":1.9},"geometry":{"type":"MultiLineString","coordinates":[[[11.55281,47.13633],[11.55186,47.13619]],[[11.55788,47.13938],[11.55764,47.13977],[11.55675,47.14034],[11.55667,47.1408],[11.55606,47.13981],[11.556,47.13851],[11.55569,47.13835],[11.55495,47.13715],[11.55281,47.13633]],[[11.55788,47.13938],[11.5586,47.13913]],[[11.5586,47.13913],[11.55934,47.13989],[11.5598,47.13942],[11.56079,47.14003],[11.56253,47.1403],[11.56376,47.1411],[11.565,47.1414],[11.56655,47.14229],[11.56762,47.14148],[11.56819,47.14141],[11.56854,47.14167]]]}},{"type":"Feature","properties":{"name":"Navistal - Geier 1","from":"Navis","to":"Geier","piste:type":"skitour","osm":"relation/18304790","length_km_in_region":7.9},"geometry":{"type":"MultiLineString","coordinates":[[[11.59785,47.14993],[11.59726,47.15047],[11.59488,47.15073],[11.59394,47.15063],[11.59406,47.15009],[11.5935,47.14973],[11.58432,47.15156],[11.58228,47.15181],[11.58486,47.15235],[11.58405,47.15256],[11.58462,47.15317],[11.58188,47.15261],[11.57981,47.15279],[11.58115,47.153],[11.57867,47.1534],[11.57649,47.15458],[11.57507,47.155],[11.57398,47.15592],[11.57348,47.15584],[11.57225,47.15495],[11.56955,47.15461],[11.56755,47.15412],[11.5669,47.15357],[11.56631,47.15254],[11.56286,47.15137],[11.5602,47.15148],[11.55579,47.14921],[11.5566,47.14871],[11.55767,47.14765],[11.55629,47.14551],[11.55471,47.14477],[11.55403,47.14395],[11.55364,47.14215]],[[11.61175,47.1414],[11.60469,47.14321],[11.60153,47.14424],[11.59776,47.14472],[11.59806,47.14693],[11.59785,47.14993]],[[11.62105,47.13968],[11.61921,47.1396],[11.61789,47.13888],[11.61694,47.13949],[11.61517,47.13973],[11.61175,47.1414]]]}},{"type":"Feature","properties":{"name":"Navistal - Geier 2","from":"Navis","to":"Geier","piste:type":"skitour","osm":"relation/18304791","length_km_in_region":8.6},"geometry":{"type":"MultiLineString","coordinates":[[[11.62105,47.13968],[11.61921,47.1396],[11.61789,47.13888],[11.61694,47.13949],[11.61517,47.13973],[11.61175,47.1414]],[[11.61175,47.1414],[11.60952,47.1434],[11.6098,47.14624],[11.60979,47.15012],[11.60928,47.15169],[11.60801,47.153]],[[11.59785,47.14993],[11.59931,47.14915],[11.60266,47.15042],[11.60379,47.15156],[11.60387,47.15252],[11.60645,47.15321],[11.60801,47.153]],[[11.59785,47.14993],[11.59726,47.15047],[11.59488,47.15073],[11.59394,47.15063],[11.59406,47.15009],[11.5935,47.14973],[11.58432,47.15156],[11.58228,47.15181],[11.58486,47.15235],[11.58405,47.15256],[11.58462,47.15317],[11.58188,47.15261],[11.57981,47.15279],[11.58115,47.153],[11.57867,47.1534],[11.57649,47.15458],[11.57507,47.155],[11.57398,47.15592],[11.57348,47.15584],[11.57225,47.15495],[11.56955,47.15461],[11.56755,47.15412],[11.5669,47.15357],[11.56631,47.15254],[11.56286,47.15137],[11.5602,47.15148],[11.55579,47.14921],[11.5566,47.14871],[11.55767,47.14765],[11.55629,47.14551],[11.55471,47.14477],[11.55403,47.14395],[11.55364,47.14215]]]}},{"type":"Feature","properties":{"name":"Navistal - Mölser Sonnenspitze","from":"Navis","to":"Mölser Sonnenspitze","piste:type":"skitour","osm":"relation/18304792","length_km_in_region":8.9},"geometry":{"type":"MultiLineString","coordinates":[[[11.61017,47.16695],[11.61078,47.16834]],[[11.61078,47.16834],[11.61155,47.16875],[11.61305,47.16874],[11.61292,47.16785],[11.61496,47.16779]],[[11.60801,47.153],[11.6084,47.1544],[11.60721,47.15567],[11.61204,47.16083],[11.61255,47.16187],[11.61431,47.16298],[11.61476,47.16348],[11.61479,47.16515],[11.61423,47.16576],[11.61443,47.16684],[11.61496,47.16779]],[[11.59785,47.14993],[11.59931,47.14915],[11.60266,47.15042],[11.60379,47.15156],[11.60387,47.15252],[11.60645,47.15321],[11.60801,47.153]],[[11.59785,47.14993],[11.59726,47.15047],[11.59488,47.15073],[11.59394,47.15063],[11.59406,47.15009],[11.5935,47.14973],[11.58432,47.15156],[11.58228,47.15181],[11.58486,47.15235],[11.58405,47.15256],[11.58462,47.15317],[11.58188,47.15261],[11.57981,47.15279],[11.58115,47.153],[11.57867,47.1534],[11.57649,47.15458],[11.57507,47.155],[11.57398,47.15592],[11.57348,47.15584],[11.57225,47.15495],[11.56955,47.15461],[11.56755,47.15412],[11.5669,47.15357],[11.56631,47.15254],[11.56286,47.15137],[11.5602,47.15148],[11.55579,47.14921],[11.5566,47.14871],[11.55767,47.14765],[11.55629,47.14551],[11.55471,47.14477],[11.55403,47.14395],[11.55364,47.14215]]]}},{"type":"Feature","properties":{"name":"Neuleutasch","ref":"C3","distance":"5.1","piste:type":"nordic","piste:difficulty":"advanced","osm":"relation/10773028","length_km_in_region":5.8},"geometry":{"type":"MultiLineString","coordinates":[[[11.16385,47.33965],[11.16374,47.33984]],[[11.16374,47.33984],[11.16412,47.34135],[11.16364,47.34202],[11.16424,47.3427],[11.16514,47.34325],[11.1657,47.34427],[11.16722,47.34534],[11.1673,47.34604]],[[11.1673,47.34604],[11.16842,47.34793],[11.17097,47.34963]],[[11.17097,47.34963],[11.17174,47.35024],[11.17331,47.35048],[11.17383,47.35074],[11.17397,47.35103],[11.17577,47.35229],[11.17619,47.35292],[11.17601,47.35335],[11.1762,47.3536],[11.17793,47.35306],[11.17866,47.35309],[11.17976,47.35386],[11.18129,47.35419]],[[11.18129,47.35419],[11.18152,47.35293],[11.18153,47.34812]],[[11.18153,47.34812],[11.18075,47.34759],[11.17972,47.34724],[11.17574,47.34654],[11.17453,47.34596],[11.17397,47.3461],[11.17404,47.34633],[11.17357,47.34659],[11.17285,47.34747],[11.17211,47.34774],[11.17157,47.34766],[11.17006,47.34655],[11.17008,47.34625],[11.1706,47.34607],[11.17041,47.34576],[11.16986,47.34537],[11.16876,47.34502],[11.16707,47.34367]],[[11.16707,47.34367],[11.16532,47.34197],[11.1642,47.33971]],[[11.16423,47.33993],[11.16465,47.339],[11.16428,47.33703],[11.16318,47.337],[11.1613,47.33638],[11.16063,47.3365],[11.15967,47.33706]]]}},{"type":"Feature","properties":{"name":"Nockspitze (Seile) über Mairrinne","piste:type":"skitour","osm":"way/914241663","length_km_in_region":1.4},"geometry":{"type":"MultiLineString","coordinates":[[[11.31462,47.19892],[11.31496,47.19888],[11.31518,47.19857],[11.31517,47.19772],[11.31456,47.19677],[11.31491,47.19618],[11.31688,47.19458],[11.32113,47.19339],[11.32068,47.193],[11.32125,47.19273],[11.32083,47.19239],[11.32147,47.19211],[11.32095,47.19176],[11.32149,47.19154],[11.32114,47.19127],[11.3213,47.19073],[11.32189,47.19066],[11.32257,47.19102]]]}},{"type":"Feature","properties":{"name":"Nördliche Steintalspitze","from":"Haggen","to":"Nördliche Steintalspitze","piste:type":"skitour","piste:difficulty":"intermediate","osm":"relation/20114312","length_km_in_region":5.0},"geometry":{"type":"MultiLineString","coordinates":[[[11.08408,47.20741],[11.08334,47.2067],[11.0806,47.20539],[11.07953,47.20464]],[[11.07953,47.20464],[11.0786,47.20462],[11.07532,47.20326],[11.07541,47.20299],[11.07435,47.20206],[11.07422,47.20163]],[[11.07422,47.20163],[11.07382,47.20115]],[[11.07382,47.20115],[11.07235,47.2004],[11.07164,47.19964]],[[11.07164,47.19964],[11.0705,47.1963],[11.06438,47.19214],[11.06378,47.19134],[11.06401,47.19114],[11.06367,47.19113],[11.06392,47.19103],[11.06289,47.19093],[11.0624,47.19037]],[[11.0624,47.19037],[11.06181,47.18953],[11.05378,47.18964],[11.05185,47.18994]],[[11.05185,47.18994],[11.04825,47.19052],[11.04617,47.19134],[11.04192,47.19412]],[[11.04192,47.19412],[11.04123,47.19444],[11.04022,47.1941],[11.04038,47.19456],[11.03947,47.19442],[11.0397,47.19483],[11.03909,47.19465],[11.03937,47.19503]],[[11.03937,47.19503],[11.03842,47.19431]]]}},{"type":"Feature","properties":{"name":"Olympiaroute","from":"Talstation Patscherkofelbahn","to":"Bergstation Patscherkofelbahn","distance":"4","piste:type":"skitour","piste:difficulty":"intermediate","osm":"relation/20082147","length_km_in_region":3.6},"geometry":{"type":"MultiLineString","coordinates":[[[11.42511,47.22148],[11.42529,47.21952],[11.42586,47.21805],[11.42617,47.21765],[11.4273,47.21707],[11.42796,47.21635],[11.42761,47.21555],[11.42693,47.21533],[11.42639,47.21484],[11.42606,47.21484],[11.42599,47.21208],[11.42645,47.2117],[11.42802,47.21145],[11.42867,47.21171],[11.43059,47.21181],[11.43147,47.21165],[11.43389,47.21225],[11.43548,47.21324],[11.43609,47.21318],[11.4366,47.21344],[11.44031,47.21207],[11.44241,47.21196],[11.445,47.21226],[11.44702,47.21165],[11.44847,47.21153],[11.45157,47.21218],[11.45316,47.2123],[11.45234,47.21029]]]}},{"type":"Feature","properties":{"name":"Panorama","ref":"B7","distance":"2.4","piste:type":"nordic","piste:difficulty":"intermediate","osm":"relation/7002506","length_km_in_region":2.0},"geometry":{"type":"MultiLineString","coordinates":[[[11.12439,47.357],[11.1232,47.35703]],[[11.11941,47.35624],[11.1203,47.35595],[11.1211,47.35597],[11.12198,47.3566],[11.1232,47.35703]],[[11.11922,47.35634],[11.11864,47.35708],[11.11733,47.35786],[11.11894,47.35858],[11.12089,47.35874],[11.122,47.35914],[11.12217,47.3597],[11.1217,47.35994],[11.11793,47.36014],[11.1178,47.35976],[11.11702,47.35914],[11.11679,47.35798],[11.11842,47.35668],[11.11941,47.35624]]]}},{"type":"Feature","properties":{"name":"Patscherkofel - Glungezer","from":"Patscherkofel","to":"Glungezer","description":"Vom Gipfel des Patscherkofels über Boscheben zum Glungezer und von dort Abfahrt ins Viggartal zum Meißner Haus und weiter durch das Tal nach Ellbögen Mühltal","piste:type":"skitour","osm":"relation/20084112","length_km_in_region":8.1},"geometry":{"type":"MultiLineString","coordinates":[[[11.46133,47.20824],[11.46159,47.20827]],[[11.46159,47.20827],[11.46267,47.20806]],[[11.46267,47.20806],[11.46376,47.20805],[11.46487,47.20826],[11.46828,47.20992]],[[11.46828,47.20992],[11.47006,47.21027],[11.47277,47.2103],[11.47381,47.21111]],[[11.47716,47.21235],[11.47537,47.21138],[11.47381,47.21111]],[[11.48206,47.21303],[11.48115,47.21286],[11.47932,47.21284],[11.47716,47.21235]],[[11.4839,47.21336],[11.48332,47.21338],[11.48281,47.21306],[11.48206,47.21303]],[[11.48672,47.21363],[11.48569,47.21333],[11.4839,47.21336]],[[11.49559,47.21308],[11.49517,47.21346],[11.49263,47.21323],[11.4919,47.21339],[11.49193,47.21326],[11.49048,47.21378],[11.49064,47.2135],[11.48979,47.21374],[11.48992,47.21362],[11.48871,47.21377],[11.48672,47.21363]],[[11.49685,47.21248],[11.49559,47.21308]],[[11.49685,47.21248],[11.4984,47.21229],[11.50063,47.21271],[11.50111,47.2125],[11.50657,47.21268],[11.50987,47.21246],[11.51301,47.21178],[11.51418,47.2118],[11.51594,47.21218]],[[11.51594,47.21218],[11.51687,47.21217]],[[11.51687,47.21217],[11.51729,47.21205]],[[11.52381,47.21024],[11.52267,47.21104],[11.52213,47.211],[11.51966,47.21176],[11.51862,47.21173],[11.51729,47.21205]],[[11.52654,47.20997],[11.52528,47.21026],[11.52485,47.21013],[11.52381,47.21024]],[[11.52688,47.20991],[11.52654,47.20997]],[[11.52688,47.20991],[11.52779,47.20922],[11.52751,47.20874],[11.52788,47.20862]],[[11.52788,47.20862],[11.52808,47.20876]],[[11.52729,47.20959],[11.52249,47.2088],[11.51893,47.20971],[11.51435,47.20922],[11.50859,47.20715],[11.50593,47.20565],[11.49931,47.2054],[11.49767,47.20639],[11.4964,47.20614]]]}},{"type":"Feature","properties":{"name":"Pfoner Kreuzjöchl","piste:type":"skitour","osm":"way/150715004","length_km_in_region":3.9},"geometry":{"type":"MultiLineString","coordinates":[[[11.54846,47.14503],[11.54737,47.14517],[11.5472,47.14655],[11.54735,47.14811],[11.54555,47.14912],[11.54555,47.14947],[11.54684,47.15037],[11.54714,47.15104],[11.54705,47.15215],[11.54667,47.15282],[11.54546,47.15238],[11.54276,47.15235],[11.53988,47.15314],[11.53031,47.15819],[11.5292,47.15974],[11.52761,47.16441],[11.52607,47.1649],[11.52383,47.16464],[11.52238,47.1633],[11.52126,47.16146]]]}},{"type":"Feature","properties":{"name":"Pfoner Kreuzjöchl","from":"Navis","to":"Pfoner Kreuzjöchl","piste:type":"skitour","osm":"relation/20101830","length_km_in_region":4.5},"geometry":{"type":"MultiLineString","coordinates":[[[11.54846,47.14503],[11.54737,47.14517],[11.5472,47.14655],[11.54735,47.14811],[11.54555,47.14912],[11.54555,47.14947],[11.54684,47.15037],[11.54714,47.15104],[11.54705,47.15215],[11.54667,47.15282],[11.54546,47.15238],[11.54276,47.15235],[11.53988,47.15314],[11.53031,47.15819],[11.5292,47.15974],[11.52761,47.16441],[11.52607,47.1649],[11.52383,47.16464],[11.52238,47.1633],[11.52126,47.16146]],[[11.54846,47.14503],[11.54895,47.14476],[11.54854,47.14424],[11.54913,47.14376],[11.55299,47.14165]]]}},{"type":"Feature","properties":{"name":"Pforzheimer Hütte","from":"Sankt Sigmund im Sellrain","to":"Pforzheimer Hütte","piste:type":"skitour","osm":"relation/20114306","length_km_in_region":6.4},"geometry":{"type":"MultiLineString","coordinates":[[[11.0987,47.19811],[11.09862,47.19841],[11.09903,47.19901],[11.10063,47.20079]],[[11.09883,47.19799],[11.0987,47.19811]],[[11.09857,47.18952],[11.09806,47.19068],[11.09846,47.19393],[11.09893,47.19447],[11.09766,47.19478],[11.09799,47.19624],[11.09864,47.19724],[11.09883,47.19799]],[[11.09892,47.18893],[11.09857,47.18952]],[[11.09892,47.18893],[11.09896,47.18817],[11.09672,47.18584],[11.09678,47.18503],[11.09628,47.18326],[11.09842,47.1796],[11.09871,47.17811],[11.0977,47.17664],[11.0977,47.17576],[11.09829,47.17581],[11.09712,47.1736],[11.09669,47.17319]],[[11.08689,47.16361],[11.08915,47.1668],[11.09005,47.16713],[11.09155,47.16919],[11.09567,47.17205],[11.09669,47.17319]],[[11.08689,47.16361],[11.08592,47.16263],[11.08408,47.16151],[11.08304,47.16009],[11.08177,47.15947],[11.07969,47.15776],[11.07976,47.15762]],[[11.07388,47.15699],[11.07504,47.15753],[11.0763,47.15773],[11.07619,47.15683],[11.07929,47.15728],[11.07976,47.15762]],[[11.07211,47.15494],[11.07256,47.15576],[11.07388,47.15699]],[[11.07224,47.15478],[11.07211,47.15494]]]}},{"type":"Feature","properties":{"name":"Pockkogel","from":"Haggen","to":"Pockkogel","piste:type":"skitour","piste:difficulty":"intermediate","osm":"relation/20114314","length_km_in_region":5.0},"geometry":{"type":"MultiLineString","coordinates":[[[11.08408,47.20741],[11.08334,47.2067],[11.0806,47.20539],[11.07953,47.20464]],[[11.07953,47.20464],[11.0786,47.20462],[11.07532,47.20326],[11.07541,47.20299],[11.07435,47.20206],[11.07422,47.20163]],[[11.07422,47.20163],[11.07382,47.20115]],[[11.07382,47.20115],[11.07235,47.2004],[11.07164,47.19964]],[[11.07164,47.19964],[11.0705,47.1963],[11.06438,47.19214],[11.06378,47.19134],[11.06401,47.19114],[11.06367,47.19113],[11.06392,47.19103],[11.06289,47.19093],[11.0624,47.19037]],[[11.0624,47.19037],[11.06181,47.18953],[11.05378,47.18964],[11.05185,47.18994]],[[11.05185,47.18994],[11.04825,47.19052],[11.04617,47.19134],[11.04192,47.19412]],[[11.04192,47.19412],[11.04191,47.19489],[11.04147,47.1957],[11.04046,47.19624],[11.0415,47.1975],[11.04259,47.19783]]]}},{"type":"Feature","properties":{"name":"Rautgatter","ref":"C8","distance":"1.5","piste:type":"nordic","osm":"relation/6813650","length_km_in_region":1.4},"geometry":{"type":"MultiLineString","coordinates":[[[11.1284,47.33586],[11.12842,47.33502],[11.12791,47.33463],[11.12651,47.3341],[11.12562,47.33321],[11.12486,47.33286],[11.12494,47.33248],[11.12774,47.33208],[11.12816,47.33172],[11.12934,47.33184],[11.12967,47.33163],[11.12935,47.331],[11.12949,47.33086],[11.13214,47.33054],[11.13337,47.33071],[11.13428,47.33064]]]}},{"type":"Feature","properties":{"name":"Rotgrubenspitze","from":"Pforzheimer Hütte","to":"Rotgrubenspitze","piste:type":"skitour","piste:difficulty":"intermediate","osm":"relation/20114304","length_km_in_region":4.6},"geometry":{"type":"MultiLineString","coordinates":[[[11.07224,47.15478],[11.07083,47.154]],[[11.05568,47.16501],[11.05626,47.16184],[11.05685,47.16025],[11.06223,47.15602],[11.06454,47.15484],[11.06759,47.15431],[11.07083,47.154]],[[11.05568,47.16501],[11.05582,47.16526],[11.05655,47.16538],[11.05751,47.1663]],[[11.05751,47.1663],[11.05804,47.16648]],[[11.07388,47.15699],[11.07405,47.15879],[11.07313,47.15838],[11.07312,47.15899],[11.07117,47.15971],[11.07064,47.1591],[11.06898,47.16054],[11.06713,47.16073],[11.06698,47.16196],[11.06568,47.16208],[11.06582,47.16303],[11.058,47.16448],[11.05846,47.16536],[11.05776,47.1658],[11.05804,47.16648]],[[11.05804,47.16648],[11.05829,47.16721],[11.05937,47.16774],[11.05956,47.16808]]]}},{"type":"Feature","properties":{"name":"Rotgrubenspitze","from":"Haggen","to":"Rotgrubenspitze","piste:type":"skitour","osm":"relation/20114318","length_km_in_region":6.9},"geometry":{"type":"MultiLineString","coordinates":[[[11.08408,47.20741],[11.08334,47.2067],[11.0806,47.20539],[11.07953,47.20464]],[[11.07953,47.20464],[11.0786,47.20462],[11.07532,47.20326],[11.07541,47.20299],[11.07435,47.20206],[11.07422,47.20163]],[[11.07422,47.20163],[11.07382,47.20115]],[[11.07382,47.20115],[11.07235,47.2004],[11.07164,47.19964]],[[11.07164,47.19964],[11.0705,47.1963],[11.06438,47.19214],[11.06378,47.19134],[11.06401,47.19114],[11.06367,47.19113],[11.06392,47.19103],[11.06289,47.19093],[11.0624,47.19037]],[[11.0624,47.19037],[11.06199,47.18935],[11.06281,47.18537],[11.06109,47.18403],[11.06153,47.18321],[11.0702,47.18096],[11.07069,47.18019],[11.07009,47.18005],[11.07025,47.17984],[11.06966,47.17972],[11.06978,47.17943],[11.06606,47.17683],[11.06482,47.17625]],[[11.06482,47.17625],[11.06406,47.17589],[11.06175,47.17408],[11.06108,47.17227]],[[11.06108,47.17227],[11.05947,47.17109],[11.05803,47.16964],[11.05804,47.1693],[11.05608,47.16905],[11.05481,47.16836],[11.0551,47.16631]],[[11.0551,47.16631],[11.05751,47.1663]],[[11.05751,47.1663],[11.05804,47.16648]],[[11.05804,47.16648],[11.05829,47.16721],[11.05937,47.16774],[11.05956,47.16808]]]}},{"type":"Feature","properties":{"name":"Ruderhofspitze","from":"Franz-Senn-Hütte","to":"Ruderhofspitze","description":"Skitour Franz-Senn-Hütte - Ruderhofspitze","piste:type":"skitour","osm":"relation/7064788","length_km_in_region":1.4},"geometry":{"type":"MultiLineString","coordinates":[[[11.16854,47.08493],[11.16793,47.08508]],[[11.16793,47.08508],[11.16782,47.08511]],[[11.16782,47.08513],[11.16782,47.08511]],[[11.16782,47.08513],[11.16761,47.08518]],[[11.16761,47.08518],[11.16641,47.08471],[11.16562,47.08386]],[[11.16562,47.08386],[11.16554,47.08374]],[[11.16554,47.08374],[11.16553,47.08373]],[[11.16553,47.08373],[11.1642,47.08316],[11.16272,47.08207],[11.16167,47.08156]],[[11.16167,47.08156],[11.16094,47.08119],[11.15973,47.08098]],[[11.15973,47.08098],[11.15976,47.08095]],[[11.15976,47.08095],[11.15873,47.08024],[11.15808,47.08016],[11.15793,47.07988]],[[11.16167,47.08156],[11.16081,47.081],[11.15918,47.0804],[11.15781,47.08019],[11.15784,47.07996]]]}},{"type":"Feature","properties":{"name":"Räuhegrat","from":"Sankt Sigmund im Sellrain","to":"Räuhegrat","piste:type":"skitour","osm":"relation/20114307","length_km_in_region":5.7},"geometry":{"type":"MultiLineString","coordinates":[[[11.0987,47.19811],[11.09862,47.19841],[11.09903,47.19901],[11.10063,47.20079]],[[11.09883,47.19799],[11.0987,47.19811]],[[11.09857,47.18952],[11.09806,47.19068],[11.09846,47.19393],[11.09893,47.19447],[11.09766,47.19478],[11.09799,47.19624],[11.09864,47.19724],[11.09883,47.19799]],[[11.09892,47.18893],[11.09857,47.18952]],[[11.09892,47.18893],[11.09896,47.18817],[11.09672,47.18584],[11.09678,47.18503],[11.09628,47.18326],[11.09842,47.1796],[11.09871,47.17811],[11.0977,47.17664],[11.0977,47.17576],[11.09829,47.17581],[11.09712,47.1736],[11.09669,47.17319]],[[11.09669,47.17319],[11.09453,47.17377],[11.09119,47.1757],[11.08535,47.17592],[11.07708,47.17879],[11.07775,47.18008],[11.07774,47.18155],[11.07665,47.18338],[11.07721,47.18417]]]}},{"type":"Feature","properties":{"name":"Saile (Nockspitze)","from":"Birgitzköpfl","to":"Saile","piste:type":"skitour","piste:difficulty":"intermediate","osm":"relation/20102142","length_km_in_region":1.7},"geometry":{"type":"MultiLineString","coordinates":[[[11.31462,47.19892],[11.31496,47.19888],[11.31518,47.19857],[11.31517,47.19772],[11.31456,47.19677],[11.31491,47.19618],[11.31688,47.19458],[11.32113,47.19339],[11.32068,47.193],[11.32125,47.19273],[11.32083,47.19239],[11.32147,47.19211],[11.32095,47.19176],[11.32149,47.19154],[11.32114,47.19127],[11.3213,47.19073],[11.32189,47.19066],[11.32257,47.19102]],[[11.32257,47.19102],[11.32348,47.19115],[11.3245,47.19214],[11.32471,47.19211]]]}},{"type":"Feature","properties":{"name":"Saile (Nockspitze)","from":"Axamer Lizum","to":"Saile (Nockspitze)","description":"Nur bei sicheren Verhältnissen!","piste:type":"skitour","piste:difficulty":"expert","osm":"relation/20102143","length_km_in_region":3.0},"geometry":{"type":"MultiLineString","coordinates":[[[11.32257,47.19102],[11.32348,47.19115],[11.3245,47.19214],[11.32471,47.19211]],[[11.32239,47.1904],[11.32257,47.19102]],[[11.32021,47.18847],[11.32067,47.18982],[11.3211,47.19031],[11.32134,47.19044],[11.32239,47.1904]],[[11.32006,47.18826],[11.32021,47.18847]],[[11.3124,47.18945],[11.31303,47.18976],[11.31335,47.18924],[11.31329,47.18882],[11.31427,47.18821],[11.31451,47.18761],[11.31556,47.18664],[11.31579,47.18668],[11.31593,47.18709],[11.31617,47.18688],[11.31674,47.18718],[11.31707,47.18707],[11.31707,47.18776],[11.31749,47.18837],[11.31768,47.18814],[11.318,47.18846],[11.3182,47.1881],[11.31853,47.1885],[11.31869,47.18816],[11.31906,47.18831],[11.31949,47.18808],[11.32006,47.18826]],[[11.3099,47.19115],[11.31001,47.19054],[11.31048,47.18996],[11.31081,47.19003],[11.31152,47.19079],[11.31187,47.19062],[11.3124,47.18945]],[[11.30383,47.19163],[11.30512,47.19138],[11.30645,47.19221],[11.30821,47.1912],[11.3083,47.19174],[11.30982,47.19134],[11.3099,47.19115]],[[11.30312,47.1933],[11.30325,47.19162],[11.30383,47.19163]]]}},{"type":"Feature","properties":{"name":"Samerschlag","from":"Pforzheimer Hütte","to":"Samerschlag","piste:type":"skitour","piste:difficulty":"intermediate","osm":"relation/20114303","length_km_in_region":2.1},"geometry":{"type":"MultiLineString","coordinates":[[[11.07224,47.15478],[11.07083,47.154]],[[11.07083,47.154],[11.06972,47.15338],[11.06794,47.15303],[11.06641,47.15349],[11.06578,47.15416]],[[11.06578,47.15416],[11.06381,47.15361],[11.06294,47.15252],[11.0633,47.15021],[11.06158,47.14898],[11.06231,47.14785],[11.06187,47.14679],[11.06104,47.14642],[11.05983,47.1462],[11.0629,47.14442]]]}},{"type":"Feature","properties":{"name":"Sattelschröfen","from":"Sankt Sigmund im Sellrain","to":"Sattelschröfen","piste:type":"skitour","osm":"relation/20114317","length_km_in_region":8.5},"geometry":{"type":"MultiLineString","coordinates":[[[11.0987,47.19811],[11.09862,47.19841],[11.09903,47.19901],[11.10063,47.20079]],[[11.09883,47.19799],[11.0987,47.19811]],[[11.09857,47.18952],[11.09806,47.19068],[11.09846,47.19393],[11.09893,47.19447],[11.09766,47.19478],[11.09799,47.19624],[11.09864,47.19724],[11.09883,47.19799]],[[11.09892,47.18893],[11.09857,47.18952]],[[11.09892,47.18893],[11.09896,47.18817],[11.09672,47.18584],[11.09678,47.18503],[11.09628,47.18326],[11.09842,47.1796],[11.09871,47.17811],[11.0977,47.17664],[11.0977,47.17576],[11.09829,47.17581],[11.09712,47.1736],[11.09669,47.17319]],[[11.08689,47.16361],[11.08915,47.1668],[11.09005,47.16713],[11.09155,47.16919],[11.09567,47.17205],[11.09669,47.17319]],[[11.08689,47.16361],[11.08592,47.16263],[11.08408,47.16151],[11.08304,47.16009],[11.08177,47.15947],[11.07969,47.15776],[11.07976,47.15762]],[[11.07976,47.15762],[11.07816,47.15539],[11.07983,47.1516]],[[11.07983,47.1516],[11.08335,47.15238],[11.0842,47.15153],[11.08708,47.15208],[11.09035,47.1516],[11.09341,47.15217],[11.09555,47.15169],[11.09581,47.15027],[11.09524,47.14945],[11.09628,47.1491],[11.09663,47.14742],[11.09608,47.14492],[11.09522,47.14379]]]}},{"type":"Feature","properties":{"name":"Schafzöllen","from":"Speicher Längental","to":"Schafzöllen","piste:type":"skitour","osm":"relation/20114011","length_km_in_region":2.3},"geometry":{"type":"MultiLineString","coordinates":[[[10.98812,47.21256],[10.9893,47.2128],[10.99032,47.21251],[10.99229,47.21151],[10.99615,47.21095],[10.99666,47.21169],[10.99957,47.2143]],[[10.98716,47.21237],[10.98812,47.21256]],[[10.97459,47.21381],[10.97467,47.21457],[10.97584,47.21458],[10.97726,47.21399],[10.98057,47.21392],[10.98152,47.21303],[10.98411,47.21246],[10.98716,47.21237]]]}},{"type":"Feature","properties":{"name":"Schöllekogel","from":"Haggen","to":"Schöllekogel","piste:type":"skitour","piste:difficulty":"intermediate","osm":"relation/20114313","length_km_in_region":5.0},"geometry":{"type":"MultiLineString","coordinates":[[[11.08408,47.20741],[11.08334,47.2067],[11.0806,47.20539],[11.07953,47.20464]],[[11.07953,47.20464],[11.0786,47.20462],[11.07532,47.20326],[11.07541,47.20299],[11.07435,47.20206],[11.07422,47.20163]],[[11.07422,47.20163],[11.07382,47.20115]],[[11.07382,47.20115],[11.07235,47.2004],[11.07164,47.19964]],[[11.07164,47.19964],[11.0705,47.1963],[11.06438,47.19214],[11.06378,47.19134],[11.06401,47.19114],[11.06367,47.19113],[11.06392,47.19103],[11.06289,47.19093],[11.0624,47.19037]],[[11.0624,47.19037],[11.06181,47.18953],[11.05378,47.18964],[11.05185,47.18994]],[[11.05185,47.18994],[11.04722,47.18841],[11.04734,47.18745],[11.04606,47.1872],[11.04652,47.18698],[11.04513,47.18713],[11.04203,47.18704],[11.04129,47.18565],[11.04414,47.18424],[11.04454,47.18435]]]}},{"type":"Feature","properties":{"name":"Schöllekogel","from":"Haggen","to":"Schöllekogel","piste:type":"skitour","osm":"relation/20114315","length_km_in_region":8.3},"geometry":{"type":"MultiLineString","coordinates":[[[11.08408,47.20741],[11.08334,47.2067],[11.0806,47.20539],[11.07953,47.20464]],[[11.07953,47.20464],[11.0786,47.20462],[11.07532,47.20326],[11.07541,47.20299],[11.07435,47.20206],[11.07422,47.20163]],[[11.07422,47.20163],[11.07382,47.20115]],[[11.07382,47.20115],[11.07235,47.2004],[11.07164,47.19964]],[[11.07164,47.19964],[11.0705,47.1963],[11.06438,47.19214],[11.06378,47.19134],[11.06401,47.19114],[11.06367,47.19113],[11.06392,47.19103],[11.06289,47.19093],[11.0624,47.19037]],[[11.0624,47.19037],[11.06199,47.18935],[11.06281,47.18537],[11.06109,47.18403],[11.06153,47.18321],[11.0702,47.18096],[11.07069,47.18019],[11.07009,47.18005],[11.07025,47.17984],[11.06966,47.17972],[11.06978,47.17943],[11.06606,47.17683],[11.06482,47.17625]],[[11.06482,47.17625],[11.05602,47.17707],[11.05446,47.17741],[11.0496,47.17986]],[[11.0496,47.17986],[11.04683,47.18138],[11.04523,47.18299],[11.04591,47.18367],[11.04552,47.18414],[11.04454,47.18435]],[[11.05249,47.17848],[11.05475,47.17857]],[[11.05475,47.17857],[11.05887,47.17902],[11.05724,47.18014],[11.05793,47.18087],[11.05707,47.1823],[11.05784,47.18292],[11.05964,47.18337],[11.06109,47.18403]]]}},{"type":"Feature","properties":{"name":"Schöntalspitze","from":"Lüsens","to":"Schöntalspitze","piste:type":"skitour","piste:difficulty":"intermediate","osm":"relation/20114298","length_km_in_region":5.5},"geometry":{"type":"MultiLineString","coordinates":[[[11.13767,47.12981],[11.13654,47.12872],[11.13488,47.12806],[11.13458,47.12725],[11.13343,47.12607]],[[11.13343,47.12607],[11.13303,47.12595],[11.1332,47.12578],[11.13224,47.12519],[11.13182,47.12411]],[[11.13182,47.12411],[11.1314,47.12365],[11.13021,47.12532],[11.12879,47.12541],[11.12782,47.12578],[11.12556,47.1259],[11.12115,47.12531],[11.11901,47.12474],[11.11537,47.12451],[11.1135,47.12418],[11.11192,47.12351],[11.10725,47.12309],[11.1056,47.12326],[11.10324,47.12422],[11.10076,47.12463],[11.0991,47.12523],[11.09672,47.12463],[11.09652,47.12427],[11.09667,47.12381],[11.09489,47.12278],[11.09473,47.12233],[11.0944,47.12217]],[[11.11711,47.12459],[11.12575,47.12435],[11.1269,47.12358],[11.12878,47.12386],[11.13116,47.1232],[11.13302,47.12352],[11.13455,47.12356]]]}},{"type":"Feature","properties":{"name":"Steingrubenkogel","from":"Talstation Schlick 2000","to":"Steingrubenkogel","piste:type":"skitour","osm":"relation/20081896","length_km_in_region":7.9},"geometry":{"type":"MultiLineString","coordinates":[[[11.34371,47.1552],[11.34372,47.15524]],[[11.34242,47.1545],[11.34302,47.1546],[11.34371,47.1552]],[[11.34092,47.15975],[11.3416,47.16003],[11.34203,47.16002],[11.34089,47.15783],[11.34191,47.15874],[11.34335,47.15967],[11.34399,47.15984],[11.34321,47.15799],[11.3427,47.15757],[11.34248,47.15648],[11.34211,47.15612],[11.34242,47.1545]],[[11.3396,47.15893],[11.34092,47.15975]],[[11.33918,47.15963],[11.3396,47.15893]],[[11.33911,47.15976],[11.33918,47.15963]],[[11.3392,47.16072],[11.33962,47.16064],[11.33911,47.15976]],[[11.33836,47.16045],[11.3392,47.16072]],[[11.33727,47.15967],[11.33836,47.16045]],[[11.3371,47.15934],[11.33727,47.15967]],[[11.33727,47.15934],[11.33786,47.16005],[11.33894,47.1605],[11.33921,47.16036],[11.33894,47.15967],[11.34089,47.16032],[11.34092,47.15975]],[[11.33706,47.15934],[11.33727,47.15934]],[[11.33665,47.15923],[11.33706,47.15934]],[[11.33207,47.15787],[11.33322,47.15784],[11.33665,47.15923]],[[11.33203,47.15763],[11.33207,47.15787]],[[11.33222,47.15717],[11.33203,47.15763]],[[11.3319,47.15718],[11.33222,47.15717]],[[11.31277,47.15779],[11.31386,47.15738],[11.31768,47.1568],[11.3253,47.15678],[11.32785,47.15661],[11.33036,47.15711],[11.3319,47.15718]],[[11.30283,47.15452],[11.30488,47.15552],[11.30634,47.15575],[11.30705,47.1562],[11.30789,47.15642],[11.3096,47.15672],[11.31218,47.15782],[11.31277,47.15779]],[[11.3017,47.15419],[11.30283,47.15452]],[[11.3017,47.15419],[11.30087,47.15389]],[[11.29763,47.15796],[11.29894,47.15728],[11.30009,47.15718],[11.30014,47.15699],[11.30053,47.15698],[11.30048,47.15673],[11.30096,47.15679],[11.30087,47.15639],[11.30108,47.15641],[11.30066,47.15561],[11.30039,47.15358],[11.30087,47.15389]],[[11.29763,47.15796],[11.29651,47.15798],[11.29483,47.15762],[11.29353,47.15779],[11.29168,47.15876],[11.29043,47.15919],[11.288,47.15937],[11.28704,47.1602],[11.28488,47.16119],[11.28201,47.16208]],[[11.28201,47.16208],[11.28208,47.16225],[11.28169,47.16238],[11.28149,47.16278],[11.28168,47.16286],[11.28183,47.16256],[11.28206,47.16261],[11.2821,47.16346]]]}},{"type":"Feature","properties":{"name":"Südliche Sonnenwand","from":"Pforzheimer Hütte","to":"Pforzheimer Hütte","piste:type":"skitour","osm":"relation/20114301","length_km_in_region":4.4},"geometry":{"type":"MultiLineString","coordinates":[[[11.07224,47.15478],[11.07281,47.15149],[11.0719,47.14453]],[[11.0719,47.14453],[11.07669,47.13922],[11.07597,47.13216]],[[11.07597,47.13216],[11.07421,47.12554],[11.06908,47.12398],[11.06275,47.12062]]]}},{"type":"Feature","properties":{"name":"Triendlsäge","piste:type":"nordic","piste:difficulty":"intermediate","osm":"relation/17027884","length_km_in_region":3.0},"geometry":{"type":"MultiLineString","coordinates":[[[11.18063,47.33797],[11.18116,47.33784],[11.18191,47.33838],[11.18276,47.33943],[11.18515,47.34037],[11.18605,47.34154],[11.18792,47.34284],[11.18916,47.3431],[11.19004,47.34354],[11.19138,47.34484],[11.19351,47.34462],[11.1955,47.34485]],[[11.1955,47.34485],[11.19699,47.34579]],[[11.19699,47.34579],[11.20148,47.34706],[11.20157,47.34788],[11.20216,47.34864],[11.20274,47.34887],[11.20397,47.34878],[11.20427,47.34836],[11.20505,47.34819],[11.20516,47.34796],[11.20474,47.34756],[11.20504,47.34733],[11.20712,47.34778],[11.20986,47.34956]]]}},{"type":"Feature","properties":{"name":"Vitalweg","from":"Mittelstation Patscherkofelbahn","to":"Bergstation Patscherkofelbahn","distance":"3.4","piste:type":"skitour","piste:difficulty":"easy","osm":"relation/20082146","length_km_in_region":3.4},"geometry":{"type":"MultiLineString","coordinates":[[[11.44092,47.20863],[11.44265,47.20683],[11.44354,47.20647],[11.44498,47.20396],[11.44642,47.20327],[11.44661,47.20259],[11.44816,47.20094],[11.4487,47.20086],[11.44868,47.20202],[11.45044,47.20094],[11.45393,47.20018],[11.45328,47.20069],[11.45171,47.20276],[11.45297,47.20229],[11.45221,47.20303],[11.45182,47.20431],[11.45189,47.20505],[11.45117,47.20665],[11.45181,47.20889],[11.45173,47.20933],[11.45218,47.21023]],[[11.45218,47.21023],[11.45234,47.21029]],[[11.44015,47.20905],[11.44092,47.20863]],[[11.44166,47.21137],[11.4414,47.21092],[11.44074,47.21061],[11.44015,47.20905]]]}},{"type":"Feature","properties":{"name":"Vordere Karlesspitze","from":"Speicher Längental","to":"Vordere Karlesspitze","piste:type":"skitour","piste:difficulty":"easy","osm":"relation/20114012","length_km_in_region":5.2},"geometry":{"type":"MultiLineString","coordinates":[[[10.98812,47.21256],[10.9893,47.2128],[10.99032,47.21251],[10.99229,47.21151],[10.99615,47.21095],[10.99666,47.21169],[10.99957,47.2143]],[[10.98716,47.21237],[10.98812,47.21256]],[[10.98716,47.21237],[10.98653,47.21124],[10.98656,47.21025],[10.98601,47.20931],[10.98555,47.20905],[10.98499,47.20764],[10.98318,47.20589],[10.98238,47.20622],[10.98048,47.20564]],[[10.98048,47.20564],[10.98245,47.20476],[10.98536,47.2063],[10.9861,47.20814],[10.98639,47.20969],[10.98713,47.2099],[10.98755,47.21124],[10.98738,47.2117],[10.98784,47.21197],[10.98812,47.21256]],[[10.98048,47.20564],[10.9778,47.20538]],[[10.9778,47.20538],[10.97725,47.2046],[10.97633,47.20526],[10.97366,47.20519],[10.97353,47.20574],[10.97226,47.2061],[10.97366,47.20658],[10.97359,47.20702],[10.97263,47.20744]],[[10.97263,47.20744],[10.97376,47.20729],[10.97481,47.20755],[10.97827,47.20761],[10.97948,47.20696],[10.98048,47.20564]]]}},{"type":"Feature","properties":{"name":"Vordere Sonnenwand","from":"Pforzheimer Hütte","to":"Vordere Sonnenwand","piste:type":"skitour","osm":"relation/20114302","length_km_in_region":2.3},"geometry":{"type":"MultiLineString","coordinates":[[[11.07224,47.15478],[11.07281,47.15149],[11.0719,47.14453]],[[11.0719,47.14453],[11.06456,47.13519]]]}},{"type":"Feature","properties":{"name":"Waldloipe","ref":"B11","distance":"2.7","piste:type":"nordic","osm":"relation/6813646","length_km_in_region":1.1},"geometry":{"type":"MultiLineString","coordinates":[[[11.13665,47.35913],[11.13683,47.35875],[11.13637,47.35793],[11.13654,47.35778],[11.13677,47.35766],[11.13715,47.35788],[11.13859,47.35784],[11.13845,47.357],[11.1393,47.35688],[11.14312,47.35802],[11.1438,47.3585],[11.14435,47.35977],[11.14473,47.36004]]]}},{"type":"Feature","properties":{"name":"Weitkarspitz","from":"Haggen","to":"Weitkarspitz","piste:type":"skitour","piste:difficulty":"intermediate","osm":"relation/20114316","length_km_in_region":8.7},"geometry":{"type":"MultiLineString","coordinates":[[[11.08408,47.20741],[11.08334,47.2067],[11.0806,47.20539],[11.07953,47.20464]],[[11.07953,47.20464],[11.0786,47.20462],[11.07532,47.20326],[11.07541,47.20299],[11.07435,47.20206],[11.07422,47.20163]],[[11.07422,47.20163],[11.07382,47.20115]],[[11.07382,47.20115],[11.07235,47.2004],[11.07164,47.19964]],[[11.07164,47.19964],[11.0705,47.1963],[11.06438,47.19214],[11.06378,47.19134],[11.06401,47.19114],[11.06367,47.19113],[11.06392,47.19103],[11.06289,47.19093],[11.0624,47.19037]],[[11.0624,47.19037],[11.06199,47.18935],[11.06281,47.18537],[11.06109,47.18403],[11.06153,47.18321],[11.0702,47.18096],[11.07069,47.18019],[11.07009,47.18005],[11.07025,47.17984],[11.06966,47.17972],[11.06978,47.17943],[11.06606,47.17683],[11.06482,47.17625]],[[11.06482,47.17625],[11.06406,47.17589],[11.06175,47.17408],[11.06108,47.17227]],[[11.06108,47.17227],[11.05074,47.17395],[11.0489,47.17396],[11.04937,47.17459],[11.04746,47.17476],[11.04822,47.17544],[11.04633,47.1755]],[[11.05199,47.17371],[11.05344,47.17438],[11.05297,47.17712],[11.05475,47.17857]],[[11.05475,47.17857],[11.05887,47.17902],[11.05724,47.18014],[11.05793,47.18087],[11.05707,47.1823],[11.05784,47.18292],[11.05964,47.18337],[11.06109,47.18403]]]}},{"type":"Feature","properties":{"name":"Weiße Wand","from":"Matrei am Brenner","to":"Weiße Wand","piste:type":"skitour","osm":"relation/20114798","length_km_in_region":3.4},"geometry":{"type":"MultiLineString","coordinates":[[[11.45085,47.12357],[11.45031,47.12325],[11.44879,47.12316]],[[11.44756,47.12235],[11.44846,47.12267],[11.44879,47.12316]],[[11.44756,47.12235],[11.44597,47.1229],[11.4454,47.12342]],[[11.4454,47.12342],[11.44504,47.12347]],[[11.44271,47.12408],[11.44504,47.12347]],[[11.44271,47.12408],[11.4392,47.12353],[11.4367,47.12427],[11.43567,47.12398],[11.43527,47.12407],[11.43453,47.12741],[11.43399,47.12774]],[[11.43399,47.12774],[11.43249,47.12674]],[[11.43249,47.12674],[11.42885,47.12323],[11.42671,47.12234],[11.42507,47.12189],[11.42456,47.12151],[11.42359,47.12161]],[[11.42359,47.12161],[11.42311,47.12151],[11.42304,47.12061],[11.42169,47.1216],[11.42119,47.12165],[11.4205,47.12038]],[[11.42024,47.11965],[11.4205,47.12038]]]}},{"type":"Feature","properties":{"name":"Westfalenhaus","from":"St. Sigmund im Sellrain, Lüsens","to":"Westfalenhaus","piste:type":"skitour","osm":"relation/20087018","length_km_in_region":3.0},"geometry":{"type":"MultiLineString","coordinates":[[[11.13157,47.11223],[11.13105,47.11219],[11.13071,47.11249],[11.13032,47.11236],[11.1295,47.1125],[11.12893,47.11224],[11.12589,47.11202],[11.12197,47.11224],[11.11755,47.11211],[11.11409,47.1117],[11.11356,47.1113],[11.10887,47.10983],[11.10741,47.10911],[11.10447,47.1074],[11.10194,47.10554],[11.10146,47.10551],[11.10141,47.10597],[11.10106,47.1059],[11.10124,47.10623],[11.10102,47.10617],[11.10101,47.1066],[11.10056,47.10652],[11.10066,47.10674],[11.10026,47.10669],[11.09947,47.10701]],[[11.09947,47.10701],[11.09997,47.10776]]]}},{"type":"Feature","properties":{"name":"Westlicher Seeblaskogel","piste:type":"skitour","osm":"way/1485442521","length_km_in_region":0.9},"geometry":{"type":"MultiLineString","coordinates":[[[11.06114,47.10251],[11.06248,47.10189],[11.063,47.102],[11.0627,47.10136],[11.06332,47.10073],[11.06291,47.10053],[11.064,47.1],[11.06351,47.09952],[11.06378,47.09926],[11.06333,47.09908],[11.06384,47.09849],[11.06328,47.0981],[11.06365,47.09784],[11.06333,47.09768],[11.06349,47.09692]]]}},{"type":"Feature","properties":{"name":"Wetterkreuzkogel","from":"Kühtai Issbrücke","to":"Wetterkreuzkogel","piste:type":"skitour","piste:difficulty":"easy","osm":"relation/20114009","length_km_in_region":4.2},"geometry":{"type":"MultiLineString","coordinates":[[[10.97013,47.21905],[10.97327,47.22138],[10.97455,47.22123],[10.97508,47.22181],[10.9757,47.22163],[10.97644,47.22274],[10.97733,47.22266],[10.97784,47.22297],[10.97894,47.22278],[10.97936,47.22324],[10.9793,47.22407]],[[10.96208,47.20672],[10.96197,47.20777],[10.95931,47.20922],[10.96094,47.21139],[10.96356,47.21234],[10.96499,47.21566],[10.96846,47.21721],[10.97013,47.21905]],[[10.94928,47.20456],[10.951,47.20481],[10.95338,47.20427],[10.9538,47.20334],[10.9559,47.20267],[10.95832,47.20253],[10.95978,47.20312],[10.96083,47.20423],[10.96168,47.2053],[10.96208,47.20672]]]}},{"type":"Feature","properties":{"name":"Widdersberg","from":"Talsation Hoadl","to":"Widdersberg","piste:type":"skitour","osm":"relation/20114797","length_km_in_region":3.2},"geometry":{"type":"MultiLineString","coordinates":[[[11.30151,47.17794],[11.30076,47.17768],[11.30054,47.17816],[11.30027,47.17802],[11.30045,47.17976],[11.29933,47.17966],[11.29932,47.17985],[11.299,47.17972],[11.29859,47.17992],[11.29833,47.17974],[11.29815,47.17994],[11.29791,47.17988],[11.29781,47.18024]],[[11.30151,47.17794],[11.30272,47.17848],[11.30668,47.17838]],[[11.30668,47.17838],[11.30662,47.17875],[11.30711,47.17925],[11.30746,47.18011],[11.30727,47.18106],[11.30611,47.18175],[11.30578,47.1825],[11.30495,47.18301],[11.30203,47.18367]],[[11.30203,47.18367],[11.30106,47.18383],[11.30115,47.18405],[11.30077,47.18415],[11.30083,47.18437],[11.30054,47.18454],[11.3007,47.18478],[11.30019,47.18549],[11.30034,47.18606],[11.29995,47.18635]],[[11.30056,47.18701],[11.29995,47.18635]],[[11.30057,47.18712],[11.30056,47.18701]],[[11.30383,47.19163],[11.30404,47.19042],[11.3029,47.18924],[11.3026,47.1886],[11.30057,47.18712]],[[11.30312,47.1933],[11.30325,47.19162],[11.30383,47.19163]]]}},{"type":"Feature","properties":{"name":"Wildes Hinterbergl","from":"Franz-Senn-Hütte","to":"Wildes Hinterbergl","description":"Skitour Franz-Senn-Hütte - Wildes Hinterbergl","piste:type":"skitour","osm":"relation/7066423","length_km_in_region":1.4},"geometry":{"type":"MultiLineString","coordinates":[[[11.16167,47.08156],[11.16081,47.081],[11.15918,47.0804],[11.15781,47.08019],[11.15784,47.07996]],[[11.15976,47.08095],[11.15873,47.08024],[11.15808,47.08016],[11.15793,47.07988]],[[11.16167,47.08156],[11.16094,47.08119],[11.15973,47.08098]],[[11.15973,47.08098],[11.15976,47.08095]],[[11.16553,47.08373],[11.1642,47.08316],[11.16272,47.08207],[11.16167,47.08156]],[[11.16554,47.08374],[11.16553,47.08373]],[[11.16562,47.08386],[11.16554,47.08374]],[[11.16761,47.08518],[11.16641,47.08471],[11.16562,47.08386]],[[11.16782,47.08513],[11.16761,47.08518]],[[11.16854,47.08493],[11.16793,47.08508]],[[11.16793,47.08508],[11.16782,47.08511]],[[11.16782,47.08513],[11.16782,47.08511]]]}},{"type":"Feature","properties":{"name":"Winnebacher Weißkogl","from":"Winnebachseehütte","to":"Winnebacher Weißkogl","description":"Skitour zum Winnebacher Weißkogl (von Winnebachseehütte)","piste:type":"skitour","piste:difficulty":"intermediate","osm":"relation/532939","length_km_in_region":4.4},"geometry":{"type":"MultiLineString","coordinates":[[[11.0543,47.08765],[11.0541,47.08828],[11.05459,47.09107]],[[11.05459,47.09107],[11.05484,47.09193],[11.05462,47.09305],[11.05392,47.09406],[11.0532,47.09447],[11.05295,47.0958],[11.05317,47.09897],[11.05361,47.10036],[11.0535,47.10124],[11.05486,47.10149],[11.05621,47.10251],[11.05636,47.10294],[11.05895,47.10257],[11.06163,47.10252],[11.06258,47.10291],[11.06359,47.1039],[11.06451,47.10412],[11.06558,47.10412],[11.06785,47.10541],[11.0684,47.10616],[11.06814,47.10702]],[[11.06814,47.10702],[11.06777,47.1079],[11.06817,47.10845],[11.06891,47.1087],[11.0685,47.10875],[11.06876,47.10896],[11.0684,47.10899],[11.06862,47.10915],[11.06815,47.10918],[11.0685,47.10999],[11.06765,47.11028],[11.0676,47.11076],[11.06708,47.11139],[11.06699,47.11221],[11.06653,47.11255],[11.06598,47.11279],[11.0644,47.11266],[11.0636,47.11279],[11.06286,47.11212],[11.06282,47.11178],[11.06269,47.11193],[11.06276,47.11101],[11.06241,47.11072]]]}},{"type":"Feature","properties":{"name":"Winnebacher Weißkogl","from":"Westfahlenhaus","to":"Winnebacher Weißkogl","description":"Skitour zum Winnebacher Weißkogl (vom Westfahlenhaus)","piste:type":"skitour","piste:difficulty":"intermediate","osm":"relation/532940","length_km_in_region":4.0},"geometry":{"type":"MultiLineString","coordinates":[[[11.06814,47.10702],[11.06877,47.1071],[11.06929,47.10684],[11.07046,47.10679],[11.07461,47.10745],[11.07704,47.10727],[11.07765,47.10739],[11.07767,47.10758],[11.0774,47.10765],[11.07758,47.10805],[11.07841,47.10854],[11.0815,47.10902],[11.08285,47.10904],[11.08534,47.10863],[11.08732,47.10887],[11.09508,47.10864],[11.09566,47.10845],[11.09664,47.10764],[11.09895,47.10761],[11.09997,47.10776]],[[11.06814,47.10702],[11.06777,47.1079],[11.06817,47.10845],[11.06891,47.1087],[11.0685,47.10875],[11.06876,47.10896],[11.0684,47.10899],[11.06862,47.10915],[11.06815,47.10918],[11.0685,47.10999],[11.06765,47.11028],[11.0676,47.11076],[11.06708,47.11139],[11.06699,47.11221],[11.06653,47.11255],[11.06598,47.11279],[11.0644,47.11266],[11.0636,47.11279],[11.06286,47.11212],[11.06282,47.11178],[11.06269,47.11193],[11.06276,47.11101],[11.06241,47.11072]]]}},{"type":"Feature","properties":{"name":"Winnebachseehütte","from":"Längenfeld Gries","to":"Winnebachseehütte","description":"Aufstieg zur Winnebachseehütte","piste:type":"skitour","piste:difficulty":"intermediate","osm":"relation/532934","length_km_in_region":3.7},"geometry":{"type":"MultiLineString","coordinates":[[[11.03724,47.07998],[11.03984,47.08118],[11.03937,47.08127],[11.04037,47.08183],[11.04087,47.08236],[11.04033,47.08231],[11.04112,47.0829],[11.04284,47.08301],[11.0434,47.08276],[11.04393,47.08274],[11.04484,47.08315],[11.04553,47.08373],[11.04708,47.08409],[11.04794,47.08492],[11.04867,47.08519],[11.0512,47.08534],[11.05223,47.08575],[11.05419,47.08613],[11.05501,47.08673],[11.05465,47.08676],[11.05475,47.0869],[11.05431,47.08748]],[[11.05431,47.08748],[11.0543,47.08765]],[[11.04044,47.07979],[11.04125,47.08054],[11.04215,47.08071],[11.04239,47.08147],[11.04265,47.08105],[11.04276,47.08134],[11.04295,47.08107],[11.04295,47.08145],[11.04317,47.08125],[11.04322,47.08149],[11.04339,47.08137],[11.0451,47.08239],[11.04629,47.08265],[11.04912,47.084],[11.05305,47.08458],[11.05424,47.08501],[11.05467,47.08546],[11.05432,47.08529],[11.05451,47.0856],[11.05421,47.08539],[11.05442,47.08566],[11.0541,47.08551],[11.05426,47.08572],[11.05398,47.08565],[11.05408,47.08584],[11.05374,47.0857],[11.05357,47.086]]]}},{"type":"Feature","properties":{"name":"Zischgeles","from":"Praxmar","to":"Zischgeles","piste:type":"skitour","piste:difficulty":"intermediate","osm":"relation/20114296","length_km_in_region":4.1},"geometry":{"type":"MultiLineString","coordinates":[[[11.13312,47.14949],[11.13266,47.14886]],[[11.13266,47.14886],[11.13158,47.14838]],[[11.13158,47.14838],[11.1316,47.14813]],[[11.1316,47.14813],[11.13219,47.14814],[11.13234,47.14795],[11.1306,47.14672],[11.12491,47.14397],[11.1212,47.14305],[11.11935,47.14178],[11.11437,47.14084],[11.10676,47.13778],[11.1052,47.13738],[11.10512,47.13664],[11.1037,47.13619],[11.10387,47.13514],[11.10214,47.13431],[11.10268,47.13363],[11.10165,47.13326],[11.10254,47.13263],[11.10152,47.13254],[11.1017,47.13208],[11.09787,47.13244],[11.09691,47.13236],[11.09501,47.13154]]]}},{"type":"Feature","properties":{"name":"Zischgenscharte","from":"Sankt Sigmund im Sellrain","to":"Zischgenscharte","piste:type":"skitour","osm":"relation/20114299","length_km_in_region":10.0},"geometry":{"type":"MultiLineString","coordinates":[[[11.0987,47.19811],[11.09862,47.19841],[11.09903,47.19901],[11.10063,47.20079]],[[11.09883,47.19799],[11.0987,47.19811]],[[11.09857,47.18952],[11.09806,47.19068],[11.09846,47.19393],[11.09893,47.19447],[11.09766,47.19478],[11.09799,47.19624],[11.09864,47.19724],[11.09883,47.19799]],[[11.09892,47.18893],[11.09857,47.18952]],[[11.09892,47.18893],[11.09896,47.18817],[11.09672,47.18584],[11.09678,47.18503],[11.09628,47.18326],[11.09842,47.1796],[11.09871,47.17811],[11.0977,47.17664],[11.0977,47.17576],[11.09829,47.17581],[11.09712,47.1736],[11.09669,47.17319]],[[11.08689,47.16361],[11.08915,47.1668],[11.09005,47.16713],[11.09155,47.16919],[11.09567,47.17205],[11.09669,47.17319]],[[11.08689,47.16361],[11.08592,47.16263],[11.08408,47.16151],[11.08304,47.16009],[11.08177,47.15947],[11.07969,47.15776],[11.07976,47.15762]],[[11.07976,47.15762],[11.07816,47.15539],[11.07983,47.1516]],[[11.07983,47.1516],[11.08322,47.14597],[11.08175,47.13551]],[[11.08175,47.13551],[11.08088,47.13311]],[[11.08088,47.13311],[11.08784,47.13062],[11.09165,47.12761],[11.09289,47.1222]]]}},{"type":"Feature","properties":{"name":"Zwieselbacher Rosskogel","from":"Haggen","to":"Zwieselbacher Rosskogel","piste:type":"skitour","piste:difficulty":"intermediate","osm":"relation/20114310","length_km_in_region":7.3},"geometry":{"type":"MultiLineString","coordinates":[[[11.08408,47.20741],[11.08334,47.2067],[11.0806,47.20539],[11.07953,47.20464]],[[11.07164,47.19964],[11.0705,47.1963],[11.06438,47.19214],[11.06378,47.19134],[11.06401,47.19114],[11.06367,47.19113],[11.06392,47.19103],[11.06289,47.19093],[11.0624,47.19037]],[[11.0624,47.19037],[11.06199,47.18935],[11.06281,47.18537],[11.06109,47.18403],[11.06153,47.18321],[11.0702,47.18096],[11.07069,47.18019],[11.07009,47.18005],[11.07025,47.17984],[11.06966,47.17972],[11.06978,47.17943],[11.06606,47.17683],[11.06482,47.17625]],[[11.06482,47.17625],[11.06406,47.17589],[11.06175,47.17408],[11.06108,47.17227]],[[11.06108,47.17227],[11.05947,47.17109],[11.05803,47.16964],[11.05804,47.1693],[11.05608,47.16905],[11.05481,47.16836],[11.0551,47.16631]],[[11.0551,47.16631],[11.05439,47.16572]],[[11.05439,47.16572],[11.05323,47.16562],[11.0526,47.16581],[11.05017,47.16539],[11.04859,47.16493],[11.04726,47.16427],[11.04747,47.16416],[11.04703,47.16409],[11.04736,47.164],[11.04693,47.16393],[11.04783,47.16349]],[[11.07953,47.20464],[11.0786,47.20462],[11.07532,47.20326],[11.07541,47.20299],[11.07435,47.20206],[11.07422,47.20163]],[[11.07422,47.20163],[11.07382,47.20115]],[[11.07382,47.20115],[11.07235,47.2004],[11.07164,47.19964]]]}},{"type":"Feature","properties":{"name":"Östliche Seespitze","from":"Franz-Senn-Hütte","to":"Östliche Seespitze","description":"Skitour Franz-Senn-Hütte - Östliche Seespitze","piste:type":"skitour","osm":"relation/7064770","length_km_in_region":1.4},"geometry":{"type":"MultiLineString","coordinates":[[[11.16854,47.08493],[11.16793,47.08508]],[[11.16793,47.08508],[11.16782,47.08511]],[[11.16782,47.08513],[11.16782,47.08511]],[[11.16782,47.08513],[11.16761,47.08518]],[[11.16761,47.08518],[11.16641,47.08471],[11.16562,47.08386]],[[11.16562,47.08386],[11.16554,47.08374]],[[11.16554,47.08374],[11.16553,47.08373]],[[11.16553,47.08373],[11.1642,47.08316],[11.16272,47.08207],[11.16167,47.08156]],[[11.16167,47.08156],[11.16094,47.08119],[11.15973,47.08098]],[[11.15973,47.08098],[11.15976,47.08095]],[[11.15976,47.08095],[11.15873,47.08024],[11.15808,47.08016],[11.15793,47.07988]],[[11.16167,47.08156],[11.16081,47.081],[11.15918,47.0804],[11.15781,47.08019],[11.15784,47.07996]]]}}]}