{"type":"FeatureCollection","features":[{"type":"Feature","properties":{"name":"Abkürzung Natters","ref":"5086","network":"rcn","route":"mtb","osm":"relation/19515428","length_km_in_region":1.1},"geometry":{"type":"MultiLineString","coordinates":[[[11.37456,47.23521],[11.37409,47.23564],[11.37346,47.23772],[11.37345,47.23874],[11.37382,47.23999],[11.37366,47.24076],[11.37455,47.24146],[11.37444,47.24245]],[[11.37462,47.23385],[11.37433,47.23416],[11.37456,47.23521]],[[11.37462,47.23385],[11.37353,47.234]]]}},{"type":"Feature","properties":{"name":"Adlerblickrunde","ref":"6049","network":"rcn","operator":"Tirol","from":"Sportzentrum Längenfeld","to":"Sportzentrum Längenfeld","website":"https://radrouting.tirol/","distance":"20.2","route":"mtb","ascent":"690","descent":"690","roundtrip":"yes","osm":"relation/16239825","length_km_in_region":9.4},"geometry":{"type":"MultiLineString","coordinates":[[[10.97241,47.08733],[10.97434,47.08471],[10.97437,47.08379],[10.97763,47.08066],[10.97663,47.08099],[10.97835,47.07999],[10.97379,47.07999],[10.97125,47.08149],[10.97149,47.08067],[10.97237,47.07982]],[[10.97241,47.08733],[10.97261,47.08661],[10.97161,47.08799],[10.97126,47.0891],[10.97096,47.08898],[10.97125,47.08951],[10.97104,47.09013],[10.97084,47.08946],[10.97062,47.08972],[10.97071,47.09052],[10.96991,47.08986],[10.96994,47.08886],[10.96935,47.09035],[10.96968,47.09088],[10.96924,47.09166],[10.96928,47.09089],[10.96859,47.09205],[10.96735,47.09535],[10.96695,47.09332],[10.9666,47.09435],[10.96593,47.09528]],[[10.96593,47.09528],[10.96577,47.09523],[10.96622,47.09418],[10.96608,47.09301],[10.96685,47.09103],[10.96677,47.08982]],[[10.9674,47.08376],[10.96753,47.08504],[10.96709,47.08622],[10.96657,47.08664],[10.9672,47.08775],[10.96666,47.08921],[10.96677,47.08982]],[[10.9674,47.08376],[10.96748,47.08257],[10.96853,47.08119],[10.96756,47.08192],[10.96724,47.08201],[10.96747,47.08176],[10.96703,47.08191],[10.9663,47.08348],[10.96385,47.08631],[10.96358,47.08589],[10.96389,47.08516],[10.96303,47.08574],[10.96255,47.08786],[10.96282,47.0892],[10.96208,47.08882],[10.96204,47.08858],[10.96185,47.08889],[10.96195,47.08957],[10.96224,47.08989],[10.96215,47.09074],[10.95937,47.09253]],[[10.95704,47.09773],[10.95778,47.09761],[10.95812,47.09735],[10.9581,47.09633],[10.95855,47.09577],[10.95843,47.09408],[10.95937,47.09253]],[[10.95572,47.09868],[10.95601,47.09795],[10.95697,47.09774]],[[10.95556,47.09868],[10.95572,47.09868]],[[10.95427,47.09865],[10.95556,47.09868]],[[10.95355,47.09866],[10.95427,47.09865]],[[10.95352,47.09907],[10.95355,47.09866]],[[10.95279,47.10056],[10.95302,47.09946],[10.95352,47.09907]],[[10.95279,47.10056],[10.95117,47.10055]],[[10.95117,47.10055],[10.95087,47.10056]],[[10.95087,47.10056],[10.95023,47.10057]],[[10.95018,47.10034],[10.95023,47.10057]],[[10.94998,47.09973],[10.95018,47.10034]]]}},{"type":"Feature","properties":{"name":"Adolf Pichler Weg","ref":"598","network":"rcn","operator":"Tirol","from":"Innsbruck-Steinbruchweg","to":"Rechenhof","website":"https://radrouting.tirol/","distance":"1.41","route":"mtb","ascent":"20","descent":"50","roundtrip":"no","osm":"relation/2965398","length_km_in_region":1.4},"geometry":{"type":"MultiLineString","coordinates":[[[11.43094,47.29554],[11.4312,47.2955]],[[11.42449,47.29569],[11.42672,47.29528],[11.42741,47.29531],[11.42867,47.29572],[11.43094,47.29554]],[[11.41658,47.29438],[11.41857,47.29499],[11.41966,47.29573],[11.42052,47.29568],[11.42188,47.29603],[11.42314,47.29603],[11.42449,47.29569]],[[11.41477,47.29559],[11.41579,47.29497],[11.416,47.29448],[11.41658,47.29438]]]}},{"type":"Feature","properties":{"name":"Ahorn-Birken XC Loop","ref":"5036","route":"mtb","osm":"relation/19480412","length_km_in_region":0.3},"geometry":{"type":"MultiLineString","coordinates":[[[11.45155,47.26308],[11.45267,47.26408]],[[11.45267,47.26408],[11.45168,47.26312]]]}},{"type":"Feature","properties":{"name":"Aldranser Alm","ref":"554","network":"rcn","operator":"Tirol","from":"Aldrans, GH Hubertus","to":"Aldranser Alm","website":"https://radrouting.tirol/","distance":"11.64","route":"mtb","ascent":"640","descent":"640","roundtrip":"yes","osm":"relation/1438094","length_km_in_region":8.1},"geometry":{"type":"MultiLineString","coordinates":[[[11.46298,47.24442],[11.46389,47.24441],[11.46532,47.24387]],[[11.46532,47.24387],[11.46564,47.24344]],[[11.4672,47.24225],[11.46564,47.24344]],[[11.4688,47.24215],[11.4672,47.24225]],[[11.4768,47.24195],[11.47443,47.24214],[11.4714,47.24172],[11.47001,47.24211],[11.4688,47.24215]],[[11.4779,47.24104],[11.47731,47.24131],[11.4768,47.24195]],[[11.47897,47.24079],[11.4779,47.24104]],[[11.48201,47.23921],[11.48225,47.2397],[11.48205,47.23987],[11.48005,47.23926],[11.47806,47.23967],[11.47663,47.23957],[11.47897,47.24079]],[[11.48233,47.23903],[11.48201,47.23921]],[[11.48693,47.2344],[11.48639,47.23432],[11.48577,47.2339],[11.48481,47.23405],[11.48351,47.2337],[11.48013,47.23417],[11.47874,47.2341],[11.47994,47.2348],[11.4822,47.23559],[11.48219,47.236],[11.48259,47.23628],[11.48276,47.23686],[11.48314,47.23695],[11.48397,47.23676],[11.48381,47.23773],[11.48507,47.23847],[11.48558,47.23843],[11.48575,47.23905],[11.48521,47.23881],[11.48233,47.23903]],[[11.49281,47.23478],[11.49179,47.23509],[11.4894,47.23435],[11.48693,47.2344]],[[11.49349,47.23374],[11.49192,47.2344],[11.49281,47.23478]],[[11.48458,47.2295],[11.48519,47.22971],[11.48622,47.22968],[11.48733,47.23004],[11.48774,47.23081],[11.48915,47.2314],[11.48993,47.23196],[11.49068,47.23209],[11.4919,47.23305],[11.49368,47.2335],[11.49349,47.23374]],[[11.48693,47.2344],[11.48642,47.23407],[11.48596,47.23324],[11.48523,47.23319],[11.48396,47.23217],[11.4834,47.23196],[11.48179,47.23184],[11.48059,47.23121],[11.4799,47.23105],[11.48053,47.23099],[11.48235,47.23127],[11.48383,47.23107],[11.48212,47.23084],[11.48101,47.23028],[11.48044,47.2302],[11.47951,47.22917],[11.48197,47.22994],[11.48243,47.22994],[11.48354,47.22953],[11.48458,47.2295]],[[11.49394,47.23707],[11.49339,47.23656],[11.49364,47.23549],[11.49331,47.23493],[11.49281,47.23478]],[[11.48458,47.2295],[11.48324,47.22877],[11.48308,47.22774],[11.48269,47.2271],[11.4831,47.22629]]]}},{"type":"Feature","properties":{"name":"Almen Karwendelrunde","ref":"408","network":"rcn","from":"Parkplatz Gnadenwald","to":"Parkplatz Gnadenwald","website":"https://radrouting.tirol/","distance":"23.87","route":"mtb","ascent":"790","descent":"800","osm":"relation/1431312","length_km_in_region":18.5},"geometry":{"type":"MultiLineString","coordinates":[[[11.58664,47.34019],[11.58687,47.34071],[11.58747,47.34119],[11.59137,47.3424],[11.59274,47.34242],[11.59204,47.3426],[11.58797,47.34237],[11.58716,47.34256],[11.58667,47.3424],[11.58653,47.34279],[11.58554,47.34312],[11.58062,47.34375],[11.5851,47.34392],[11.58865,47.34363],[11.58927,47.34394],[11.58961,47.34467],[11.58861,47.34405],[11.58951,47.345],[11.59156,47.34532],[11.59334,47.34534],[11.59438,47.34523],[11.59542,47.34453],[11.59699,47.34414],[11.5979,47.34365],[11.59802,47.34339],[11.59875,47.34346],[11.60131,47.34293],[11.6025,47.34285],[11.60292,47.34209],[11.604,47.34172],[11.60412,47.34094],[11.6059,47.34132],[11.60752,47.34125],[11.60941,47.34144],[11.61143,47.34125],[11.61181,47.34102],[11.6128,47.34114],[11.61395,47.34097],[11.61502,47.34122],[11.62019,47.3416]],[[11.58306,47.33728],[11.58347,47.33738],[11.58376,47.33787],[11.58616,47.3395],[11.58664,47.34019]],[[11.56454,47.33383],[11.56594,47.33425],[11.56732,47.33431],[11.56773,47.33458],[11.56884,47.33435],[11.57005,47.33461],[11.57105,47.33433],[11.57378,47.33528],[11.57497,47.33493],[11.57701,47.33524],[11.5782,47.33521],[11.57974,47.33628],[11.58285,47.33661],[11.58306,47.33728]],[[11.56454,47.33383],[11.56386,47.33421],[11.56179,47.33417],[11.55834,47.33323],[11.55686,47.33262],[11.55541,47.3325],[11.55348,47.33181],[11.55239,47.33192],[11.55367,47.33148],[11.55517,47.33139],[11.55733,47.33099],[11.55872,47.331],[11.5603,47.33071],[11.56086,47.32948],[11.56228,47.32902],[11.56412,47.32883],[11.5649,47.32896],[11.56529,47.32923],[11.56507,47.32886],[11.56406,47.32853]],[[11.56406,47.32853],[11.56273,47.32818]],[[11.56273,47.32818],[11.56105,47.32789],[11.55853,47.32721],[11.5581,47.32688],[11.55652,47.32657],[11.55602,47.32677],[11.55603,47.32772],[11.55583,47.32781],[11.55214,47.32751],[11.55295,47.32713],[11.55423,47.3269],[11.55186,47.32645],[11.55149,47.32699],[11.55064,47.32733]],[[11.55064,47.32733],[11.55126,47.32667],[11.55087,47.32534],[11.55325,47.32523],[11.55265,47.32503],[11.55123,47.32391],[11.54903,47.32313],[11.55244,47.32284],[11.55517,47.32356],[11.55378,47.32214],[11.5516,47.32102],[11.55126,47.3206]],[[11.55126,47.3206],[11.55114,47.32037]],[[11.55114,47.32037],[11.55164,47.3197],[11.55199,47.3203]],[[11.55199,47.3203],[11.55227,47.32024],[11.55285,47.31947]],[[11.55285,47.31947],[11.55504,47.32028]],[[11.55504,47.32028],[11.55568,47.32049]],[[11.55568,47.32049],[11.55795,47.32128]],[[11.55795,47.32128],[11.55843,47.32158],[11.55974,47.32149],[11.56196,47.32188],[11.56504,47.32159],[11.56963,47.32152],[11.571,47.32187]],[[11.571,47.32187],[11.5721,47.32253],[11.57323,47.32271]],[[11.57323,47.32271],[11.57338,47.32273]],[[11.57338,47.32273],[11.5758,47.3234],[11.57878,47.32373],[11.5801,47.32405],[11.58134,47.32405],[11.58198,47.32363]],[[11.58198,47.32363],[11.58206,47.32353]],[[11.58206,47.32353],[11.58263,47.32285]],[[11.58263,47.32285],[11.58394,47.32236],[11.58511,47.32237]],[[11.58511,47.32237],[11.58553,47.32233]],[[11.58553,47.32233],[11.58562,47.32238]],[[11.58562,47.32238],[11.58853,47.32275],[11.59157,47.32353]],[[11.59157,47.32353],[11.59277,47.32396],[11.59684,47.3245],[11.60482,47.32658]],[[11.60482,47.32658],[11.60646,47.32731]],[[11.60646,47.32731],[11.6079,47.32744],[11.60899,47.32714],[11.6098,47.32722],[11.61136,47.32756],[11.61369,47.32841]],[[11.61559,47.32963],[11.61415,47.32921],[11.61418,47.32888],[11.61369,47.32841]],[[11.61559,47.32963],[11.61814,47.33073],[11.62028,47.33126]]]}},{"type":"Feature","properties":{"name":"Almenrunde Schlick","ref":"585","network":"rcn","operator":"Tirol","from":"Talstation Schlick 2000, Fulpmes","to":"Talstation Schlick 2000, Fulpmes","website":"https://radrouting.tirol/","distance":"12.5","route":"mtb","ascent":"710","descent":"710","roundtrip":"yes","osm":"relation/2981113","length_km_in_region":8.5},"geometry":{"type":"MultiLineString","coordinates":[[[11.34334,47.15446],[11.34353,47.15483]],[[11.3378,47.15036],[11.33876,47.15096],[11.3398,47.15242],[11.34108,47.15328],[11.34099,47.15365],[11.34207,47.1538],[11.34224,47.15438],[11.34262,47.1538],[11.34277,47.1543],[11.34334,47.15446]],[[11.3396,47.15893],[11.33927,47.15755],[11.33861,47.15699],[11.33908,47.15634],[11.33845,47.15454],[11.33882,47.15351],[11.33847,47.15131],[11.3378,47.15036]],[[11.33918,47.15963],[11.3396,47.15893]],[[11.33911,47.15976],[11.33918,47.15963]],[[11.3392,47.16072],[11.33962,47.16064],[11.33911,47.15976]],[[11.33836,47.16045],[11.3392,47.16072]],[[11.33727,47.15967],[11.33836,47.16045]],[[11.3371,47.15934],[11.33727,47.15967]],[[11.33665,47.1586],[11.3371,47.15934]],[[11.33585,47.15818],[11.33665,47.1586]],[[11.33539,47.15779],[11.33585,47.15818]],[[11.332,47.15756],[11.33295,47.15754],[11.33438,47.15791],[11.33539,47.15779]],[[11.33227,47.15721],[11.332,47.15756]],[[11.32662,47.15157],[11.32755,47.15291],[11.32773,47.15235],[11.32811,47.15211],[11.32795,47.15094],[11.32978,47.1523],[11.33001,47.15284],[11.33071,47.15348],[11.33052,47.15428],[11.33108,47.15488],[11.33114,47.15614],[11.33227,47.15721]],[[11.32205,47.14831],[11.32387,47.1499],[11.32579,47.15077],[11.32662,47.15157]],[[11.3233,47.15089],[11.32205,47.14831]],[[11.32358,47.15197],[11.3233,47.15089]],[[11.32358,47.15197],[11.32422,47.15252],[11.32413,47.153]],[[11.32413,47.153],[11.32412,47.15337],[11.32339,47.15365],[11.32178,47.15385],[11.3211,47.15377],[11.32016,47.15413],[11.31947,47.15409],[11.31712,47.15479]],[[11.31291,47.15778],[11.31376,47.15584],[11.31519,47.15526],[11.31712,47.15479]],[[11.31291,47.15778],[11.3162,47.15718],[11.31954,47.1572],[11.32056,47.15736],[11.32143,47.1571],[11.32354,47.15728],[11.32806,47.15699],[11.32964,47.15739],[11.332,47.15756]],[[11.30236,47.15504],[11.30414,47.15569],[11.30576,47.15577],[11.30749,47.15649],[11.30988,47.15687],[11.31225,47.15791],[11.31291,47.15778]]]}},{"type":"Feature","properties":{"name":"Alplhaus","ref":"5003","network":"rcn","operator":"Tirol","from":"Kreuzung Brentesiedlung Pestkapelle","to":"Alphaus","website":"https://radrouting.tirol/","distance":"7.53","route":"mtb","ascent":"630","descent":"10","roundtrip":"no","osm":"relation/16245218","length_km_in_region":9.1},"geometry":{"type":"MultiLineString","coordinates":[[[11.0215,47.32626],[11.02331,47.32662],[11.02419,47.32725],[11.02724,47.32803],[11.02952,47.32828],[11.03317,47.3283],[11.03642,47.32876],[11.03843,47.32886],[11.04026,47.32919],[11.04233,47.33006],[11.04326,47.33118],[11.04254,47.33159],[11.04252,47.33264],[11.04193,47.33384],[11.04156,47.33419],[11.04052,47.33463],[11.03947,47.33467],[11.03914,47.33556]],[[11.01133,47.32409],[11.01665,47.32555],[11.0215,47.32626]],[[11.005,47.32204],[11.00731,47.32252],[11.01133,47.32409]],[[10.99643,47.31683],[10.99657,47.31594],[10.99741,47.31463]],[[10.99607,47.32002],[10.99589,47.31927],[10.99643,47.31683]],[[10.99633,47.32089],[10.99607,47.32002]],[[10.9999,47.32173],[10.99708,47.32175],[10.99633,47.32089]],[[11.00023,47.32177],[11.005,47.32204]],[[11.00023,47.32177],[10.9999,47.32173]],[[11.03913,47.33563],[11.03911,47.33612]],[[11.03914,47.33556],[11.03913,47.33563]],[[11.03911,47.33612],[11.03575,47.33534],[11.03478,47.33493],[11.0342,47.33512],[11.03347,47.33593],[11.03152,47.33573],[11.02946,47.33635]],[[11.01723,47.34199],[11.01731,47.34246],[11.01849,47.34216],[11.01908,47.3422],[11.0199,47.3418],[11.02118,47.34166],[11.02057,47.34124],[11.02324,47.34049],[11.02358,47.34021],[11.02397,47.34028],[11.02589,47.33901],[11.02895,47.33758],[11.03034,47.33717],[11.03154,47.33633],[11.03153,47.33607],[11.03193,47.33581]],[[11.02944,47.3363],[11.03004,47.33562],[11.02995,47.3354],[11.02946,47.33546],[11.02792,47.33645],[11.02699,47.33648],[11.02626,47.33692],[11.02608,47.33623],[11.02588,47.33664],[11.02412,47.33775],[11.02373,47.33821],[11.02312,47.33848],[11.02273,47.3384]],[[11.02946,47.33635],[11.02944,47.3363]],[[11.02273,47.3384],[11.02166,47.33867],[11.02165,47.33902]],[[11.02165,47.33902],[11.02157,47.33925],[11.02058,47.33974],[11.01904,47.34016]],[[11.01904,47.34016],[11.01892,47.34035],[11.02064,47.34079],[11.02057,47.34124]]]}},{"type":"Feature","properties":{"name":"Alte Niederthaier Straße","ref":"635","network":"rcn","operator":"Tirol","from":"Umhausen, Parkplatz Mure","to":"Umhausen, Parkplatz Mure","website":"https://radrouting.tirol/","distance":"9.05","route":"mtb","ascent":"510","descent":"510","roundtrip":"yes","osm":"relation/8597346","length_km_in_region":0.7},"geometry":{"type":"MultiLineString","coordinates":[[[10.94991,47.13024],[10.95043,47.12976]],[[10.94995,47.12958],[10.95043,47.12976]],[[10.95304,47.12651],[10.95262,47.12697],[10.9499,47.12874]],[[10.94999,47.12764],[10.95102,47.12739],[10.95304,47.12651]]]}},{"type":"Feature","properties":{"name":"Archbrandhütte","ref":"583","network":"rcn","operator":"Tirol","from":"Hatting - Gemeindesaal","to":"Archbrandhütte","website":"https://radrouting.tirol/","distance":"10.1","route":"mtb","ascent":"1090","descent":"10","roundtrip":"no","osm":"relation/2965399","length_km_in_region":9.8},"geometry":{"type":"MultiLineString","coordinates":[[[11.16008,47.25495],[11.15609,47.25573],[11.15428,47.25638],[11.15331,47.25655],[11.15121,47.25598],[11.14959,47.25611],[11.14995,47.25628],[11.15099,47.25631],[11.15231,47.25707],[11.15086,47.25673],[11.14902,47.25715],[11.1501,47.2573],[11.15065,47.25721],[11.15118,47.25762],[11.15258,47.25799],[11.15448,47.25802],[11.15668,47.25753],[11.15925,47.25774],[11.16079,47.25747],[11.15887,47.25827],[11.157,47.25847],[11.1561,47.25893],[11.15475,47.25928],[11.15183,47.25993],[11.14923,47.26005],[11.15023,47.26031],[11.15069,47.26069],[11.15712,47.2603],[11.15938,47.26043],[11.16318,47.25989],[11.16673,47.26005],[11.16413,47.26061],[11.16213,47.26138],[11.16117,47.26148],[11.16056,47.26188],[11.15757,47.26247],[11.15624,47.26344],[11.15546,47.26362],[11.15705,47.26365],[11.15927,47.26315],[11.15714,47.26441],[11.15407,47.2652],[11.15391,47.26554],[11.15317,47.26566],[11.15301,47.26591],[11.15173,47.26647],[11.15154,47.26682],[11.15186,47.26743]],[[11.15186,47.26743],[11.15191,47.2669],[11.15252,47.2667],[11.15697,47.26605],[11.15749,47.26582],[11.15928,47.26575]],[[11.15928,47.26575],[11.16013,47.2659]],[[11.1595,47.26694],[11.15934,47.26629],[11.16013,47.2659]],[[11.16153,47.26732],[11.15989,47.26688],[11.1595,47.26694]],[[11.1635,47.27396],[11.1634,47.27438],[11.16289,47.27444],[11.16125,47.27384],[11.16137,47.27367],[11.16235,47.27393],[11.16259,47.2738],[11.16185,47.27193],[11.16235,47.27164],[11.16308,47.2703],[11.1639,47.27029],[11.16432,47.26981],[11.16591,47.26923],[11.1646,47.26907],[11.16382,47.26926],[11.16493,47.26862],[11.1635,47.26882],[11.16228,47.2681],[11.16202,47.26756],[11.16153,47.26732]],[[11.16615,47.27606],[11.16413,47.27337],[11.16388,47.2734],[11.1635,47.27396]],[[11.16721,47.27695],[11.16615,47.27606]]]}},{"type":"Feature","properties":{"name":"Arzler Alm","ref":"5017","network":"rcn","operator":"Tirol","from":"Innsbruck-Arzl, Schießstand","to":"Arzler Alm","website":"https://radrouting.tirol/","distance":"3.52","route":"mtb","ascent":"340","descent":"10","roundtrip":"no","osm":"relation/18146919","length_km_in_region":5.2},"geometry":{"type":"MultiLineString","coordinates":[[[11.42611,47.28953],[11.42336,47.29049],[11.42241,47.29125],[11.42201,47.29133]],[[11.42251,47.29171],[11.42189,47.29158],[11.42201,47.29133]],[[11.41477,47.29559],[11.41604,47.29424],[11.41637,47.29314],[11.41697,47.29267],[11.41826,47.29261],[11.41916,47.29278],[11.42113,47.29203],[11.42219,47.2922],[11.42251,47.29171]],[[11.41397,47.2962],[11.41477,47.29559]],[[11.41385,47.29616],[11.41397,47.2962]],[[11.40939,47.29388],[11.40991,47.29417],[11.41141,47.29448],[11.41166,47.29473],[11.41303,47.29408],[11.41278,47.2948],[11.41383,47.29484],[11.41385,47.29616]],[[11.40939,47.29388],[11.40922,47.29397]],[[11.40922,47.29397],[11.40955,47.29447],[11.41162,47.29591],[11.41237,47.2977],[11.4116,47.29752],[11.4111,47.29773],[11.41076,47.29742]],[[11.41076,47.29742],[11.40848,47.29795],[11.40609,47.29748]],[[11.40303,47.29634],[11.4033,47.29645],[11.40333,47.29699],[11.4043,47.29712],[11.40479,47.29778],[11.40609,47.29748]],[[11.40902,47.29375],[11.40922,47.29397]],[[11.40512,47.29214],[11.4054,47.29254],[11.40521,47.2929],[11.40538,47.29307],[11.40788,47.29368],[11.40842,47.29358],[11.40902,47.29375]],[[11.40269,47.29112],[11.40395,47.2915],[11.40431,47.29204],[11.40512,47.29214]],[[11.40039,47.28932],[11.40193,47.2903],[11.40269,47.29112]],[[11.39994,47.289],[11.40039,47.28932]],[[11.3988,47.28787],[11.39934,47.28846],[11.39987,47.28852],[11.39994,47.289]],[[11.39726,47.28714],[11.3988,47.28787]],[[11.39653,47.28632],[11.3964,47.28662],[11.39726,47.28714]],[[11.39653,47.28632],[11.39712,47.28609]],[[11.39712,47.28609],[11.39814,47.2856]],[[11.3972,47.28503],[11.39814,47.2856]],[[11.3959,47.28458],[11.3972,47.28503]]]}},{"type":"Feature","properties":{"name":"Arzler Alm Trail","network":"lcn","route":"mtb","osm":"relation/13217673","length_km_in_region":3.5},"geometry":{"type":"MultiLineString","coordinates":[[[11.40686,47.29595],[11.40749,47.29494],[11.40708,47.29523],[11.40697,47.29514],[11.40798,47.29397],[11.40586,47.29317],[11.4067,47.29308],[11.40702,47.29274],[11.40776,47.29302],[11.4081,47.29288],[11.40885,47.29195],[11.40874,47.29179],[11.40906,47.29176],[11.40875,47.29146],[11.40903,47.29096],[11.40927,47.29073],[11.4096,47.29104],[11.40971,47.29088],[11.40998,47.29095],[11.40999,47.29067],[11.40928,47.28988],[11.40835,47.29005],[11.40782,47.2895],[11.4076,47.28857],[11.40789,47.28825],[11.40708,47.28754],[11.40677,47.28749],[11.40665,47.28699],[11.40633,47.28682],[11.40682,47.28682],[11.40655,47.28668],[11.4069,47.28666],[11.40558,47.28644],[11.40513,47.28568],[11.40392,47.28519],[11.40435,47.28432],[11.4035,47.28337],[11.40284,47.28308],[11.40366,47.28313],[11.40303,47.28288],[11.40326,47.28286],[11.40244,47.28211],[11.40322,47.28239],[11.40352,47.28234],[11.40388,47.28258],[11.40355,47.28218],[11.40416,47.2824],[11.40394,47.28191],[11.40484,47.28268],[11.40487,47.28236]],[[11.40695,47.2959],[11.40686,47.29595]],[[11.40562,47.29757],[11.40587,47.29746],[11.40506,47.29751],[11.40643,47.29694],[11.40587,47.29692],[11.40662,47.29648],[11.40683,47.29623],[11.40647,47.29632],[11.40695,47.2959]]]}},{"type":"Feature","properties":{"name":"Arztalalm","ref":"5021","network":"rcn","operator":"Tirol","from":"Parkplatz Recyclinghof Ellbögen","to":"Arztalalm","website":"https://radrouting.tirol/","distance":"7.96","route":"mtb","ascent":"830","descent":"0","roundtrip":"no","osm":"relation/14424266","length_km_in_region":7.8},"geometry":{"type":"MultiLineString","coordinates":[[[11.49134,47.17444],[11.4911,47.17455],[11.49113,47.17482],[11.49015,47.1751],[11.48868,47.176],[11.48757,47.17641],[11.48946,47.1764],[11.49023,47.17621],[11.49351,47.17678],[11.49422,47.17654],[11.49367,47.17715],[11.49675,47.17643],[11.49899,47.17647],[11.50151,47.17689],[11.50325,47.17674]],[[11.49034,47.17441],[11.49105,47.17432],[11.49134,47.17444]],[[11.4801,47.17402],[11.47913,47.17424],[11.4783,47.17417],[11.47902,47.17458],[11.48117,47.17487],[11.48174,47.17515],[11.48225,47.17501],[11.48339,47.1751],[11.48565,47.17462],[11.4873,47.17467],[11.48814,47.17487],[11.49034,47.17441]],[[11.47062,47.16996],[11.47345,47.17138],[11.47509,47.17193],[11.47764,47.17343],[11.47835,47.17338],[11.4801,47.17402]],[[11.46518,47.16919],[11.46642,47.16904],[11.46762,47.16945],[11.46956,47.16963],[11.47062,47.16996]],[[11.46491,47.16925],[11.46518,47.16919]],[[11.45481,47.16881],[11.45416,47.16917],[11.45341,47.17078],[11.45481,47.1701],[11.45737,47.16955],[11.45944,47.16933],[11.46117,47.16943],[11.46491,47.16925]],[[11.4492,47.17068],[11.44973,47.17031],[11.45013,47.17037],[11.45221,47.1695],[11.45311,47.16885],[11.45481,47.16881]],[[11.44665,47.17397],[11.4471,47.17365],[11.447,47.17279],[11.44754,47.17239],[11.44745,47.17178],[11.4492,47.17068]],[[11.43501,47.18237],[11.43618,47.18315],[11.43692,47.18298],[11.43801,47.18204],[11.43845,47.18088],[11.43961,47.18054],[11.43986,47.17994],[11.44057,47.17955],[11.44172,47.1785],[11.44325,47.17681],[11.44392,47.17661],[11.44432,47.17553],[11.44516,47.17498],[11.44653,47.17448],[11.44665,47.17397]]]}},{"type":"Feature","properties":{"name":"Axamer Lizum","ref":"5009","network":"rcn","operator":"Tirol","from":"Talsperre Axamer Bach","to":"Parkplatz Axamer Lizum","website":"https://radrouting.tirol/","distance":"3.78","route":"mtb","ascent":"570","descent":"0","roundtrip":"no","osm":"relation/10909037","length_km_in_region":3.7},"geometry":{"type":"MultiLineString","coordinates":[[[11.30247,47.19674],[11.30231,47.19697],[11.3025,47.19751],[11.30205,47.19769]],[[11.30205,47.19769],[11.30257,47.19785],[11.30184,47.19917],[11.30086,47.19967],[11.29917,47.20259],[11.2969,47.20551],[11.29635,47.20731],[11.29448,47.20969],[11.29297,47.21106],[11.29199,47.21254]],[[11.29199,47.21254],[11.29179,47.21258]],[[11.29179,47.21258],[11.29141,47.21301]],[[11.29141,47.21301],[11.29089,47.21357],[11.28965,47.21418],[11.28758,47.21485],[11.28423,47.21553],[11.28205,47.21656]],[[11.28205,47.21656],[11.28198,47.2166]],[[11.28198,47.2166],[11.28134,47.21709]],[[11.28134,47.21709],[11.28132,47.21713]],[[11.28132,47.21713],[11.28071,47.21917],[11.27832,47.22056],[11.27747,47.22171]],[[11.27747,47.22171],[11.27799,47.22138],[11.27776,47.22184]]]}},{"type":"Feature","properties":{"name":"Bergeralm Rundtour","ref":"527","network":"rcn","operator":"Tirol","from":"Bahnhof Steinach a.Br.","to":"Bahnhof Steinach a.Br.","website":"https://radrouting.tirol/","distance":"19.88","route":"mtb","ascent":"670","descent":"670","roundtrip":"yes","osm":"relation/2963649","length_km_in_region":6.5},"geometry":{"type":"MultiLineString","coordinates":[[[11.41371,47.08027],[11.414,47.07996]],[[11.41371,47.08031],[11.41371,47.08027]],[[11.41373,47.08037],[11.41371,47.08031]],[[11.41373,47.08037],[11.41482,47.08111]],[[11.42145,47.08182],[11.42041,47.08174],[11.4193,47.08142],[11.41724,47.0815],[11.41482,47.08111]],[[11.42855,47.08267],[11.42711,47.08189],[11.4266,47.08182],[11.42513,47.08114],[11.42413,47.08112],[11.42385,47.08174],[11.42361,47.08182],[11.42145,47.08182]],[[11.42872,47.08269],[11.42855,47.08267]],[[11.4289,47.08275],[11.42872,47.08269]],[[11.42913,47.08284],[11.4289,47.08275]],[[11.45035,47.08433],[11.44929,47.08444],[11.44349,47.08344],[11.44038,47.08395],[11.438,47.08414],[11.43388,47.08293],[11.43306,47.08307],[11.43248,47.08289],[11.43159,47.08305],[11.43039,47.08278],[11.42913,47.08284]],[[11.45189,47.08488],[11.45035,47.08433]],[[11.452,47.08489],[11.45189,47.08488]],[[11.45242,47.08503],[11.452,47.08489]],[[11.45242,47.08503],[11.45494,47.08478]],[[11.45807,47.08408],[11.45494,47.08478]],[[11.45879,47.08397],[11.45807,47.08408]],[[11.46203,47.08274],[11.46133,47.08322],[11.4599,47.08351],[11.45879,47.08397]],[[11.46283,47.08269],[11.46203,47.08274]],[[11.46521,47.07996],[11.46492,47.08079],[11.46378,47.08156],[11.46546,47.08121],[11.46407,47.08243],[11.46283,47.08269]],[[11.45588,47.08652],[11.4531,47.08548],[11.45242,47.08503]],[[11.45588,47.08652],[11.45588,47.08662]],[[11.45588,47.08662],[11.45586,47.08697]],[[11.45755,47.08702],[11.45586,47.08697]],[[11.45988,47.08756],[11.45755,47.08702]],[[11.46028,47.08752],[11.45988,47.08756]],[[11.46576,47.09046],[11.46439,47.08994],[11.46181,47.088],[11.46028,47.08752]],[[11.46591,47.09034],[11.46576,47.09046]],[[11.46581,47.08899],[11.46605,47.0899],[11.46591,47.09034]],[[11.46581,47.08899],[11.46758,47.08928]],[[11.46758,47.08928],[11.46796,47.08859]],[[11.46838,47.08863],[11.46796,47.08859]],[[11.46863,47.08865],[11.46838,47.08863]],[[11.46946,47.08869],[11.46863,47.08865]],[[11.46948,47.08906],[11.46946,47.08869]],[[11.4693,47.0896],[11.46948,47.08906]]]}},{"type":"Feature","properties":{"name":"Bettelwurf Line","ref":"5099","route":"mtb","osm":"relation/19244411","length_km_in_region":0.4},"geometry":{"type":"MultiLineString","coordinates":[[[11.53843,47.31312],[11.53803,47.31294],[11.53823,47.31266],[11.53773,47.31274],[11.5385,47.31195],[11.5383,47.31191],[11.53843,47.31146],[11.5382,47.31143],[11.53837,47.31129],[11.53809,47.31129],[11.53823,47.31113],[11.53802,47.31107]]]}},{"type":"Feature","properties":{"name":"Bichl Uphill","ref":"5037","distance":"0.63","route":"mtb","ascent":"50","descent":"0","osm":"relation/17733164","length_km_in_region":0.4},"geometry":{"type":"MultiLineString","coordinates":[[[11.44857,47.26459],[11.45065,47.2637],[11.4503,47.26318]],[[11.4503,47.26318],[11.45026,47.26314]],[[11.45026,47.26314],[11.45082,47.26331],[11.45068,47.26312],[11.45097,47.26288],[11.45168,47.26312],[11.45152,47.26306]]]}},{"type":"Feature","properties":{"name":"Bike Trail Tirol Etappe 20: Weerberg - Windegg","ref":"57","network":"rcn","operator":"Tirol","distance":"21.9","route":"mtb","mtb:type":"crosscountry","ascent":"940","osm":"relation/2962949","length_km_in_region":14.8},"geometry":{"type":"MultiLineString","coordinates":[[[11.60786,47.28829],[11.6084,47.2882],[11.61107,47.28846],[11.61309,47.28813],[11.61688,47.28808],[11.61845,47.28868],[11.62015,47.2889]],[[11.60364,47.28776],[11.60537,47.28807],[11.6055,47.28796],[11.60503,47.28772],[11.60655,47.28772],[11.60691,47.28804],[11.60786,47.28829]],[[11.60364,47.28776],[11.60023,47.2865]],[[11.60023,47.2865],[11.59857,47.28617]],[[11.59857,47.28617],[11.59768,47.28588],[11.59753,47.28567],[11.59882,47.2848],[11.59816,47.28424],[11.59678,47.28355]],[[11.59678,47.28355],[11.59675,47.28346]],[[11.59675,47.28346],[11.59674,47.28343]],[[11.59674,47.28343],[11.59712,47.28178],[11.59695,47.28095],[11.59803,47.28042]],[[11.59803,47.28042],[11.59853,47.27989]],[[11.59853,47.27989],[11.59888,47.27951],[11.5987,47.2781],[11.59945,47.27722],[11.59973,47.27595],[11.60085,47.27511]],[[11.60085,47.27511],[11.60187,47.27462],[11.6035,47.27271]],[[11.6035,47.27271],[11.60412,47.27208]],[[11.60412,47.27208],[11.60557,47.26988],[11.60624,47.26928],[11.60798,47.26835],[11.60895,47.26669]],[[11.60895,47.26669],[11.61089,47.26462]],[[11.61089,47.26462],[11.61157,47.26415],[11.61161,47.26341]],[[11.61302,47.2623],[11.61228,47.26258],[11.61161,47.26341]],[[11.61308,47.26226],[11.61302,47.2623]],[[11.61349,47.26173],[11.61308,47.26226]],[[11.61343,47.26163],[11.61349,47.26173]],[[11.61382,47.25889],[11.61334,47.26003],[11.61354,47.26071],[11.61343,47.26163]],[[11.6151,47.25525],[11.61524,47.25622],[11.61488,47.2574],[11.61411,47.25814],[11.61382,47.25889]],[[11.61495,47.25524],[11.6151,47.25525]],[[11.61481,47.25524],[11.61495,47.25524]],[[11.61435,47.25568],[11.61481,47.25524]],[[11.60547,47.26454],[11.60609,47.26377],[11.60654,47.26375],[11.60813,47.26302],[11.60916,47.26231],[11.61035,47.26022],[11.61154,47.25896],[11.61274,47.25839],[11.61385,47.25737],[11.61435,47.25568]],[[11.60512,47.26474],[11.60547,47.26454]],[[11.60262,47.26615],[11.60472,47.26512],[11.60512,47.26474]],[[11.60222,47.26683],[11.60262,47.26615]],[[11.60168,47.26709],[11.60222,47.26683]],[[11.60148,47.26701],[11.60168,47.26709]],[[11.60135,47.26703],[11.60148,47.26701]],[[11.5862,47.27555],[11.58651,47.2754],[11.58631,47.27476],[11.58665,47.27424],[11.58831,47.27356],[11.5897,47.27183],[11.59293,47.2704],[11.59396,47.27028],[11.59564,47.26948],[11.59625,47.26942],[11.59743,47.26843],[11.59871,47.26787],[11.59945,47.26707],[11.60031,47.26717],[11.60135,47.26703]],[[11.5781,47.27421],[11.57836,47.27446],[11.57831,47.27507],[11.57926,47.27581],[11.58249,47.27561],[11.58446,47.27579],[11.5862,47.27555]],[[11.57241,47.27009],[11.57478,47.27252],[11.57704,47.27351],[11.5781,47.27421]],[[11.57051,47.26743],[11.57241,47.27009]],[[11.56531,47.262],[11.56519,47.26252],[11.56604,47.26356],[11.56688,47.26385],[11.56883,47.26498],[11.56999,47.26496],[11.57056,47.26529],[11.57025,47.26662],[11.57051,47.26743]],[[11.56529,47.26194],[11.56531,47.262]],[[11.56111,47.25107],[11.56132,47.2518],[11.56258,47.25281],[11.56396,47.25476],[11.56378,47.25507],[11.56219,47.2559],[11.5621,47.25613],[11.56329,47.25783],[11.56329,47.25839],[11.56416,47.26044],[11.56433,47.26147],[11.56529,47.26194]],[[11.56047,47.25031],[11.56095,47.25065],[11.56111,47.25107]],[[11.56047,47.25031],[11.56066,47.2507],[11.56037,47.25208],[11.56106,47.25388],[11.56012,47.25439],[11.55996,47.25501]],[[11.55996,47.25501],[11.55981,47.25557]],[[11.55482,47.26104],[11.55675,47.26008],[11.55762,47.25929],[11.55779,47.25881],[11.55878,47.25847],[11.55874,47.25771],[11.55928,47.25699],[11.55981,47.25557]],[[11.55355,47.26129],[11.55482,47.26104]]]}},{"type":"Feature","properties":{"name":"Bike Trail Tirol Etappe 21: Windegg - Matrei","ref":"58","network":"rcn","operator":"Tirol","distance":"26.8","route":"mtb","mtb:type":"crosscountry","ascent":"521","osm":"relation/2963688","length_km_in_region":26.6},"geometry":{"type":"MultiLineString","coordinates":[[[11.53922,47.25762],[11.53993,47.25741],[11.54051,47.2576],[11.54145,47.25842],[11.5456,47.26062],[11.54454,47.25852],[11.5447,47.25844],[11.5468,47.25963],[11.54851,47.26004],[11.5516,47.26216],[11.55407,47.26304],[11.55331,47.2619],[11.55355,47.26129]],[[11.53606,47.25693],[11.53563,47.25611],[11.53802,47.25676],[11.53869,47.25751],[11.53922,47.25762]],[[11.53398,47.2581],[11.53468,47.25736],[11.53569,47.25725],[11.53606,47.25693]],[[11.53026,47.25694],[11.53398,47.2581]],[[11.52679,47.25623],[11.53026,47.25694]],[[11.52587,47.25592],[11.52679,47.25623]],[[11.5254,47.2558],[11.52587,47.25592]],[[11.52017,47.25294],[11.52049,47.25356],[11.52282,47.25446],[11.52422,47.25548],[11.5254,47.2558]],[[11.51988,47.25254],[11.52017,47.25294]],[[11.51927,47.25249],[11.51988,47.25254]],[[11.51845,47.25284],[11.51927,47.25249]],[[11.51715,47.25279],[11.51845,47.25284]],[[11.51563,47.25284],[11.51715,47.25279]],[[11.51201,47.25203],[11.51325,47.25212],[11.51419,47.25255],[11.51563,47.25284]],[[11.51102,47.25223],[11.51201,47.25203]],[[11.51093,47.25225],[11.51102,47.25223]],[[11.51014,47.2522],[11.51093,47.25225]],[[11.51009,47.25219],[11.51014,47.2522]],[[11.51002,47.25215],[11.51009,47.25219]],[[11.50709,47.25059],[11.51002,47.25215]],[[11.50653,47.25039],[11.50709,47.25059]],[[11.50486,47.24977],[11.50653,47.25039]],[[11.50244,47.24915],[11.50486,47.24977]],[[11.50232,47.24913],[11.50244,47.24915]],[[11.49693,47.24842],[11.49804,47.24875],[11.50071,47.24871],[11.50232,47.24913]],[[11.49671,47.24832],[11.49693,47.24842]],[[11.49639,47.24818],[11.49671,47.24832]],[[11.49615,47.24811],[11.49639,47.24818]],[[11.48771,47.24866],[11.49043,47.24812],[11.4942,47.24849],[11.49539,47.24811],[11.49615,47.24811]],[[11.48551,47.24886],[11.48771,47.24866]],[[11.48511,47.24886],[11.48551,47.24886]],[[11.48355,47.24898],[11.48511,47.24886]],[[11.48129,47.24869],[11.48355,47.24898]],[[11.47988,47.24861],[11.48129,47.24869]],[[11.47756,47.2485],[11.47818,47.24837],[11.47988,47.24861]],[[11.47367,47.24758],[11.47488,47.24781],[11.47636,47.24846],[11.47756,47.2485]],[[11.47347,47.24754],[11.47367,47.24758]],[[11.4715,47.24703],[11.47223,47.24717],[11.47284,47.24756],[11.47347,47.24754]],[[11.47111,47.24694],[11.4715,47.24703]],[[11.47102,47.2469],[11.47111,47.24694]],[[11.4702,47.24654],[11.47102,47.2469]],[[11.4699,47.24647],[11.4702,47.24654]],[[11.46248,47.24524],[11.46555,47.24594],[11.46725,47.24596],[11.4699,47.24647]],[[11.46214,47.24512],[11.46248,47.24524]],[[11.46213,47.24515],[11.4619,47.24506],[11.46213,47.24515]],[[11.46195,47.24486],[11.46207,47.24503]],[[11.46185,47.24467],[11.46195,47.24486]],[[11.45815,47.2426],[11.4614,47.24411],[11.46185,47.24467]],[[11.45793,47.24244],[11.45815,47.2426]],[[11.45656,47.24165],[11.45793,47.24244]],[[11.45095,47.23983],[11.45245,47.24005],[11.45656,47.24165]],[[11.45022,47.23968],[11.45095,47.23983]],[[11.44537,47.23863],[11.44585,47.23854],[11.44661,47.23796],[11.44845,47.23913],[11.45022,47.23968]],[[11.44458,47.23856],[11.44537,47.23863]],[[11.44399,47.23839],[11.44458,47.23856]],[[11.4391,47.23772],[11.44016,47.23791],[11.44212,47.23771],[11.44399,47.23839]],[[11.43711,47.23806],[11.4391,47.23772]],[[11.43612,47.23814],[11.43711,47.23806]],[[11.43534,47.23806],[11.43612,47.23814]],[[11.43368,47.23843],[11.43534,47.23806]],[[11.4328,47.23846],[11.43368,47.23843]],[[11.4328,47.23846],[11.43342,47.23738],[11.43287,47.2366]],[[11.43287,47.2366],[11.43263,47.23572]],[[11.43263,47.23572],[11.43149,47.23283]],[[11.43149,47.23283],[11.43045,47.23147]],[[11.43045,47.23147],[11.4297,47.22902],[11.43021,47.22729],[11.43013,47.22646]],[[11.43013,47.22646],[11.4294,47.22497]],[[11.4294,47.22497],[11.42917,47.22468]],[[11.42917,47.22468],[11.42709,47.22299]],[[11.42709,47.22299],[11.42599,47.22246]],[[11.42539,47.22227],[11.42599,47.22246]],[[11.4249,47.22211],[11.42539,47.22227]],[[11.4249,47.22211],[11.42482,47.22209]],[[11.42482,47.22209],[11.42392,47.22179]],[[11.42392,47.22179],[11.42274,47.22116]],[[11.42274,47.22116],[11.42157,47.21982],[11.42034,47.2159],[11.41889,47.21451]],[[11.41889,47.21451],[11.4177,47.21288]],[[11.4177,47.21288],[11.4169,47.21228]],[[11.4169,47.21228],[11.41594,47.21037]],[[11.41594,47.21037],[11.41588,47.21008]],[[11.41588,47.21008],[11.41566,47.20937]],[[11.41566,47.20937],[11.41516,47.20862],[11.41519,47.20784]],[[11.41519,47.20784],[11.4153,47.20751]],[[11.4153,47.20751],[11.41561,47.20681]],[[11.41561,47.20681],[11.41563,47.20626]],[[11.41572,47.20587],[11.41563,47.20626]],[[11.41572,47.20587],[11.41589,47.2055]],[[11.41589,47.2055],[11.41736,47.20386]],[[11.41736,47.20386],[11.41889,47.20127]],[[11.41889,47.20127],[11.4205,47.19963],[11.42149,47.19897]],[[11.42149,47.19897],[11.42166,47.19889]],[[11.42166,47.19889],[11.42203,47.19882]],[[11.42203,47.19882],[11.42423,47.19831]],[[11.42423,47.19831],[11.42468,47.19823],[11.4253,47.1984],[11.42537,47.19821]],[[11.42537,47.19821],[11.42507,47.19725],[11.42376,47.19672],[11.42337,47.19585],[11.42402,47.19503],[11.4251,47.19465],[11.42513,47.19403],[11.42608,47.19373],[11.42641,47.19288],[11.42695,47.19244]],[[11.42695,47.19244],[11.42773,47.19022],[11.42812,47.18969]],[[11.42812,47.18969],[11.42894,47.18828],[11.42888,47.18721]],[[11.42888,47.18721],[11.42922,47.18664]],[[11.42922,47.18664],[11.42968,47.18607],[11.43034,47.18574]],[[11.43034,47.18574],[11.43103,47.18526]],[[11.43103,47.18526],[11.43143,47.18502]],[[11.43143,47.18502],[11.43177,47.1851]],[[11.43177,47.1851],[11.43195,47.18515]],[[11.43195,47.18515],[11.4341,47.18569]],[[11.4341,47.18569],[11.43458,47.18568]],[[11.43458,47.18568],[11.43638,47.18577]],[[11.43638,47.18577],[11.43714,47.18578]],[[11.43714,47.18578],[11.43724,47.18571]],[[11.43724,47.18571],[11.43709,47.18482],[11.43676,47.18459]],[[11.43676,47.18459],[11.43586,47.18425]],[[11.43586,47.18425],[11.43472,47.18381],[11.43449,47.18302],[11.43373,47.18235]],[[11.43373,47.18235],[11.43384,47.18181],[11.43454,47.18166]],[[11.43454,47.18166],[11.43479,47.1815]],[[11.43479,47.1815],[11.43495,47.18118],[11.43625,47.18081],[11.43637,47.18016],[11.43751,47.17865],[11.43919,47.17712],[11.43941,47.17586],[11.4401,47.17499],[11.44039,47.17381]],[[11.44039,47.17381],[11.44051,47.17272]],[[11.44051,47.17272],[11.44137,47.17271],[11.44148,47.17253]],[[11.44148,47.17253],[11.44128,47.1719],[11.44144,47.17103],[11.4422,47.17094],[11.44553,47.16757]],[[11.44553,47.16757],[11.44604,47.16705]],[[11.44604,47.16705],[11.44849,47.16556]],[[11.44849,47.16556],[11.44951,47.1651]],[[11.44951,47.1651],[11.45161,47.164],[11.45228,47.16377],[11.45288,47.16381]],[[11.45288,47.16381],[11.45347,47.16385],[11.45467,47.16331],[11.4559,47.16315]],[[11.4559,47.16315],[11.45665,47.16319],[11.45778,47.16284]],[[11.45778,47.16284],[11.45942,47.16269]],[[11.45942,47.16269],[11.45972,47.16264]],[[11.45972,47.16264],[11.45995,47.16223]],[[11.45995,47.16223],[11.45922,47.16205]],[[11.45922,47.16205],[11.45888,47.16199]],[[11.45888,47.16199],[11.45813,47.1619],[11.45662,47.16132],[11.45588,47.1607],[11.45449,47.16068],[11.45342,47.16011],[11.45247,47.15989],[11.45213,47.15937],[11.45269,47.15879]],[[11.45269,47.15879],[11.45339,47.15839],[11.45376,47.15782],[11.45404,47.15559]],[[11.45404,47.15559],[11.45414,47.155],[11.45482,47.15406],[11.45476,47.15371],[11.45416,47.15318],[11.45462,47.15229],[11.45462,47.15138],[11.45564,47.15019]],[[11.45564,47.15019],[11.45565,47.15014]],[[11.45565,47.15014],[11.45514,47.14915],[11.45548,47.14863],[11.45655,47.14783]],[[11.45655,47.14783],[11.45665,47.14774]],[[11.45665,47.14774],[11.45705,47.14538],[11.45751,47.14481],[11.45834,47.14444]],[[11.45834,47.14444],[11.45936,47.1436]],[[11.45936,47.1436],[11.4604,47.14296],[11.46052,47.14244]],[[11.46052,47.14244],[11.46046,47.14223]],[[11.46046,47.14223],[11.46028,47.14177]],[[11.46028,47.14177],[11.46029,47.14129]],[[11.46029,47.14129],[11.46033,47.14108]],[[11.46033,47.14108],[11.46048,47.14031],[11.4599,47.13913]],[[11.4599,47.13913],[11.45961,47.13883],[11.45886,47.13874]],[[11.4581,47.13864],[11.45886,47.13874]],[[11.45503,47.13779],[11.45685,47.13768],[11.45757,47.13804],[11.4581,47.13864]],[[11.45503,47.13779],[11.45382,47.13721]],[[11.45382,47.13721],[11.45359,47.13701]],[[11.4533,47.13689],[11.45359,47.13701]],[[11.45322,47.13687],[11.4533,47.13689]],[[11.45279,47.13675],[11.45322,47.13687]],[[11.45265,47.13665],[11.45279,47.13675]],[[11.4526,47.1366],[11.45265,47.13665]],[[11.4526,47.1366],[11.45253,47.13612]],[[11.45253,47.13612],[11.45303,47.13482],[11.45245,47.13394]]]}},{"type":"Feature","properties":{"name":"Bike Trail Tirol Etappe 22: Matrei - Mieders","ref":"59","network":"rcn","operator":"Tirol","distance":"13.1","route":"mtb","mtb:type":"crosscountry","ascent":"714","osm":"relation/2963700","length_km_in_region":12.9},"geometry":{"type":"MultiLineString","coordinates":[[[11.37903,47.16378],[11.37897,47.16388]],[[11.37767,47.16],[11.37792,47.16207],[11.37886,47.1625],[11.37937,47.16306],[11.37903,47.16378]],[[11.37726,47.15882],[11.37767,47.16]],[[11.37803,47.15804],[11.37769,47.15808],[11.37666,47.15774],[11.37726,47.15882]],[[11.38052,47.15115],[11.38017,47.15235],[11.38048,47.15298],[11.38051,47.15388],[11.38097,47.15422],[11.3811,47.15464],[11.38204,47.15506],[11.38235,47.15566],[11.38407,47.15667],[11.38377,47.15837],[11.38355,47.15832],[11.3831,47.15721],[11.38222,47.15705],[11.38108,47.15736],[11.38073,47.15706],[11.37977,47.15712],[11.37946,47.1566],[11.37859,47.15671],[11.37767,47.15622],[11.37627,47.15623],[11.3774,47.15709],[11.37803,47.15804]],[[11.38502,47.15296],[11.38464,47.15264],[11.38438,47.15195],[11.38349,47.15171],[11.38279,47.15087],[11.3828,47.15046],[11.38318,47.15009],[11.38292,47.14975],[11.38315,47.14887],[11.38301,47.1482],[11.38246,47.14864],[11.38052,47.15115]],[[11.38889,47.1482],[11.38826,47.14855],[11.38719,47.14867],[11.38565,47.14973],[11.38559,47.15032],[11.38502,47.15087],[11.38477,47.15262],[11.38502,47.15296]],[[11.38889,47.1482],[11.38936,47.14783]],[[11.38936,47.14783],[11.39074,47.147],[11.39153,47.14584],[11.39292,47.14474],[11.39311,47.14416]],[[11.39743,47.13612],[11.39637,47.13781],[11.3956,47.1386],[11.39574,47.14001],[11.39441,47.14112],[11.39479,47.1415],[11.39472,47.14202],[11.39404,47.14295],[11.39361,47.14318],[11.39348,47.14398],[11.39311,47.14416]],[[11.39743,47.13612],[11.39989,47.13438]],[[11.39989,47.13438],[11.40484,47.13094]],[[11.405,47.13082],[11.40484,47.13094]],[[11.40528,47.13044],[11.405,47.13082]],[[11.40528,47.13044],[11.40556,47.13005]],[[11.40556,47.13005],[11.40571,47.12979]],[[11.40571,47.12979],[11.40608,47.12941],[11.40588,47.12896],[11.40613,47.12805],[11.40573,47.12626],[11.40618,47.1256],[11.40746,47.12455],[11.41003,47.12441],[11.41077,47.12412],[11.41116,47.12366],[11.41188,47.12485],[11.41233,47.12493],[11.41294,47.12355],[11.41317,47.12348]],[[11.41317,47.12348],[11.4137,47.12534],[11.41437,47.12624],[11.41443,47.12684],[11.4153,47.12768],[11.41578,47.1279],[11.41763,47.12797],[11.41855,47.12841],[11.41933,47.12834],[11.41995,47.12806],[11.42178,47.12861]],[[11.42178,47.12861],[11.42264,47.12888],[11.42372,47.12878],[11.424,47.12839],[11.42516,47.12853],[11.42539,47.12796],[11.42647,47.12766],[11.42797,47.12847],[11.42833,47.12804],[11.42885,47.12803],[11.42949,47.12848],[11.43024,47.12855],[11.4303,47.12898],[11.43082,47.12958],[11.4319,47.12948],[11.43151,47.13008],[11.43063,47.13023],[11.42988,47.13061],[11.43095,47.131],[11.43265,47.13103],[11.43382,47.13141],[11.43428,47.13159],[11.43479,47.13236]],[[11.43479,47.13236],[11.43485,47.13244]],[[11.43485,47.13244],[11.43504,47.13271]],[[11.43504,47.13271],[11.43513,47.13284]],[[11.43513,47.13284],[11.43663,47.13461]],[[11.43663,47.13461],[11.43734,47.13561]],[[11.43734,47.13561],[11.43813,47.13623],[11.43926,47.13669]],[[11.43926,47.13669],[11.4398,47.137]],[[11.4398,47.137],[11.43988,47.13703]],[[11.43988,47.13703],[11.44031,47.13736],[11.44066,47.13705],[11.4421,47.13778],[11.44363,47.1381]],[[11.44363,47.1381],[11.44333,47.1378],[11.44477,47.13746],[11.44642,47.13652],[11.44958,47.13579]],[[11.44958,47.13579],[11.45,47.13575]],[[11.45,47.13575],[11.4508,47.13547],[11.45192,47.13401]],[[11.45192,47.13401],[11.45231,47.13373]]]}},{"type":"Feature","properties":{"name":"Bike Trail Tirol Etappe 23: Mieders - Mutters","ref":"60","network":"rcn","operator":"Tirol","distance":"20","route":"mtb","mtb:type":"crosscountry","ascent":"901","osm":"relation/2980780","length_km_in_region":20.0},"geometry":{"type":"MultiLineString","coordinates":[[[11.37519,47.22756],[11.37394,47.22551],[11.37171,47.22333],[11.37092,47.22212]],[[11.37092,47.22212],[11.37041,47.22205],[11.3701,47.2225],[11.36975,47.22249]],[[11.36783,47.22195],[11.36963,47.2213],[11.36982,47.22146],[11.36975,47.22249]],[[11.36773,47.2219],[11.36783,47.22195]],[[11.36802,47.22141],[11.36773,47.2219]],[[11.36362,47.22036],[11.36486,47.2201],[11.36617,47.21936],[11.36655,47.22031],[11.36645,47.2212],[11.36785,47.22078],[11.36802,47.22141]],[[11.36312,47.22052],[11.36362,47.22036]],[[11.35248,47.21685],[11.35572,47.2183],[11.35613,47.21869],[11.35682,47.21868],[11.35804,47.21961],[11.35838,47.22007],[11.35823,47.2206],[11.35745,47.22159],[11.357,47.2218],[11.35709,47.22195],[11.35971,47.22175],[11.36312,47.22052]],[[11.33988,47.21393],[11.33985,47.21252],[11.33944,47.21182],[11.33953,47.21069],[11.34041,47.21139],[11.34113,47.21148],[11.34129,47.21188],[11.34191,47.21221],[11.34273,47.21241],[11.34616,47.21416],[11.34854,47.21583],[11.34898,47.21456],[11.35023,47.21572],[11.35141,47.21617],[11.35248,47.21685]],[[11.33968,47.21413],[11.33988,47.21393]],[[11.3392,47.21442],[11.33968,47.21413]],[[11.3392,47.21442],[11.33968,47.21413]],[[11.33715,47.21368],[11.33819,47.21433],[11.3392,47.21442]],[[11.33608,47.21393],[11.33678,47.21416],[11.33715,47.21368]],[[11.33241,47.21171],[11.33166,47.21244],[11.33247,47.21276],[11.33387,47.21285],[11.33493,47.21318],[11.33608,47.21393]],[[11.33241,47.21171],[11.33346,47.21144],[11.33375,47.21057]],[[11.33375,47.21057],[11.33384,47.2096],[11.3331,47.20869],[11.33342,47.20793],[11.33316,47.20635],[11.33444,47.20566],[11.33505,47.2047],[11.33566,47.2046],[11.33621,47.204],[11.33784,47.2036],[11.33883,47.20355],[11.33897,47.20309],[11.33976,47.20304],[11.34035,47.20273],[11.34173,47.20254],[11.34236,47.20269],[11.34276,47.20247],[11.34319,47.20251],[11.34432,47.20335],[11.34519,47.20347],[11.34621,47.20319],[11.34772,47.20311],[11.34853,47.20337]],[[11.34853,47.20337],[11.35113,47.20349]],[[11.35113,47.20349],[11.35231,47.2034]],[[11.35231,47.2034],[11.35221,47.20293],[11.35154,47.20266],[11.35144,47.20227],[11.35065,47.20155],[11.35062,47.20064]],[[11.35062,47.20064],[11.35062,47.19946],[11.34966,47.19743],[11.34928,47.1971],[11.34949,47.19631],[11.3487,47.19588],[11.34872,47.19557],[11.34818,47.19486]],[[11.34818,47.19486],[11.34939,47.19561],[11.35081,47.19586],[11.35128,47.19611],[11.35144,47.19652],[11.35253,47.19659],[11.35448,47.19761],[11.35585,47.19798],[11.35716,47.19782],[11.3619,47.19779],[11.3647,47.19812],[11.36482,47.198],[11.36396,47.19742],[11.3636,47.19682],[11.36238,47.19636],[11.36556,47.19662]],[[11.36556,47.19662],[11.36713,47.19719],[11.36835,47.19723],[11.36958,47.19758],[11.37001,47.19794],[11.37081,47.19812],[11.37113,47.19857],[11.37179,47.19856],[11.37259,47.19926],[11.3736,47.19893],[11.37436,47.19933],[11.37498,47.19934],[11.37595,47.19974],[11.37759,47.19999]],[[11.38008,47.20096],[11.37941,47.20047],[11.37759,47.19999]],[[11.37839,47.19967],[11.37953,47.20021],[11.38008,47.20096]],[[11.37657,47.19883],[11.37839,47.19967]],[[11.37668,47.19875],[11.37657,47.19883]],[[11.37892,47.19846],[11.37864,47.19863],[11.37668,47.19875]],[[11.37912,47.19828],[11.37892,47.19846]],[[11.38543,47.18832],[11.38583,47.18979],[11.38489,47.19224],[11.38337,47.19432],[11.38251,47.195],[11.38309,47.1961],[11.38258,47.19701],[11.38222,47.1972],[11.38044,47.19702],[11.37965,47.19805],[11.37912,47.19828]],[[11.38543,47.18832],[11.38633,47.18874],[11.38673,47.18873],[11.38798,47.18789],[11.38817,47.18739],[11.38911,47.18768],[11.38956,47.18763]],[[11.38956,47.18763],[11.39138,47.18759],[11.39143,47.18716]],[[11.39143,47.18716],[11.39064,47.18635],[11.38905,47.18567],[11.38832,47.18476],[11.38865,47.18439],[11.38876,47.18372],[11.38715,47.18215]],[[11.38666,47.18156],[11.38715,47.18215]],[[11.38356,47.17986],[11.38469,47.18077],[11.38638,47.1815]],[[11.37585,47.17274],[11.37673,47.17407],[11.37736,47.17454],[11.37848,47.17496],[11.37935,47.17624],[11.37985,47.17746],[11.38041,47.17792],[11.38127,47.17818],[11.38141,47.17866],[11.382,47.17918],[11.38322,47.1795],[11.38356,47.17986]],[[11.36603,47.16363],[11.3665,47.16442],[11.36817,47.16521],[11.36827,47.16678],[11.36883,47.16811],[11.37132,47.16965],[11.37198,47.17131],[11.37279,47.17186],[11.37585,47.17274]],[[11.36603,47.16363],[11.36612,47.16361]],[[11.36612,47.16361],[11.36646,47.16361]],[[11.36646,47.16361],[11.36664,47.16361]],[[11.36664,47.16361],[11.36762,47.16396],[11.36941,47.16346],[11.36992,47.16314]],[[11.36992,47.16314],[11.37119,47.16236]],[[11.37119,47.16236],[11.37157,47.16194]],[[11.37157,47.16194],[11.37198,47.16134],[11.37248,47.16104],[11.37392,47.16083],[11.37454,47.16056],[11.37471,47.15964]],[[11.37531,47.1609],[11.37549,47.16023],[11.3751,47.15975],[11.37471,47.15964]],[[11.37627,47.1617],[11.37541,47.16118],[11.37531,47.1609]],[[11.37897,47.16388],[11.37698,47.16277],[11.37627,47.1617]]]}},{"type":"Feature","properties":{"name":"Bike Trail Tirol Etappe 24: Mutters - Sellrain","ref":"61","network":"rcn","operator":"Tirol","distance":"16.7","route":"mtb","mtb:type":"crosscountry","ascent":"415","osm":"relation/2980781","length_km_in_region":16.6},"geometry":{"type":"MultiLineString","coordinates":[[[11.21316,47.21321],[11.21399,47.21303],[11.2145,47.21245],[11.21519,47.20807],[11.21567,47.20709],[11.21737,47.2051]],[[11.21737,47.2051],[11.21967,47.20223],[11.22001,47.20225]],[[11.22001,47.20225],[11.22014,47.20236]],[[11.22014,47.20236],[11.22023,47.20263],[11.21967,47.20361]],[[11.21967,47.20361],[11.21821,47.20624]],[[11.21821,47.20624],[11.21782,47.20774],[11.21794,47.20902],[11.2183,47.20967]],[[11.2183,47.20967],[11.21872,47.2109]],[[11.22531,47.21442],[11.22095,47.21172],[11.21915,47.2112],[11.21872,47.2109]],[[11.22553,47.21459],[11.22531,47.21442]],[[11.22678,47.21446],[11.22581,47.21469],[11.22553,47.21459]],[[11.22738,47.2161],[11.22821,47.21543],[11.22837,47.21481],[11.22754,47.21479],[11.22678,47.21446]],[[11.23106,47.21897],[11.22889,47.21772],[11.22852,47.21722],[11.22784,47.217],[11.22738,47.2161]],[[11.24162,47.22453],[11.23954,47.2237],[11.23753,47.2224],[11.23595,47.22236],[11.23301,47.22016],[11.23174,47.21948],[11.23161,47.21898],[11.23106,47.21897]],[[11.242,47.22475],[11.24162,47.22453]],[[11.25495,47.22781],[11.2528,47.22742],[11.25128,47.2268],[11.24989,47.22679],[11.24805,47.22646],[11.242,47.22475]],[[11.25495,47.22781],[11.25524,47.22755]],[[11.25524,47.22755],[11.25553,47.22667]],[[11.25586,47.22664],[11.25553,47.22667]],[[11.25988,47.2281],[11.25795,47.22775],[11.25639,47.22709],[11.25586,47.22664]],[[11.26029,47.22818],[11.25988,47.2281]],[[11.26068,47.22825],[11.26029,47.22818]],[[11.26939,47.23063],[11.26465,47.22902],[11.26068,47.22825]],[[11.27066,47.23093],[11.26939,47.23063]],[[11.27178,47.23105],[11.27066,47.23093]],[[11.27218,47.23106],[11.27178,47.23105]],[[11.27218,47.23106],[11.27248,47.23087]],[[11.27248,47.23087],[11.27238,47.23071]],[[11.27238,47.23071],[11.27173,47.22995],[11.27044,47.22903],[11.27046,47.22839],[11.27099,47.22816],[11.27288,47.22804],[11.27482,47.22743],[11.27586,47.22695],[11.27688,47.22603]],[[11.27794,47.22626],[11.27688,47.22603]],[[11.27813,47.22629],[11.27794,47.22626]],[[11.28586,47.22953],[11.28569,47.22838],[11.28513,47.22795],[11.28058,47.22674],[11.27813,47.22629]],[[11.28586,47.22953],[11.29039,47.22937]],[[11.29039,47.22937],[11.29198,47.22922],[11.29382,47.22949],[11.2952,47.22912],[11.29786,47.23015]],[[11.29786,47.23015],[11.29965,47.23147],[11.30174,47.23267]],[[11.30174,47.23267],[11.30228,47.23339],[11.30397,47.23438]],[[11.31146,47.23392],[11.30749,47.23444],[11.30397,47.23438]],[[11.31182,47.23397],[11.31146,47.23392]],[[11.31254,47.23537],[11.31182,47.23397]],[[11.31254,47.23537],[11.31269,47.2355]],[[11.31428,47.23536],[11.31357,47.23554],[11.31269,47.2355]],[[11.31893,47.23337],[11.31638,47.23467],[11.31428,47.23536]],[[11.31913,47.23326],[11.31893,47.23337]],[[11.31948,47.2331],[11.31913,47.23326]],[[11.3197,47.233],[11.31948,47.2331]],[[11.32001,47.23289],[11.3197,47.233]],[[11.32168,47.23254],[11.32001,47.23289]],[[11.32228,47.23245],[11.32168,47.23254]],[[11.32476,47.23228],[11.32228,47.23245]],[[11.32847,47.2325],[11.32476,47.23228]],[[11.3319,47.23224],[11.32847,47.2325]],[[11.33384,47.2318],[11.3319,47.23224]],[[11.33384,47.2318],[11.33398,47.23177]],[[11.3342,47.23175],[11.33398,47.23177]],[[11.33434,47.23173],[11.3342,47.23175]],[[11.33946,47.23091],[11.33798,47.23127],[11.33617,47.23135],[11.33434,47.23173]],[[11.33946,47.23091],[11.34808,47.22954],[11.3526,47.22834],[11.35584,47.22827],[11.35826,47.22788],[11.3606,47.22793],[11.36263,47.22768],[11.36613,47.22813]],[[11.36613,47.22813],[11.36795,47.22819]],[[11.37454,47.22766],[11.37066,47.22829],[11.36795,47.22819]],[[11.37519,47.22756],[11.37454,47.22766]]]}},{"type":"Feature","properties":{"name":"Bike Trail Tirol Etappe 25: Sellrain - Kühtai - Oetz","ref":"62","network":"rcn","operator":"Tirol","distance":"34.6","route":"mtb","mtb:type":"crosscountry","ascent":"1112","osm":"relation/2980749","length_km_in_region":23.9},"geometry":{"type":"MultiLineString","coordinates":[[[10.94934,47.22987],[10.95344,47.22989],[10.95561,47.22932],[10.95943,47.22906]],[[10.95943,47.22906],[10.95955,47.22896]],[[10.95955,47.22896],[10.95968,47.22881]],[[10.95968,47.22881],[10.95974,47.22873]],[[10.95974,47.22873],[10.96108,47.22771],[10.96234,47.22754],[10.96353,47.22765],[10.96433,47.22743]],[[10.96433,47.22743],[10.96654,47.22684]],[[10.96654,47.22684],[10.96918,47.22614],[10.97029,47.22606],[10.97106,47.22566]],[[10.97106,47.22566],[10.97125,47.22564]],[[10.97125,47.22564],[10.97246,47.22521],[10.97448,47.22554],[10.97724,47.22513],[10.97905,47.22433]],[[10.97905,47.22433],[10.97957,47.22429]],[[10.97957,47.22429],[10.98004,47.22422],[10.9822,47.22317],[10.98496,47.22131]],[[10.98496,47.22131],[10.98514,47.22123]],[[10.98514,47.22123],[10.9859,47.22082],[10.98605,47.22042],[10.98595,47.21971],[10.98507,47.21901],[10.9867,47.21891],[10.98763,47.21923],[10.9886,47.21908],[10.98895,47.21828],[10.99011,47.21742]],[[10.99011,47.21742],[10.99024,47.21738]],[[10.99024,47.21738],[10.99321,47.21702],[10.99438,47.2155],[10.99566,47.21494],[10.99738,47.21481],[10.998,47.21383],[10.99832,47.21393],[10.99816,47.21441],[10.99835,47.21473],[10.9992,47.21472],[11.00135,47.2134],[11.00417,47.21233],[11.00489,47.21091],[11.0053,47.2106],[11.00754,47.21029],[11.008,47.21044]],[[11.008,47.21044],[11.00824,47.21137]],[[11.00824,47.21137],[11.00833,47.21145]],[[11.00833,47.21145],[11.00886,47.21145]],[[11.00886,47.21145],[11.0102,47.21132]],[[11.0102,47.21132],[11.01056,47.21131]],[[11.01056,47.21131],[11.01098,47.2114]],[[11.01098,47.2114],[11.01206,47.21175]],[[11.01206,47.21175],[11.01239,47.21188]],[[11.01239,47.21188],[11.01374,47.21232],[11.01484,47.2123]],[[11.01719,47.21252],[11.01484,47.2123]],[[11.01783,47.21265],[11.01719,47.21252]],[[11.01804,47.21269],[11.01783,47.21265]],[[11.02511,47.21409],[11.02303,47.21352],[11.02099,47.21357],[11.01956,47.213],[11.01804,47.21269]],[[11.02586,47.21441],[11.02511,47.21409]],[[11.02669,47.21477],[11.02586,47.21441]],[[11.0284,47.21541],[11.02669,47.21477]],[[11.04697,47.22135],[11.04567,47.22078],[11.04276,47.22038],[11.03858,47.21914],[11.03554,47.21754],[11.03272,47.21713],[11.03052,47.21601],[11.0284,47.21541]],[[11.04719,47.22154],[11.04697,47.22135]],[[11.05421,47.22382],[11.05258,47.22378],[11.05026,47.2233],[11.04867,47.22264],[11.04719,47.22154]],[[11.05578,47.2237],[11.05421,47.22382]],[[11.05599,47.22367],[11.05578,47.2237]],[[11.05932,47.22298],[11.05599,47.22367]],[[11.06182,47.22243],[11.05932,47.22298]],[[11.06649,47.22068],[11.06437,47.2219],[11.06182,47.22243]],[[11.06665,47.22065],[11.06649,47.22068]],[[11.0712,47.21978],[11.06665,47.22065]],[[11.07296,47.21906],[11.0712,47.21978]],[[11.07316,47.21896],[11.07296,47.21906]],[[11.08361,47.21011],[11.08142,47.21156],[11.08044,47.21277],[11.07957,47.21433],[11.07844,47.21475],[11.07766,47.21591],[11.07567,47.21744],[11.07316,47.21896]],[[11.08922,47.20713],[11.08834,47.20809],[11.08504,47.20924],[11.08361,47.21011]],[[11.08937,47.20691],[11.08922,47.20713]],[[11.09839,47.20317],[11.09718,47.2031],[11.09616,47.20347],[11.09562,47.20407],[11.09511,47.20535],[11.09419,47.20594],[11.09192,47.20662],[11.0901,47.20644],[11.08937,47.20691]],[[11.09896,47.20325],[11.09839,47.20317]],[[11.10484,47.20229],[11.10339,47.20203],[11.10176,47.20113],[11.10121,47.20105],[11.10071,47.20149],[11.10121,47.2027],[11.10111,47.20298],[11.10001,47.20336],[11.09896,47.20325]],[[11.10548,47.20246],[11.10484,47.20229]],[[11.10607,47.20262],[11.10548,47.20246]],[[11.10621,47.20266],[11.10607,47.20262]],[[11.11246,47.203],[11.11073,47.20329],[11.10904,47.2029],[11.10742,47.20293],[11.10621,47.20266]],[[11.1187,47.20267],[11.11641,47.2024],[11.11502,47.20277],[11.11246,47.203]],[[11.11875,47.20268],[11.1187,47.20267]],[[11.12968,47.20177],[11.12625,47.20204],[11.12323,47.20185],[11.12095,47.20225],[11.11973,47.20265],[11.11875,47.20268]],[[11.13803,47.19974],[11.12968,47.20177]],[[11.14931,47.19664],[11.14853,47.19674],[11.1464,47.19794],[11.14194,47.19883],[11.13992,47.19903],[11.13803,47.19974]],[[11.15596,47.19548],[11.15091,47.19668],[11.14931,47.19664]],[[11.15617,47.1954],[11.15596,47.19548]],[[11.15669,47.19522],[11.15617,47.1954]],[[11.16117,47.19526],[11.16042,47.19482],[11.15979,47.19471],[11.15669,47.19522]],[[11.16415,47.19648],[11.16351,47.19608],[11.16117,47.19526]],[[11.16432,47.19663],[11.16415,47.19648]],[[11.16888,47.19878],[11.1669,47.19846],[11.16432,47.19663]],[[11.16892,47.19878],[11.16888,47.19878]],[[11.17234,47.19989],[11.17034,47.19899],[11.16892,47.19878]],[[11.17821,47.20202],[11.17644,47.2021],[11.17455,47.20158],[11.17319,47.20092],[11.17295,47.20022],[11.17234,47.19989]],[[11.18163,47.20385],[11.1794,47.2024],[11.17821,47.20202]],[[11.1817,47.2039],[11.18163,47.20385]],[[11.18176,47.20393],[11.1817,47.2039]],[[11.19055,47.20449],[11.18974,47.20461],[11.18652,47.20437],[11.18431,47.20459],[11.18289,47.20439],[11.18176,47.20393]],[[11.19095,47.20434],[11.19055,47.20449]],[[11.20317,47.20949],[11.20192,47.20895],[11.2006,47.20798],[11.19804,47.20672],[11.19545,47.20463],[11.19425,47.2043],[11.19214,47.20404],[11.19095,47.20434]],[[11.20547,47.2112],[11.20447,47.21074],[11.20317,47.20949]],[[11.20574,47.21126],[11.20547,47.2112]],[[11.20938,47.21195],[11.20574,47.21126]],[[11.21316,47.21321],[11.20938,47.21195]]]}},{"type":"Feature","properties":{"name":"Bikeklettern Wildeben","ref":"561","network":"rcn","operator":"Tirol","from":"Serlesbahn Mieders","to":"Alpengasthof Wildeben","website":"https://radrouting.tirol/","distance":"8.3","route":"mtb","ascent":"890","descent":"60","roundtrip":"no","osm":"relation/2981114","length_km_in_region":8.1},"geometry":{"type":"MultiLineString","coordinates":[[[11.37897,47.16388],[11.37698,47.16277],[11.37627,47.1617]],[[11.37627,47.1617],[11.37541,47.16118],[11.37531,47.1609]],[[11.37531,47.1609],[11.37549,47.16023],[11.3751,47.15975],[11.37471,47.15964]],[[11.37471,47.15964],[11.37409,47.16031],[11.37141,47.16016],[11.3674,47.15769],[11.36309,47.1568]],[[11.36309,47.1568],[11.36286,47.15674]],[[11.36286,47.15674],[11.36067,47.15604],[11.35827,47.15442]],[[11.35827,47.15442],[11.35858,47.15427],[11.35916,47.15435]],[[11.35916,47.15435],[11.35635,47.1511],[11.35592,47.15096],[11.35454,47.1491],[11.35367,47.14851],[11.35198,47.14664],[11.35106,47.14523],[11.34978,47.1423]],[[11.34956,47.14102],[11.34978,47.1423]],[[11.34956,47.14102],[11.34892,47.13853],[11.34977,47.1378],[11.35005,47.13697],[11.34901,47.13671],[11.34988,47.13539]],[[11.34988,47.13539],[11.35078,47.13467]],[[11.35074,47.13453],[11.35078,47.13467]],[[11.35074,47.13453],[11.34972,47.13426]],[[11.34912,47.12584],[11.34879,47.12627],[11.34854,47.12757],[11.34889,47.13002],[11.3487,47.13112],[11.34888,47.13275],[11.34972,47.13426]],[[11.34915,47.12609],[11.34912,47.12584]],[[11.35733,47.1252],[11.35718,47.12503],[11.3568,47.12549],[11.35671,47.12625],[11.35691,47.12658],[11.35634,47.12652],[11.35669,47.12793],[11.35613,47.12785],[11.35518,47.12691],[11.35546,47.12875],[11.35412,47.12782],[11.35375,47.12724],[11.35384,47.12831],[11.35446,47.12958],[11.35327,47.12884],[11.3521,47.12774],[11.35212,47.1283],[11.35116,47.12672],[11.35097,47.12597],[11.35042,47.12788],[11.34915,47.12609]]]}},{"type":"Feature","properties":{"name":"Birkenberg-Kupf","ref":"548","network":"rcn","operator":"Tirol","from":"Telfs/Birkenberg","to":"Kupf","website":"https://radrouting.tirol/","distance":"3.59","route":"mtb","ascent":"310","descent":"40","roundtrip":"no","osm":"relation/16245222","length_km_in_region":3.4},"geometry":{"type":"MultiLineString","coordinates":[[[11.07929,47.32666],[11.08017,47.32698],[11.08075,47.32743],[11.0817,47.32746],[11.08213,47.32775],[11.08287,47.32891],[11.08412,47.32885],[11.08563,47.32945],[11.08667,47.32928],[11.08779,47.32968],[11.08908,47.32943],[11.08935,47.32921],[11.09003,47.32688],[11.0909,47.32769],[11.09128,47.3284],[11.09218,47.32811],[11.09277,47.32823],[11.09431,47.32787],[11.09493,47.3275],[11.09399,47.32729],[11.09381,47.32661],[11.0931,47.32592],[11.09301,47.32547],[11.09314,47.32518],[11.09429,47.32486],[11.09436,47.3247],[11.09435,47.32418],[11.09389,47.3234],[11.0944,47.32286],[11.09357,47.32204]],[[11.07889,47.32664],[11.07929,47.32666]],[[11.09344,47.32196],[11.09281,47.32197],[11.09049,47.32152],[11.08846,47.32096]],[[11.08846,47.32096],[11.08667,47.32081],[11.08565,47.32048],[11.08446,47.32075],[11.08399,47.31982],[11.08335,47.31926]],[[11.08335,47.31926],[11.083,47.31892]]]}},{"type":"Feature","properties":{"name":"Blaser Hütte","ref":"5059","network":"rcn","from":"Bahnhof Steinach a.Br.","to":"Blaser Hütte","website":"https://radrouting.tirol/","distance":"12.73","route":"mtb","ascent":"1140","descent":"10","osm":"relation/21168927","length_km_in_region":12.5},"geometry":{"type":"MultiLineString","coordinates":[[[11.4693,47.0896],[11.46948,47.08906]],[[11.46948,47.08906],[11.46946,47.08869]],[[11.46946,47.08869],[11.46863,47.08865]],[[11.46863,47.08865],[11.46838,47.08863]],[[11.46838,47.08863],[11.46796,47.08859]],[[11.46758,47.08928],[11.46796,47.08859]],[[11.46581,47.08899],[11.46758,47.08928]],[[11.46581,47.08899],[11.46605,47.0899],[11.46591,47.09034]],[[11.46591,47.09034],[11.46576,47.09046]],[[11.46576,47.09046],[11.46439,47.08994],[11.46181,47.088],[11.46028,47.08752]],[[11.46028,47.08752],[11.45988,47.08756]],[[11.45988,47.08756],[11.45755,47.08702]],[[11.45755,47.08702],[11.45766,47.08755],[11.45866,47.08856],[11.45965,47.08912],[11.45964,47.08946]],[[11.45833,47.08885],[11.45964,47.08946]],[[11.4544,47.08917],[11.45647,47.08929],[11.4579,47.08909],[11.45833,47.08885]],[[11.4544,47.08917],[11.45609,47.09002],[11.45803,47.09054]],[[11.45803,47.09054],[11.45683,47.09054],[11.45553,47.091],[11.45389,47.09092],[11.45353,47.09121],[11.45248,47.0911],[11.44982,47.0914],[11.44744,47.09119],[11.44519,47.09044],[11.44083,47.09039]],[[11.44083,47.09039],[11.44442,47.09164],[11.44572,47.09238],[11.44805,47.09268]],[[11.44805,47.09268],[11.44611,47.09336]],[[11.44611,47.09336],[11.44748,47.09365],[11.44865,47.09364],[11.44819,47.09381],[11.44785,47.09428],[11.44652,47.0942],[11.44849,47.09516]],[[11.44849,47.09516],[11.44863,47.09587]],[[11.44863,47.09587],[11.44946,47.09635],[11.44921,47.09707]],[[11.4417,47.09737],[11.44362,47.09765],[11.44284,47.09735],[11.44177,47.09657],[11.4399,47.09608],[11.43883,47.09461],[11.43796,47.0943],[11.43903,47.09443],[11.44049,47.09531],[11.44134,47.09534],[11.44223,47.09508],[11.44314,47.09531],[11.44362,47.09515],[11.44399,47.09534],[11.44472,47.09516],[11.44679,47.09588],[11.44801,47.09678],[11.44921,47.09707]],[[11.44193,47.09751],[11.4417,47.09737]],[[11.44256,47.09888],[11.4414,47.09792],[11.44313,47.09831],[11.44193,47.09751]],[[11.43707,47.09728],[11.43726,47.09723],[11.43831,47.09786],[11.43908,47.09793],[11.44068,47.09848],[11.44185,47.09922],[11.44252,47.09919],[11.44256,47.09888]],[[11.43504,47.09755],[11.43684,47.09809],[11.43773,47.09859],[11.4385,47.09868],[11.43768,47.09822],[11.43766,47.09785],[11.43707,47.09728]],[[11.4346,47.09754],[11.43504,47.09755]],[[11.43318,47.09776],[11.43362,47.09817],[11.4346,47.09754]],[[11.42896,47.09697],[11.42944,47.09727],[11.43004,47.09691],[11.43213,47.09697],[11.43318,47.09776]],[[11.42896,47.09697],[11.42921,47.09761],[11.42981,47.09766],[11.4309,47.09857],[11.43226,47.0992],[11.43024,47.09908],[11.42889,47.09967]],[[11.42889,47.09967],[11.42835,47.09975]],[[11.42835,47.09975],[11.42745,47.09987],[11.42598,47.09957],[11.42456,47.10022],[11.42303,47.10008],[11.42251,47.10048],[11.42093,47.09928],[11.42043,47.09925],[11.42017,47.10094]],[[11.42017,47.10094],[11.42017,47.10107]],[[11.42017,47.10107],[11.42011,47.10108]],[[11.42011,47.10108],[11.41906,47.10025],[11.41851,47.09951],[11.41733,47.09932],[11.41794,47.10002],[11.41801,47.1007],[11.41694,47.10351],[11.41651,47.10378],[11.41622,47.10314],[11.41528,47.10258],[11.41516,47.10287],[11.41547,47.10319]],[[11.41547,47.10319],[11.4139,47.10348],[11.4125,47.10337]],[[11.4125,47.10337],[11.41098,47.10295],[11.4105,47.10369]],[[11.4105,47.10369],[11.40912,47.10394],[11.40862,47.10372],[11.40754,47.10367]]]}},{"type":"Feature","properties":{"name":"Blaser Rundtour","ref":"523","network":"rcn","from":"Bahnhof Steinach a.Br.","to":"Bahnhof Steinach a.Br.","website":"https://radrouting.tirol/","distance":"28.81","route":"mtb","ascent":"1150","descent":"1150","osm":"relation/2963650","length_km_in_region":21.2},"geometry":{"type":"MultiLineString","coordinates":[[[11.39843,47.0833],[11.39745,47.08368],[11.39726,47.08404],[11.39565,47.08491],[11.39517,47.08502],[11.39467,47.08491],[11.3941,47.08539],[11.39478,47.08528],[11.3954,47.08551],[11.39445,47.08583],[11.39448,47.08687],[11.39396,47.08716]],[[11.39396,47.08716],[11.39389,47.08709]],[[11.39389,47.08709],[11.39258,47.08619],[11.39179,47.08604],[11.39064,47.08612]],[[11.39064,47.08612],[11.3921,47.08646],[11.39215,47.08673],[11.39149,47.08756],[11.39191,47.08886],[11.39254,47.08929],[11.39122,47.08903],[11.39178,47.09003],[11.39229,47.09016],[11.39249,47.09084],[11.39294,47.09119],[11.39036,47.09156],[11.391,47.09203],[11.39256,47.09255]],[[11.39256,47.09255],[11.39324,47.09268],[11.39418,47.09258],[11.39497,47.09206],[11.3961,47.09178],[11.39679,47.09122],[11.39812,47.09076],[11.39909,47.0899],[11.3999,47.08864],[11.40119,47.08891],[11.4014,47.08923],[11.40065,47.08906],[11.40041,47.08917],[11.39994,47.09144],[11.3996,47.09168],[11.40045,47.09133],[11.40071,47.09139],[11.40066,47.09241],[11.40002,47.09282],[11.39927,47.09371],[11.39907,47.09481],[11.39814,47.09534],[11.39704,47.09721],[11.39726,47.09847],[11.39818,47.09832],[11.39958,47.09845],[11.40093,47.09945],[11.40173,47.10057],[11.4025,47.10097]],[[11.4025,47.10097],[11.40263,47.10069],[11.40318,47.10189],[11.404,47.10168],[11.40441,47.10238],[11.40509,47.10169],[11.4054,47.1025],[11.40586,47.10202],[11.40642,47.10324],[11.4073,47.10352]],[[11.40754,47.10367],[11.4073,47.10352]],[[11.4105,47.10369],[11.40912,47.10394],[11.40862,47.10372],[11.40754,47.10367]],[[11.4125,47.10337],[11.41098,47.10295],[11.4105,47.10369]],[[11.41547,47.10319],[11.4139,47.10348],[11.4125,47.10337]],[[11.42011,47.10108],[11.41906,47.10025],[11.41851,47.09951],[11.41733,47.09932],[11.41794,47.10002],[11.41801,47.1007],[11.41694,47.10351],[11.41651,47.10378],[11.41622,47.10314],[11.41528,47.10258],[11.41516,47.10287],[11.41547,47.10319]],[[11.42017,47.10107],[11.42011,47.10108]],[[11.42017,47.10094],[11.42017,47.10107]],[[11.42835,47.09975],[11.42745,47.09987],[11.42598,47.09957],[11.42456,47.10022],[11.42303,47.10008],[11.42251,47.10048],[11.42093,47.09928],[11.42043,47.09925],[11.42017,47.10094]],[[11.42889,47.09967],[11.42835,47.09975]],[[11.42896,47.09697],[11.42921,47.09761],[11.42981,47.09766],[11.4309,47.09857],[11.43226,47.0992],[11.43024,47.09908],[11.42889,47.09967]],[[11.42384,47.09269],[11.42669,47.09503],[11.42731,47.0964],[11.42834,47.09659],[11.42896,47.09697]],[[11.39843,47.0833],[11.39972,47.0833],[11.40052,47.0836],[11.40231,47.0834],[11.40351,47.08349],[11.40515,47.08432],[11.40676,47.08488],[11.40757,47.08563],[11.40792,47.08641],[11.40736,47.08739],[11.40712,47.08912],[11.40734,47.08933],[11.41014,47.0886],[11.41379,47.08855],[11.41588,47.08908],[11.41651,47.09076],[11.41699,47.0909],[11.41723,47.09133],[11.41787,47.09171],[11.42036,47.09215],[11.42175,47.09288],[11.42299,47.09253],[11.42384,47.09269]],[[11.39801,47.08307],[11.39843,47.0833]],[[11.4116,47.08372],[11.40347,47.0819],[11.40144,47.08203],[11.39801,47.08307]],[[11.4116,47.08372],[11.41064,47.08333],[11.40998,47.08267],[11.4091,47.08235],[11.4086,47.08189]],[[11.4086,47.08189],[11.40977,47.08181]],[[11.40977,47.08181],[11.41049,47.08169]],[[11.41049,47.08169],[11.40876,47.08085],[11.4083,47.08034]],[[11.4083,47.08034],[11.40741,47.07997]],[[11.41194,47.07974],[11.41246,47.08002],[11.41371,47.08027]],[[11.41371,47.08031],[11.41371,47.08027]],[[11.41373,47.08037],[11.41371,47.08031]],[[11.41373,47.08037],[11.41482,47.08111]],[[11.42145,47.08182],[11.42041,47.08174],[11.4193,47.08142],[11.41724,47.0815],[11.41482,47.08111]],[[11.42855,47.08267],[11.42711,47.08189],[11.4266,47.08182],[11.42513,47.08114],[11.42413,47.08112],[11.42385,47.08174],[11.42361,47.08182],[11.42145,47.08182]],[[11.42872,47.08269],[11.42855,47.08267]],[[11.45586,47.08697],[11.45486,47.0867],[11.44994,47.08614],[11.44779,47.08627],[11.44505,47.08577],[11.44386,47.0858],[11.44127,47.08512],[11.43836,47.08563],[11.43642,47.08561],[11.43576,47.08505],[11.43425,47.08492],[11.43239,47.08387],[11.42924,47.08358],[11.42872,47.08269]],[[11.45755,47.08702],[11.45586,47.08697]],[[11.45988,47.08756],[11.45755,47.08702]],[[11.46028,47.08752],[11.45988,47.08756]],[[11.46576,47.09046],[11.46439,47.08994],[11.46181,47.088],[11.46028,47.08752]],[[11.46591,47.09034],[11.46576,47.09046]],[[11.46581,47.08899],[11.46605,47.0899],[11.46591,47.09034]],[[11.46581,47.08899],[11.46758,47.08928]],[[11.46758,47.08928],[11.46796,47.08859]],[[11.46838,47.08863],[11.46796,47.08859]],[[11.46863,47.08865],[11.46838,47.08863]],[[11.46946,47.08869],[11.46863,47.08865]],[[11.46948,47.08906],[11.46946,47.08869]],[[11.4693,47.0896],[11.46948,47.08906]],[[11.42855,47.08267],[11.42726,47.08271],[11.42635,47.0834],[11.42283,47.08313],[11.42147,47.08351],[11.42101,47.08402]],[[11.41954,47.08374],[11.42101,47.08402]],[[11.41282,47.08424],[11.4144,47.08394],[11.4168,47.08435],[11.41932,47.08407],[11.41954,47.08374]],[[11.41267,47.08415],[11.41282,47.08424]],[[11.41267,47.08415],[11.4116,47.08372]]]}},{"type":"Feature","properties":{"name":"Bodenstein Alm","ref":"5018","network":"rcn","operator":"Tirol","from":"https://radrouting.tirol/","to":"Bodenstein Alm","website":"https://radrouting.tirol/","distance":"8.77","route":"mtb","ascent":"820","descent":"10","roundtrip":"no","osm":"relation/18146951","length_km_in_region":15.2},"geometry":{"type":"MultiLineString","coordinates":[[[11.38504,47.30341],[11.38534,47.30385],[11.38625,47.30399],[11.38761,47.30321]],[[11.38602,47.30266],[11.38655,47.30323],[11.38575,47.30355],[11.38504,47.30341]],[[11.38464,47.30203],[11.38521,47.30265],[11.38602,47.30266]],[[11.38527,47.30204],[11.38575,47.30205],[11.38531,47.30227],[11.38464,47.30203]],[[11.38527,47.30204],[11.38457,47.30149]],[[11.38457,47.30149],[11.38443,47.30141]],[[11.38443,47.30141],[11.3827,47.3005]],[[11.3827,47.3005],[11.38247,47.30002],[11.38278,47.29899],[11.38257,47.29867],[11.38135,47.29843],[11.38057,47.29862],[11.37993,47.29852],[11.37921,47.29785],[11.37794,47.29739],[11.37506,47.29735]],[[11.37506,47.29735],[11.3778,47.29691],[11.37935,47.29713],[11.3803,47.29753],[11.38124,47.29711],[11.3825,47.29688],[11.38412,47.29704],[11.38578,47.29832],[11.38709,47.29839]],[[11.38749,47.29839],[11.38709,47.29839]],[[11.39115,47.29617],[11.39279,47.29672],[11.39372,47.2976],[11.39266,47.29723],[11.39188,47.29716],[11.39075,47.29763],[11.39006,47.29841],[11.38896,47.29855],[11.38749,47.29839]],[[11.39115,47.29617],[11.38976,47.2961]],[[11.38976,47.2961],[11.38878,47.29572],[11.38672,47.29559],[11.38646,47.29524]],[[11.38646,47.29524],[11.38648,47.29506]],[[11.37888,47.29257],[11.38046,47.29291],[11.38167,47.29279],[11.38245,47.29305],[11.38386,47.2941],[11.38473,47.29388],[11.38552,47.29451],[11.38621,47.29463],[11.38648,47.29506]],[[11.3781,47.29177],[11.37853,47.29201],[11.37888,47.29257]],[[11.37635,47.29158],[11.3781,47.29177]],[[11.36838,47.29141],[11.36926,47.29142],[11.37005,47.29073],[11.37149,47.29016],[11.37306,47.28982],[11.37427,47.29003],[11.37515,47.29045],[11.37523,47.29169],[11.37635,47.29158]],[[11.36804,47.28635],[11.36844,47.28647],[11.36861,47.28691],[11.36768,47.28775],[11.36762,47.28811],[11.36883,47.28833],[11.3688,47.28942],[11.36816,47.29093],[11.36833,47.29138]],[[11.36798,47.28319],[11.36798,47.28335],[11.36871,47.28361],[11.36875,47.28503],[11.36844,47.28506],[11.36791,47.28451],[11.36791,47.28405],[11.36755,47.2845],[11.36765,47.2851],[11.36741,47.28536],[11.36752,47.28563],[11.36817,47.28587],[11.36804,47.28635]],[[11.36987,47.28254],[11.37021,47.28376],[11.3693,47.28347],[11.36922,47.2833],[11.36798,47.28319]],[[11.37481,47.27675],[11.37486,47.27714],[11.37317,47.27876],[11.37298,47.27943],[11.37313,47.27995],[11.37177,47.28132],[11.37177,47.28196],[11.37074,47.28204],[11.37101,47.28261],[11.36987,47.28254]],[[11.37513,47.27518],[11.37481,47.27675]],[[11.38648,47.29506],[11.38686,47.29539],[11.38885,47.29512],[11.38926,47.29495],[11.38941,47.29422],[11.38973,47.29413],[11.39358,47.29461],[11.3978,47.29547],[11.4018,47.2959],[11.40249,47.29616]],[[11.40249,47.29616],[11.40303,47.29634]],[[11.40303,47.29634],[11.4033,47.29645],[11.40333,47.29699],[11.4043,47.29712],[11.40479,47.29778],[11.40609,47.29748]],[[11.41076,47.29742],[11.40848,47.29795],[11.40609,47.29748]],[[11.40922,47.29397],[11.40955,47.29447],[11.41162,47.29591],[11.41237,47.2977],[11.4116,47.29752],[11.4111,47.29773],[11.41076,47.29742]],[[11.40902,47.29375],[11.40922,47.29397]],[[11.40512,47.29214],[11.4054,47.29254],[11.40521,47.2929],[11.40538,47.29307],[11.40788,47.29368],[11.40842,47.29358],[11.40902,47.29375]],[[11.40269,47.29112],[11.40395,47.2915],[11.40431,47.29204],[11.40512,47.29214]],[[11.40039,47.28932],[11.40193,47.2903],[11.40269,47.29112]],[[11.39994,47.289],[11.40039,47.28932]],[[11.3988,47.28787],[11.39934,47.28846],[11.39987,47.28852],[11.39994,47.289]],[[11.39726,47.28714],[11.3988,47.28787]],[[11.39653,47.28632],[11.3964,47.28662],[11.39726,47.28714]],[[11.39653,47.28632],[11.39712,47.28609]],[[11.39712,47.28609],[11.39814,47.2856]],[[11.3972,47.28503],[11.39814,47.2856]],[[11.3959,47.28458],[11.3972,47.28503]],[[11.40939,47.29388],[11.40922,47.29397]],[[11.40939,47.29388],[11.40991,47.29417],[11.41141,47.29448],[11.41166,47.29473],[11.41303,47.29408],[11.41278,47.2948],[11.41383,47.29484],[11.41385,47.29616]],[[11.41385,47.29616],[11.41397,47.2962]],[[11.41397,47.2962],[11.41477,47.29559]],[[11.41477,47.29559],[11.41604,47.29424],[11.41637,47.29314],[11.41697,47.29267],[11.41826,47.29261],[11.41916,47.29278],[11.42113,47.29203],[11.42219,47.2922],[11.42251,47.29171]],[[11.42251,47.29171],[11.42189,47.29158],[11.42201,47.29133]],[[11.42611,47.28953],[11.42336,47.29049],[11.42241,47.29125],[11.42201,47.29133]]]}},{"type":"Feature","properties":{"name":"Buchen Line","ref":"5041","route":"mtb","osm":"relation/19480415","length_km_in_region":0.2},"geometry":{"type":"MultiLineString","coordinates":[[[11.45042,47.26327],[11.45025,47.26329],[11.45058,47.26357],[11.44944,47.26322],[11.44989,47.2636]]]}},{"type":"Feature","properties":{"name":"Dirty Dancer","ref":"5074","network":"lcn","from":"Bergstation Katzenkopf","to":"Talstation Katzenkopf","distance":"2.07","route":"mtb","mtb:type":"Singletrail","ascent":"0","descent":"230","roundtrip":"no","osm":"relation/20509763","length_km_in_region":0.9},"geometry":{"type":"MultiLineString","coordinates":[[[11.16196,47.35831],[11.16099,47.3582],[11.16004,47.35847],[11.16009,47.35902],[11.1607,47.35894],[11.16159,47.35951],[11.16225,47.35957],[11.16372,47.35857],[11.16394,47.35865],[11.16405,47.35848],[11.16413,47.35871],[11.1643,47.35851],[11.16486,47.35871],[11.16481,47.35923],[11.1651,47.35926],[11.16487,47.35985],[11.16514,47.35983]],[[11.16514,47.35983],[11.16483,47.36008]]]}},{"type":"Feature","properties":{"name":"Eichen Jumpline","ref":"5039","route":"mtb","osm":"relation/19480411","length_km_in_region":0.2},"geometry":{"type":"MultiLineString","coordinates":[[[11.45144,47.26309],[11.45148,47.26314]],[[11.45148,47.26314],[11.45157,47.26316]],[[11.45157,47.26316],[11.45169,47.26341]],[[11.45169,47.26341],[11.4516,47.2634]],[[11.4516,47.2634],[11.45101,47.26328],[11.45136,47.26356],[11.45109,47.26356],[11.45033,47.2632]]]}},{"type":"Feature","properties":{"name":"Eins Einser Trail","ref":"5008","network":"lcn","route":"mtb","osm":"relation/10909842","length_km_in_region":2.9},"geometry":{"type":"MultiLineString","coordinates":[[[11.31893,47.10268],[11.31776,47.10257],[11.31698,47.10227],[11.31671,47.10278],[11.31733,47.10374],[11.31682,47.10385],[11.31677,47.10518],[11.31588,47.10523],[11.3152,47.10504],[11.31501,47.10478],[11.31477,47.10484],[11.31473,47.10558],[11.31417,47.10527],[11.31405,47.10547],[11.31345,47.10533],[11.31332,47.10551],[11.31213,47.10517],[11.31218,47.1053],[11.31141,47.10568],[11.31167,47.1058],[11.31127,47.10594],[11.31095,47.1065],[11.31076,47.10652],[11.31056,47.10612],[11.31025,47.10622],[11.31047,47.10632],[11.31003,47.1063],[11.31027,47.10643],[11.31013,47.10651],[11.30958,47.1065],[11.30991,47.10668],[11.30926,47.10673],[11.30959,47.10687],[11.30891,47.10708],[11.30924,47.10717],[11.30854,47.10742],[11.30818,47.10813],[11.30775,47.10807],[11.30757,47.10865]],[[11.3204,47.10269],[11.32001,47.10287],[11.31893,47.10268]],[[11.32335,47.09892],[11.32362,47.09902],[11.32323,47.09927],[11.32364,47.09954],[11.32266,47.09971],[11.32335,47.10037],[11.32418,47.10078],[11.32382,47.10094],[11.32404,47.10106],[11.32381,47.10121],[11.32331,47.10121],[11.3236,47.10195],[11.32201,47.10165],[11.32229,47.10204],[11.32155,47.10215],[11.32171,47.10232],[11.32089,47.10238],[11.32087,47.10257],[11.3204,47.10269]]]}},{"type":"Feature","properties":{"name":"Elferrunde","ref":"574","network":"rcn","operator":"Tirol","from":"Freizeitzentrum Neustift i.St.","to":"Freizeitzentrum Neustift i.St.","website":"https://radrouting.tirol/","distance":"15.6","route":"mtb","ascent":"840","descent":"840","roundtrip":"yes","osm":"relation/2981115","length_km_in_region":14.8},"geometry":{"type":"MultiLineString","coordinates":[[[11.3047,47.10792],[11.30443,47.1076]],[[11.30489,47.10805],[11.3047,47.10792]],[[11.30443,47.1076],[11.3043,47.1074]],[[11.3043,47.1074],[11.30157,47.10498]],[[11.30157,47.10498],[11.30105,47.10443]],[[11.30105,47.10443],[11.30073,47.10421]],[[11.30073,47.10421],[11.29897,47.10314]],[[11.29897,47.10314],[11.29903,47.10308]],[[11.29903,47.10308],[11.29885,47.10279]],[[11.29861,47.10256],[11.29885,47.10279]],[[11.30217,47.10299],[11.30119,47.10265],[11.30005,47.10289],[11.29861,47.10256]],[[11.30663,47.10498],[11.30674,47.10433],[11.30646,47.1039],[11.30487,47.10385],[11.30361,47.1033],[11.30217,47.10299]],[[11.31906,47.10342],[11.31972,47.10421],[11.32139,47.10492],[11.3193,47.10465],[11.31835,47.1043],[11.3189,47.10485],[11.32062,47.1058],[11.32165,47.10612],[11.32234,47.1068],[11.32388,47.10771],[11.32113,47.10684],[11.31778,47.10689],[11.31666,47.10653],[11.31552,47.10641],[11.31359,47.1055],[11.31441,47.1064],[11.31364,47.10628],[11.31247,47.10559],[11.31129,47.10586],[11.31117,47.10487],[11.30995,47.10506],[11.3083,47.10581],[11.30722,47.10512],[11.30663,47.10498]],[[11.32365,47.09854],[11.32327,47.09894],[11.3221,47.09883],[11.32414,47.09997],[11.32218,47.09988],[11.32027,47.09919],[11.32158,47.10039],[11.32395,47.10194],[11.32416,47.1025],[11.32593,47.10321],[11.32638,47.10372],[11.32553,47.10332],[11.32354,47.10321],[11.32286,47.10275],[11.32327,47.10346],[11.32439,47.10379],[11.32633,47.10484],[11.32574,47.10462],[11.32394,47.10441],[11.32302,47.10454],[11.32243,47.10419],[11.32001,47.10388],[11.31906,47.10342]],[[11.32365,47.09854],[11.32478,47.09839],[11.32549,47.09648],[11.32575,47.09705],[11.32675,47.09793],[11.3269,47.09743],[11.32657,47.09686],[11.32703,47.09578],[11.3282,47.09535],[11.32886,47.09419],[11.32925,47.09512],[11.32908,47.09575],[11.32846,47.09623],[11.32843,47.09666],[11.32983,47.09767],[11.33015,47.09918],[11.3308,47.09793],[11.33025,47.0967],[11.33212,47.09622],[11.33281,47.09486],[11.33268,47.0945],[11.33307,47.09419],[11.33293,47.0945],[11.33341,47.09484],[11.33361,47.09664],[11.33311,47.09724],[11.33374,47.09828],[11.33346,47.10047],[11.33457,47.09924],[11.33615,47.09832],[11.33668,47.09688]],[[11.33668,47.09688],[11.33718,47.0973],[11.33749,47.10025]],[[11.33749,47.10025],[11.33786,47.10093],[11.337,47.10177],[11.33687,47.10333],[11.33778,47.10629],[11.33836,47.10676],[11.33805,47.10709],[11.33729,47.10714]],[[11.33729,47.10714],[11.33658,47.10764],[11.33605,47.10843],[11.33571,47.1098],[11.33518,47.1107],[11.33259,47.11261],[11.33254,47.11361]],[[11.31195,47.1095],[11.3154,47.11011],[11.31799,47.11134],[11.31966,47.11167],[11.32253,47.11296],[11.32821,47.11432],[11.32905,47.11511],[11.32954,47.11519]],[[11.31195,47.1095],[11.3104,47.10896],[11.30926,47.10919],[11.3069,47.10855]],[[11.30474,47.1073],[11.30541,47.10797],[11.3069,47.10855]],[[11.3043,47.1074],[11.30474,47.1073]],[[11.30486,47.10808],[11.30512,47.10818],[11.30486,47.10808]],[[11.30449,47.10797],[11.30485,47.10814]]]}},{"type":"Feature","properties":{"name":"Ellbögen - Meissnerhaus","ref":"503","network":"mtb","operator":"Tirol","from":"Ellbögen-Zirbenhof","to":"Meissnerhaus","website":"https://radrouting.tirol/","distance":"7.17","route":"mtb","ascent":"510","descent":"0","roundtrip":"no","osm":"relation/952440","length_km_in_region":7.1},"geometry":{"type":"MultiLineString","coordinates":[[[11.44638,47.17487],[11.44683,47.17445],[11.44665,47.17397]],[[11.44551,47.17611],[11.44584,47.17524],[11.44638,47.17487]],[[11.44551,47.17611],[11.4458,47.17672],[11.44528,47.17719],[11.4447,47.17901],[11.4444,47.17932],[11.44425,47.18159],[11.44455,47.18187],[11.44473,47.18283]],[[11.44473,47.18283],[11.44516,47.18377],[11.44587,47.1844],[11.44813,47.18542],[11.44753,47.18492],[11.44749,47.18453],[11.44702,47.18426],[11.44691,47.18374],[11.44706,47.18242],[11.44749,47.18164],[11.44833,47.18084]],[[11.44833,47.18084],[11.4481,47.18117],[11.44828,47.18201],[11.44864,47.18284],[11.44908,47.18297],[11.44974,47.18434],[11.45318,47.18575],[11.45337,47.18619],[11.45399,47.18635],[11.45458,47.18739],[11.45524,47.18775],[11.4558,47.18772],[11.45678,47.1882],[11.45733,47.18827],[11.45803,47.18898],[11.45879,47.1904],[11.45954,47.19059],[11.45983,47.19104],[11.46323,47.19284],[11.46414,47.19285],[11.46538,47.19355],[11.46618,47.19364]],[[11.46618,47.19364],[11.46624,47.19368]],[[11.46624,47.19368],[11.46603,47.19436],[11.46706,47.19588],[11.46793,47.19615],[11.46894,47.19614]],[[11.46894,47.19614],[11.46901,47.19618]],[[11.46901,47.19618],[11.46906,47.19647],[11.46826,47.19707],[11.46824,47.19739],[11.46926,47.19814],[11.46987,47.19824],[11.46968,47.19856],[11.47025,47.19884],[11.47086,47.20003],[11.47334,47.2019],[11.47586,47.20439]],[[11.4762,47.20474],[11.47586,47.20439]],[[11.48604,47.20679],[11.48465,47.20695],[11.4824,47.20674],[11.48169,47.20699],[11.48074,47.20695],[11.47985,47.20663],[11.47716,47.20501],[11.4762,47.20474]],[[11.48861,47.20709],[11.48604,47.20679]],[[11.48991,47.20723],[11.48861,47.20709]],[[11.48992,47.20728],[11.48991,47.20723]],[[11.48991,47.20734],[11.48992,47.20728]],[[11.48888,47.2082],[11.48991,47.20734]],[[11.48855,47.20823],[11.48888,47.2082]]]}},{"type":"Feature","properties":{"name":"Eppzirler Alm","ref":"5033","network":"rcn","from":"Gießenbach","to":"Eppzirler Alm","website":"https://radrouting.tirol/","distance":"6.67","route":"mtb","ascent":"450","osm":"relation/19443394","length_km_in_region":3.7},"geometry":{"type":"MultiLineString","coordinates":[[[11.25643,47.36006],[11.25649,47.35893],[11.25681,47.35854]],[[11.25681,47.35854],[11.25678,47.3585]],[[11.25678,47.3585],[11.25674,47.35844]],[[11.25674,47.35844],[11.25644,47.35679],[11.25598,47.35634],[11.25605,47.35529],[11.25651,47.35454],[11.25581,47.35235],[11.25579,47.35084],[11.25652,47.34874],[11.25778,47.34779],[11.25845,47.34762],[11.2585,47.34591],[11.25903,47.34458],[11.25992,47.3434],[11.25971,47.34225],[11.26021,47.34144],[11.25977,47.34055],[11.26031,47.33954],[11.25944,47.33795],[11.25946,47.33678]],[[11.25946,47.33678],[11.25948,47.33669]],[[11.25948,47.33669],[11.2597,47.33592],[11.26115,47.33518],[11.26174,47.33495],[11.26279,47.33515],[11.26706,47.33123]],[[11.26706,47.33123],[11.26704,47.33105]]]}},{"type":"Feature","properties":{"name":"Fallbach Trail","ref":"5098","route":"mtb","osm":"relation/19266915","length_km_in_region":0.2},"geometry":{"type":"MultiLineString","coordinates":[[[11.53767,47.3129],[11.53749,47.31263],[11.53805,47.31196],[11.53796,47.3113]]]}},{"type":"Feature","properties":{"name":"Flaurlinger Alm","ref":"582","network":"rcn","operator":"Tirol","from":"Bahnhof Flaurling","to":"Flaurlinger Alm","website":"https://radrouting.tirol/","distance":"10.3","route":"mtb","ascent":"1020","descent":"0","roundtrip":"no","osm":"relation/11606621","length_km_in_region":10.2},"geometry":{"type":"MultiLineString","coordinates":[[[11.11023,47.26545],[11.11031,47.26542]],[[11.11031,47.26542],[11.11062,47.26611],[11.11034,47.26729],[11.11053,47.26942],[11.11028,47.2717],[11.11139,47.27275],[11.11164,47.27364],[11.11221,47.274],[11.1119,47.2753],[11.11222,47.27627],[11.11209,47.27689],[11.11223,47.27724],[11.1129,47.27768],[11.11212,47.27885],[11.11256,47.27957],[11.11262,47.28029],[11.11376,47.28147],[11.11472,47.28173],[11.11595,47.28237],[11.11712,47.28243]],[[11.11712,47.28243],[11.11957,47.28243]],[[11.12903,47.28185],[11.12829,47.28183],[11.1263,47.28228],[11.12502,47.28216],[11.12345,47.2824],[11.11957,47.28243]],[[11.12903,47.28185],[11.12856,47.28269]],[[11.12856,47.28269],[11.12848,47.2831],[11.12884,47.28418]],[[11.11918,47.28945],[11.12045,47.2894],[11.12186,47.28894],[11.12336,47.28784],[11.12453,47.2874],[11.12686,47.28605],[11.12811,47.28562],[11.12873,47.28504],[11.12884,47.28418]],[[11.11897,47.28957],[11.11918,47.28945]],[[11.12011,47.29021],[11.11897,47.28957]],[[11.12011,47.29021],[11.12061,47.29058]],[[11.12061,47.29058],[11.12178,47.29078]],[[11.12178,47.29078],[11.12205,47.29086]],[[11.12205,47.29086],[11.12214,47.29057]],[[11.12313,47.29065],[11.12214,47.29057]],[[11.12313,47.29065],[11.12361,47.29076],[11.12396,47.29056],[11.12468,47.29077]],[[11.12476,47.29076],[11.12468,47.29077]],[[11.1268,47.29134],[11.12549,47.29111],[11.12476,47.29076]],[[11.12838,47.29153],[11.1268,47.29134]],[[11.13534,47.29024],[11.13152,47.29213],[11.12838,47.29153]],[[11.142,47.2876],[11.13534,47.29024]],[[11.14229,47.28798],[11.142,47.2876]],[[11.14288,47.28874],[11.14229,47.28798]],[[11.14327,47.28862],[11.14288,47.28874]],[[11.10824,47.24646],[11.10901,47.24851],[11.10849,47.24977],[11.10937,47.25175],[11.11049,47.25261],[11.11086,47.25355],[11.11067,47.25449],[11.11107,47.25476],[11.11165,47.2563],[11.11208,47.25654],[11.11152,47.25643],[11.11092,47.25597],[11.11045,47.25602],[11.10909,47.25437],[11.10818,47.25392],[11.10871,47.25492],[11.10812,47.25495],[11.10807,47.25508],[11.10854,47.25546],[11.10856,47.25658],[11.10916,47.25771],[11.1083,47.25745],[11.10812,47.25771],[11.10856,47.25823],[11.10726,47.25832],[11.10839,47.25892],[11.10807,47.25929],[11.10878,47.25924],[11.10919,47.25973],[11.10879,47.26121],[11.11031,47.26542]],[[11.10816,47.24644],[11.10824,47.24646]],[[11.10513,47.2453],[11.10597,47.24587],[11.10712,47.24605],[11.10816,47.24644]]]}},{"type":"Feature","properties":{"name":"Fließerwaldweg","ref":"542","network":"rcn","operator":"Tirol","from":"Zirl","to":"Oberbach","website":"https://radrouting.tirol/","distance":"7","route":"mtb","ascent":"740","descent":"0","roundtrip":"no","osm":"relation/2965410","length_km_in_region":9.0},"geometry":{"type":"MultiLineString","coordinates":[[[11.27778,47.29447],[11.27847,47.2955],[11.27874,47.29713],[11.27842,47.29729],[11.27702,47.29912],[11.27696,47.29953],[11.27591,47.30061]],[[11.26787,47.28536],[11.26849,47.28596],[11.26915,47.28619],[11.26954,47.28614],[11.27026,47.28717],[11.27072,47.28748],[11.27153,47.28725],[11.2723,47.28779],[11.27298,47.28793],[11.27344,47.28839],[11.27443,47.28843],[11.27394,47.28865],[11.27118,47.28907],[11.27298,47.28939],[11.27378,47.28991],[11.27418,47.28994],[11.27452,47.2903],[11.27516,47.2903],[11.27519,47.2906],[11.27595,47.29093],[11.27633,47.29184],[11.2762,47.2921],[11.27678,47.29225],[11.27728,47.29214],[11.27766,47.29235],[11.27979,47.29473],[11.2798,47.29507],[11.28025,47.29564],[11.27778,47.29447]],[[11.25147,47.27858],[11.25433,47.27867],[11.25509,47.27889],[11.25547,47.27923],[11.25705,47.27961],[11.2587,47.28206],[11.25942,47.28245],[11.25995,47.2818],[11.26064,47.28194],[11.26096,47.28278],[11.26141,47.28279],[11.26167,47.28338],[11.26261,47.28341],[11.26321,47.28436],[11.26401,47.28413],[11.26477,47.28431],[11.26473,47.28492],[11.26494,47.28517],[11.2657,47.28543],[11.26568,47.28621],[11.2671,47.28571],[11.26726,47.28535],[11.26787,47.28536]],[[11.25019,47.27576],[11.2486,47.27612],[11.24841,47.27654],[11.24629,47.27751],[11.25031,47.2771],[11.25142,47.27771],[11.25292,47.27813],[11.25147,47.27858]],[[11.25032,47.27565],[11.25019,47.27576]],[[11.24293,47.27698],[11.24437,47.27654],[11.24567,47.27649],[11.2467,47.27599],[11.24723,47.27603],[11.24827,47.2757],[11.25032,47.27565]],[[11.24293,47.27698],[11.24233,47.27715],[11.24212,47.27702]],[[11.24212,47.27702],[11.24224,47.27675]],[[11.26787,47.28536],[11.26857,47.28578],[11.26956,47.28582],[11.27042,47.28681],[11.27107,47.28665],[11.27135,47.2868],[11.27172,47.28671],[11.27239,47.28699],[11.27302,47.28702],[11.27343,47.28735],[11.27422,47.2873],[11.27485,47.28751],[11.2763,47.28835],[11.27661,47.28926],[11.27801,47.28927],[11.27903,47.29005],[11.27989,47.29039],[11.28032,47.29083],[11.28038,47.29142],[11.28108,47.29183],[11.28118,47.29146],[11.28094,47.2911],[11.28131,47.2906],[11.28108,47.29005],[11.27995,47.28915],[11.27842,47.28745],[11.27851,47.28703],[11.27786,47.28655],[11.27826,47.28631],[11.27819,47.28608],[11.27702,47.28563],[11.27649,47.28507]]]}},{"type":"Feature","properties":{"name":"Gleins","ref":"504","network":"rcn","operator":"Tirol","from":"Stefansbrücke","to":"Gleins","website":"https://radrouting.tirol/","distance":"7.96","route":"mtb","ascent":"710","descent":"0","roundtrip":"no","osm":"relation/952447","length_km_in_region":7.8},"geometry":{"type":"MultiLineString","coordinates":[[[11.40272,47.18874],[11.40169,47.18986],[11.39965,47.19127]],[[11.39855,47.19483],[11.39815,47.19404],[11.39831,47.19286],[11.39889,47.19193],[11.39965,47.19127]],[[11.39547,47.20141],[11.39698,47.20036],[11.39742,47.19937],[11.39829,47.1994],[11.39873,47.19917],[11.39993,47.19901],[11.39936,47.19867],[11.39835,47.19679],[11.3981,47.19569],[11.39856,47.19526],[11.39855,47.19483]],[[11.39306,47.2079],[11.39293,47.20712],[11.39257,47.20666],[11.39259,47.20579],[11.39299,47.20483],[11.39376,47.20437],[11.39467,47.20323],[11.39547,47.20141]],[[11.39274,47.20948],[11.39317,47.2083],[11.39306,47.2079]],[[11.39291,47.21149],[11.39265,47.21043],[11.39274,47.20948]],[[11.40303,47.1858],[11.40278,47.18592],[11.40244,47.18566],[11.4022,47.18582],[11.4025,47.18656],[11.40272,47.18874]],[[11.40303,47.1858],[11.40296,47.18577]],[[11.40296,47.18577],[11.40304,47.18569]],[[11.40304,47.18569],[11.40323,47.18563]],[[11.40323,47.18563],[11.40329,47.18561]],[[11.40329,47.18561],[11.40316,47.18474],[11.40261,47.18419]],[[11.40261,47.18419],[11.40271,47.18391],[11.40243,47.18378]],[[11.40243,47.18378],[11.402,47.1836],[11.4023,47.1833]],[[11.4023,47.1833],[11.40325,47.18343]],[[11.40449,47.18337],[11.40325,47.18343]],[[11.40749,47.18332],[11.40658,47.18352],[11.40449,47.18337]],[[11.40787,47.18222],[11.40704,47.18258],[11.40749,47.18332]],[[11.40914,47.18095],[11.40787,47.18222]],[[11.40914,47.18095],[11.40945,47.18078],[11.40994,47.17969],[11.4114,47.17831]],[[11.4114,47.17831],[11.41251,47.17718],[11.41353,47.17521],[11.41434,47.17431],[11.41472,47.17366],[11.41473,47.17308],[11.41533,47.17276],[11.41619,47.17162],[11.41552,47.17207],[11.41477,47.17223],[11.41109,47.17394],[11.41256,47.17237],[11.40949,47.17349],[11.40662,47.17421],[11.40645,47.17412],[11.40782,47.17302],[11.40539,47.17384],[11.40455,47.17349],[11.40358,47.17345]],[[11.40416,47.16952],[11.40384,47.17073],[11.4031,47.172],[11.40312,47.17303],[11.40331,47.17339],[11.40358,47.17345]]]}},{"type":"Feature","properties":{"name":"Gleirschtal - Möslalm","ref":"579","network":"rcn","from":"PP Länd, Scharnitz","to":"Möslalm","website":"https://radrouting.tirol/","distance":"11.16","route":"mtb","ascent":"370","descent":"80","osm":"relation/17924551","length_km_in_region":3.7},"geometry":{"type":"MultiLineString","coordinates":[[[11.32037,47.352],[11.32031,47.35245],[11.32078,47.35317],[11.32033,47.35413],[11.31937,47.35502],[11.31799,47.35575],[11.31741,47.35658],[11.31629,47.3569],[11.31633,47.35844],[11.31703,47.35903],[11.31554,47.3593],[11.31538,47.35969],[11.31575,47.35991],[11.31507,47.36021]],[[11.32039,47.35191],[11.32037,47.352]],[[11.33251,47.34249],[11.33033,47.34372],[11.32947,47.34455],[11.32737,47.34554],[11.32474,47.34725],[11.3244,47.34784],[11.32366,47.34821],[11.3223,47.35046],[11.32084,47.35119],[11.32039,47.35191]],[[11.33258,47.34244],[11.33251,47.34249]],[[11.3327,47.34233],[11.33258,47.34244]],[[11.34115,47.3384],[11.34085,47.33818],[11.34033,47.33825],[11.33985,47.33888],[11.33888,47.33935],[11.33724,47.33914],[11.33596,47.33968],[11.33561,47.34016],[11.33486,47.3405],[11.33425,47.34146],[11.3327,47.34233]],[[11.34269,47.33815],[11.34115,47.3384]]]}},{"type":"Feature","properties":{"name":"Gleirschtal - Pfeishütte","ref":"581","network":"rcn","operator":"Tirol","from":"PP Länd, Scharnitz","to":"Pfeishütte","website":"https://radrouting.tirol/","distance":"20.02","route":"mtb","ascent":"1080","descent":"120","roundtrip":"no","osm":"relation/16236801","length_km_in_region":12.3},"geometry":{"type":"MultiLineString","coordinates":[[[11.32037,47.352],[11.32031,47.35245],[11.32078,47.35317],[11.32033,47.35413],[11.31937,47.35502],[11.31799,47.35575],[11.31741,47.35658],[11.31629,47.3569],[11.31633,47.35844],[11.31703,47.35903],[11.31554,47.3593],[11.31538,47.35969],[11.31575,47.35991],[11.31507,47.36021]],[[11.32039,47.35191],[11.32037,47.352]],[[11.33251,47.34249],[11.33033,47.34372],[11.32947,47.34455],[11.32737,47.34554],[11.32474,47.34725],[11.3244,47.34784],[11.32366,47.34821],[11.3223,47.35046],[11.32084,47.35119],[11.32039,47.35191]],[[11.33258,47.34244],[11.33251,47.34249]],[[11.3327,47.34233],[11.33258,47.34244]],[[11.34115,47.3384],[11.34085,47.33818],[11.34033,47.33825],[11.33985,47.33888],[11.33888,47.33935],[11.33724,47.33914],[11.33596,47.33968],[11.33561,47.34016],[11.33486,47.3405],[11.33425,47.34146],[11.3327,47.34233]],[[11.34269,47.33815],[11.34115,47.3384]],[[11.36756,47.33744],[11.36698,47.33645],[11.36326,47.33532],[11.3593,47.33504],[11.35582,47.33552],[11.35274,47.33554],[11.35155,47.33607],[11.34913,47.3358],[11.34472,47.33629],[11.34411,47.33658],[11.34332,47.33785],[11.34269,47.33815]],[[11.36756,47.33643],[11.36756,47.33744]],[[11.36702,47.33514],[11.3667,47.33514],[11.36673,47.33431],[11.36621,47.33513],[11.36616,47.33569],[11.36756,47.33643]],[[11.36726,47.33505],[11.36702,47.33514]],[[11.37845,47.33698],[11.3767,47.33647],[11.37533,47.33656],[11.37234,47.33591],[11.37155,47.33664],[11.37176,47.33731],[11.37122,47.33705],[11.37111,47.33626],[11.37017,47.33526],[11.36942,47.33495],[11.36882,47.3344],[11.36838,47.33508],[11.36726,47.33505]],[[11.38103,47.33742],[11.38064,47.33727],[11.37926,47.33725],[11.37845,47.33698]],[[11.38115,47.33751],[11.38103,47.33742]],[[11.41179,47.33668],[11.40945,47.3368],[11.40693,47.33649],[11.40222,47.33667],[11.40085,47.33695],[11.39849,47.33693],[11.39788,47.33712],[11.39492,47.33731],[11.39404,47.33752],[11.39256,47.33739],[11.39183,47.33776],[11.39064,47.33796],[11.38758,47.33763],[11.38631,47.33778],[11.38437,47.33743],[11.38115,47.33751]],[[11.42789,47.32996],[11.42603,47.33157],[11.42684,47.33335],[11.42652,47.33468],[11.42613,47.33499],[11.42402,47.33525],[11.41914,47.3367],[11.41713,47.33748],[11.41588,47.33738],[11.41337,47.33769],[11.41036,47.33743],[11.41187,47.33689],[11.41179,47.33668]],[[11.42656,47.32999],[11.42789,47.32996]],[[11.42576,47.32988],[11.42656,47.32999]]]}},{"type":"Feature","properties":{"name":"Grafmart","ref":"5028","network":"rcn","operator":"Tirol","from":"Peeralm","to":"Frafmart","website":"https://radrouting.tirol/","distance":"2.84","route":"mtb","ascent":"480","descent":"0","roundtrip":"no","osm":"relation/16180730","length_km_in_region":2.7},"geometry":{"type":"MultiLineString","coordinates":[[[11.56045,47.15166],[11.55972,47.15165],[11.55998,47.15193],[11.56043,47.15203],[11.55992,47.15222],[11.56071,47.15235],[11.55993,47.15269],[11.56199,47.15294],[11.56265,47.15324],[11.5622,47.15345],[11.56325,47.15419],[11.56336,47.15446],[11.56279,47.15456],[11.56296,47.15474],[11.56501,47.15576],[11.56424,47.15593],[11.56328,47.15589],[11.56478,47.15662],[11.56584,47.15664],[11.56604,47.157],[11.56543,47.15725],[11.56466,47.15713],[11.56375,47.15727],[11.56418,47.15816],[11.56394,47.15867],[11.56339,47.15901],[11.56488,47.15907],[11.56569,47.15939],[11.56672,47.15937],[11.56755,47.15973],[11.56787,47.16014],[11.56802,47.16057],[11.56719,47.16026],[11.56639,47.16045],[11.56646,47.16086],[11.56711,47.16165],[11.56583,47.16152],[11.56609,47.16191],[11.56577,47.16267]]]}},{"type":"Feature","properties":{"name":"Green Pangea","ref":"5073","network":"lcn","from":"Bergstation Katzenkopf","to":"Abzweig Route 541","distance":"0.66","route":"mtb","mtb:type":"Singletrail","ascent":"0","descent":"40","roundtrip":"no","osm":"relation/20509810","length_km_in_region":0.5},"geometry":{"type":"MultiLineString","coordinates":[[[11.16148,47.35811],[11.16051,47.35744],[11.16043,47.35666],[11.16098,47.35596],[11.16164,47.35586],[11.16167,47.35571],[11.16206,47.35601],[11.16199,47.35619],[11.16224,47.3561],[11.16212,47.35626],[11.16316,47.35632]]]}},{"type":"Feature","properties":{"name":"Gschnitztalradweg","ref":"45","network":"lcn","operator":"Tirol","from":"Start","to":"Ende","website":"https://radrouting.tirol/","distance":"14.96","route":"bicycle","ascent":"280","descent":"50","osm":"relation/17929980","length_km_in_region":4.5},"geometry":{"type":"MultiLineString","coordinates":[[[11.46601,47.09061],[11.46576,47.09046]],[[11.46576,47.09046],[11.46439,47.08994],[11.46181,47.088],[11.46028,47.08752]],[[11.46028,47.08752],[11.45988,47.08756]],[[11.45988,47.08756],[11.45755,47.08702]],[[11.45755,47.08702],[11.45586,47.08697]],[[11.45586,47.08697],[11.45486,47.0867],[11.44994,47.08614],[11.44779,47.08627],[11.44505,47.08577],[11.44386,47.0858],[11.44127,47.08512],[11.43836,47.08563],[11.43642,47.08561],[11.43576,47.08505],[11.43425,47.08492],[11.43239,47.08387],[11.42924,47.08358],[11.42872,47.08269]],[[11.42872,47.08269],[11.42855,47.08267]],[[11.42855,47.08267],[11.42711,47.08189],[11.4266,47.08182],[11.42513,47.08114],[11.42413,47.08112],[11.42385,47.08174],[11.42361,47.08182],[11.42145,47.08182]],[[11.42145,47.08182],[11.42041,47.08174],[11.4193,47.08142],[11.41724,47.0815],[11.41482,47.08111]],[[11.41373,47.08037],[11.41482,47.08111]],[[11.41373,47.08037],[11.41371,47.08031]],[[11.41371,47.08031],[11.41371,47.08027]],[[11.41371,47.08027],[11.414,47.07996]]]}},{"type":"Feature","properties":{"name":"Gschwandtkopf","ref":"545","network":"rcn","operator":"Tirol","from":"Infobüro Mösern","to":"Gschwandtkopf","website":"https://radrouting.tirol/","distance":"6.24","route":"mtb","ascent":"250","descent":"0","roundtrip":"no","osm":"relation/16238595","length_km_in_region":6.1},"geometry":{"type":"MultiLineString","coordinates":[[[11.19289,47.31617],[11.19605,47.31638]],[[11.19265,47.31614],[11.19289,47.31617]],[[11.19074,47.31353],[11.19132,47.31363],[11.19156,47.31434],[11.19239,47.31523],[11.19265,47.31614]],[[11.18106,47.31922],[11.18189,47.31951],[11.1825,47.31914],[11.18375,47.31945],[11.18449,47.31935],[11.18536,47.31825],[11.18621,47.31772],[11.18743,47.31616],[11.18868,47.31562],[11.18949,47.31425],[11.19074,47.31353]],[[11.18052,47.31585],[11.18073,47.31621],[11.18162,47.31676],[11.18298,47.31707],[11.18377,47.31669],[11.18368,47.31745],[11.18311,47.31799],[11.18191,47.31822],[11.1818,47.31908],[11.18106,47.31922]],[[11.18109,47.31466],[11.18138,47.31564],[11.18051,47.31563],[11.18052,47.31585]],[[11.18009,47.31354],[11.18057,47.31347],[11.18096,47.31379],[11.18089,47.31439],[11.18109,47.31466]],[[11.17939,47.31376],[11.18009,47.31354]],[[11.1794,47.31409],[11.17939,47.31376]],[[11.17633,47.31337],[11.17759,47.31403],[11.1794,47.31409]],[[11.1609,47.30736],[11.16265,47.30734],[11.16371,47.30789],[11.16462,47.30797],[11.16507,47.30878],[11.1655,47.30904],[11.16542,47.30951],[11.16685,47.3103],[11.16809,47.3106],[11.16811,47.31085],[11.16776,47.31115],[11.16817,47.31142],[11.16868,47.31144],[11.16918,47.31118],[11.17087,47.31147],[11.17126,47.31172],[11.17265,47.31193],[11.17337,47.3128],[11.17517,47.31284],[11.17633,47.31337]],[[11.1558,47.30923],[11.15672,47.3091],[11.15703,47.30848],[11.15743,47.30844],[11.15783,47.3087],[11.15878,47.30808],[11.15998,47.30787],[11.1609,47.30736]],[[11.15491,47.31058],[11.15548,47.30943],[11.1558,47.30923]],[[11.15491,47.31058],[11.154,47.31038]],[[11.154,47.31038],[11.15297,47.31073]],[[11.15297,47.31073],[11.15086,47.31138]],[[11.15086,47.31138],[11.14967,47.31147],[11.14756,47.31107],[11.14618,47.31144]],[[11.14618,47.31144],[11.14578,47.31153]]]}},{"type":"Feature","properties":{"name":"Götzner Alm","ref":"516","network":"rcn","operator":"Tirol","from":"Birgitz-Johanneskapelle","to":"Götzner Alm","website":"https://radrouting.tirol/","distance":"12.94","route":"mtb","ascent":"720","descent":"720","roundtrip":"yes","osm":"relation/1438046","length_km_in_region":9.7},"geometry":{"type":"MultiLineString","coordinates":[[[11.32228,47.23245],[11.32168,47.23254]],[[11.32168,47.23254],[11.32001,47.23289]],[[11.32001,47.23289],[11.3197,47.233]],[[11.3197,47.233],[11.31948,47.2331]],[[11.31948,47.2331],[11.31913,47.23326]],[[11.31913,47.23326],[11.31893,47.23337]],[[11.31893,47.23337],[11.31638,47.23467],[11.31428,47.23536]],[[11.31428,47.23536],[11.31357,47.23554],[11.31269,47.2355]],[[11.31254,47.23537],[11.31269,47.2355]],[[11.31254,47.23537],[11.31182,47.23397]],[[11.31182,47.23397],[11.31146,47.23392]],[[11.31146,47.23392],[11.3098,47.23318],[11.30896,47.23194],[11.30886,47.23023],[11.3084,47.22982],[11.30825,47.22919],[11.30856,47.229],[11.30914,47.22902]],[[11.30914,47.22902],[11.30949,47.22904]],[[11.31639,47.2256],[11.31636,47.22614],[11.31503,47.22663],[11.3148,47.227],[11.31485,47.22735],[11.31582,47.22767],[11.31423,47.22879],[11.30949,47.22904]],[[11.3218,47.22571],[11.31951,47.22594],[11.31639,47.2256]],[[11.32001,47.2137],[11.31832,47.2147],[11.31799,47.21572],[11.3171,47.21623],[11.31586,47.21761],[11.31565,47.21909],[11.31592,47.21984],[11.31669,47.22076],[11.31681,47.22133],[11.31784,47.22191],[11.31833,47.22289],[11.31879,47.22315],[11.31906,47.22398],[11.32018,47.22506],[11.3218,47.22571]],[[11.31995,47.21359],[11.32001,47.2137]],[[11.31945,47.21091],[11.31625,47.21224],[11.31842,47.21249],[11.31778,47.2129],[11.31694,47.21313],[11.31762,47.21357],[11.31995,47.21359]],[[11.32015,47.21053],[11.31945,47.21091]],[[11.32157,47.2079],[11.321,47.20852],[11.32015,47.21053]],[[11.32166,47.2079],[11.32157,47.2079]],[[11.32332,47.20968],[11.32342,47.20927],[11.32269,47.20919],[11.32166,47.2079]],[[11.3218,47.22571],[11.32288,47.22575],[11.32455,47.22542],[11.32534,47.22548],[11.32767,47.22498],[11.32993,47.22391],[11.33117,47.22352],[11.33223,47.22278],[11.33257,47.22229],[11.33299,47.22214],[11.3301,47.22174],[11.32873,47.22179],[11.32567,47.22122],[11.32325,47.2201],[11.31927,47.21777],[11.31885,47.21648],[11.31903,47.21676],[11.31969,47.21696],[11.32111,47.21637],[11.3217,47.21646],[11.32265,47.21612],[11.32216,47.21603],[11.32198,47.2158],[11.32231,47.215],[11.32111,47.21485],[11.32271,47.21291],[11.32366,47.21038],[11.32332,47.20968]]]}},{"type":"Feature","properties":{"name":"H1 Rum - Hall","ref":"H1","network":"lcn","osmc:symbol":"black:red","route":"bicycle","osm":"relation/12991412","length_km_in_region":6.8},"geometry":{"type":"MultiLineString","coordinates":[[[11.4494,47.2679],[11.4498,47.26789]],[[11.44985,47.26907],[11.4498,47.26789]],[[11.44985,47.26917],[11.44985,47.26907]],[[11.44985,47.26932],[11.44985,47.26917]],[[11.44984,47.26946],[11.44985,47.26932]],[[11.44983,47.26995],[11.44984,47.26946]],[[11.44982,47.27091],[11.44983,47.26995]],[[11.45067,47.27112],[11.44982,47.27091]],[[11.451,47.2712],[11.45067,47.27112]],[[11.451,47.2712],[11.45102,47.27326]],[[11.45102,47.27326],[11.451,47.27331]],[[11.451,47.27331],[11.45099,47.27334]],[[11.45349,47.27403],[11.45099,47.27334]],[[11.45353,47.27404],[11.45349,47.27403]],[[11.45376,47.27414],[11.45353,47.27404]],[[11.45406,47.27431],[11.45376,47.27414]],[[11.45416,47.27436],[11.45406,47.27431]],[[11.45547,47.27489],[11.45416,47.27436]],[[11.45557,47.27488],[11.45547,47.27489]],[[11.45643,47.27544],[11.45634,47.27523],[11.45557,47.27488]],[[11.45644,47.27549],[11.45643,47.27544]],[[11.45659,47.27654],[11.45644,47.27549]],[[11.45659,47.27654],[11.45667,47.27672]],[[11.45667,47.27672],[11.45669,47.27676]],[[11.45669,47.27676],[11.4567,47.27691]],[[11.4567,47.27691],[11.45672,47.27712]],[[11.45672,47.27712],[11.45681,47.27757]],[[11.45655,47.27677],[11.45659,47.27654]],[[11.45651,47.27681],[11.45655,47.27677]],[[11.45654,47.27689],[11.45651,47.27681]],[[11.45659,47.27692],[11.45654,47.27689]],[[11.45669,47.27758],[11.45659,47.27692]],[[11.45672,47.27758],[11.45669,47.27758]],[[11.45674,47.27758],[11.45672,47.27758]],[[11.45681,47.27757],[11.45674,47.27758]],[[11.45688,47.27757],[11.45681,47.27757]],[[11.45695,47.27757],[11.45688,47.27757]],[[11.45828,47.27748],[11.45695,47.27757]],[[11.45837,47.27746],[11.45828,47.27748]],[[11.45851,47.27744],[11.45837,47.27746]],[[11.45851,47.27744],[11.47061,47.2769]],[[11.47445,47.27658],[11.47061,47.2769]],[[11.47783,47.27639],[11.47445,47.27658]],[[11.48207,47.27651],[11.4804,47.27631],[11.47783,47.27639]],[[11.48324,47.27673],[11.48207,47.27651]],[[11.48702,47.27701],[11.48324,47.27673]],[[11.48702,47.27701],[11.50101,47.27887]],[[11.50101,47.27887],[11.50509,47.27996]],[[11.50509,47.27996],[11.50559,47.27929]],[[11.50559,47.27929],[11.50575,47.27914]],[[11.50575,47.27914],[11.50601,47.27917]],[[11.50601,47.27917],[11.50642,47.27944]],[[11.50692,47.27899],[11.50642,47.27944]],[[11.50745,47.27916],[11.50692,47.27899]],[[11.50745,47.27916],[11.50745,47.27912]],[[11.50745,47.27912],[11.50753,47.27893]],[[11.50753,47.27893],[11.50802,47.27806]],[[11.50802,47.27806],[11.50848,47.27824]],[[11.50857,47.27804],[11.50848,47.27824]],[[11.50863,47.27787],[11.50857,47.27804]],[[11.50827,47.27778],[11.50863,47.27787]],[[11.50827,47.27778],[11.50903,47.27789]],[[11.50903,47.27789],[11.51145,47.2782],[11.51205,47.27813]],[[11.51205,47.27813],[11.51261,47.27789]],[[11.51261,47.27789],[11.51311,47.27779]],[[11.51943,47.27898],[11.51888,47.27923],[11.51347,47.27844],[11.51311,47.27779]],[[11.52007,47.2792],[11.51943,47.27898]],[[11.52007,47.2792],[11.52018,47.2792]],[[11.52018,47.2792],[11.52066,47.27923]],[[11.52068,47.27933],[11.52066,47.27923]]]}},{"type":"Feature","properties":{"name":"H2 Hall - Hall","ref":"H2","network":"lcn","osmc:symbol":"black:green","route":"bicycle","osm":"relation/12991414","length_km_in_region":2.6},"geometry":{"type":"MultiLineString","coordinates":[[[11.49247,47.28299],[11.49094,47.28258]],[[11.49522,47.28375],[11.49247,47.28299]],[[11.49522,47.28375],[11.49578,47.28391]],[[11.49578,47.28391],[11.49756,47.28431]],[[11.49756,47.28431],[11.49826,47.28433]],[[11.49826,47.28433],[11.5008,47.28401]],[[11.5008,47.28401],[11.50205,47.28384]],[[11.50205,47.28384],[11.50238,47.2838]],[[11.50238,47.2838],[11.50276,47.28363]],[[11.50502,47.28298],[11.50276,47.28363]],[[11.50524,47.28292],[11.50502,47.28298]],[[11.50554,47.28285],[11.50524,47.28292]],[[11.5057,47.28297],[11.50554,47.28285]],[[11.50603,47.28313],[11.5057,47.28297]],[[11.50735,47.28315],[11.50603,47.28313]],[[11.50748,47.28315],[11.50735,47.28315]],[[11.50784,47.28319],[11.50748,47.28315]],[[11.50794,47.28326],[11.50784,47.28319]],[[11.50805,47.28324],[11.50794,47.28326]],[[11.50809,47.28319],[11.50805,47.28324]],[[11.50834,47.28312],[11.50809,47.28319]],[[11.50905,47.28303],[11.50834,47.28312]],[[11.50973,47.28287],[11.50905,47.28303]],[[11.50999,47.28272],[11.50973,47.28287]],[[11.51045,47.28238],[11.50999,47.28272]],[[11.51073,47.28223],[11.51045,47.28238]],[[11.52068,47.28349],[11.51764,47.28309],[11.51683,47.28329],[11.51515,47.2832],[11.51398,47.28259],[11.51073,47.28223]],[[11.52068,47.28349],[11.52101,47.28356]],[[11.52101,47.28356],[11.5213,47.2836]],[[11.5213,47.2836],[11.5214,47.28362]],[[11.5214,47.28362],[11.52134,47.28382]],[[11.52134,47.28382],[11.52264,47.28487]]]}},{"type":"Feature","properties":{"name":"H3 Thaur - Mils","ref":"H3","network":"lcn","osmc:symbol":"black:purple","route":"bicycle","osm":"relation/12991416","length_km_in_region":3.8},"geometry":{"type":"MultiLineString","coordinates":[[[11.49016,47.29021],[11.48859,47.29048],[11.48612,47.29054]],[[11.49304,47.28963],[11.49155,47.2901],[11.49016,47.29021]],[[11.4952,47.28857],[11.49304,47.28963]],[[11.50243,47.28748],[11.5015,47.28788],[11.49966,47.28781],[11.4952,47.28857]],[[11.50243,47.28748],[11.50271,47.28737],[11.5038,47.28748]],[[11.5038,47.28748],[11.50608,47.28768],[11.50786,47.28701]],[[11.50786,47.28701],[11.5089,47.28692]],[[11.50892,47.28696],[11.50917,47.28684],[11.50892,47.28696]],[[11.51206,47.28638],[11.50919,47.28687]],[[11.51475,47.28594],[11.51206,47.28638]],[[11.52264,47.28487],[11.51975,47.28513],[11.51475,47.28594]],[[11.52264,47.28487],[11.52533,47.28608]],[[11.52533,47.28608],[11.52581,47.28614]],[[11.52581,47.28614],[11.52785,47.2866]],[[11.52786,47.28665],[11.52807,47.28656],[11.52786,47.28665]],[[11.52962,47.28715],[11.52806,47.28667]],[[11.52976,47.28719],[11.52962,47.28715]],[[11.53258,47.28837],[11.53108,47.28744],[11.52976,47.28719]]]}},{"type":"Feature","properties":{"name":"H4 Arzl - Mils","ref":"H4","network":"lcn","osmc:symbol":"black:red","route":"bicycle","osm":"relation/13044503","length_km_in_region":6.3},"geometry":{"type":"MultiLineString","coordinates":[[[11.52387,47.29313],[11.5258,47.29333]],[[11.52337,47.29385],[11.52358,47.29405],[11.52387,47.29313]],[[11.52321,47.29385],[11.52337,47.29385]],[[11.52227,47.29259],[11.52285,47.29262],[11.52321,47.29385]],[[11.52114,47.29318],[11.52227,47.29259]],[[11.51676,47.29197],[11.52114,47.29318]],[[11.51676,47.29197],[11.51555,47.29221]],[[11.51555,47.29221],[11.51491,47.29241]],[[11.51491,47.29241],[11.51358,47.29282],[11.5125,47.29354],[11.51031,47.29432],[11.50973,47.2948]],[[11.50679,47.29508],[11.50815,47.29512],[11.50973,47.2948]],[[11.5054,47.29526],[11.50679,47.29508]],[[11.50366,47.29545],[11.5054,47.29526]],[[11.50314,47.29557],[11.50366,47.29545]],[[11.50189,47.29581],[11.50314,47.29557]],[[11.50003,47.29596],[11.50189,47.29581]],[[11.49908,47.29598],[11.50003,47.29596]],[[11.48489,47.29402],[11.48714,47.29434],[11.49202,47.29569],[11.49908,47.29598]],[[11.47863,47.29294],[11.48489,47.29402]],[[11.45708,47.2887],[11.45967,47.29017],[11.46156,47.2906],[11.46275,47.29125]],[[11.45639,47.28829],[11.45708,47.2887]],[[11.45468,47.28761],[11.45639,47.28829]],[[11.45468,47.28761],[11.45472,47.28749]],[[11.45379,47.2871],[11.45472,47.28749]],[[11.45281,47.28667],[11.45379,47.2871]],[[11.4526,47.28661],[11.45283,47.28665],[11.4526,47.28661]],[[11.45262,47.28667],[11.4516,47.28747],[11.45056,47.28714]],[[11.45056,47.28714],[11.45029,47.28699]],[[11.45029,47.28699],[11.4493,47.28647],[11.44798,47.2863]],[[11.44798,47.2863],[11.44683,47.28592]],[[11.44683,47.28592],[11.44527,47.28551],[11.44296,47.28552],[11.44171,47.28497],[11.43849,47.28579],[11.43583,47.28567]]]}},{"type":"Feature","properties":{"name":"H5 Thaur - Walderkapelle","ref":"H5","network":"lcn","osmc:symbol":"black:orange","route":"bicycle","osm":"relation/13335950","length_km_in_region":3.8},"geometry":{"type":"MultiLineString","coordinates":[[[11.52678,47.31089],[11.52708,47.31144]],[[11.52277,47.30781],[11.52502,47.3098],[11.52678,47.31089]],[[11.52224,47.30749],[11.52277,47.30781]],[[11.52192,47.3073],[11.52224,47.30749]],[[11.52154,47.30707],[11.52192,47.3073]],[[11.52111,47.30679],[11.52154,47.30707]],[[11.52,47.30607],[11.52111,47.30679]],[[11.518,47.3056],[11.52,47.30607]],[[11.51567,47.30479],[11.518,47.3056]],[[11.51567,47.30479],[11.51552,47.30501]],[[11.51552,47.30501],[11.51479,47.30524],[11.51382,47.30521]],[[11.51382,47.30521],[11.51224,47.30483],[11.50917,47.30502],[11.50715,47.30442]],[[11.49701,47.30106],[11.50401,47.30275],[11.5063,47.30347],[11.50715,47.30442]],[[11.48289,47.3],[11.48578,47.30081],[11.48853,47.30075],[11.49214,47.30031],[11.49701,47.30106]]]}},{"type":"Feature","properties":{"name":"Halltal - Herrenhäuser","ref":"5000","network":"rcn","from":"Absam - Parkplatz Halltal","to":"Halltal - Herrenhäuser","website":"https://radrouting.tirol/","distance":"5.36","route":"mtb","ascent":"720","descent":"0","osm":"relation/8384388","length_km_in_region":6.7},"geometry":{"type":"MultiLineString","coordinates":[[[11.47361,47.32581],[11.4734,47.32523],[11.47432,47.32461],[11.47512,47.32446],[11.47505,47.32508],[11.47626,47.32483],[11.47626,47.32541],[11.47802,47.32542],[11.47889,47.32561]],[[11.47889,47.32561],[11.47895,47.32563]],[[11.47895,47.32563],[11.482,47.326],[11.4837,47.32655]],[[11.4837,47.32655],[11.48381,47.32651]],[[11.48381,47.32651],[11.48669,47.32728],[11.48774,47.32815]],[[11.48774,47.32815],[11.4878,47.32822]],[[11.4878,47.32822],[11.48885,47.32812],[11.49094,47.32838]],[[11.49094,47.32838],[11.49345,47.32852],[11.49584,47.32791]],[[11.49584,47.32791],[11.49599,47.32798]],[[11.49599,47.32798],[11.49736,47.32791],[11.49887,47.32825],[11.49979,47.32827],[11.50149,47.32779],[11.50248,47.32771],[11.50465,47.32686]],[[11.50465,47.32686],[11.50482,47.32682]],[[11.50482,47.32682],[11.50758,47.32637],[11.50863,47.32599],[11.50901,47.32542],[11.50911,47.32457]],[[11.50911,47.32457],[11.50919,47.3245]],[[11.50919,47.3245],[11.51066,47.32319],[11.51121,47.32214]],[[11.51121,47.32214],[11.51129,47.32201]],[[11.51129,47.32201],[11.5118,47.32112],[11.5142,47.31911]],[[11.5142,47.31911],[11.51422,47.31904]],[[11.51422,47.31904],[11.51428,47.31888]],[[11.51428,47.31888],[11.51506,47.31722]],[[11.51506,47.31722],[11.51605,47.31482],[11.5184,47.31094],[11.51928,47.30994]],[[11.51928,47.30994],[11.5193,47.30983]],[[11.5193,47.30983],[11.51943,47.30953]],[[11.51943,47.30953],[11.51889,47.30831]],[[11.51869,47.30786],[11.51889,47.30831]],[[11.52783,47.30873],[11.52789,47.3097],[11.52703,47.31085]],[[11.52703,47.31085],[11.52702,47.31106]],[[11.52702,47.31106],[11.52708,47.31144]],[[11.52708,47.31144],[11.52694,47.31153]],[[11.52612,47.31224],[11.52694,47.31153]],[[11.51568,47.31689],[11.51791,47.31549],[11.51878,47.31517],[11.52008,47.31509],[11.52159,47.31432],[11.52374,47.31359],[11.52453,47.31295],[11.52612,47.31224]],[[11.51558,47.31686],[11.51568,47.31689]],[[11.5155,47.31683],[11.51558,47.31686]],[[11.51506,47.31722],[11.5155,47.31683]]]}},{"type":"Feature","properties":{"name":"Heiligwasser","ref":"5064","network":"rcn","operator":"Tirol","from":"Igls, Talstation alte Patscherkofelbahn","to":"Heiligwasser","website":"https://radrouting.tirol/","distance":"2.71","route":"mtb","ascent":"340","descent":"0","roundtrip":"no","osm":"relation/16180758","length_km_in_region":2.7},"geometry":{"type":"MultiLineString","coordinates":[[[11.43099,47.21731],[11.43243,47.21833],[11.43356,47.21887],[11.43111,47.21872],[11.42914,47.21829]],[[11.42914,47.21829],[11.42839,47.21829],[11.42647,47.21759],[11.42491,47.21752]],[[11.42508,47.21768],[11.42491,47.21752]],[[11.42533,47.21877],[11.42508,47.21768]],[[11.42508,47.22135],[11.42533,47.21877]],[[11.42495,47.22182],[11.42508,47.22135]],[[11.42492,47.22199],[11.42495,47.22182]],[[11.4249,47.22211],[11.42492,47.22199]],[[11.4249,47.22211],[11.42482,47.22209]],[[11.42003,47.22563],[11.42029,47.22531],[11.4236,47.22343],[11.42482,47.22209]],[[11.41816,47.22785],[11.41958,47.22661],[11.42003,47.22563]],[[11.41394,47.22995],[11.41577,47.22868],[11.41816,47.22785]]]}},{"type":"Feature","properties":{"name":"Hoferalm","ref":"5093","network":"rcn","operator":"Tirol","from":"Bahnhof Steinach a.Br.","to":"Padasteralm","website":"https://radrouting.tirol/","distance":"9.91","route":"mtb","ascent":"90","descent":"670","roundtrip":"no","osm":"relation/17930115","length_km_in_region":4.6},"geometry":{"type":"MultiLineString","coordinates":[[[11.4693,47.0896],[11.46948,47.08906]],[[11.46892,47.09127],[11.4693,47.0896]],[[11.46892,47.09127],[11.46916,47.09128]],[[11.46916,47.09128],[11.46941,47.09131]],[[11.46941,47.09131],[11.46946,47.09132]],[[11.47256,47.08557],[11.47028,47.0883],[11.46946,47.09132]],[[11.47256,47.08557],[11.47325,47.08472],[11.47417,47.08433]],[[11.47631,47.08252],[11.47495,47.08415],[11.47469,47.08434],[11.47417,47.08433]],[[11.47862,47.08144],[11.47631,47.08252]],[[11.47862,47.08144],[11.47869,47.08148]],[[11.47869,47.08148],[11.48061,47.08229]],[[11.48003,47.08171],[11.48061,47.08229]],[[11.48004,47.08164],[11.48003,47.08171]],[[11.48058,47.08134],[11.48004,47.08164]],[[11.47958,47.07991],[11.47998,47.0808],[11.48058,47.08134]],[[11.49015,47.0799],[11.49008,47.08009],[11.49027,47.07993]],[[11.49796,47.07995],[11.49977,47.08205],[11.50284,47.08305],[11.50388,47.08311],[11.50469,47.0834],[11.50568,47.08327],[11.50769,47.08439],[11.50878,47.08443],[11.51182,47.0841],[11.51332,47.08442],[11.51348,47.08496],[11.51442,47.08613],[11.51421,47.08655],[11.51449,47.08696]],[[11.51449,47.08696],[11.51479,47.0871]],[[11.51745,47.08848],[11.51479,47.0871]],[[11.51538,47.08822],[11.51693,47.08829],[11.51745,47.08848]],[[11.51256,47.08759],[11.51402,47.08819],[11.5148,47.08833],[11.51538,47.08822]]]}},{"type":"Feature","properties":{"name":"Hofwaldtrail","ref":"5081","network":"lcn","operator":"Stadt Innsbruck","distance":"3","route":"mtb","ascent":"24","descent":"269","osm":"relation/14482970","length_km_in_region":2.5},"geometry":{"type":"MultiLineString","coordinates":[[[11.36801,47.28255],[11.36755,47.28226],[11.36806,47.28232],[11.36781,47.28215],[11.36932,47.28184],[11.37065,47.28038],[11.37203,47.28017],[11.37186,47.27969],[11.37203,47.2789],[11.37335,47.27804],[11.3734,47.27761],[11.37294,47.27743],[11.37438,47.27687],[11.37412,47.27631],[11.37347,47.27594],[11.37376,47.27585],[11.37313,47.27546],[11.37371,47.27536],[11.37334,47.27505],[11.37427,47.27493]],[[11.37427,47.27493],[11.37211,47.27462],[11.37133,47.27386],[11.37108,47.2739],[11.37086,47.27435],[11.36949,47.2751],[11.36959,47.27439],[11.36863,47.27441],[11.36822,47.27412],[11.36833,47.27369],[11.36752,47.27245],[11.36659,47.27185],[11.36598,47.27203],[11.36581,47.2713],[11.366,47.27107]]]}},{"type":"Feature","properties":{"name":"Horlachtalrunde","ref":"6044","network":"rcn","operator":"Tirol","from":"Parkplatz Sennhof, Niederthai","to":"Parkplatz Sennhof, Niederthai","website":"https://radrouting.tirol/","distance":"9.6","route":"mtb","ascent":"300","descent":"300","roundtrip":"yes","osm":"relation/8449834","length_km_in_region":8.9},"geometry":{"type":"MultiLineString","coordinates":[[[10.98082,47.13339],[10.98199,47.13485],[10.98263,47.13517],[10.98336,47.13542],[10.98631,47.13571],[10.98707,47.13604]],[[10.97007,47.12648],[10.97224,47.12752],[10.97303,47.12817],[10.97298,47.12839],[10.97157,47.12923],[10.97293,47.12947],[10.97515,47.13055],[10.97748,47.13115],[10.97915,47.13246],[10.98082,47.13339]],[[10.96922,47.12615],[10.97007,47.12648]],[[10.96609,47.12104],[10.96754,47.1208],[10.96786,47.12091],[10.96852,47.12189],[10.96849,47.12292],[10.96998,47.12419],[10.96922,47.12615]],[[10.96206,47.12305],[10.96129,47.12138],[10.96148,47.12124],[10.96435,47.12072],[10.96609,47.12104]],[[10.96206,47.12305],[10.96166,47.12445]],[[10.96166,47.12445],[10.96159,47.12497]],[[10.96159,47.12497],[10.96172,47.12537]],[[10.96172,47.12537],[10.96193,47.12545],[10.96258,47.12519],[10.96328,47.12571],[10.96416,47.12574],[10.96505,47.12604]],[[10.96505,47.12604],[10.96482,47.12631]],[[10.9649,47.12637],[10.96482,47.12631]],[[10.96762,47.12835],[10.96634,47.1277],[10.9649,47.12637]],[[10.96758,47.12838],[10.96762,47.12835]],[[10.96749,47.12848],[10.96758,47.12838]],[[10.96732,47.12864],[10.96749,47.12848]],[[10.96358,47.12802],[10.96557,47.12883],[10.96707,47.12882],[10.96732,47.12864]],[[10.96358,47.12802],[10.96693,47.13035],[10.96864,47.13092],[10.97012,47.13197],[10.97212,47.13235],[10.97454,47.13451],[10.97881,47.13702],[10.97981,47.13798],[10.98057,47.13801],[10.98114,47.13844],[10.98167,47.13838],[10.984,47.13931],[10.9859,47.13956],[10.98963,47.14098],[10.9908,47.14107],[10.99179,47.14056],[10.99246,47.14074]],[[10.9926,47.14074],[10.99246,47.14074]],[[10.9927,47.14077],[10.9926,47.14074]],[[10.99293,47.141],[10.9927,47.14077]],[[10.9945,47.14138],[10.99293,47.141]],[[10.9945,47.14138],[10.99272,47.13981],[10.99033,47.13906],[10.9896,47.13754]],[[10.98714,47.13608],[10.98765,47.13661],[10.98884,47.13699],[10.9896,47.13754]],[[10.99524,47.14154],[10.9945,47.14138]],[[11.00032,47.1437],[10.99912,47.14277],[10.99524,47.14154]]]}},{"type":"Feature","properties":{"name":"Hunds Trail","ref":"5100","route":"mtb","osm":"relation/19266917","length_km_in_region":0.3},"geometry":{"type":"MultiLineString","coordinates":[[[11.53852,47.31308],[11.53844,47.31267],[11.53818,47.31253],[11.53863,47.31161]],[[11.53863,47.31161],[11.53848,47.31124],[11.53802,47.31107]]]}},{"type":"Feature","properties":{"name":"Hungerburg Trail","network":"lcn","route":"mtb","osm":"relation/13226168","length_km_in_region":0.5},"geometry":{"type":"MultiLineString","coordinates":[[[11.40336,47.28799],[11.40523,47.28799],[11.40561,47.28815],[11.40551,47.28795],[11.40578,47.28802],[11.40536,47.28765],[11.40574,47.28771],[11.40575,47.28758],[11.40617,47.28789],[11.40675,47.2878],[11.40749,47.28798]]]}},{"type":"Feature","properties":{"name":"Höttinger Alm","ref":"505","network":"rcn","operator":"Tirol","from":"Hungerburg - öffentlicher Parkplatz Höhenstraße","to":"Höttinger Alm","description":"variable routing possible","website":"https://radrouting.tirol/","distance":"7.8","route":"mtb","ascent":"650","descent":"10","roundtrip":"no","osm":"relation/950575","length_km_in_region":14.3},"geometry":{"type":"MultiLineString","coordinates":[[[11.42611,47.28953],[11.42336,47.29049],[11.42241,47.29125],[11.42201,47.29133]],[[11.42251,47.29171],[11.42189,47.29158],[11.42201,47.29133]],[[11.41477,47.29559],[11.41604,47.29424],[11.41637,47.29314],[11.41697,47.29267],[11.41826,47.29261],[11.41916,47.29278],[11.42113,47.29203],[11.42219,47.2922],[11.42251,47.29171]],[[11.41397,47.2962],[11.41477,47.29559]],[[11.41385,47.29616],[11.41397,47.2962]],[[11.40939,47.29388],[11.40991,47.29417],[11.41141,47.29448],[11.41166,47.29473],[11.41303,47.29408],[11.41278,47.2948],[11.41383,47.29484],[11.41385,47.29616]],[[11.40902,47.29375],[11.40939,47.29388]],[[11.40902,47.29375],[11.40922,47.29397]],[[11.40922,47.29397],[11.40955,47.29447],[11.41162,47.29591],[11.41237,47.2977],[11.4116,47.29752],[11.4111,47.29773],[11.41076,47.29742]],[[11.41076,47.29742],[11.40848,47.29795],[11.40609,47.29748]],[[11.40303,47.29634],[11.4033,47.29645],[11.40333,47.29699],[11.4043,47.29712],[11.40479,47.29778],[11.40609,47.29748]],[[11.40249,47.29616],[11.40303,47.29634]],[[11.38648,47.29506],[11.38686,47.29539],[11.38885,47.29512],[11.38926,47.29495],[11.38941,47.29422],[11.38973,47.29413],[11.39358,47.29461],[11.3978,47.29547],[11.4018,47.2959],[11.40249,47.29616]],[[11.37888,47.29257],[11.38046,47.29291],[11.38167,47.29279],[11.38245,47.29305],[11.38386,47.2941],[11.38473,47.29388],[11.38552,47.29451],[11.38621,47.29463],[11.38648,47.29506]],[[11.3781,47.29177],[11.37853,47.29201],[11.37888,47.29257]],[[11.37635,47.29158],[11.3781,47.29177]],[[11.36838,47.29141],[11.36926,47.29142],[11.37005,47.29073],[11.37149,47.29016],[11.37306,47.28982],[11.37427,47.29003],[11.37515,47.29045],[11.37523,47.29169],[11.37635,47.29158]],[[11.36833,47.29138],[11.36838,47.29141]],[[11.36804,47.28635],[11.36844,47.28647],[11.36861,47.28691],[11.36768,47.28775],[11.36762,47.28811],[11.36883,47.28833],[11.3688,47.28942],[11.36816,47.29093],[11.36833,47.29138]],[[11.36798,47.28319],[11.36798,47.28335],[11.36871,47.28361],[11.36875,47.28503],[11.36844,47.28506],[11.36791,47.28451],[11.36791,47.28405],[11.36755,47.2845],[11.36765,47.2851],[11.36741,47.28536],[11.36752,47.28563],[11.36817,47.28587],[11.36804,47.28635]],[[11.36987,47.28254],[11.37021,47.28376],[11.3693,47.28347],[11.36922,47.2833],[11.36798,47.28319]],[[11.37481,47.27675],[11.37486,47.27714],[11.37317,47.27876],[11.37298,47.27943],[11.37313,47.27995],[11.37177,47.28132],[11.37177,47.28196],[11.37074,47.28204],[11.37101,47.28261],[11.36987,47.28254]],[[11.37513,47.27518],[11.37481,47.27675]],[[11.38646,47.29524],[11.38648,47.29506]],[[11.38976,47.2961],[11.38878,47.29572],[11.38672,47.29559],[11.38646,47.29524]],[[11.39115,47.29617],[11.38976,47.2961]],[[11.39115,47.29617],[11.39279,47.29672],[11.39372,47.2976],[11.39266,47.29723],[11.39188,47.29716],[11.39075,47.29763],[11.39006,47.29841],[11.38896,47.29855],[11.38749,47.29839]],[[11.38749,47.29839],[11.38709,47.29839]],[[11.37506,47.29735],[11.3778,47.29691],[11.37935,47.29713],[11.3803,47.29753],[11.38124,47.29711],[11.3825,47.29688],[11.38412,47.29704],[11.38578,47.29832],[11.38709,47.29839]],[[11.37506,47.29735],[11.3749,47.29743]],[[11.3749,47.29743],[11.37368,47.29824],[11.37314,47.29891],[11.37276,47.29897],[11.37204,47.29876],[11.37125,47.29947],[11.37023,47.29952],[11.36947,47.29994],[11.36938,47.30023]],[[11.36938,47.30023],[11.36897,47.30034],[11.36811,47.29982],[11.36745,47.29986],[11.36705,47.29848]],[[11.3959,47.28458],[11.3972,47.28503]],[[11.3972,47.28503],[11.39814,47.2856]],[[11.39712,47.28609],[11.39814,47.2856]],[[11.39653,47.28632],[11.39712,47.28609]],[[11.39653,47.28632],[11.3964,47.28662],[11.39726,47.28714]],[[11.39726,47.28714],[11.3988,47.28787]],[[11.3988,47.28787],[11.39934,47.28846],[11.39987,47.28852],[11.39994,47.289]],[[11.39994,47.289],[11.40039,47.28932]],[[11.40039,47.28932],[11.40193,47.2903],[11.40269,47.29112]],[[11.40269,47.29112],[11.40395,47.2915],[11.40431,47.29204],[11.40512,47.29214]],[[11.40512,47.29214],[11.4054,47.29254],[11.40521,47.2929],[11.40538,47.29307],[11.40788,47.29368],[11.40842,47.29358],[11.40902,47.29375]]]}},{"type":"Feature","properties":{"name":"Innradweg - Alternative Höttinger Au","ref":"R3b","network":"rcn","route":"bicycle","osm":"relation/12771044","length_km_in_region":5.1},"geometry":{"type":"MultiLineString","coordinates":[[[11.32351,47.26055],[11.32423,47.26046],[11.32508,47.26075]],[[11.32351,47.26055],[11.3242,47.26056],[11.32505,47.26099]],[[11.32505,47.26099],[11.32669,47.26144]],[[11.32669,47.26144],[11.32875,47.26159]],[[11.32875,47.26159],[11.32882,47.26136]],[[11.32801,47.26049],[11.32882,47.26136]],[[11.33165,47.25733],[11.33102,47.2574],[11.32955,47.25823],[11.32819,47.25963],[11.32801,47.26049]],[[11.35749,47.25565],[11.35263,47.25543],[11.34492,47.25333],[11.34279,47.25308],[11.34147,47.25312],[11.33964,47.25332],[11.33791,47.25378],[11.33302,47.25744],[11.33165,47.25733]],[[11.3596,47.25554],[11.35749,47.25565]],[[11.36266,47.25491],[11.3596,47.25554]],[[11.36276,47.25491],[11.36266,47.25491]],[[11.36294,47.25494],[11.36276,47.25491]],[[11.36522,47.25422],[11.36336,47.25457],[11.36294,47.25494]],[[11.36598,47.25433],[11.36522,47.25422]],[[11.36866,47.25508],[11.36598,47.25433]],[[11.36964,47.25337],[11.36866,47.25508]],[[11.37564,47.25693],[11.3727,47.25435],[11.37142,47.25375],[11.36964,47.25337]],[[11.37592,47.25718],[11.37564,47.25693]],[[11.37622,47.25733],[11.37592,47.25718]],[[11.37628,47.25738],[11.37622,47.25733]]]}},{"type":"Feature","properties":{"name":"Innradweg - Alternative Innsbruck Stadt","ref":"R3c","network":"rcn","route":"bicycle","osm":"relation/11489347","length_km_in_region":1.7},"geometry":{"type":"MultiLineString","coordinates":[[[11.37727,47.25681],[11.3773,47.25684]],[[11.3773,47.25684],[11.37784,47.25737]],[[11.37784,47.25737],[11.3794,47.25886]],[[11.3794,47.25886],[11.37954,47.25905]],[[11.37954,47.25905],[11.37968,47.25919]],[[11.37968,47.25919],[11.3799,47.25939]],[[11.3799,47.25939],[11.38194,47.26155],[11.3829,47.26296]],[[11.3829,47.26296],[11.383,47.26307]],[[11.383,47.26307],[11.38475,47.26468]],[[11.38503,47.26487],[11.38475,47.26468]],[[11.38526,47.26502],[11.38503,47.26487]],[[11.3856,47.26524],[11.38526,47.26502]],[[11.38565,47.26534],[11.3856,47.26524]],[[11.38605,47.26557],[11.38565,47.26534]],[[11.38663,47.26586],[11.38605,47.26557]],[[11.38852,47.26683],[11.38663,47.26586]],[[11.38913,47.26716],[11.38852,47.26683]],[[11.38988,47.26754],[11.38913,47.26716]],[[11.39131,47.26822],[11.38988,47.26754]],[[11.39131,47.26822],[11.39141,47.26829]],[[11.39141,47.26829],[11.39151,47.26838]]]}},{"type":"Feature","properties":{"name":"Innradweg - Alternative Telfs","ref":"R3a","network":"rcn","route":"bicycle","osm":"relation/14283887","length_km_in_region":9.1},"geometry":{"type":"MultiLineString","coordinates":[[[11.07405,47.30104],[11.07408,47.30072]],[[11.07398,47.30188],[11.07405,47.30104]],[[11.07397,47.30193],[11.07398,47.30188]],[[11.1248,47.30125],[11.12315,47.30278],[11.1207,47.30696],[11.11978,47.30806],[11.11874,47.30889],[11.11669,47.31008],[11.11476,47.31082],[11.1122,47.31136],[11.10965,47.31154],[11.10784,47.3113],[11.10549,47.30999],[11.10415,47.30989],[11.1029,47.31036],[11.10032,47.3096],[11.09486,47.3076],[11.08392,47.30318],[11.07676,47.30204],[11.07397,47.30193]],[[11.12489,47.30119],[11.1248,47.30125]],[[11.16493,47.2839],[11.16033,47.28558],[11.15866,47.28642],[11.13625,47.29576],[11.12674,47.30004],[11.12489,47.30119]],[[11.16621,47.28372],[11.16493,47.2839]],[[11.16621,47.28372],[11.16846,47.28393],[11.169,47.28409],[11.16923,47.28444]],[[11.16923,47.28444],[11.16937,47.28418]],[[11.16937,47.28418],[11.16967,47.28323]],[[11.16967,47.28323],[11.17001,47.28186]]]}},{"type":"Feature","properties":{"name":"Innradweg Tiroler Oberland","ref":"R3","network":"rcn","from":"Finstermünz","to":"Innsbruck","website":"https://www.innradweg.com","distance":"114.1","route":"bicycle","ascent":"147","descent":"594","roundtrip":"no","state":"alternate","osm":"relation/936197","length_km_in_region":40.4},"geometry":{"type":"MultiLineString","coordinates":[[[10.9511,47.27337],[10.94962,47.27341]],[[10.95625,47.27558],[10.95597,47.27492],[10.95429,47.27408],[10.95286,47.27364],[10.9511,47.27337]],[[10.95625,47.27558],[10.9565,47.27631]],[[10.9565,47.27631],[10.95705,47.27607]],[[10.95819,47.27575],[10.95705,47.27607]],[[10.959,47.27639],[10.95855,47.2758],[10.95819,47.27575]],[[10.9593,47.27622],[10.959,47.27639]],[[10.95959,47.27595],[10.9593,47.27622]],[[10.96596,47.2778],[10.96268,47.27666],[10.96026,47.27553],[10.95959,47.27595]],[[10.96612,47.27785],[10.96596,47.2778]],[[10.97074,47.27942],[10.96612,47.27785]],[[10.97082,47.27944],[10.97074,47.27942]],[[10.97652,47.2825],[10.97229,47.28077],[10.97165,47.27977],[10.97082,47.27944]],[[10.98267,47.28334],[10.98123,47.28298],[10.97784,47.2828],[10.97652,47.2825]],[[10.98267,47.28334],[10.98286,47.28291]],[[10.98286,47.28291],[10.98295,47.28261]],[[10.98295,47.28261],[10.983,47.28122]],[[10.983,47.28122],[10.98297,47.28116]],[[10.98345,47.28122],[10.98297,47.28116]],[[11.00732,47.28684],[10.9928,47.28328],[10.98557,47.28189],[10.98345,47.28122]],[[11.00732,47.28684],[11.00736,47.28678]],[[11.0103,47.28745],[11.00736,47.28678]],[[11.02144,47.29119],[11.01698,47.29026],[11.01586,47.28978],[11.01458,47.28871],[11.01349,47.28812],[11.0103,47.28745]],[[11.02485,47.29179],[11.02144,47.29119]],[[11.02485,47.29179],[11.02571,47.29191]],[[11.02571,47.29191],[11.02581,47.29193]],[[11.02581,47.29193],[11.02595,47.2918]],[[11.02595,47.2918],[11.02604,47.29185]],[[11.02604,47.29185],[11.02631,47.29151]],[[11.02631,47.29151],[11.02649,47.29136]],[[11.02649,47.29136],[11.02677,47.29193],[11.02803,47.29197]],[[11.02802,47.29212],[11.02803,47.29197]],[[11.028,47.2924],[11.02802,47.29212]],[[11.028,47.2925],[11.028,47.2924]],[[11.028,47.2925],[11.03837,47.29275],[11.03872,47.29296],[11.03924,47.29277],[11.04156,47.29286],[11.04514,47.29322],[11.04518,47.29371],[11.04547,47.29385],[11.04565,47.29388],[11.0458,47.29339],[11.04604,47.29334],[11.05386,47.29475],[11.05631,47.29548],[11.05944,47.2968]],[[11.05944,47.2968],[11.0595,47.29684]],[[11.0595,47.29684],[11.06326,47.2988],[11.06791,47.29993],[11.0731,47.30067]],[[11.0731,47.30067],[11.07408,47.30072]],[[11.07912,47.30092],[11.07408,47.30072]],[[11.08081,47.30092],[11.07912,47.30092]],[[11.08088,47.30093],[11.08081,47.30092]],[[11.08284,47.30153],[11.08088,47.30093]],[[11.08904,47.3042],[11.08705,47.30353],[11.08284,47.30153]],[[11.08904,47.3042],[11.09432,47.30577],[11.09539,47.30573],[11.09687,47.30598]],[[11.09687,47.30598],[11.09914,47.30662]],[[11.10295,47.3079],[11.10135,47.30714],[11.10029,47.30707],[11.09914,47.30662]],[[11.12351,47.29963],[11.12213,47.30075],[11.12147,47.30213],[11.12019,47.30237],[11.11955,47.30575],[11.11821,47.30747],[11.11708,47.30852],[11.11494,47.3092],[11.1132,47.31011],[11.11176,47.31037],[11.10939,47.31021],[11.10464,47.30881],[11.10295,47.3079]],[[11.12357,47.29959],[11.12351,47.29963]],[[11.14484,47.28851],[11.13608,47.29195],[11.12904,47.29635],[11.12871,47.29703],[11.12806,47.29697],[11.12458,47.29864],[11.12479,47.29919],[11.12357,47.29959]],[[11.16234,47.2821],[11.16049,47.28249],[11.15744,47.28352],[11.15327,47.28513],[11.15312,47.28548],[11.15264,47.28538],[11.14484,47.28851]],[[11.1635,47.2822],[11.16306,47.282],[11.16234,47.2821]],[[11.16431,47.28217],[11.1635,47.2822]],[[11.16432,47.28212],[11.16431,47.28217]],[[11.16992,47.28186],[11.16962,47.28145],[11.16458,47.28187],[11.16432,47.28212]],[[11.16992,47.28186],[11.17025,47.28186],[11.17038,47.28204]],[[11.17038,47.28204],[11.17118,47.28285],[11.17214,47.28324]],[[11.17214,47.28324],[11.17225,47.28369]],[[11.17225,47.28369],[11.17472,47.28428],[11.17823,47.28472],[11.18101,47.28487],[11.18263,47.28476],[11.18461,47.28442],[11.18686,47.2837],[11.18868,47.28278],[11.18987,47.28185]],[[11.18987,47.28185],[11.19045,47.28104],[11.19135,47.28035]],[[11.19135,47.28035],[11.19145,47.28029]],[[11.19145,47.28029],[11.19157,47.28021]],[[11.19157,47.28021],[11.19163,47.28019]],[[11.19163,47.28019],[11.19175,47.28014]],[[11.19175,47.28014],[11.19183,47.28011]],[[11.19183,47.28011],[11.19312,47.27976],[11.19749,47.27983],[11.19952,47.28004],[11.20033,47.27986],[11.20567,47.27954]],[[11.20567,47.27954],[11.2099,47.27838],[11.21206,47.27724],[11.21512,47.276],[11.21712,47.27558]],[[11.21712,47.27558],[11.21934,47.27525],[11.22344,47.27342],[11.22602,47.27273],[11.23193,47.2699]],[[11.23193,47.2699],[11.23175,47.26975],[11.23229,47.26942]],[[11.23229,47.26942],[11.23167,47.26893]],[[11.23415,47.26826],[11.23167,47.26893]],[[11.23285,47.26987],[11.23229,47.26942]],[[11.23285,47.26987],[11.234,47.26882],[11.23415,47.26826]],[[11.23415,47.26826],[11.2343,47.26793]],[[11.2343,47.26793],[11.23484,47.26808]],[[11.23484,47.26808],[11.23514,47.26817]],[[11.2554,47.2639],[11.2518,47.26255],[11.24871,47.26189],[11.24601,47.26175],[11.24323,47.26207],[11.24029,47.26287],[11.23774,47.26422],[11.23706,47.26406],[11.23665,47.26426],[11.2358,47.26575],[11.23514,47.26817]],[[11.25548,47.26401],[11.2554,47.2639]],[[11.25559,47.26404],[11.25548,47.26401]],[[11.25578,47.2641],[11.25559,47.26404]],[[11.26193,47.26643],[11.26065,47.26598],[11.26037,47.26546],[11.25998,47.26529],[11.25792,47.26492],[11.25578,47.2641]],[[11.26207,47.26644],[11.26193,47.26643]],[[11.26214,47.26645],[11.26207,47.26644]],[[11.26283,47.26644],[11.26214,47.26645]],[[11.26343,47.26642],[11.26283,47.26644]],[[11.32077,47.26355],[11.3169,47.26449],[11.31353,47.26465],[11.29904,47.26349],[11.2918,47.26313],[11.28958,47.26332],[11.28711,47.26384],[11.28236,47.26556],[11.27837,47.26567],[11.27259,47.26526],[11.26882,47.26522],[11.26343,47.26642]],[[11.32508,47.26075],[11.32542,47.26091],[11.32511,47.2612],[11.32427,47.26124],[11.32274,47.26267],[11.32077,47.26355]],[[11.32508,47.26075],[11.32452,47.25926],[11.32694,47.25709],[11.32861,47.25618]],[[11.32861,47.25618],[11.32894,47.25605]],[[11.32894,47.25605],[11.33133,47.25513]],[[11.33133,47.25513],[11.3314,47.2551]],[[11.3314,47.2551],[11.33166,47.25499]],[[11.33166,47.25499],[11.33293,47.25459],[11.33347,47.25481],[11.33502,47.25395]],[[11.33502,47.25395],[11.33696,47.25312],[11.33894,47.25254],[11.34265,47.25219],[11.34551,47.25253],[11.35266,47.25439]],[[11.35266,47.25439],[11.35274,47.2544]],[[11.35274,47.2544],[11.35442,47.25462],[11.35714,47.25465],[11.36179,47.2539],[11.36755,47.2526],[11.36928,47.25251],[11.37223,47.25306],[11.37387,47.25385],[11.3748,47.25458]],[[11.3748,47.25458],[11.3763,47.25594]],[[11.3763,47.25594],[11.37683,47.25647]],[[11.37683,47.25647],[11.37722,47.25677]],[[11.37722,47.25677],[11.37727,47.25681]],[[11.37628,47.25738],[11.37727,47.25681]],[[11.37635,47.25745],[11.37628,47.25738]],[[11.37834,47.25931],[11.37635,47.25745]],[[11.3785,47.25949],[11.37834,47.25931]],[[11.37866,47.25966],[11.3785,47.25949]],[[11.37881,47.25982],[11.37866,47.25966]],[[11.37957,47.26091],[11.37881,47.25982]],[[11.38187,47.26355],[11.37957,47.26091]],[[11.38229,47.26405],[11.38187,47.26355]],[[11.38229,47.26405],[11.38359,47.26514]],[[11.3839,47.26528],[11.38359,47.26514]],[[11.38415,47.26549],[11.3839,47.26528]],[[11.38436,47.26563],[11.38415,47.26549]],[[11.38479,47.26585],[11.38436,47.26563]],[[11.38693,47.26699],[11.38479,47.26585]],[[11.3873,47.2672],[11.38693,47.26699]],[[11.38792,47.26747],[11.3873,47.2672]],[[11.38793,47.26752],[11.38792,47.26747]],[[11.38797,47.26758],[11.38793,47.26752]],[[11.38827,47.26766],[11.38797,47.26758]],[[11.38878,47.26788],[11.38827,47.26766]],[[11.39012,47.2686],[11.38878,47.26788]],[[11.39012,47.2686],[11.39049,47.26887]],[[11.39049,47.26887],[11.39057,47.26882]],[[11.39057,47.26882],[11.39123,47.26831]],[[11.39123,47.26831],[11.39125,47.2683]],[[11.39125,47.2683],[11.39126,47.26829]],[[11.39126,47.26829],[11.39131,47.26822]],[[11.39131,47.26822],[11.39141,47.26829]],[[11.39141,47.26829],[11.39151,47.26838]],[[11.39151,47.26838],[11.39136,47.26839]],[[11.39136,47.26839],[11.39069,47.26889]],[[11.39069,47.26889],[11.39059,47.26897]],[[11.39059,47.26897],[11.39056,47.26904]],[[11.39056,47.26904],[11.39119,47.26942]],[[11.39119,47.26942],[11.39082,47.26911]],[[11.39082,47.26911],[11.3904,47.26879]],[[11.3904,47.26879],[11.39012,47.2686]]]}},{"type":"Feature","properties":{"name":"Innradweg Tiroler Unterland","ref":"R3","network":"rcn","operator":"Tirol","from":"Innsbruck","to":"Erl","website":"https://www.innradweg.com","wikipedia":"de:Inn-Radweg","route":"bicycle","osm":"relation/2174860","length_km_in_region":20.5},"geometry":{"type":"MultiLineString","coordinates":[[[11.44039,47.27085],[11.43954,47.27138]],[[11.44133,47.27055],[11.44039,47.27085]],[[11.44313,47.26992],[11.44133,47.27055]],[[11.44761,47.2685],[11.44529,47.26945],[11.44408,47.26959],[11.44313,47.26992]],[[11.45012,47.26778],[11.44761,47.2685]],[[11.45502,47.2683],[11.45213,47.26775],[11.45012,47.26778]],[[11.48476,47.27374],[11.48112,47.27321],[11.45502,47.2683]],[[11.48476,47.27374],[11.48498,47.27351],[11.48729,47.27355],[11.49416,47.27301],[11.49666,47.27317],[11.49758,47.27348],[11.4979,47.27399]],[[11.4979,47.27399],[11.49934,47.2744]],[[11.50004,47.27456],[11.49934,47.2744]],[[11.50078,47.27514],[11.50004,47.27456]],[[11.50527,47.27707],[11.50266,47.27616],[11.50202,47.27552],[11.50078,47.27514]],[[11.50527,47.27707],[11.5058,47.27745]],[[11.5058,47.27745],[11.5082,47.27777]],[[11.5082,47.27777],[11.50843,47.27726]],[[11.50845,47.2772],[11.50843,47.27726]],[[11.5087,47.27638],[11.50845,47.2772]],[[11.50872,47.27634],[11.5087,47.27638]],[[11.50872,47.27634],[11.5091,47.27643]],[[11.50918,47.27644],[11.5091,47.27643]],[[11.54751,47.28142],[11.54151,47.28077],[11.54061,47.28055],[11.54079,47.27985],[11.54022,47.27969],[11.52996,47.27771],[11.5257,47.27732],[11.52224,47.27649],[11.51599,47.27605],[11.50918,47.27644]],[[11.54758,47.28143],[11.54751,47.28142]],[[11.56023,47.28919],[11.55696,47.28597],[11.5536,47.28359],[11.55075,47.28228],[11.54758,47.28143]],[[11.56028,47.28924],[11.56023,47.28919]],[[11.56028,47.28924],[11.56037,47.28922]],[[11.56037,47.28922],[11.56073,47.28906]],[[11.56073,47.28906],[11.56135,47.28872]],[[11.56301,47.2892],[11.56212,47.2891],[11.56135,47.28872]],[[11.56301,47.2892],[11.56368,47.28963],[11.56427,47.29038],[11.56511,47.2905]],[[11.56511,47.2905],[11.56531,47.2909]],[[11.56531,47.2909],[11.56968,47.29306]],[[11.56968,47.29306],[11.57732,47.29526],[11.58003,47.29624]],[[11.58003,47.29624],[11.58269,47.2965]],[[11.58281,47.29652],[11.58269,47.2965]],[[11.5825,47.29711],[11.58281,47.29652]],[[11.5825,47.29711],[11.58556,47.29783]],[[11.58556,47.29783],[11.58837,47.29803]],[[11.58846,47.29783],[11.58837,47.29803]],[[11.58851,47.29771],[11.58846,47.29783]],[[11.58856,47.29752],[11.58851,47.29771]],[[11.59098,47.29785],[11.58856,47.29752]],[[11.59098,47.29785],[11.59109,47.29777]],[[11.59109,47.29777],[11.5919,47.29801],[11.59414,47.29798]],[[11.59414,47.29798],[11.59437,47.29913]],[[11.59437,47.29913],[11.59411,47.29937]],[[11.59411,47.29937],[11.59836,47.29894],[11.60032,47.29907],[11.60295,47.29951],[11.60324,47.29939],[11.60384,47.29833]],[[11.60384,47.29833],[11.60484,47.2986]],[[11.60484,47.2986],[11.60827,47.30055],[11.60939,47.30099]],[[11.60939,47.30099],[11.6164,47.3035],[11.61784,47.30118]],[[11.61784,47.30118],[11.62139,47.30204]],[[11.39151,47.26838],[11.39158,47.26844]],[[11.39158,47.26844],[11.39313,47.2701]],[[11.39313,47.2701],[11.39394,47.27099]],[[11.39394,47.27099],[11.39543,47.27153],[11.39566,47.27303],[11.39743,47.27539]],[[11.40022,47.27796],[11.39907,47.27725],[11.39743,47.27539]],[[11.40022,47.27796],[11.40135,47.27876]],[[11.40135,47.27876],[11.40394,47.27972]],[[11.40394,47.27972],[11.40402,47.27961]],[[11.40402,47.27961],[11.40412,47.27952]],[[11.40412,47.27952],[11.40416,47.27949]],[[11.40416,47.27949],[11.4042,47.27947]],[[11.4042,47.27947],[11.40423,47.27945]],[[11.40423,47.27945],[11.40433,47.27942]],[[11.40433,47.27942],[11.40434,47.27941]],[[11.40434,47.27941],[11.4047,47.27989]],[[11.4047,47.27989],[11.40529,47.28074]],[[11.40529,47.28074],[11.40543,47.28088]],[[11.40543,47.28088],[11.40593,47.28107]],[[11.40593,47.28107],[11.4068,47.2812],[11.40793,47.28095]],[[11.40793,47.28095],[11.41988,47.27839]],[[11.41988,47.27839],[11.42043,47.27827]],[[11.42043,47.27827],[11.42277,47.27768],[11.42559,47.27663]],[[11.42559,47.27663],[11.42633,47.27635]],[[11.42633,47.27635],[11.42788,47.27576]],[[11.4287,47.27551],[11.42788,47.27576]],[[11.43033,47.27495],[11.4287,47.27551]],[[11.43098,47.27468],[11.43033,47.27495]],[[11.43204,47.27432],[11.43098,47.27468]],[[11.43892,47.2718],[11.43879,47.27201],[11.43614,47.27299],[11.43499,47.27319],[11.43204,47.27432]],[[11.43954,47.27138],[11.43892,47.2718]]]}},{"type":"Feature","properties":{"name":"Innsbruck - Natters","ref":"R2","network":"rcn","route":"bicycle","osm":"relation/14618083","length_km_in_region":5.1},"geometry":{"type":"MultiLineString","coordinates":[[[11.39105,47.26767],[11.391,47.2676]],[[11.391,47.2676],[11.39093,47.26752]],[[11.39093,47.26752],[11.39218,47.26687]],[[11.39218,47.26687],[11.39216,47.26627]],[[11.39216,47.26627],[11.39155,47.26609],[11.39165,47.26559]],[[11.39165,47.26559],[11.39189,47.2647]],[[11.39189,47.2647],[11.39248,47.26247]],[[11.39326,47.26254],[11.39248,47.26247]],[[11.39326,47.26254],[11.39349,47.26156]],[[11.39349,47.26156],[11.39374,47.25988]],[[11.39374,47.25988],[11.39378,47.25908]],[[11.39378,47.25908],[11.39407,47.25875]],[[11.39407,47.25875],[11.39425,47.25851]],[[11.39425,47.25851],[11.39432,47.25841]],[[11.39432,47.25841],[11.39438,47.25834]],[[11.39438,47.25834],[11.39583,47.2583]],[[11.39583,47.2583],[11.39586,47.25789]],[[11.39586,47.25789],[11.39623,47.25636]],[[11.39623,47.25636],[11.39626,47.2562]],[[11.39626,47.2562],[11.3963,47.25604]],[[11.3963,47.25604],[11.39645,47.25532]],[[11.39645,47.25532],[11.3965,47.2548]],[[11.3965,47.2548],[11.3965,47.25445]],[[11.3965,47.25445],[11.39652,47.25399],[11.39682,47.25376]],[[11.39682,47.25376],[11.39791,47.25368]],[[11.39789,47.2538],[11.39682,47.25376]],[[11.39791,47.25368],[11.39789,47.2538]],[[11.39791,47.25368],[11.39848,47.25176],[11.39784,47.25136],[11.39693,47.25118]],[[11.39693,47.25118],[11.3959,47.25087]],[[11.3959,47.25087],[11.39609,47.25064]],[[11.39609,47.25064],[11.39547,47.25025]],[[11.39559,47.24992],[11.39547,47.25025]],[[11.39569,47.24981],[11.39559,47.24992]],[[11.39569,47.24981],[11.39617,47.24996]],[[11.39617,47.24996],[11.39713,47.25021],[11.39944,47.25029]],[[11.39944,47.25029],[11.39968,47.25023],[11.40007,47.24952],[11.39953,47.2499],[11.39774,47.24954]],[[11.39774,47.24954],[11.39831,47.24941]],[[11.39701,47.24827],[11.39822,47.24855],[11.39831,47.24941]],[[11.39512,47.24771],[11.39701,47.24827]],[[11.39376,47.24709],[11.39512,47.24771]],[[11.39376,47.24709],[11.39381,47.2469]],[[11.39184,47.24435],[11.39389,47.24636],[11.39381,47.2469]],[[11.39181,47.24436],[11.39184,47.24435]],[[11.39176,47.24438],[11.39181,47.24436]],[[11.39173,47.24439],[11.39176,47.24438]],[[11.39169,47.24441],[11.39173,47.24439]],[[11.39167,47.24441],[11.39169,47.24441]],[[11.38978,47.24193],[11.39042,47.24244],[11.39167,47.24441]],[[11.38729,47.23929],[11.38978,47.24193]],[[11.38386,47.23892],[11.38515,47.23856],[11.38659,47.23862],[11.38693,47.23874],[11.38729,47.23929]],[[11.38292,47.23884],[11.38386,47.23892]],[[11.38269,47.23876],[11.38292,47.23884]]]}},{"type":"Feature","properties":{"name":"Inzinger Alm","ref":"5010","network":"rcn","operator":"Tirol","from":"Inzing - Sportplatz","to":"Inzinger Alm","website":"https://radrouting.tirol/","distance":"9.01","route":"mtb","ascent":"1000","descent":"0","roundtrip":"no","osm":"relation/2965400","length_km_in_region":10.6},"geometry":{"type":"MultiLineString","coordinates":[[[11.18708,47.27447],[11.18893,47.27414]],[[11.18683,47.27453],[11.18708,47.27447]],[[11.18683,47.27453],[11.18558,47.27247]],[[11.18558,47.27247],[11.18508,47.27128]],[[11.18508,47.27128],[11.18487,47.27075],[11.18435,47.27065],[11.18334,47.27004],[11.18149,47.27051],[11.18209,47.26998],[11.18199,47.26937],[11.18245,47.26937],[11.1816,47.26891],[11.18241,47.26774],[11.18169,47.26777],[11.18107,47.26832],[11.18009,47.26832],[11.17974,47.26851],[11.17991,47.26787],[11.1792,47.2669],[11.17795,47.26649]],[[11.17795,47.26649],[11.17749,47.26647]],[[11.17749,47.26647],[11.1774,47.26429],[11.17921,47.26269],[11.17877,47.26279]],[[11.17877,47.26279],[11.17651,47.263],[11.17427,47.26285],[11.17101,47.26294],[11.17215,47.26256],[11.17263,47.26218],[11.17493,47.26199],[11.17699,47.26054],[11.17709,47.25956],[11.17685,47.25891],[11.17624,47.25986],[11.17433,47.26054],[11.17165,47.26013],[11.17041,47.26027],[11.1697,47.26062],[11.17016,47.26021],[11.17259,47.25916],[11.17296,47.25843],[11.17281,47.25792]],[[11.17281,47.25792],[11.17281,47.25788]],[[11.17281,47.25788],[11.17187,47.25645],[11.1704,47.25524],[11.17075,47.25706],[11.17028,47.25777]],[[11.17028,47.25777],[11.17026,47.2578]],[[11.17026,47.2578],[11.16986,47.25818],[11.16992,47.25772]],[[11.16992,47.25772],[11.16993,47.25767]],[[11.16993,47.25767],[11.17007,47.25714],[11.16873,47.25557],[11.16788,47.25358],[11.16556,47.25189],[11.16399,47.24981],[11.16319,47.2493],[11.16246,47.24848],[11.16211,47.24792],[11.16212,47.24741],[11.16136,47.24709],[11.16104,47.24659],[11.15979,47.24561],[11.15917,47.24469]],[[11.15917,47.24469],[11.15915,47.24458]],[[11.15915,47.24458],[11.15923,47.24416],[11.15871,47.24374],[11.15747,47.24187],[11.15772,47.24349],[11.15757,47.24404],[11.15676,47.24273],[11.15663,47.24401],[11.15582,47.24374],[11.1564,47.24368],[11.15584,47.24306]],[[11.15584,47.24306],[11.15487,47.24183],[11.15234,47.24029]],[[11.15234,47.24029],[11.15221,47.24028]],[[11.15221,47.24028],[11.15208,47.24027]],[[11.15585,47.24376],[11.15566,47.24388],[11.15664,47.24551],[11.16022,47.2503],[11.16264,47.25288],[11.16498,47.25492],[11.16508,47.25554],[11.1646,47.25626]],[[11.1646,47.25626],[11.16077,47.2574]]]}},{"type":"Feature","properties":{"name":"Karlskirche-Sagerkirchl","ref":"589","network":"rcn","operator":"Tirol","from":"Brantach - Volderberg","to":"Volders-GH Säge in Wattenberg","website":"https://radrouting.tirol/","distance":"8.7","route":"mtb","ascent":"510","descent":"70","roundtrip":"no","osm":"relation/16183718","length_km_in_region":9.0},"geometry":{"type":"MultiLineString","coordinates":[[[11.61495,47.25524],[11.6151,47.25525]],[[11.61481,47.25524],[11.61495,47.25524]],[[11.61435,47.25568],[11.61481,47.25524]],[[11.60547,47.26454],[11.60609,47.26377],[11.60654,47.26375],[11.60813,47.26302],[11.60916,47.26231],[11.61035,47.26022],[11.61154,47.25896],[11.61274,47.25839],[11.61385,47.25737],[11.61435,47.25568]],[[11.60512,47.26474],[11.60547,47.26454]],[[11.60262,47.26615],[11.60472,47.26512],[11.60512,47.26474]],[[11.60222,47.26683],[11.60262,47.26615]],[[11.60168,47.26709],[11.60222,47.26683]],[[11.60148,47.26701],[11.60168,47.26709]],[[11.60135,47.26703],[11.60148,47.26701]],[[11.5862,47.27555],[11.58651,47.2754],[11.58631,47.27476],[11.58665,47.27424],[11.58831,47.27356],[11.5897,47.27183],[11.59293,47.2704],[11.59396,47.27028],[11.59564,47.26948],[11.59625,47.26942],[11.59743,47.26843],[11.59871,47.26787],[11.59945,47.26707],[11.60031,47.26717],[11.60135,47.26703]],[[11.5781,47.27421],[11.57836,47.27446],[11.57831,47.27507],[11.57926,47.27581],[11.58249,47.27561],[11.58446,47.27579],[11.5862,47.27555]],[[11.5781,47.27421],[11.57739,47.27638],[11.57779,47.27711],[11.57919,47.27731],[11.57967,47.27768],[11.5803,47.27785],[11.58319,47.27797],[11.58317,47.27811],[11.58207,47.27839],[11.58276,47.27862],[11.58558,47.2786],[11.58786,47.27887],[11.58892,47.27882],[11.58936,47.27864]],[[11.58936,47.27864],[11.58898,47.27923],[11.58732,47.28014],[11.5853,47.28071],[11.58501,47.28127],[11.58403,47.28196],[11.58325,47.28197],[11.58216,47.28257],[11.5795,47.28304],[11.57644,47.28424],[11.57527,47.28426],[11.57423,47.28391],[11.57338,47.28292],[11.572,47.28299],[11.57045,47.28273],[11.56837,47.28299]],[[11.56619,47.28346],[11.56602,47.28383]],[[11.56526,47.28411],[11.56602,47.28383]],[[11.56092,47.28409],[11.56282,47.28422],[11.56468,47.2839],[11.56526,47.28411]],[[11.56092,47.28409],[11.5606,47.28387]],[[11.5606,47.28387],[11.55989,47.28354],[11.55933,47.28355]],[[11.55933,47.28355],[11.55782,47.28366],[11.55548,47.28339]],[[11.55548,47.28339],[11.55543,47.28345]],[[11.55484,47.28312],[11.55543,47.28345]],[[11.56025,47.28444],[11.56045,47.28418],[11.56092,47.28409]],[[11.55975,47.28508],[11.56025,47.28444]],[[11.55975,47.28508],[11.55904,47.28593],[11.55908,47.28658],[11.56127,47.28867]],[[11.56127,47.28867],[11.56135,47.28872]]]}},{"type":"Feature","properties":{"name":"Kastanien Line","ref":"5038","route":"mtb","osm":"relation/19480413","length_km_in_region":0.2},"geometry":{"type":"MultiLineString","coordinates":[[[11.45133,47.26306],[11.45088,47.26306],[11.45109,47.26351],[11.4503,47.26318]]]}},{"type":"Feature","properties":{"name":"Katzenkopf-Fluder","ref":"541","network":"rcn","operator":"Tirol","from":"Infobüro Leutasch","to":"Infobüro Leutasch","website":"https://radrouting.tirol/","distance":"8.54","route":"mtb","ascent":"260","descent":"260","roundtrip":"yes","osm":"relation/16238598","length_km_in_region":5.3},"geometry":{"type":"MultiLineString","coordinates":[[[11.17159,47.35932],[11.17086,47.36011]],[[11.16073,47.34427],[11.16251,47.34475],[11.16334,47.34612],[11.1642,47.3466],[11.1653,47.34763],[11.165,47.34801],[11.16506,47.3484],[11.16547,47.34868],[11.16605,47.34875],[11.16648,47.34913],[11.16658,47.34966],[11.16733,47.35038],[11.16756,47.35111],[11.16764,47.35392],[11.16815,47.35504],[11.16925,47.35637],[11.16924,47.35709],[11.16969,47.35766],[11.16954,47.3579],[11.17025,47.35814],[11.17025,47.3586],[11.17097,47.3588],[11.17159,47.35932]],[[11.16073,47.34427],[11.15942,47.34498],[11.15888,47.34507],[11.159,47.34563]],[[11.159,47.34563],[11.15968,47.34752],[11.15969,47.34855],[11.15935,47.34889],[11.15938,47.34943],[11.15957,47.34962],[11.16074,47.34964],[11.16111,47.35066],[11.16022,47.35192],[11.1595,47.35203],[11.15811,47.35157],[11.15765,47.35182]],[[11.15765,47.35182],[11.15793,47.3523],[11.15777,47.35282],[11.15898,47.35345],[11.15948,47.35413],[11.16,47.35437]],[[11.16,47.35437],[11.16128,47.3546],[11.16255,47.35527],[11.16318,47.35637]],[[11.16318,47.35637],[11.16338,47.35729],[11.16499,47.35868],[11.16534,47.35928],[11.16523,47.35975]],[[11.16523,47.35975],[11.16517,47.3598]],[[11.16517,47.3598],[11.16514,47.35983]],[[11.16514,47.35983],[11.16483,47.36008]],[[11.16,47.35437],[11.16084,47.35471],[11.16082,47.35501],[11.16172,47.35587]],[[11.16172,47.35587],[11.16205,47.35631],[11.16318,47.35637]],[[11.16048,47.35753],[11.16044,47.35672],[11.16105,47.35612],[11.16172,47.35587]],[[11.16157,47.35814],[11.16122,47.35768],[11.16048,47.35753]],[[11.16196,47.35831],[11.16157,47.35814]]]}},{"type":"Feature","properties":{"name":"Kirschen Flowline","ref":"5040","route":"mtb","osm":"relation/19480414","length_km_in_region":0.3},"geometry":{"type":"MultiLineString","coordinates":[[[11.45151,47.26307],[11.45132,47.26318],[11.45182,47.26375],[11.45143,47.26351],[11.45152,47.26375],[11.4509,47.26363],[11.45053,47.26334]]]}},{"type":"Feature","properties":{"name":"Kitty Twister","ref":"5075","network":"lcn","from":"Bergstation Katzenkopf","to":"Talstation Katzenkopf","distance":"2.13","route":"mtb","mtb:type":"Singletrail","ascent":"0","descent":"230","roundtrip":"no","osm":"relation/20509788","length_km_in_region":1.0},"geometry":{"type":"MultiLineString","coordinates":[[[11.16196,47.35831],[11.16263,47.35843],[11.16268,47.35823],[11.16306,47.35819],[11.16327,47.35846],[11.16339,47.35807],[11.16274,47.35712],[11.16307,47.35727],[11.16306,47.35672],[11.16336,47.35676],[11.16357,47.35704],[11.16406,47.35715],[11.16431,47.35775],[11.16502,47.35833],[11.16559,47.35834],[11.16561,47.35875],[11.1664,47.35914],[11.16617,47.35925],[11.16664,47.35949],[11.16644,47.3596],[11.16689,47.3597],[11.16667,47.35979],[11.16692,47.35992],[11.16677,47.36003]]]}},{"type":"Feature","properties":{"name":"Klamperberg","ref":"5072","network":"rcn","operator":"Tirol","from":"Freizeitzentrum Neustift i.St.","to":"Klamperbergalm","website":"https://radrouting.tirol/","distance":"9.54","route":"mtb","ascent":"860","descent":"60","roundtrip":"no","osm":"relation/18150629","length_km_in_region":9.1},"geometry":{"type":"MultiLineString","coordinates":[[[11.30449,47.10797],[11.30485,47.10814]],[[11.30486,47.10808],[11.30512,47.10818],[11.30486,47.10808]],[[11.30489,47.10805],[11.3047,47.10792]],[[11.3047,47.10792],[11.30443,47.1076]],[[11.30443,47.1076],[11.3043,47.1074]],[[11.3043,47.1074],[11.30157,47.10498]],[[11.30157,47.10498],[11.30105,47.10443]],[[11.30105,47.10443],[11.30073,47.10421]],[[11.30073,47.10421],[11.29897,47.10314]],[[11.29897,47.10314],[11.29903,47.10308]],[[11.29903,47.10308],[11.29885,47.10279]],[[11.29861,47.10256],[11.29885,47.10279]],[[11.30217,47.10299],[11.30119,47.10265],[11.30005,47.10289],[11.29861,47.10256]],[[11.30663,47.10498],[11.30674,47.10433],[11.30646,47.1039],[11.30487,47.10385],[11.30361,47.1033],[11.30217,47.10299]],[[11.31906,47.10342],[11.31972,47.10421],[11.32139,47.10492],[11.3193,47.10465],[11.31835,47.1043],[11.3189,47.10485],[11.32062,47.1058],[11.32165,47.10612],[11.32234,47.1068],[11.32388,47.10771],[11.32113,47.10684],[11.31778,47.10689],[11.31666,47.10653],[11.31552,47.10641],[11.31359,47.1055],[11.31441,47.1064],[11.31364,47.10628],[11.31247,47.10559],[11.31129,47.10586],[11.31117,47.10487],[11.30995,47.10506],[11.3083,47.10581],[11.30722,47.10512],[11.30663,47.10498]],[[11.30066,47.09311],[11.30153,47.09329],[11.30206,47.09372],[11.30306,47.09401],[11.30421,47.09503],[11.30557,47.09581],[11.30684,47.09583],[11.30876,47.09627],[11.30796,47.09625],[11.30679,47.09663],[11.30804,47.09665],[11.30849,47.09698],[11.31004,47.09647],[11.31123,47.09628],[11.31278,47.09754],[11.31334,47.09881],[11.31425,47.09934],[11.31528,47.10038],[11.316,47.10045],[11.31648,47.10159],[11.31906,47.10342]],[[11.28778,47.07999],[11.28785,47.08039],[11.28744,47.08071],[11.28737,47.08113],[11.28815,47.08207],[11.28933,47.08285],[11.2905,47.08495],[11.29121,47.08573],[11.29027,47.08552],[11.29088,47.08635],[11.28987,47.08614],[11.28934,47.08575],[11.29012,47.0879],[11.29526,47.09078],[11.29614,47.09092],[11.29659,47.09136],[11.29778,47.09135],[11.30014,47.09195],[11.30066,47.09311]]]}},{"type":"Feature","properties":{"name":"Kohlerkapelle-Flaurlinger Alm","ref":"5055","network":"rcn","operator":"Tirol","from":"Oberhofen, PP M-Preis","to":"Flaurlinger Alm","website":"https://radrouting.tirol/","distance":"9.52","route":"mtb","ascent":"1010","descent":"0","roundtrip":"no","osm":"relation/11800223","length_km_in_region":9.3},"geometry":{"type":"MultiLineString","coordinates":[[[11.10513,47.2453],[11.10597,47.24587],[11.10712,47.24605],[11.10816,47.24644]],[[11.10816,47.24644],[11.10824,47.24646]],[[11.10824,47.24646],[11.10901,47.24851],[11.10849,47.24977],[11.10937,47.25175],[11.11049,47.25261],[11.11086,47.25355],[11.11067,47.25449],[11.11107,47.25476],[11.11165,47.2563],[11.11208,47.25654],[11.11152,47.25643],[11.11092,47.25597],[11.11045,47.25602],[11.10909,47.25437],[11.10818,47.25392],[11.10871,47.25492],[11.10812,47.25495],[11.10807,47.25508],[11.10854,47.25546],[11.10856,47.25658],[11.10916,47.25771],[11.1083,47.25745],[11.10812,47.25771],[11.10856,47.25823],[11.10726,47.25832],[11.10839,47.25892],[11.10807,47.25929],[11.10878,47.25924],[11.10919,47.25973],[11.10879,47.26121],[11.11031,47.26542]],[[11.11023,47.26545],[11.11031,47.26542]],[[11.11009,47.2655],[11.11023,47.26545]],[[11.10834,47.28267],[11.10827,47.28193],[11.10881,47.28063],[11.10858,47.28012],[11.10887,47.27967],[11.10883,47.2777],[11.10939,47.27564],[11.10927,47.27478],[11.10878,47.27413],[11.10819,47.2739],[11.10815,47.27149],[11.10878,47.27052],[11.10891,47.26947],[11.10939,47.2694],[11.10965,47.26908],[11.10965,47.26575],[11.11009,47.2655]],[[11.1015,47.29144],[11.1021,47.29105],[11.10444,47.29057],[11.10501,47.29005],[11.10629,47.28968],[11.10653,47.28919],[11.10726,47.28887],[11.10898,47.28751],[11.10991,47.28728],[11.11064,47.28659],[11.11072,47.28642],[11.1097,47.28633],[11.10716,47.28642],[11.10754,47.28559],[11.10943,47.28428],[11.10881,47.28367],[11.10909,47.28297],[11.10834,47.28267]],[[11.1015,47.29144],[11.1012,47.2924],[11.10072,47.29258],[11.1,47.29248],[11.09913,47.29289],[11.1003,47.29311],[11.10114,47.29372],[11.09973,47.29415],[11.0997,47.29434],[11.10097,47.29443]],[[11.10097,47.29443],[11.09892,47.29473]],[[11.09701,47.29661],[11.09834,47.29587],[11.09892,47.29473]],[[11.09687,47.2967],[11.09701,47.29661]],[[11.0964,47.30001],[11.09687,47.2967]],[[11.0964,47.30001],[11.09258,47.29987]],[[11.09258,47.29987],[11.09087,47.29974]]]}},{"type":"Feature","properties":{"name":"Kreitheralmweg","ref":"511","network":"rcn","operator":"Tirol","from":"Mutters-Oberkreith","to":"Kreitheralm/Raitiseralm","website":"https://radrouting.tirol/","distance":"4.6","route":"mtb","ascent":"490","descent":"0","roundtrip":"no","osm":"relation/1435413","length_km_in_region":3.7},"geometry":{"type":"MultiLineString","coordinates":[[[11.38008,47.20096],[11.37941,47.20047],[11.37759,47.19999]],[[11.36556,47.19662],[11.36713,47.19719],[11.36835,47.19723],[11.36958,47.19758],[11.37001,47.19794],[11.37081,47.19812],[11.37113,47.19857],[11.37179,47.19856],[11.37259,47.19926],[11.3736,47.19893],[11.37436,47.19933],[11.37498,47.19934],[11.37595,47.19974],[11.37759,47.19999]],[[11.34818,47.19486],[11.34939,47.19561],[11.35081,47.19586],[11.35128,47.19611],[11.35144,47.19652],[11.35253,47.19659],[11.35448,47.19761],[11.35585,47.19798],[11.35716,47.19782],[11.3619,47.19779],[11.3647,47.19812],[11.36482,47.198],[11.36396,47.19742],[11.3636,47.19682],[11.36238,47.19636],[11.36556,47.19662]],[[11.34818,47.19486],[11.34653,47.19405],[11.34549,47.19316],[11.34551,47.19283]],[[11.3477,47.19241],[11.34639,47.19236],[11.34551,47.19283]]]}},{"type":"Feature","properties":{"name":"Kreuzjoch","ref":"562","network":"rcn","operator":"Tirol","from":"Talstation Schlick 2000, Fulpmes","to":"Kreuzjoch","website":"https://radrouting.tirol/","distance":"8.6","route":"mtb","ascent":"1110","descent":"0","roundtrip":"no","osm":"relation/2981025","length_km_in_region":9.5},"geometry":{"type":"MultiLineString","coordinates":[[[11.29751,47.14235],[11.29771,47.14206],[11.29945,47.1419],[11.30107,47.14225],[11.30246,47.14307],[11.30383,47.14339],[11.3045,47.14401],[11.3068,47.14518]],[[11.29482,47.13779],[11.29384,47.13776],[11.29418,47.13811],[11.29396,47.13873],[11.29426,47.13955],[11.29269,47.13891],[11.29363,47.14013],[11.29555,47.14142],[11.29712,47.14184],[11.29751,47.14235]],[[11.29544,47.13801],[11.29511,47.13805],[11.29482,47.13779]],[[11.29751,47.14235],[11.29796,47.14293],[11.29789,47.14322],[11.29697,47.14379],[11.29629,47.1438],[11.29563,47.14405],[11.29621,47.14467],[11.29503,47.14517],[11.29464,47.14513]],[[11.29464,47.14513],[11.29266,47.14491],[11.29078,47.14443],[11.29002,47.14451],[11.29167,47.14625],[11.29206,47.14716],[11.29314,47.14818],[11.29528,47.14899],[11.29686,47.15004],[11.29737,47.15059],[11.29966,47.15165],[11.30075,47.15314],[11.3009,47.15395],[11.30204,47.15482]],[[11.30204,47.15482],[11.30236,47.15504]],[[11.30236,47.15504],[11.30414,47.15569],[11.30576,47.15577],[11.30749,47.15649],[11.30988,47.15687],[11.31225,47.15791],[11.31291,47.15778]],[[11.31291,47.15778],[11.3162,47.15718],[11.31954,47.1572],[11.32056,47.15736],[11.32143,47.1571],[11.32354,47.15728],[11.32806,47.15699],[11.32964,47.15739],[11.332,47.15756]],[[11.332,47.15756],[11.33295,47.15754],[11.33438,47.15791],[11.33539,47.15779]],[[11.33539,47.15779],[11.33588,47.15761]],[[11.33588,47.15761],[11.33621,47.15784]],[[11.33621,47.15784],[11.33585,47.15818]],[[11.33585,47.15818],[11.33665,47.1586]],[[11.33665,47.1586],[11.3371,47.15934]],[[11.3371,47.15934],[11.33727,47.15967]],[[11.33727,47.15967],[11.33836,47.16045]],[[11.33836,47.16045],[11.3392,47.16072]],[[11.3392,47.16072],[11.33962,47.16064],[11.33911,47.15976]],[[11.33911,47.15976],[11.33918,47.15963]],[[11.33918,47.15963],[11.3396,47.15893]],[[11.3396,47.15893],[11.33927,47.15755],[11.33861,47.15699],[11.33908,47.15634],[11.33845,47.15454],[11.33882,47.15351],[11.33847,47.15131],[11.3378,47.15036]],[[11.3378,47.15036],[11.33876,47.15096],[11.3398,47.15242],[11.34108,47.15328],[11.34099,47.15365],[11.34207,47.1538],[11.34224,47.15438],[11.34262,47.1538],[11.34277,47.1543],[11.34334,47.15446]],[[11.34334,47.15446],[11.34353,47.15483]]]}},{"type":"Feature","properties":{"name":"Kreuzweg","ref":"559","network":"rcn","operator":"Tirol","from":"Serlesbahn Mieders","to":"Serlesbahn Mieders","website":"https://radrouting.tirol/","distance":"13.32","route":"mtb","ascent":"780","descent":"780","roundtrip":"yes","osm":"relation/2981116","length_km_in_region":12.9},"geometry":{"type":"MultiLineString","coordinates":[[[11.3766,47.15781],[11.37509,47.15498],[11.3759,47.15415],[11.37597,47.15339],[11.37574,47.15336],[11.37513,47.1538],[11.37372,47.1538],[11.37319,47.15433],[11.37183,47.15369],[11.37059,47.15383],[11.36967,47.15362],[11.36948,47.15384],[11.36869,47.15392]],[[11.37913,47.14541],[11.37848,47.14609],[11.37787,47.14622],[11.37761,47.14684],[11.37631,47.14712],[11.37606,47.14845],[11.37522,47.14936],[11.37517,47.15004],[11.37441,47.15113],[11.37322,47.15125],[11.37332,47.15164],[11.37277,47.15221],[11.37201,47.15214],[11.37121,47.15276],[11.37072,47.15264],[11.37021,47.153],[11.36944,47.15297],[11.36922,47.15337],[11.36879,47.15354],[11.36869,47.15392]],[[11.37951,47.1453],[11.37913,47.14541]],[[11.38577,47.1415],[11.38363,47.14253],[11.38262,47.14336],[11.38215,47.14331],[11.3812,47.14395],[11.38077,47.14404],[11.3801,47.14447],[11.37951,47.1453]],[[11.38577,47.1415],[11.38603,47.14114],[11.38689,47.14075],[11.38942,47.14],[11.39078,47.13935],[11.3914,47.13884],[11.39177,47.13878],[11.3927,47.13772],[11.39309,47.13764]],[[11.39309,47.13764],[11.39375,47.13813],[11.39459,47.13736],[11.39555,47.1369],[11.39581,47.13697],[11.39614,47.13656]],[[11.39614,47.13656],[11.39743,47.13612]],[[11.39017,47.15073],[11.38968,47.15045],[11.38939,47.14943],[11.3884,47.14944],[11.38889,47.1482]],[[11.3922,47.15044],[11.39047,47.15013],[11.39017,47.15073]],[[11.39433,47.14983],[11.39384,47.15066],[11.3922,47.15044]],[[11.39409,47.14975],[11.39433,47.14983]],[[11.39409,47.14975],[11.3936,47.14951],[11.39316,47.14825],[11.39325,47.14793],[11.39372,47.14766]],[[11.39311,47.14416],[11.39367,47.14526],[11.39304,47.14732],[11.39372,47.14766]],[[11.37924,47.16399],[11.37903,47.16378]],[[11.37767,47.16],[11.37792,47.16207],[11.37886,47.1625],[11.37937,47.16306],[11.37903,47.16378]],[[11.37726,47.15882],[11.37767,47.16]],[[11.37803,47.15804],[11.37769,47.15808],[11.37666,47.15774],[11.37726,47.15882]],[[11.38052,47.15115],[11.38017,47.15235],[11.38048,47.15298],[11.38051,47.15388],[11.38097,47.15422],[11.3811,47.15464],[11.38204,47.15506],[11.38235,47.15566],[11.38407,47.15667],[11.38377,47.15837],[11.38355,47.15832],[11.3831,47.15721],[11.38222,47.15705],[11.38108,47.15736],[11.38073,47.15706],[11.37977,47.15712],[11.37946,47.1566],[11.37859,47.15671],[11.37767,47.15622],[11.37627,47.15623],[11.3774,47.15709],[11.37803,47.15804]],[[11.38502,47.15296],[11.38464,47.15264],[11.38438,47.15195],[11.38349,47.15171],[11.38279,47.15087],[11.3828,47.15046],[11.38318,47.15009],[11.38292,47.14975],[11.38315,47.14887],[11.38301,47.1482],[11.38246,47.14864],[11.38052,47.15115]],[[11.38889,47.1482],[11.38826,47.14855],[11.38719,47.14867],[11.38565,47.14973],[11.38559,47.15032],[11.38502,47.15087],[11.38477,47.15262],[11.38502,47.15296]],[[11.38889,47.1482],[11.38936,47.14783]],[[11.38936,47.14783],[11.39074,47.147],[11.39153,47.14584],[11.39292,47.14474],[11.39311,47.14416]],[[11.39743,47.13612],[11.39637,47.13781],[11.3956,47.1386],[11.39574,47.14001],[11.39441,47.14112],[11.39479,47.1415],[11.39472,47.14202],[11.39404,47.14295],[11.39361,47.14318],[11.39348,47.14398],[11.39311,47.14416]],[[11.39743,47.13612],[11.39989,47.13438]],[[11.39989,47.13438],[11.40484,47.13094]],[[11.405,47.13082],[11.40484,47.13094]],[[11.40528,47.13044],[11.405,47.13082]]]}},{"type":"Feature","properties":{"name":"Lanser Alm","ref":"5004","network":"rcn","from":"Gemeindeparkplatz Lans","to":"Lanser Alm","website":"https://radrouting.tirol/","distance":"7.39","route":"mtb","ascent":"850","descent":"0","osm":"relation/16180731","length_km_in_region":7.3},"geometry":{"type":"MultiLineString","coordinates":[[[11.42736,47.2382],[11.42806,47.23812]],[[11.4273,47.23788],[11.42806,47.23812]],[[11.42712,47.23506],[11.42587,47.23605],[11.42663,47.23735],[11.4273,47.23788]],[[11.42712,47.23506],[11.42792,47.23443],[11.42886,47.23418],[11.42942,47.23263]],[[11.42942,47.23263],[11.42976,47.23175],[11.43045,47.23147]],[[11.43149,47.23283],[11.43045,47.23147]],[[11.43149,47.23283],[11.4321,47.23184],[11.43354,47.23085],[11.43523,47.23012]],[[11.43523,47.23012],[11.43532,47.22989]],[[11.43532,47.22989],[11.43584,47.22955]],[[11.43584,47.22955],[11.43681,47.22855],[11.43748,47.22825],[11.43877,47.22814],[11.4409,47.22752],[11.4418,47.22748],[11.44072,47.22624],[11.44013,47.22423],[11.44084,47.22404],[11.4409,47.22374],[11.44182,47.22372],[11.44307,47.22334],[11.44566,47.22326],[11.44626,47.22385],[11.44628,47.22447],[11.44663,47.22488],[11.44863,47.2248],[11.44915,47.22509],[11.45026,47.22513],[11.4511,47.22542],[11.45185,47.22517],[11.45359,47.22539],[11.45666,47.22684],[11.4581,47.22691],[11.45662,47.2262],[11.45525,47.22414],[11.45291,47.22298],[11.45144,47.22186],[11.45105,47.22111],[11.45283,47.22183],[11.45641,47.22238],[11.45788,47.22233],[11.45856,47.22264],[11.45969,47.22206],[11.46048,47.22236],[11.46389,47.22194],[11.4648,47.22224],[11.46602,47.22182]],[[11.46602,47.22182],[11.46494,47.22155],[11.46404,47.22104],[11.46035,47.21968],[11.45826,47.21973],[11.45643,47.21939],[11.45617,47.2182],[11.45577,47.21784]],[[11.45577,47.21784],[11.45573,47.2176]]]}},{"type":"Feature","properties":{"name":"Lehen-Straßberg","ref":"549","network":"rcn","operator":"Tirol","from":"Telfs-Lehen","to":"Straßberghaus","website":"https://radrouting.tirol/","distance":"3.57","route":"mtb","ascent":"340","descent":"0","roundtrip":"no","osm":"relation/16245221","length_km_in_region":3.5},"geometry":{"type":"MultiLineString","coordinates":[[[11.04876,47.33655],[11.04982,47.33626],[11.05024,47.3352],[11.05121,47.33532],[11.051,47.33457],[11.05149,47.33396],[11.05333,47.33286],[11.05422,47.33268],[11.05278,47.33218],[11.05049,47.33195],[11.04954,47.33211],[11.05046,47.33163],[11.05057,47.33124],[11.05131,47.33072],[11.05159,47.33],[11.05276,47.32924],[11.05317,47.32874],[11.05397,47.32882],[11.05458,47.3285],[11.05533,47.32843],[11.05596,47.32866],[11.05536,47.3276],[11.05372,47.32651],[11.05373,47.32601],[11.05485,47.32533],[11.05577,47.32503],[11.05839,47.32484],[11.05995,47.3234]],[[11.03911,47.33612],[11.04047,47.33651],[11.04181,47.33667],[11.04295,47.3372],[11.04355,47.33699],[11.04461,47.33715],[11.04522,47.3366],[11.04618,47.33642],[11.04876,47.33655]]]}},{"type":"Feature","properties":{"name":"Magdeburger Hütte","ref":"543","network":"rcn","operator":"Tirol","from":"Zirl","to":"Magdeburger Hütte","website":"https://radrouting.tirol/","distance":"8.2","route":"mtb","ascent":"1000","descent":"0","roundtrip":"no","osm":"relation/2965411","length_km_in_region":8.0},"geometry":{"type":"MultiLineString","coordinates":[[[11.25382,47.27378],[11.25283,47.27382]],[[11.25433,47.27383],[11.25382,47.27378]],[[11.2584,47.2733],[11.25578,47.2739],[11.25433,47.27383]],[[11.26023,47.2726],[11.25953,47.27305],[11.2584,47.2733]],[[11.26078,47.2735],[11.26053,47.27322],[11.26094,47.2727],[11.26283,47.27158],[11.26092,47.27213],[11.26023,47.2726]],[[11.26069,47.27361],[11.26078,47.2735]],[[11.26792,47.28105],[11.26668,47.28067],[11.26618,47.28019],[11.26168,47.27843],[11.26046,47.27821],[11.25906,47.27768],[11.25846,47.27766],[11.25568,47.27674],[11.25569,47.27619],[11.25798,47.27498],[11.25863,47.2742],[11.25993,47.27362],[11.26069,47.27361]],[[11.27363,47.28349],[11.27096,47.28183],[11.26966,47.28135],[11.26792,47.28105]],[[11.27987,47.28696],[11.27891,47.28665],[11.27924,47.28622],[11.27885,47.28579],[11.27758,47.28565],[11.27649,47.28507],[11.27673,47.28426],[11.27552,47.28417],[11.27427,47.28437],[11.27363,47.28349]],[[11.28728,47.28296],[11.28706,47.2832],[11.28713,47.28382],[11.28748,47.28462],[11.28684,47.28542],[11.28692,47.28624],[11.2865,47.28641],[11.28624,47.28726],[11.28544,47.288],[11.28638,47.29055],[11.28587,47.2904],[11.28436,47.28871],[11.28306,47.28769],[11.28258,47.28696],[11.28246,47.28616],[11.28199,47.28772],[11.28231,47.28911],[11.28069,47.28792],[11.27987,47.28696]],[[11.29644,47.28893],[11.29617,47.28942],[11.29695,47.28979],[11.29576,47.28956],[11.29567,47.28928],[11.29518,47.2896],[11.29637,47.29041],[11.29628,47.29076],[11.29621,47.29048],[11.29454,47.29019],[11.29378,47.28923],[11.29208,47.28892],[11.29154,47.28916],[11.28931,47.28832],[11.28984,47.2872],[11.28941,47.28669],[11.2898,47.28627],[11.28897,47.28585],[11.28794,47.2839],[11.28724,47.28326],[11.28728,47.28296]]]}},{"type":"Feature","properties":{"name":"Maria Waldrast","ref":"508","network":"mtb","operator":"Tirol","from":"Bahnhof Matrei a.Br.","to":"Maria Waldrast","website":"https://radrouting.tirol/","distance":"7.75","route":"mtb","ascent":"660","descent":"20","roundtrip":"no","osm":"relation/1434042","length_km_in_region":7.6},"geometry":{"type":"MultiLineString","coordinates":[[[11.40528,47.13044],[11.40556,47.13005]],[[11.40556,47.13005],[11.40571,47.12979]],[[11.40571,47.12979],[11.40608,47.12941],[11.40588,47.12896],[11.40613,47.12805],[11.40573,47.12626],[11.40618,47.1256],[11.40746,47.12455],[11.41003,47.12441],[11.41077,47.12412],[11.41116,47.12366],[11.41188,47.12485],[11.41233,47.12493],[11.41294,47.12355],[11.41317,47.12348]],[[11.41317,47.12348],[11.4137,47.12534],[11.41437,47.12624],[11.41443,47.12684],[11.4153,47.12768],[11.41578,47.1279],[11.41763,47.12797],[11.41855,47.12841],[11.41933,47.12834],[11.41995,47.12806],[11.42178,47.12861]],[[11.42178,47.12861],[11.42264,47.12888],[11.42372,47.12878],[11.424,47.12839],[11.42516,47.12853],[11.42539,47.12796],[11.42647,47.12766],[11.42797,47.12847],[11.42833,47.12804],[11.42885,47.12803],[11.42949,47.12848],[11.43024,47.12855],[11.4303,47.12898],[11.43082,47.12958],[11.4319,47.12948],[11.43151,47.13008],[11.43063,47.13023],[11.42988,47.13061],[11.43095,47.131],[11.43265,47.13103],[11.43382,47.13141],[11.43428,47.13159],[11.43479,47.13236]],[[11.43479,47.13236],[11.43485,47.13244]],[[11.43485,47.13244],[11.43504,47.13271]],[[11.43504,47.13271],[11.43513,47.13284]],[[11.43513,47.13284],[11.43663,47.13461]],[[11.43663,47.13461],[11.43734,47.13561]],[[11.43734,47.13561],[11.43813,47.13623],[11.43926,47.13669]],[[11.43926,47.13669],[11.4398,47.137]],[[11.4398,47.137],[11.43988,47.13703]],[[11.43988,47.13703],[11.44031,47.13736],[11.44066,47.13705],[11.4421,47.13778],[11.44363,47.1381]],[[11.44363,47.1381],[11.44333,47.1378],[11.44477,47.13746],[11.44642,47.13652],[11.44958,47.13579]],[[11.44958,47.13579],[11.45,47.13575]],[[11.45,47.13575],[11.4508,47.13547],[11.45192,47.13401]],[[11.45192,47.13401],[11.45231,47.13373]],[[11.45245,47.13394],[11.45231,47.13373]],[[11.45253,47.13612],[11.45303,47.13482],[11.45245,47.13394]],[[11.4526,47.1366],[11.45253,47.13612]],[[11.4526,47.1366],[11.45265,47.13665]],[[11.45265,47.13665],[11.45279,47.13675]],[[11.45279,47.13675],[11.45322,47.13687]],[[11.45322,47.13687],[11.4533,47.13689]],[[11.4533,47.13689],[11.45316,47.13649]],[[11.45321,47.13624],[11.45316,47.13649]],[[11.45321,47.13624],[11.45299,47.13609],[11.45333,47.13532]],[[11.45333,47.13532],[11.45422,47.13421]],[[11.45416,47.13306],[11.45443,47.13323],[11.45422,47.13421]],[[11.45404,47.13283],[11.45416,47.13306]],[[11.45421,47.13219],[11.45404,47.13283]],[[11.45372,47.13192],[11.45421,47.13219]],[[11.45346,47.13181],[11.45372,47.13192]],[[11.45345,47.1318],[11.45346,47.13181]],[[11.45384,47.12949],[11.45433,47.13106],[11.45345,47.1318]],[[11.45297,47.12961],[11.45384,47.12949]],[[11.45297,47.12961],[11.45248,47.1275]],[[11.45248,47.1275],[11.45263,47.12746]]]}},{"type":"Feature","properties":{"name":"Miederer Berg","ref":"558","network":"rcn","operator":"Tirol","from":"Serlesbahn Mieders","to":"Serlesbahn Mieders","website":"https://radrouting.tirol/","distance":"16.19","route":"mtb","ascent":"710","descent":"710","roundtrip":"yes","osm":"relation/2981117","length_km_in_region":15.8},"geometry":{"type":"MultiLineString","coordinates":[[[11.3814,47.16961],[11.38247,47.16933]],[[11.38123,47.16974],[11.3814,47.16961]],[[11.38123,47.16974],[11.38108,47.16964]],[[11.38108,47.16964],[11.38043,47.1691]],[[11.38043,47.1691],[11.3795,47.16728]],[[11.3795,47.16728],[11.37935,47.16649]],[[11.37935,47.16649],[11.37972,47.16481]],[[11.37972,47.16481],[11.37972,47.16474]],[[11.37972,47.16474],[11.37971,47.16462]],[[11.37971,47.16462],[11.37921,47.16402]],[[11.37921,47.16402],[11.37897,47.16388]],[[11.37903,47.16378],[11.37897,47.16388]],[[11.37767,47.16],[11.37792,47.16207],[11.37886,47.1625],[11.37937,47.16306],[11.37903,47.16378]],[[11.37726,47.15882],[11.37767,47.16]],[[11.37803,47.15804],[11.37769,47.15808],[11.37666,47.15774],[11.37726,47.15882]],[[11.38052,47.15115],[11.38017,47.15235],[11.38048,47.15298],[11.38051,47.15388],[11.38097,47.15422],[11.3811,47.15464],[11.38204,47.15506],[11.38235,47.15566],[11.38407,47.15667],[11.38377,47.15837],[11.38355,47.15832],[11.3831,47.15721],[11.38222,47.15705],[11.38108,47.15736],[11.38073,47.15706],[11.37977,47.15712],[11.37946,47.1566],[11.37859,47.15671],[11.37767,47.15622],[11.37627,47.15623],[11.3774,47.15709],[11.37803,47.15804]],[[11.38502,47.15296],[11.38464,47.15264],[11.38438,47.15195],[11.38349,47.15171],[11.38279,47.15087],[11.3828,47.15046],[11.38318,47.15009],[11.38292,47.14975],[11.38315,47.14887],[11.38301,47.1482],[11.38246,47.14864],[11.38052,47.15115]],[[11.39483,47.1562],[11.39412,47.157],[11.39357,47.15729],[11.39085,47.15553],[11.39038,47.15486],[11.38985,47.15331],[11.38917,47.15322],[11.38878,47.15284],[11.38799,47.15303],[11.38692,47.15274],[11.38564,47.15309],[11.38502,47.15296]],[[11.40274,47.15053],[11.40274,47.15074],[11.40233,47.15094],[11.40046,47.15147],[11.39935,47.15199],[11.39852,47.15204],[11.39857,47.15263],[11.39804,47.15308],[11.3975,47.15317],[11.3975,47.15378],[11.39651,47.154],[11.39637,47.1547],[11.39657,47.15516],[11.39607,47.15547],[11.39602,47.15588],[11.39483,47.1562]],[[11.40121,47.14992],[11.40169,47.14989],[11.40213,47.15031],[11.40274,47.15053]],[[11.39615,47.14831],[11.39812,47.14891],[11.40026,47.15003],[11.40121,47.14992]],[[11.39591,47.14825],[11.39615,47.14831]],[[11.39591,47.14825],[11.39799,47.14822],[11.39949,47.14868],[11.40031,47.1484],[11.40129,47.14864],[11.40246,47.14724],[11.40389,47.14636],[11.40661,47.14407]],[[11.40661,47.14407],[11.40681,47.14381]],[[11.40681,47.14381],[11.4079,47.14351],[11.40903,47.14382],[11.41028,47.14459],[11.41195,47.14495],[11.4134,47.14558],[11.41393,47.14776],[11.41382,47.14899],[11.41336,47.14961],[11.41322,47.15035],[11.41333,47.15103],[11.4137,47.15143]],[[11.41096,47.1552],[11.41255,47.15509],[11.41494,47.15376],[11.41329,47.15372],[11.4127,47.15343],[11.4132,47.152],[11.41373,47.15163],[11.4137,47.15143]],[[11.40769,47.15066],[11.40804,47.15087],[11.40868,47.15086],[11.4096,47.15132],[11.40935,47.15229],[11.40985,47.15245],[11.41034,47.15299],[11.40951,47.15355],[11.41021,47.15495],[11.41049,47.15516],[11.41096,47.1552]],[[11.39687,47.16607],[11.39662,47.16657],[11.39695,47.16683],[11.39671,47.16758],[11.3968,47.16875],[11.39849,47.16675],[11.39938,47.16614],[11.40041,47.16589],[11.40053,47.16547],[11.4013,47.16502],[11.40147,47.16469],[11.40296,47.16395],[11.40303,47.16307],[11.40348,47.1622],[11.40426,47.16195],[11.40426,47.16163],[11.40494,47.16071],[11.40545,47.16031],[11.40669,47.15989],[11.40748,47.15897],[11.40542,47.15857],[11.40596,47.15785],[11.40568,47.15651],[11.40593,47.15627],[11.4059,47.15564],[11.40644,47.15489],[11.40658,47.15428],[11.40626,47.154],[11.40747,47.15275],[11.40733,47.15225],[11.40683,47.15211],[11.40668,47.1518],[11.40618,47.15177],[11.4072,47.15144],[11.40685,47.1512],[11.40769,47.15066]],[[11.39372,47.16963],[11.39416,47.16879],[11.39516,47.16784],[11.3951,47.16713],[11.39687,47.16607]],[[11.38962,47.16809],[11.3909,47.16862],[11.39131,47.16919],[11.39284,47.1684],[11.39359,47.16823],[11.39372,47.16963]],[[11.38806,47.16789],[11.38893,47.16789],[11.38962,47.16809]],[[11.38528,47.16799],[11.38642,47.16813],[11.38806,47.16789]],[[11.38528,47.16799],[11.38428,47.16839],[11.3827,47.16861]],[[11.38247,47.16933],[11.3827,47.16861]]]}},{"type":"Feature","properties":{"name":"Milderer Berg","ref":"572","network":"rcn","operator":"Tirol","from":"Neustift i.St. - Milders","to":"Neustift i.St. - Milders","website":"https://radrouting.tirol/","distance":"14.59","route":"mtb","ascent":"700","descent":"700","roundtrip":"yes","osm":"relation/2981024","length_km_in_region":17.5},"geometry":{"type":"MultiLineString","coordinates":[[[11.25876,47.10732],[11.25858,47.10785],[11.25698,47.10919],[11.25949,47.1085],[11.26021,47.10787]],[[11.26021,47.10787],[11.25992,47.10871],[11.25837,47.11002],[11.25642,47.11062],[11.25494,47.11136],[11.25689,47.11102],[11.25959,47.11103],[11.26117,47.11084],[11.26275,47.11031]],[[11.2659,47.10831],[11.26521,47.10827],[11.26478,47.10851],[11.26403,47.10825],[11.2634,47.10922],[11.26345,47.10984],[11.26275,47.11031]],[[11.25687,47.08785],[11.25686,47.08857],[11.25707,47.08879],[11.25942,47.08978],[11.26002,47.08982],[11.26092,47.09043],[11.26196,47.09175]],[[11.26021,47.10787],[11.26067,47.10734],[11.26055,47.10668],[11.26092,47.10643],[11.2609,47.1057],[11.26213,47.10595],[11.26308,47.10573],[11.2634,47.10516],[11.26337,47.10462],[11.26448,47.10393],[11.26482,47.10299],[11.26608,47.1018],[11.26628,47.10133],[11.26517,47.10059],[11.26541,47.09939],[11.26525,47.09914],[11.26456,47.09891],[11.26385,47.09757],[11.26431,47.09705],[11.26427,47.09597],[11.26326,47.09424],[11.2618,47.09299],[11.2617,47.0925],[11.26196,47.09175]],[[11.26196,47.09175],[11.26156,47.09028],[11.26166,47.08976],[11.26061,47.08819],[11.26145,47.08873],[11.26312,47.0892],[11.26337,47.08963],[11.2644,47.09035],[11.26441,47.09104],[11.26532,47.09183],[11.26519,47.09211],[11.26657,47.09288],[11.26608,47.09227],[11.26647,47.09184],[11.26635,47.09134],[11.26692,47.0908],[11.2668,47.09047],[11.26741,47.09011],[11.26784,47.08935],[11.26817,47.08976],[11.26808,47.0903],[11.26865,47.09095],[11.26929,47.09159],[11.26992,47.09171],[11.27018,47.09194]],[[11.27018,47.09194],[11.27036,47.09189],[11.27011,47.09147],[11.27023,47.08909],[11.26993,47.08778],[11.26955,47.08721],[11.26958,47.08668],[11.26929,47.08639],[11.2682,47.08595],[11.26981,47.08634],[11.27043,47.08706],[11.27104,47.08737],[11.27134,47.0879],[11.27044,47.08543]],[[11.27044,47.08543],[11.2707,47.08504]],[[11.27032,47.08483],[11.2707,47.08504]],[[11.27118,47.08462],[11.27007,47.08432],[11.27032,47.08483]],[[11.26728,47.0815],[11.27028,47.08313],[11.27118,47.08462]],[[11.26552,47.08008],[11.26728,47.0815]],[[11.2656,47.07991],[11.26552,47.08008]],[[11.27018,47.09194],[11.27106,47.09383],[11.27096,47.0944],[11.27227,47.09494],[11.27316,47.09555],[11.27312,47.09599],[11.27408,47.09637],[11.27429,47.09669],[11.27397,47.09611],[11.27378,47.09308],[11.27412,47.093],[11.27447,47.09316],[11.27504,47.09444],[11.27551,47.09359],[11.27509,47.09262],[11.27648,47.09367],[11.27689,47.09744],[11.27778,47.09813],[11.27797,47.09959],[11.27838,47.09978],[11.27888,47.10063]],[[11.27888,47.10063],[11.27903,47.10127],[11.27881,47.10173],[11.27913,47.10219],[11.27865,47.10311],[11.27869,47.10384]],[[11.27869,47.10384],[11.27842,47.10446],[11.27758,47.10515],[11.27729,47.10636],[11.27622,47.10776]],[[11.27622,47.10776],[11.27436,47.10991],[11.27415,47.11045]],[[11.27415,47.11045],[11.27418,47.1105]],[[11.27418,47.1105],[11.27424,47.11057]],[[11.27445,47.11073],[11.27424,47.11057]],[[11.27226,47.11267],[11.27408,47.11143],[11.27444,47.1111],[11.27445,47.11073]],[[11.26661,47.115],[11.26951,47.11431],[11.26992,47.1132],[11.27226,47.11267]],[[11.26648,47.11494],[11.26661,47.115]],[[11.26633,47.11484],[11.26648,47.11494]],[[11.26617,47.11478],[11.26633,47.11484]],[[11.25014,47.11632],[11.25277,47.11682],[11.25357,47.1168],[11.2578,47.11638],[11.26412,47.11481],[11.26537,47.11499],[11.26617,47.11478]],[[11.25692,47.11416],[11.25329,47.11601],[11.25198,47.11625],[11.25064,47.11617],[11.25014,47.11632]],[[11.26275,47.11031],[11.26171,47.11117],[11.26066,47.1115],[11.26035,47.11179],[11.2583,47.11212],[11.25452,47.1146],[11.25354,47.11486],[11.25486,47.11485],[11.25692,47.11416]],[[11.28023,47.10095],[11.27965,47.10176],[11.27942,47.10259],[11.27886,47.1032],[11.27869,47.10384]],[[11.28348,47.09919],[11.28172,47.10016],[11.28084,47.10039],[11.28023,47.10095]]]}},{"type":"Feature","properties":{"name":"Milky Way Uphill","ref":"5102","route":"mtb","osm":"relation/19244412","length_km_in_region":0.3},"geometry":{"type":"MultiLineString","coordinates":[[[11.53802,47.31107],[11.53811,47.31195],[11.53758,47.31271],[11.53832,47.3132]]]}},{"type":"Feature","properties":{"name":"Mislalm","ref":"532","network":"rcn","operator":"Tirol","from":"Bahnhof Matrei a.Br.","to":"Mislalm","website":"https://radrouting.tirol/","distance":"12.28","route":"mtb","ascent":"1070","descent":"40","roundtrip":"no","osm":"relation/2963701","length_km_in_region":13.1},"geometry":{"type":"MultiLineString","coordinates":[[[11.50037,47.13147],[11.50108,47.13182],[11.50338,47.13176],[11.50468,47.13222],[11.50514,47.1331],[11.50617,47.13346],[11.50463,47.13384],[11.50345,47.13341],[11.50382,47.13447],[11.50436,47.13479],[11.50636,47.13523],[11.51565,47.13624],[11.51706,47.13707],[11.51717,47.13745],[11.51883,47.13837],[11.51492,47.13793],[11.51378,47.13815],[11.51157,47.13915],[11.51049,47.13911],[11.51163,47.13957],[11.51436,47.14014],[11.51531,47.14112],[11.51633,47.14154],[11.51689,47.14208],[11.51582,47.14204],[11.51428,47.14259],[11.51273,47.1427],[11.5116,47.14255],[11.51069,47.14212]],[[11.48401,47.12759],[11.48506,47.12768],[11.48667,47.12827],[11.48923,47.12864],[11.49281,47.13059],[11.49416,47.13083],[11.49659,47.13037],[11.49884,47.13084],[11.50037,47.13147]],[[11.47052,47.12119],[11.47228,47.1216],[11.47078,47.12177],[11.47238,47.1224],[11.47422,47.12241],[11.47577,47.12285],[11.4743,47.12291],[11.47319,47.12335],[11.47146,47.12362],[11.47289,47.12392],[11.47389,47.12384],[11.47504,47.12402],[11.47605,47.12445],[11.47734,47.12548],[11.47958,47.12638],[11.48122,47.12595],[11.48206,47.12587],[11.48308,47.12604],[11.4843,47.12587],[11.4865,47.12623],[11.48727,47.12673],[11.48856,47.12698],[11.48937,47.12693],[11.48982,47.12714],[11.48815,47.12746],[11.48534,47.1274],[11.48401,47.12759]],[[11.46337,47.11974],[11.46293,47.12036],[11.46114,47.12079],[11.46132,47.12135],[11.46119,47.12237],[11.46262,47.12123],[11.46443,47.12149],[11.46576,47.12096],[11.46917,47.12086],[11.47052,47.12119]],[[11.46103,47.12029],[11.46199,47.12024],[11.46337,47.11974]],[[11.45976,47.12087],[11.46007,47.12044],[11.46103,47.12029]],[[11.45939,47.12079],[11.45901,47.12118],[11.45903,47.12168],[11.45976,47.12087]],[[11.45963,47.11969],[11.45977,47.11998],[11.45939,47.12079]],[[11.45963,47.11969],[11.45796,47.12052]],[[11.45796,47.12052],[11.45694,47.12123],[11.45564,47.12275]],[[11.45564,47.12275],[11.45498,47.12338]],[[11.45498,47.12338],[11.45487,47.12367]],[[11.45487,47.12367],[11.45506,47.1247],[11.45492,47.12495],[11.45271,47.12556]],[[11.45499,47.1285],[11.4549,47.12712],[11.45308,47.12601],[11.45271,47.12556]],[[11.45467,47.12851],[11.45499,47.1285]],[[11.45406,47.12856],[11.45467,47.12851]],[[11.45437,47.12933],[11.45406,47.12856]],[[11.45425,47.12938],[11.45437,47.12933]],[[11.45393,47.12947],[11.45425,47.12938]],[[11.45384,47.12949],[11.45393,47.12947]],[[11.45297,47.12961],[11.45384,47.12949]],[[11.45297,47.12961],[11.45248,47.1275]],[[11.45248,47.1275],[11.45263,47.12746]],[[11.50624,47.12899],[11.5068,47.1296],[11.50443,47.12949],[11.50246,47.12966],[11.50067,47.13018],[11.50004,47.13022],[11.4974,47.12972],[11.50037,47.13147]],[[11.50624,47.12899],[11.50591,47.12905]]]}},{"type":"Feature","properties":{"name":"Muggenmoosalm","ref":"5048","network":"rcn","operator":"Tirol","from":"Infobüro Leutasch","to":"Infobüro Leutasch","website":"https://radrouting.tirol/","distance":"14.76","route":"mtb","ascent":"350","descent":"350","roundtrip":"yes","osm":"relation/10004859","length_km_in_region":10.6},"geometry":{"type":"MultiLineString","coordinates":[[[11.14801,47.36012],[11.14663,47.35909],[11.14628,47.35904]],[[11.14628,47.35904],[11.14464,47.35945],[11.14403,47.35935],[11.14384,47.35901],[11.14398,47.35846],[11.14231,47.35727],[11.1415,47.35697],[11.141,47.35645],[11.14008,47.35641],[11.13935,47.3558],[11.13847,47.35562]],[[11.13847,47.35562],[11.13664,47.35516],[11.13341,47.35378],[11.13131,47.35337]],[[11.13131,47.35337],[11.13263,47.35247],[11.13294,47.35195]],[[11.13294,47.35195],[11.13293,47.35113],[11.13375,47.34966],[11.13376,47.34794],[11.13345,47.34715],[11.13394,47.34588],[11.13399,47.34391],[11.13357,47.34301],[11.13401,47.34262],[11.13378,47.3424],[11.13391,47.34168],[11.13331,47.34201],[11.13289,47.3418],[11.13276,47.3399]],[[11.13276,47.3399],[11.13317,47.33914],[11.13385,47.3386],[11.13407,47.33739],[11.13218,47.33595],[11.13126,47.33559],[11.13045,47.33501],[11.12988,47.33488],[11.12852,47.33505]],[[11.12631,47.33408],[11.12852,47.33505]],[[11.12817,47.33095],[11.12811,47.33171],[11.12595,47.33325],[11.12634,47.33368],[11.12631,47.33408]],[[11.13191,47.33062],[11.12817,47.33095]],[[11.13191,47.33062],[11.13431,47.33181],[11.13675,47.33181],[11.14163,47.33329]],[[11.14163,47.33329],[11.14326,47.33388],[11.14691,47.33409],[11.14843,47.33472],[11.14915,47.33475],[11.14955,47.33449],[11.15009,47.33446]],[[11.15009,47.33446],[11.15329,47.33552],[11.15512,47.33557],[11.1569,47.33639]],[[11.1569,47.33639],[11.15866,47.33754],[11.15929,47.33824],[11.16077,47.33886]],[[11.16077,47.33886],[11.16147,47.33955],[11.16137,47.34067],[11.16165,47.34112],[11.16128,47.34283],[11.16047,47.34305],[11.16067,47.34334],[11.16039,47.34378],[11.16073,47.34427]],[[11.16073,47.34427],[11.15942,47.34498],[11.15888,47.34507],[11.159,47.34563]],[[11.159,47.34563],[11.15968,47.34752],[11.15969,47.34855],[11.15935,47.34889],[11.15938,47.34943],[11.15957,47.34962],[11.16074,47.34964],[11.16111,47.35066],[11.16022,47.35192],[11.1595,47.35203],[11.15811,47.35157],[11.15765,47.35182]],[[11.15765,47.35182],[11.15793,47.3523],[11.15777,47.35282],[11.15898,47.35345],[11.15948,47.35413],[11.16,47.35437]],[[11.16,47.35437],[11.16128,47.3546],[11.16255,47.35527],[11.16318,47.35637]],[[11.16318,47.35637],[11.16338,47.35729],[11.16499,47.35868],[11.16534,47.35928],[11.16523,47.35975]],[[11.16523,47.35975],[11.16517,47.3598]],[[11.16517,47.3598],[11.16514,47.35983]],[[11.16514,47.35983],[11.16483,47.36008]]]}},{"type":"Feature","properties":{"name":"Munich-Venice - part Austria","ref":"MV","network":"icn","operator":"EURAC research","from":"Achenkirch DE/AT","to":"Brenner AT/IT","description":"The easiest way to cross the Alps on two wheels","website":"https://www.muenchen-venezia.info/","route":"bicycle","roundtrip":"no","osm":"relation/9623716","length_km_in_region":49.7},"geometry":{"type":"MultiLineString","coordinates":[[[11.61784,47.30118],[11.62139,47.30204]],[[11.60939,47.30099],[11.6164,47.3035],[11.61784,47.30118]],[[11.60484,47.2986],[11.60827,47.30055],[11.60939,47.30099]],[[11.60384,47.29833],[11.60484,47.2986]],[[11.59411,47.29937],[11.59836,47.29894],[11.60032,47.29907],[11.60295,47.29951],[11.60324,47.29939],[11.60384,47.29833]],[[11.59437,47.29913],[11.59411,47.29937]],[[11.59414,47.29798],[11.59437,47.29913]],[[11.59109,47.29777],[11.5919,47.29801],[11.59414,47.29798]],[[11.59098,47.29785],[11.59109,47.29777]],[[11.59098,47.29785],[11.58856,47.29752]],[[11.58856,47.29752],[11.58851,47.29771]],[[11.58851,47.29771],[11.58846,47.29783]],[[11.58846,47.29783],[11.58837,47.29803]],[[11.58556,47.29783],[11.58837,47.29803]],[[11.5825,47.29711],[11.58556,47.29783]],[[11.5825,47.29711],[11.58281,47.29652]],[[11.58281,47.29652],[11.58269,47.2965]],[[11.58003,47.29624],[11.58269,47.2965]],[[11.56968,47.29306],[11.57732,47.29526],[11.58003,47.29624]],[[11.56531,47.2909],[11.56968,47.29306]],[[11.56511,47.2905],[11.56531,47.2909]],[[11.56301,47.2892],[11.56368,47.28963],[11.56427,47.29038],[11.56511,47.2905]],[[11.56301,47.2892],[11.56212,47.2891],[11.56135,47.28872]],[[11.56073,47.28906],[11.56135,47.28872]],[[11.56037,47.28922],[11.56073,47.28906]],[[11.56028,47.28924],[11.56037,47.28922]],[[11.56028,47.28924],[11.56023,47.28919]],[[11.56023,47.28919],[11.55696,47.28597],[11.5536,47.28359],[11.55075,47.28228],[11.54758,47.28143]],[[11.54758,47.28143],[11.54751,47.28142]],[[11.54751,47.28142],[11.54151,47.28077],[11.54061,47.28055],[11.54079,47.27985],[11.54022,47.27969],[11.52996,47.27771],[11.5257,47.27732],[11.52224,47.27649],[11.51599,47.27605],[11.50918,47.27644]],[[11.50918,47.27644],[11.5091,47.27643]],[[11.50872,47.27634],[11.5091,47.27643]],[[11.50872,47.27634],[11.5087,47.27638]],[[11.5087,47.27638],[11.50845,47.2772]],[[11.50845,47.2772],[11.50843,47.27726]],[[11.5082,47.27777],[11.50843,47.27726]],[[11.5058,47.27745],[11.5082,47.27777]],[[11.50527,47.27707],[11.5058,47.27745]],[[11.50527,47.27707],[11.50266,47.27616],[11.50202,47.27552],[11.50078,47.27514]],[[11.50078,47.27514],[11.50004,47.27456]],[[11.50004,47.27456],[11.49934,47.2744]],[[11.4979,47.27399],[11.49934,47.2744]],[[11.48476,47.27374],[11.48498,47.27351],[11.48729,47.27355],[11.49416,47.27301],[11.49666,47.27317],[11.49758,47.27348],[11.4979,47.27399]],[[11.48476,47.27374],[11.48112,47.27321],[11.45502,47.2683]],[[11.45502,47.2683],[11.45213,47.26775],[11.45012,47.26778]],[[11.45012,47.26778],[11.44761,47.2685]],[[11.44761,47.2685],[11.44529,47.26945],[11.44408,47.26959],[11.44313,47.26992]],[[11.44313,47.26992],[11.44133,47.27055]],[[11.44133,47.27055],[11.44039,47.27085]],[[11.44039,47.27085],[11.43954,47.27138]],[[11.43954,47.27138],[11.43892,47.2718]],[[11.43892,47.2718],[11.43879,47.27201],[11.43614,47.27299],[11.43499,47.27319],[11.43204,47.27432]],[[11.43204,47.27432],[11.43098,47.27468]],[[11.43098,47.27468],[11.43033,47.27495]],[[11.43033,47.27495],[11.4287,47.27551]],[[11.4287,47.27551],[11.42788,47.27576]],[[11.42633,47.27635],[11.42788,47.27576]],[[11.42559,47.27663],[11.42633,47.27635]],[[11.42043,47.27827],[11.42277,47.27768],[11.42559,47.27663]],[[11.41988,47.27839],[11.42043,47.27827]],[[11.40793,47.28095],[11.41988,47.27839]],[[11.40593,47.28107],[11.4068,47.2812],[11.40793,47.28095]],[[11.40543,47.28088],[11.40593,47.28107]],[[11.40529,47.28074],[11.40543,47.28088]],[[11.4047,47.27989],[11.40529,47.28074]],[[11.40434,47.27941],[11.4047,47.27989]],[[11.40433,47.27942],[11.40434,47.27941]],[[11.40423,47.27945],[11.40433,47.27942]],[[11.4042,47.27947],[11.40423,47.27945]],[[11.40416,47.27949],[11.4042,47.27947]],[[11.40412,47.27952],[11.40416,47.27949]],[[11.40402,47.27961],[11.40412,47.27952]],[[11.40394,47.27972],[11.40402,47.27961]],[[11.40135,47.27876],[11.40394,47.27972]],[[11.40022,47.27796],[11.40135,47.27876]],[[11.40022,47.27796],[11.39907,47.27725],[11.39743,47.27539]],[[11.39394,47.27099],[11.39543,47.27153],[11.39566,47.27303],[11.39743,47.27539]],[[11.39313,47.2701],[11.39394,47.27099]],[[11.39158,47.26844],[11.39313,47.2701]],[[11.39151,47.26838],[11.39158,47.26844]],[[11.39141,47.26829],[11.39151,47.26838]],[[11.39141,47.26829],[11.39149,47.26822]],[[11.39149,47.26822],[11.39133,47.26803]],[[11.39133,47.26803],[11.39123,47.26789]],[[11.39123,47.26789],[11.39105,47.26767]],[[11.39105,47.26767],[11.391,47.2676]],[[11.391,47.2676],[11.39093,47.26752]],[[11.39093,47.26752],[11.39218,47.26687]],[[11.39218,47.26687],[11.39364,47.26702]],[[11.39364,47.26702],[11.39494,47.26735]],[[11.39494,47.26735],[11.39574,47.26724]],[[11.39574,47.26724],[11.39623,47.26717]],[[11.39717,47.26704],[11.39623,47.26717]],[[11.39717,47.26704],[11.39765,47.26697]],[[11.39765,47.26697],[11.39921,47.26676]],[[11.39921,47.26676],[11.40078,47.2665]],[[11.40078,47.2665],[11.4009,47.26649]],[[11.4009,47.26649],[11.40119,47.26636]],[[11.40119,47.26636],[11.40123,47.26634]],[[11.40123,47.26634],[11.40143,47.26627]],[[11.40143,47.26627],[11.40172,47.26623]],[[11.40172,47.26623],[11.40213,47.26618]],[[11.40213,47.26618],[11.4023,47.26605]],[[11.4023,47.26605],[11.40242,47.26581]],[[11.40242,47.26581],[11.40293,47.26536],[11.40469,47.26456]],[[11.40469,47.26456],[11.40505,47.26444]],[[11.40505,47.26444],[11.40556,47.2642]],[[11.40143,47.26648],[11.39921,47.26676]],[[11.40152,47.2665],[11.40143,47.26648]],[[11.40159,47.26652],[11.40152,47.2665]],[[11.40161,47.26652],[11.40159,47.26652]],[[11.40163,47.26652],[11.40161,47.26652]],[[11.40184,47.2665],[11.40163,47.26652]],[[11.40184,47.2665],[11.40184,47.2665]],[[11.40212,47.26643],[11.40184,47.2665]],[[11.40251,47.26637],[11.40212,47.26643]],[[11.40271,47.26629],[11.40251,47.26637]],[[11.40286,47.26627],[11.40271,47.26629]],[[11.40286,47.26619],[11.40286,47.26627]],[[11.40288,47.26603],[11.40286,47.26619]],[[11.40293,47.26595],[11.40288,47.26603]],[[11.40449,47.26486],[11.40293,47.26595]],[[11.40454,47.26484],[11.40449,47.26486]],[[11.40472,47.26477],[11.40454,47.26484]],[[11.40508,47.26468],[11.40472,47.26477]],[[11.40587,47.26458],[11.40508,47.26468]],[[11.40586,47.26455],[11.40587,47.26458]],[[11.40585,47.26449],[11.40586,47.26455]],[[11.40584,47.26446],[11.40585,47.26449]],[[11.40583,47.26442],[11.40584,47.26446]],[[11.40583,47.26438],[11.40583,47.26442]],[[11.40581,47.26432],[11.40583,47.26438]],[[11.40581,47.26429],[11.40581,47.26432]],[[11.4058,47.26423],[11.40581,47.26429]],[[11.40579,47.26418],[11.4058,47.26423]],[[11.40574,47.26418],[11.40579,47.26418]],[[11.40556,47.2642],[11.40574,47.26418]],[[11.40556,47.2642],[11.40548,47.26307]],[[11.40548,47.26307],[11.40536,47.2618]],[[11.40536,47.2618],[11.40533,47.26163]],[[11.40533,47.26163],[11.40529,47.26144]],[[11.40529,47.26144],[11.40528,47.26135]],[[11.40528,47.26135],[11.40528,47.26125]],[[11.40542,47.26148],[11.40536,47.2618]],[[11.4055,47.26128],[11.40542,47.26148]],[[11.40528,47.26125],[11.4055,47.26128]],[[11.40511,47.26121],[11.40528,47.26125]],[[11.40436,47.25939],[11.40459,47.26094],[11.40511,47.26121]],[[11.40414,47.2578],[11.40436,47.25939]],[[11.40403,47.25771],[11.40414,47.2578]],[[11.40407,47.25734],[11.40403,47.25771]],[[11.40407,47.25734],[11.40406,47.25712]],[[11.40406,47.25712],[11.40419,47.25636]],[[11.40419,47.25636],[11.40432,47.25603]],[[11.40432,47.25603],[11.40507,47.25467]],[[11.40433,47.25293],[11.40507,47.25467]],[[11.40433,47.25293],[11.40456,47.25299]],[[11.40456,47.25299],[11.40462,47.253]],[[11.40462,47.253],[11.40492,47.25249]],[[11.40492,47.25249],[11.40534,47.25246]],[[11.40534,47.25246],[11.40758,47.25243],[11.40784,47.25223]],[[11.40784,47.25223],[11.40661,47.252]],[[11.40661,47.252],[11.40554,47.25165],[11.40487,47.2511],[11.40461,47.25045],[11.40488,47.24997]],[[11.40488,47.24997],[11.40521,47.24959]],[[11.40521,47.24959],[11.40596,47.24916],[11.40636,47.24824],[11.40606,47.24719],[11.40526,47.24615]],[[11.40526,47.24615],[11.40348,47.24396],[11.40275,47.24357],[11.40172,47.24355],[11.40143,47.24339],[11.40121,47.24255],[11.40025,47.24167],[11.39964,47.23902]],[[11.39964,47.23902],[11.40017,47.23815],[11.401,47.23739]],[[11.401,47.23739],[11.40123,47.23719]],[[11.40123,47.23719],[11.40154,47.23697]],[[11.40154,47.23697],[11.40218,47.23656]],[[11.40218,47.23656],[11.40274,47.23592]],[[11.40274,47.23592],[11.40236,47.23489]],[[11.40236,47.23489],[11.40231,47.23435]],[[11.40231,47.23435],[11.40235,47.23419]],[[11.40235,47.23419],[11.40237,47.2341]],[[11.40237,47.2341],[11.40241,47.23401]],[[11.40241,47.23401],[11.40341,47.23283],[11.40355,47.23173]],[[11.40355,47.23173],[11.40411,47.2312],[11.40591,47.23076]],[[11.40435,47.22853],[11.4052,47.23022],[11.40591,47.23076]],[[11.40435,47.22853],[11.4039,47.22608],[11.4052,47.22489],[11.40545,47.22386],[11.40677,47.22105],[11.40676,47.22048]],[[11.40676,47.22048],[11.40816,47.21786],[11.40832,47.21565]],[[11.40832,47.21565],[11.40828,47.21179],[11.40936,47.21065]],[[11.40936,47.21065],[11.41159,47.20839],[11.41257,47.20685]],[[11.41257,47.20685],[11.41283,47.20655]],[[11.41331,47.20557],[11.41283,47.20655]],[[11.41331,47.20557],[11.41401,47.2057],[11.41536,47.20541]],[[11.41572,47.20587],[11.41536,47.20541]],[[11.41572,47.20587],[11.41589,47.2055]],[[11.41589,47.2055],[11.41736,47.20386]],[[11.41736,47.20386],[11.41889,47.20127]],[[11.41889,47.20127],[11.4205,47.19963],[11.42149,47.19897]],[[11.42149,47.19897],[11.42166,47.19889]],[[11.42166,47.19889],[11.42203,47.19882]],[[11.42203,47.19882],[11.42423,47.19831]],[[11.42423,47.19831],[11.42468,47.19823],[11.4253,47.1984],[11.42537,47.19821]],[[11.42537,47.19821],[11.42507,47.19725],[11.42376,47.19672],[11.42337,47.19585],[11.42402,47.19503],[11.4251,47.19465],[11.42513,47.19403],[11.42608,47.19373],[11.42641,47.19288],[11.42695,47.19244]],[[11.42695,47.19244],[11.42773,47.19022],[11.42812,47.18969]],[[11.42812,47.18969],[11.42894,47.18828],[11.42888,47.18721]],[[11.42888,47.18721],[11.42922,47.18664]],[[11.42922,47.18664],[11.42968,47.18607],[11.43034,47.18574]],[[11.43034,47.18574],[11.43103,47.18526]],[[11.43103,47.18526],[11.43143,47.18502]],[[11.43143,47.18502],[11.43177,47.1851]],[[11.43177,47.1851],[11.43195,47.18515]],[[11.43195,47.18515],[11.4341,47.18569]],[[11.4341,47.18569],[11.43458,47.18568]],[[11.43458,47.18568],[11.43638,47.18577]],[[11.43638,47.18577],[11.43714,47.18578]],[[11.43714,47.18578],[11.43724,47.18571]],[[11.43724,47.18571],[11.43709,47.18482],[11.43676,47.18459]],[[11.43676,47.18459],[11.43586,47.18425]],[[11.43586,47.18425],[11.43472,47.18381],[11.43449,47.18302],[11.43373,47.18235]],[[11.43373,47.18235],[11.43384,47.18181],[11.43454,47.18166]],[[11.43454,47.18166],[11.43479,47.1815]],[[11.43479,47.1815],[11.43495,47.18118],[11.43625,47.18081],[11.43637,47.18016],[11.43751,47.17865],[11.43919,47.17712],[11.43941,47.17586],[11.4401,47.17499],[11.44039,47.17381]],[[11.44039,47.17381],[11.44051,47.17272]],[[11.44051,47.17272],[11.44137,47.17271],[11.44148,47.17253]],[[11.44148,47.17253],[11.44128,47.1719],[11.44144,47.17103],[11.4422,47.17094],[11.44553,47.16757]],[[11.44553,47.16757],[11.44604,47.16705]],[[11.44604,47.16705],[11.44849,47.16556]],[[11.44849,47.16556],[11.44951,47.1651]],[[11.44951,47.1651],[11.45161,47.164],[11.45228,47.16377],[11.45288,47.16381]],[[11.45288,47.16381],[11.45347,47.16385],[11.45467,47.16331],[11.4559,47.16315]],[[11.4559,47.16315],[11.45665,47.16319],[11.45778,47.16284]],[[11.45778,47.16284],[11.45942,47.16269]],[[11.45942,47.16269],[11.45972,47.16264]],[[11.45972,47.16264],[11.45995,47.16223]],[[11.45995,47.16223],[11.45922,47.16205]],[[11.45922,47.16205],[11.45888,47.16199]],[[11.45888,47.16199],[11.45813,47.1619],[11.45662,47.16132],[11.45588,47.1607],[11.45449,47.16068],[11.45342,47.16011],[11.45247,47.15989],[11.45213,47.15937],[11.45269,47.15879]],[[11.45269,47.15879],[11.45339,47.15839],[11.45376,47.15782],[11.45404,47.15559]],[[11.45404,47.15559],[11.45414,47.155],[11.45482,47.15406],[11.45476,47.15371],[11.45416,47.15318],[11.45462,47.15229],[11.45462,47.15138],[11.45564,47.15019]],[[11.45564,47.15019],[11.45565,47.15014]],[[11.45565,47.15014],[11.45514,47.14915],[11.45548,47.14863],[11.45655,47.14783]],[[11.45655,47.14783],[11.45665,47.14774]],[[11.45665,47.14774],[11.45705,47.14538],[11.45751,47.14481],[11.45834,47.14444]],[[11.45834,47.14444],[11.45936,47.1436]],[[11.45936,47.1436],[11.4604,47.14296],[11.46052,47.14244]],[[11.46052,47.14244],[11.46046,47.14223]],[[11.46046,47.14223],[11.46028,47.14177]],[[11.46028,47.14177],[11.46029,47.14129]],[[11.46029,47.14129],[11.46033,47.14108]],[[11.46033,47.14108],[11.46048,47.14031],[11.4599,47.13913]],[[11.4599,47.13913],[11.45961,47.13883],[11.45886,47.13874]],[[11.4581,47.13864],[11.45886,47.13874]],[[11.45503,47.13779],[11.45685,47.13768],[11.45757,47.13804],[11.4581,47.13864]],[[11.45503,47.13779],[11.45382,47.13721]],[[11.45382,47.13721],[11.45359,47.13701]],[[11.4533,47.13689],[11.45359,47.13701]],[[11.4533,47.13689],[11.45316,47.13649]],[[11.45321,47.13624],[11.45316,47.13649]],[[11.45321,47.13624],[11.45299,47.13609],[11.45333,47.13532]],[[11.45333,47.13532],[11.45422,47.13421]],[[11.45416,47.13306],[11.45443,47.13323],[11.45422,47.13421]],[[11.45404,47.13283],[11.45416,47.13306]],[[11.45421,47.13219],[11.45404,47.13283]],[[11.45372,47.13192],[11.45421,47.13219]],[[11.45346,47.13181],[11.45372,47.13192]],[[11.45345,47.1318],[11.45346,47.13181]],[[11.45384,47.12949],[11.45433,47.13106],[11.45345,47.1318]],[[11.45384,47.12949],[11.45393,47.12947]],[[11.45393,47.12947],[11.45425,47.12938]],[[11.45425,47.12938],[11.45437,47.12933]],[[11.45437,47.12933],[11.45406,47.12856]],[[11.45406,47.12856],[11.45467,47.12851]],[[11.45467,47.12851],[11.45499,47.1285]],[[11.45499,47.1285],[11.4549,47.12712],[11.45308,47.12601],[11.45271,47.12556]],[[11.45271,47.12556],[11.45211,47.12442],[11.45187,47.12311],[11.45259,47.12258],[11.4541,47.12192],[11.45465,47.12084],[11.45443,47.11985],[11.45363,47.11932]],[[11.45357,47.11935],[11.45363,47.11932]],[[11.45357,47.11935],[11.45328,47.11952]],[[11.45328,47.11952],[11.45176,47.11962]],[[11.45722,47.10828],[11.45478,47.1103],[11.45303,47.1112],[11.45248,47.11205],[11.45229,47.11367],[11.4525,47.1149],[11.45153,47.11822],[11.45176,47.11962]],[[11.45983,47.10541],[11.4588,47.10595],[11.45819,47.10729],[11.45722,47.10828]],[[11.45988,47.10552],[11.45983,47.10541]],[[11.45986,47.10566],[11.45988,47.10552]],[[11.46152,47.10618],[11.46054,47.10603],[11.45986,47.10566]],[[11.46344,47.10499],[11.46242,47.10595],[11.46152,47.10618]],[[11.46719,47.0979],[11.46678,47.09846],[11.46558,47.09932],[11.46519,47.10111],[11.46397,47.10182],[11.46395,47.10323],[11.46344,47.10499]],[[11.46818,47.09381],[11.46848,47.09426],[11.46847,47.09501],[11.46719,47.0979]],[[11.4681,47.09376],[11.46818,47.09381]],[[11.46946,47.09132],[11.46969,47.09138],[11.46963,47.09246],[11.46864,47.09289],[11.4681,47.09376]],[[11.47256,47.08557],[11.47028,47.0883],[11.46946,47.09132]],[[11.47256,47.08557],[11.47325,47.08472],[11.47417,47.08433]],[[11.47631,47.08252],[11.47495,47.08415],[11.47469,47.08434],[11.47417,47.08433]],[[11.47862,47.08144],[11.47631,47.08252]],[[11.47862,47.08144],[11.47869,47.08148]],[[11.47869,47.08148],[11.48061,47.08229]],[[11.48003,47.08171],[11.48061,47.08229]],[[11.48004,47.08164],[11.48003,47.08171]],[[11.48058,47.08134],[11.48004,47.08164]],[[11.47958,47.07991],[11.47998,47.0808],[11.48058,47.08134]]]}},{"type":"Feature","properties":{"name":"Mutterer Alm - Götzner Alm","ref":"5013","network":"rcn","operator":"Tirol","from":"Bergstation Mutterer Almbahn","to":"Götzner Alm","website":"https://radrouting.tirol/","distance":"1.56","route":"mtb","ascent":"0","descent":"80","roundtrip":"no","osm":"relation/11800257","length_km_in_region":1.5},"geometry":{"type":"MultiLineString","coordinates":[[[11.32157,47.2079],[11.321,47.20852],[11.32015,47.21053]],[[11.32166,47.2079],[11.32157,47.2079]],[[11.32332,47.20968],[11.32342,47.20927],[11.32269,47.20919],[11.32166,47.2079]],[[11.32332,47.20968],[11.32421,47.21012],[11.32465,47.21218]],[[11.32465,47.21218],[11.32502,47.21225],[11.32568,47.2128],[11.32908,47.21281],[11.33158,47.21209],[11.33205,47.2118]],[[11.33241,47.21171],[11.33205,47.2118]]]}},{"type":"Feature","properties":{"name":"Mutterer Alm - Kreither Alm","ref":"510","network":"rcn","operator":"Tirol","from":"Talstation Mutterer Almbahn","to":"Abzw. Kreither Alm","website":"https://radrouting.tirol/","distance":"8.85","route":"mtb","ascent":"720","descent":"180","roundtrip":"no","osm":"relation/1432884","length_km_in_region":8.7},"geometry":{"type":"MultiLineString","coordinates":[[[11.36773,47.2219],[11.36783,47.22195]],[[11.36802,47.22141],[11.36773,47.2219]],[[11.36362,47.22036],[11.36486,47.2201],[11.36617,47.21936],[11.36655,47.22031],[11.36645,47.2212],[11.36785,47.22078],[11.36802,47.22141]],[[11.36312,47.22052],[11.36362,47.22036]],[[11.35248,47.21685],[11.35572,47.2183],[11.35613,47.21869],[11.35682,47.21868],[11.35804,47.21961],[11.35838,47.22007],[11.35823,47.2206],[11.35745,47.22159],[11.357,47.2218],[11.35709,47.22195],[11.35971,47.22175],[11.36312,47.22052]],[[11.33988,47.21393],[11.33985,47.21252],[11.33944,47.21182],[11.33953,47.21069],[11.34041,47.21139],[11.34113,47.21148],[11.34129,47.21188],[11.34191,47.21221],[11.34273,47.21241],[11.34616,47.21416],[11.34854,47.21583],[11.34898,47.21456],[11.35023,47.21572],[11.35141,47.21617],[11.35248,47.21685]],[[11.33968,47.21413],[11.33988,47.21393]],[[11.3392,47.21442],[11.33968,47.21413]],[[11.3392,47.21442],[11.33968,47.21413]],[[11.33715,47.21368],[11.33819,47.21433],[11.3392,47.21442]],[[11.33608,47.21393],[11.33678,47.21416],[11.33715,47.21368]],[[11.33241,47.21171],[11.33166,47.21244],[11.33247,47.21276],[11.33387,47.21285],[11.33493,47.21318],[11.33608,47.21393]],[[11.33241,47.21171],[11.33346,47.21144],[11.33375,47.21057]],[[11.33375,47.21057],[11.33384,47.2096],[11.3331,47.20869],[11.33342,47.20793],[11.33316,47.20635],[11.33444,47.20566],[11.33505,47.2047],[11.33566,47.2046],[11.33621,47.204],[11.33784,47.2036],[11.33883,47.20355],[11.33897,47.20309],[11.33976,47.20304],[11.34035,47.20273],[11.34173,47.20254],[11.34236,47.20269],[11.34276,47.20247],[11.34319,47.20251],[11.34432,47.20335],[11.34519,47.20347],[11.34621,47.20319],[11.34772,47.20311],[11.34853,47.20337]],[[11.34853,47.20337],[11.35113,47.20349]],[[11.35113,47.20349],[11.35231,47.2034]],[[11.35231,47.2034],[11.35221,47.20293],[11.35154,47.20266],[11.35144,47.20227],[11.35065,47.20155],[11.35062,47.20064]],[[11.35062,47.20064],[11.35062,47.19946],[11.34966,47.19743],[11.34928,47.1971],[11.34949,47.19631],[11.3487,47.19588],[11.34872,47.19557],[11.34818,47.19486]],[[11.34818,47.19486],[11.34653,47.19405],[11.34549,47.19316],[11.34551,47.19283]],[[11.3477,47.19241],[11.34639,47.19236],[11.34551,47.19283]]]}},{"type":"Feature","properties":{"name":"Mösern-Brunschkopf","ref":"5068","network":"rcn","operator":"Tirol","from":"Telfs-Mösern","to":"Brunschkopf","website":"https://radrouting.tirol/","distance":"4.44","route":"mtb","ascent":"290","descent":"56","roundtrip":"no","osm":"relation/16238592","length_km_in_region":4.4},"geometry":{"type":"MultiLineString","coordinates":[[[11.15905,47.3281],[11.15978,47.32801],[11.16034,47.32827],[11.16024,47.32873],[11.16089,47.32917]],[[11.15832,47.32791],[11.15868,47.32782],[11.15905,47.3281]],[[11.15832,47.32791],[11.15779,47.32797],[11.15756,47.32851],[11.15711,47.32859],[11.15641,47.32847],[11.15496,47.32782]],[[11.15496,47.32782],[11.15379,47.32701],[11.15042,47.32604],[11.14905,47.32407],[11.1485,47.32364],[11.14523,47.32311],[11.14469,47.32288],[11.14405,47.32302],[11.14317,47.3228],[11.14226,47.32295],[11.1418,47.32219],[11.14059,47.32113],[11.14045,47.32064],[11.14271,47.32001],[11.14406,47.31997],[11.1426,47.31945],[11.14152,47.31935]],[[11.14152,47.31935],[11.14238,47.31886],[11.14326,47.31909],[11.14402,47.31903],[11.14645,47.31841],[11.14736,47.3179]],[[11.14736,47.3179],[11.14879,47.31622],[11.14912,47.3154],[11.14906,47.31486],[11.14962,47.31428]],[[11.15018,47.31365],[11.14962,47.31428]],[[11.1505,47.31325],[11.15018,47.31365]],[[11.15086,47.31138],[11.151,47.3118],[11.15044,47.31293],[11.15107,47.3127],[11.1505,47.31325]],[[11.15086,47.31138],[11.14967,47.31147],[11.14756,47.31107],[11.14618,47.31144]]]}},{"type":"Feature","properties":{"name":"Mösern-Seefeld","ref":"546","network":"rcn","from":"Infobüro Mösern","to":"Bahnhof Seefeld","website":"https://radrouting.tirol/","distance":"4.99","route":"mtb","ascent":"100","descent":"130","osm":"relation/16238590","length_km_in_region":5.0},"geometry":{"type":"MultiLineString","coordinates":[[[11.18332,47.32829],[11.18313,47.32825],[11.18332,47.32829]],[[11.1821,47.32852],[11.18314,47.32829]],[[11.1821,47.32852],[11.18211,47.32953]],[[11.18526,47.32977],[11.18211,47.32953]],[[11.1855,47.32979],[11.18526,47.32977]],[[11.18688,47.32987],[11.1855,47.32979]],[[11.18698,47.32988],[11.18688,47.32987]],[[11.18738,47.32992],[11.18698,47.32988]],[[11.18738,47.32992],[11.18895,47.32991]],[[11.18895,47.32991],[11.18901,47.32933]],[[11.14618,47.31144],[11.14578,47.31153]],[[11.15086,47.31138],[11.14967,47.31147],[11.14756,47.31107],[11.14618,47.31144]],[[11.15297,47.31073],[11.15086,47.31138]],[[11.154,47.31038],[11.15297,47.31073]],[[11.15491,47.31058],[11.154,47.31038]],[[11.15491,47.31058],[11.15548,47.30943],[11.1558,47.30923]],[[11.16901,47.31676],[11.16823,47.31596],[11.16828,47.31561],[11.16564,47.314],[11.1651,47.31352],[11.16507,47.31311],[11.16453,47.31304],[11.16237,47.31189],[11.16138,47.31187],[11.15897,47.3113],[11.15809,47.31089],[11.1558,47.30923]],[[11.1755,47.32175],[11.17571,47.3214],[11.17483,47.32051],[11.175,47.32044],[11.17452,47.31981],[11.17294,47.31917],[11.17178,47.31847],[11.1716,47.31813],[11.17039,47.3179],[11.16901,47.31676]],[[11.17473,47.32197],[11.1755,47.32175]],[[11.17547,47.32325],[11.17465,47.32238],[11.17473,47.32197]],[[11.17625,47.32374],[11.17547,47.32325]],[[11.17664,47.32413],[11.17625,47.32374]],[[11.17673,47.32443],[11.17664,47.32413]],[[11.17808,47.32511],[11.1771,47.32503],[11.17673,47.32443]],[[11.17808,47.32511],[11.17871,47.32506]],[[11.17871,47.32506],[11.17998,47.32547]],[[11.17998,47.32547],[11.18038,47.32566]],[[11.18038,47.32566],[11.1804,47.3258]],[[11.1804,47.3258],[11.18042,47.32601],[11.18114,47.32646]],[[11.18207,47.32764],[11.18114,47.32646]],[[11.18224,47.32771],[11.18207,47.32764]],[[11.18316,47.32821],[11.18224,47.32771]]]}},{"type":"Feature","properties":{"name":"Nachberg","ref":"550","network":"rcn","operator":"Tirol","from":"Telfs/Obermarkt","to":"Nachberg","website":"https://radrouting.tirol/","distance":"2.94","route":"mtb","ascent":"240","descent":"0","roundtrip":"no","osm":"relation/18205370","length_km_in_region":2.9},"geometry":{"type":"MultiLineString","coordinates":[[[11.02869,47.29961],[11.02913,47.30007],[11.03144,47.30024],[11.03519,47.3013],[11.03576,47.30171],[11.0359,47.30221],[11.03683,47.30226],[11.03694,47.30269],[11.03734,47.30298],[11.03825,47.30278],[11.03945,47.303],[11.03943,47.30318],[11.03879,47.3033],[11.03872,47.30357],[11.03782,47.30427],[11.03847,47.3043],[11.03996,47.30395],[11.03931,47.30456],[11.04069,47.30449],[11.04264,47.30489],[11.04309,47.30535]],[[11.04309,47.30535],[11.04624,47.30568],[11.04782,47.30624],[11.04883,47.30618],[11.05008,47.30676],[11.05508,47.30687],[11.05663,47.30748]],[[11.05695,47.30743],[11.05663,47.30748]]]}},{"type":"Feature","properties":{"name":"Nachberg -Fichter Köpfl","route":"mtb","mtb:type":"trial","osm":"relation/2085953","length_km_in_region":4.3},"geometry":{"type":"MultiLineString","coordinates":[[[11.02309,47.2998],[11.02397,47.29979],[11.02535,47.2993],[11.0263,47.29936],[11.02745,47.29908],[11.02869,47.29961]],[[11.02869,47.29961],[11.02913,47.30007],[11.03144,47.30024],[11.03519,47.3013],[11.03576,47.30171],[11.0359,47.30221],[11.03683,47.30226],[11.03694,47.30269],[11.03734,47.30298],[11.03825,47.30278],[11.03945,47.303],[11.03943,47.30318],[11.03879,47.3033],[11.03872,47.30357],[11.03782,47.30427],[11.03847,47.3043],[11.03996,47.30395],[11.03931,47.30456],[11.04069,47.30449],[11.04264,47.30489],[11.04309,47.30535]],[[11.02822,47.29857],[11.02859,47.29875],[11.02869,47.29961]],[[11.00007,47.29463],[11.00295,47.29555],[11.00415,47.29636],[11.0051,47.29671],[11.00757,47.29728],[11.01103,47.29866],[11.01448,47.29959],[11.01629,47.2998],[11.01829,47.29957],[11.02204,47.30014],[11.02285,47.30002],[11.02309,47.2998]]]}},{"type":"Feature","properties":{"name":"Nasses Tal","ref":"34","operator":"Land Tirol","distance":"5.9","route":"mtb","ascent":"291","osm":"relation/3029554","length_km_in_region":5.8},"geometry":{"type":"MultiLineString","coordinates":[[[11.27993,47.23074],[11.27945,47.23064],[11.27926,47.23035]],[[11.28097,47.23085],[11.27993,47.23074]],[[11.28214,47.23039],[11.28097,47.23085]],[[11.28214,47.23039],[11.28286,47.23158],[11.2836,47.23213],[11.28379,47.23293]],[[11.28379,47.23293],[11.28372,47.23365]],[[11.28372,47.23365],[11.28372,47.23368]],[[11.28372,47.23368],[11.28371,47.23376]],[[11.28371,47.23376],[11.28475,47.23473],[11.28585,47.23507]],[[11.2876,47.23644],[11.28691,47.23587],[11.28615,47.23575],[11.28585,47.23507]],[[11.28673,47.23712],[11.28781,47.23693],[11.2876,47.23644]],[[11.28853,47.23891],[11.28743,47.23784],[11.28724,47.23741],[11.28673,47.23712]],[[11.29012,47.24152],[11.28853,47.23891]],[[11.29012,47.24152],[11.29029,47.24151]],[[11.29029,47.24151],[11.2909,47.24135]],[[11.2909,47.24135],[11.29103,47.24131]],[[11.29103,47.24131],[11.29308,47.24081]],[[11.29308,47.24081],[11.2957,47.24232],[11.2968,47.24248],[11.30019,47.24254],[11.30231,47.2416],[11.30353,47.24159],[11.30488,47.24205],[11.30517,47.24266],[11.30571,47.2431],[11.30713,47.24318],[11.30818,47.24345],[11.30961,47.24402],[11.31005,47.24441]],[[11.31005,47.24441],[11.31086,47.24518],[11.31148,47.24545],[11.3135,47.24588],[11.3132,47.24648]],[[11.31323,47.24655],[11.3132,47.24648]],[[11.31323,47.24659],[11.31323,47.24655]],[[11.32622,47.24982],[11.32575,47.24971],[11.32337,47.24988],[11.32172,47.24951],[11.31861,47.24849],[11.3177,47.24844],[11.31386,47.24659],[11.31323,47.24659]],[[11.32632,47.24985],[11.32622,47.24982]],[[11.32637,47.24987],[11.32632,47.24985]],[[11.32637,47.24987],[11.32737,47.25122],[11.32754,47.25193]],[[11.32754,47.25193],[11.32818,47.25201]],[[11.32842,47.25257],[11.32818,47.25201]],[[11.32851,47.2528],[11.32842,47.25257]],[[11.33123,47.25443],[11.33041,47.25363],[11.3287,47.25326],[11.32851,47.2528]],[[11.33123,47.25443],[11.33138,47.25463]],[[11.33138,47.25463],[11.33158,47.25489]],[[11.33158,47.25489],[11.33166,47.25499]]]}},{"type":"Feature","properties":{"name":"Natterer Boden Runde","ref":"5086","network":"rcn","from":"Parkplatz Natterer See","to":"Parkplatz Natterer See","distance":"9.05","route":"mtb","ascent":"150","descent":"150","osm":"relation/17936106","length_km_in_region":9.9},"geometry":{"type":"MultiLineString","coordinates":[[[11.34441,47.23948],[11.34081,47.23855],[11.3399,47.23851]],[[11.34897,47.23878],[11.34632,47.23933],[11.34441,47.23948]],[[11.35469,47.2402],[11.35204,47.23917],[11.35018,47.23911],[11.34897,47.23878]],[[11.35601,47.24067],[11.35469,47.2402]],[[11.36253,47.24111],[11.36209,47.24135],[11.35845,47.24129],[11.35725,47.24111],[11.35601,47.24067]],[[11.36253,47.24111],[11.36432,47.24181]],[[11.36432,47.24181],[11.36602,47.24221],[11.36899,47.24247]],[[11.36899,47.24247],[11.36872,47.24315]],[[11.36872,47.24315],[11.36967,47.24399],[11.37171,47.24477],[11.37256,47.24468]],[[11.3879,47.24203],[11.38764,47.24228],[11.38638,47.24219],[11.38521,47.24149],[11.38347,47.24082],[11.38182,47.24089],[11.37854,47.242],[11.37453,47.24241],[11.37339,47.24316],[11.37256,47.24468]],[[11.38725,47.24074],[11.3879,47.24203]],[[11.38576,47.23881],[11.38633,47.23911],[11.38686,47.23976],[11.38725,47.24074]],[[11.38386,47.23892],[11.38496,47.23872],[11.38576,47.23881]],[[11.38292,47.23884],[11.38386,47.23892]],[[11.38292,47.23876],[11.38292,47.23884]],[[11.38292,47.23876],[11.38294,47.23865]],[[11.38294,47.23865],[11.38168,47.23826],[11.38124,47.23733]],[[11.38129,47.23668],[11.38124,47.23733]],[[11.37977,47.2341],[11.38093,47.23513],[11.38129,47.23668]],[[11.37928,47.23344],[11.37977,47.2341]],[[11.37928,47.23344],[11.37883,47.23308]],[[11.37507,47.23333],[11.37635,47.23285],[11.37883,47.23308]],[[11.37353,47.234],[11.37507,47.23333]],[[11.37353,47.234],[11.37265,47.2349]],[[11.37265,47.2349],[11.37166,47.23534],[11.368,47.23633]],[[11.368,47.23633],[11.36535,47.23671],[11.36317,47.23666]],[[11.36317,47.23666],[11.36097,47.2362],[11.35613,47.2359],[11.3528,47.2371],[11.35075,47.23674],[11.34943,47.23618],[11.3483,47.2361]],[[11.3483,47.2361],[11.34701,47.2365]],[[11.34701,47.2365],[11.34535,47.23717],[11.34394,47.23726]],[[11.34394,47.23726],[11.34254,47.23754],[11.34169,47.23752],[11.34101,47.23814],[11.3399,47.23851],[11.33914,47.23834]],[[11.38292,47.23876],[11.38292,47.23884]],[[11.37462,47.23385],[11.37353,47.234]],[[11.37462,47.23385],[11.37433,47.23416],[11.37456,47.23521]],[[11.37456,47.23521],[11.37409,47.23564],[11.37346,47.23772],[11.37345,47.23874],[11.37382,47.23999],[11.37366,47.24076],[11.37455,47.24146],[11.37444,47.24245]]]}},{"type":"Feature","properties":{"name":"Natterer Boden-Runde","ref":"5086","network":"rcn","route":"bicycle","osm":"relation/19515427","length_km_in_region":4.0},"geometry":{"type":"MultiLineString","coordinates":[[[11.38292,47.23876],[11.38294,47.23865]],[[11.38294,47.23865],[11.38168,47.23826],[11.38124,47.23733]],[[11.38129,47.23668],[11.38124,47.23733]],[[11.37977,47.2341],[11.38093,47.23513],[11.38129,47.23668]],[[11.37928,47.23344],[11.37977,47.2341]],[[11.37928,47.23344],[11.37883,47.23308]],[[11.37507,47.23333],[11.37635,47.23285],[11.37883,47.23308]],[[11.37353,47.234],[11.37507,47.23333]],[[11.37353,47.234],[11.37265,47.2349]],[[11.37265,47.2349],[11.37166,47.23534],[11.368,47.23633]],[[11.368,47.23633],[11.36535,47.23671],[11.36317,47.23666]],[[11.36317,47.23666],[11.36097,47.2362],[11.35613,47.2359],[11.3528,47.2371],[11.35075,47.23674],[11.34943,47.23618],[11.3483,47.2361]],[[11.3483,47.2361],[11.34701,47.2365]],[[11.34701,47.2365],[11.34535,47.23717],[11.34394,47.23726]],[[11.34394,47.23726],[11.34254,47.23754],[11.34169,47.23752],[11.34101,47.23814],[11.3399,47.23851],[11.33914,47.23834]]]}},{"type":"Feature","properties":{"name":"Naviser Almenrunde","ref":"520","network":"rcn","operator":"Tirol","from":"Parkplatz Schranzberg","to":"Parkplatz Schranzberg","website":"https://radrouting.tirol/","distance":"16.35","route":"mtb","ascent":"710","descent":"710","roundtrip":"yes","osm":"relation/2965362","length_km_in_region":15.8},"geometry":{"type":"MultiLineString","coordinates":[[[11.55186,47.13619],[11.55292,47.13654],[11.55365,47.13716]],[[11.55365,47.13716],[11.5549,47.13831],[11.55465,47.13904],[11.55517,47.14055],[11.55706,47.14241],[11.55719,47.14295],[11.55843,47.1447],[11.55949,47.14587],[11.56083,47.14655],[11.56125,47.14718],[11.56282,47.14751]],[[11.5628,47.14757],[11.56282,47.14751]],[[11.56279,47.14771],[11.5628,47.14757]],[[11.56279,47.14771],[11.56282,47.14811],[11.56252,47.14824],[11.56067,47.14769]],[[11.56067,47.14769],[11.56059,47.14763]],[[11.56059,47.14763],[11.55931,47.1465],[11.55727,47.14407],[11.55505,47.14285],[11.55444,47.1427],[11.55408,47.14202],[11.55324,47.14162]],[[11.55282,47.14106],[11.55324,47.14162]],[[11.55673,47.14873],[11.55758,47.14776],[11.55761,47.14732],[11.5559,47.14523],[11.55474,47.14487],[11.55397,47.14399],[11.55372,47.1424],[11.55282,47.14106]],[[11.55585,47.14909],[11.55673,47.14873]],[[11.55583,47.14917],[11.55585,47.14909]],[[11.55973,47.15114],[11.55727,47.15022],[11.55583,47.14917]],[[11.55973,47.15114],[11.56006,47.15156],[11.56045,47.15166]],[[11.56045,47.15166],[11.56239,47.15144],[11.56353,47.15161],[11.56382,47.15196],[11.56527,47.15219],[11.56626,47.15265],[11.56666,47.1535],[11.5675,47.15422],[11.56834,47.15412],[11.56964,47.15479],[11.57199,47.15496],[11.57356,47.15599],[11.57423,47.15584],[11.57552,47.1548],[11.57656,47.15463],[11.57673,47.15438],[11.57727,47.15427],[11.57844,47.15355]],[[11.57844,47.15355],[11.57854,47.15352]],[[11.57854,47.15352],[11.58107,47.153],[11.57995,47.15275],[11.58136,47.15264],[11.58293,47.15282],[11.58459,47.15331],[11.58423,47.15304],[11.58441,47.15286],[11.58415,47.15259],[11.58467,47.15241],[11.5847,47.15224],[11.58234,47.15179],[11.58262,47.15179]],[[11.58262,47.15179],[11.58487,47.15153],[11.58679,47.15098],[11.5873,47.15068],[11.58838,47.15051],[11.58991,47.15053],[11.59126,47.15004],[11.59264,47.14982],[11.59383,47.14986],[11.59368,47.1505],[11.59394,47.15078],[11.59502,47.15082],[11.59567,47.15065]],[[11.59567,47.15065],[11.59573,47.15068]],[[11.59573,47.15068],[11.59578,47.15085]],[[11.59617,47.15118],[11.59578,47.15085]],[[11.59617,47.15118],[11.59578,47.15085]],[[11.59573,47.15068],[11.59578,47.15085]],[[11.59567,47.15065],[11.59573,47.15068]],[[11.58262,47.15179],[11.58487,47.15153],[11.58679,47.15098],[11.5873,47.15068],[11.58838,47.15051],[11.58991,47.15053],[11.59126,47.15004],[11.59264,47.14982],[11.59383,47.14986],[11.59368,47.1505],[11.59394,47.15078],[11.59502,47.15082],[11.59567,47.15065]],[[11.58262,47.15179],[11.58055,47.15124],[11.57962,47.15115],[11.57912,47.15134],[11.57891,47.15107],[11.57853,47.15112],[11.57879,47.14959]],[[11.57879,47.14959],[11.57877,47.14948]],[[11.57877,47.14948],[11.57834,47.14945],[11.57745,47.14892]],[[11.57745,47.14892],[11.57761,47.14774],[11.57723,47.14739]],[[11.57432,47.14678],[11.57519,47.14711],[11.57609,47.14698],[11.57705,47.14714],[11.57723,47.14739]],[[11.56822,47.14222],[11.5687,47.14295],[11.57117,47.14391],[11.572,47.14469],[11.57235,47.14577],[11.57319,47.1464],[11.57432,47.14678]],[[11.56854,47.14167],[11.56833,47.14171],[11.56822,47.14222]],[[11.57257,47.1399],[11.57264,47.13918],[11.57228,47.1386],[11.57174,47.13823],[11.57125,47.13953],[11.57024,47.13971],[11.56966,47.14144],[11.56906,47.14171],[11.56854,47.14167]],[[11.57257,47.1399],[11.57264,47.13918],[11.57228,47.1386],[11.57174,47.13823],[11.57125,47.13953],[11.57024,47.13971],[11.56966,47.14144],[11.56906,47.14171],[11.56854,47.14167]],[[11.56854,47.14167],[11.56833,47.14171],[11.56822,47.14222]],[[11.56822,47.14222],[11.56813,47.14287],[11.5689,47.1449],[11.5685,47.14578],[11.56744,47.14463],[11.56663,47.14433],[11.56619,47.14328],[11.56496,47.14269],[11.56462,47.14223],[11.56395,47.14199],[11.56255,47.14069],[11.56229,47.14082],[11.56228,47.1423],[11.56159,47.14181],[11.56048,47.14147],[11.55991,47.14027],[11.559,47.13947],[11.5589,47.13848],[11.55788,47.13938]],[[11.55788,47.13938],[11.55764,47.13977],[11.55675,47.14034],[11.55667,47.1408],[11.55606,47.13981],[11.556,47.13851],[11.55569,47.13835],[11.55495,47.13715],[11.55281,47.13633]],[[11.55281,47.13633],[11.55186,47.13619]]]}},{"type":"Feature","properties":{"name":"Naviser Bachweg","ref":"534","network":"rcn","operator":"Tirol","from":"Bahnhof Matrei a.Br.","to":"Parkplatz Schranzberg","website":"https://radrouting.tirol/","distance":"13.4","route":"mtb","ascent":"400","descent":"10","roundtrip":"no","osm":"relation/2965363","length_km_in_region":10.3},"geometry":{"type":"MultiLineString","coordinates":[[[11.45248,47.1275],[11.45263,47.12746]],[[11.45297,47.12961],[11.45248,47.1275]],[[11.45297,47.12961],[11.45384,47.12949]],[[11.45384,47.12949],[11.45393,47.12947]],[[11.45393,47.12947],[11.45425,47.12938]],[[11.45425,47.12938],[11.45437,47.12933]],[[11.45437,47.12933],[11.45406,47.12856]],[[11.45406,47.12856],[11.45467,47.12851]],[[11.45467,47.12851],[11.45499,47.1285]],[[11.45499,47.1285],[11.4549,47.12712],[11.45308,47.12601],[11.45271,47.12556]],[[11.45271,47.12556],[11.45211,47.12442],[11.45187,47.12311],[11.45259,47.12258],[11.4541,47.12192],[11.45465,47.12084],[11.45443,47.11985],[11.45363,47.11932]],[[11.45363,47.11932],[11.45492,47.11878],[11.45612,47.11774],[11.45695,47.11766]],[[11.45695,47.11766],[11.45748,47.11736],[11.45968,47.11688],[11.46057,47.11631]],[[11.46057,47.11631],[11.46059,47.11612]],[[11.46059,47.11612],[11.46057,47.11601]],[[11.46057,47.11601],[11.46195,47.11595],[11.46385,47.11539]],[[11.46385,47.11539],[11.46413,47.11533]],[[11.46413,47.11533],[11.46516,47.115],[11.46711,47.11505],[11.46851,47.11568],[11.46921,47.11666],[11.47115,47.11737]],[[11.47115,47.11737],[11.47117,47.11753]],[[11.47117,47.11753],[11.47252,47.11781],[11.47599,47.118],[11.47743,47.11836],[11.47797,47.11832]],[[11.47797,47.11832],[11.47911,47.11797],[11.48108,47.11877],[11.48297,47.11885],[11.48467,47.11871],[11.48655,47.11918],[11.48913,47.11897],[11.49016,47.11951],[11.49198,47.11965],[11.49322,47.12044],[11.49568,47.12055],[11.49727,47.12127],[11.4984,47.12124],[11.50149,47.12227],[11.50237,47.12237],[11.50511,47.12212],[11.50636,47.12232],[11.50729,47.12287]],[[11.50729,47.12287],[11.50736,47.12289]],[[11.50736,47.12289],[11.51067,47.12305],[11.51185,47.12266],[11.51392,47.12327],[11.51599,47.12345],[11.51673,47.12381],[11.51765,47.1237],[11.51894,47.12434],[11.52048,47.1256],[11.52175,47.12557],[11.52259,47.12588],[11.52702,47.12652],[11.52824,47.12702],[11.53152,47.12752],[11.53241,47.12807],[11.5336,47.12806]],[[11.5336,47.12806],[11.53548,47.12826],[11.53594,47.1285]],[[11.53594,47.1285],[11.53742,47.1294],[11.53747,47.12974],[11.53681,47.13033]],[[11.53681,47.13033],[11.53697,47.13039]],[[11.53697,47.13039],[11.53789,47.1307]],[[11.53789,47.1307],[11.53812,47.13076]],[[11.53812,47.13076],[11.53886,47.13083],[11.54028,47.13065]],[[11.54028,47.13065],[11.54048,47.13064]],[[11.54048,47.13064],[11.5405,47.13078]],[[11.5405,47.13078],[11.54048,47.13092]],[[11.54201,47.13177],[11.5406,47.13158],[11.54048,47.13092]],[[11.54239,47.13191],[11.54201,47.13177]],[[11.54335,47.13241],[11.54239,47.13191]],[[11.54486,47.13278],[11.54379,47.13266],[11.54335,47.13241]],[[11.54506,47.13285],[11.54486,47.13278]],[[11.54557,47.13319],[11.54506,47.13285]],[[11.54557,47.13319],[11.54567,47.13325]],[[11.54567,47.13325],[11.54575,47.13332]],[[11.54575,47.13332],[11.54596,47.13371]],[[11.54596,47.13371],[11.54617,47.13378]],[[11.54617,47.13378],[11.5505,47.13555]],[[11.5505,47.13555],[11.55186,47.13619]]]}},{"type":"Feature","properties":{"name":"Naviser Sunnseitn Trail","ref":"522","operator":"Land Tirol","distance":"6.7","route":"mtb","mtb:type":"trail","ascent":"258","osm":"relation/2965370","length_km_in_region":9.3},"geometry":{"type":"MultiLineString","coordinates":[[[11.54307,47.15623],[11.54194,47.15665],[11.54113,47.15749],[11.54109,47.15835],[11.5415,47.15841],[11.54162,47.15867],[11.54098,47.15907],[11.54106,47.15945],[11.54196,47.15982],[11.54157,47.16033],[11.54171,47.16056],[11.54228,47.16079],[11.54302,47.16071]],[[11.53081,47.1518],[11.53147,47.15207],[11.53189,47.1527],[11.53695,47.15364],[11.53831,47.15352],[11.53889,47.15294],[11.53944,47.15289],[11.53987,47.15208],[11.54226,47.15241],[11.54304,47.1531],[11.54307,47.15362],[11.54341,47.15409],[11.54348,47.15513],[11.54297,47.15595],[11.54307,47.15623]],[[11.52051,47.14952],[11.52261,47.15039],[11.52494,47.15102],[11.52597,47.15109],[11.5264,47.15143],[11.52903,47.15176],[11.53081,47.1518]],[[11.50083,47.1407],[11.50005,47.14073],[11.49773,47.1418],[11.49589,47.14429],[11.49553,47.14542]],[[11.49837,47.14727],[11.49702,47.1464],[11.49603,47.14604],[11.49553,47.14542]],[[11.49837,47.14727],[11.49844,47.14725]],[[11.5,47.14983],[11.49953,47.14815],[11.49844,47.14725]],[[11.50201,47.15136],[11.50221,47.15118],[11.50197,47.15088],[11.50055,47.15028],[11.5,47.14983]],[[11.50188,47.15164],[11.50201,47.15136]],[[11.50411,47.15486],[11.50341,47.15384],[11.50324,47.15311],[11.5022,47.15223],[11.50188,47.15164]],[[11.55074,47.16176],[11.54939,47.16249],[11.54731,47.16251],[11.54611,47.1618],[11.5445,47.16188],[11.54355,47.16089],[11.54302,47.16071]],[[11.55864,47.16066],[11.55769,47.16019],[11.55581,47.15974],[11.55454,47.16011],[11.5535,47.16095],[11.55246,47.16129],[11.55167,47.16129],[11.55074,47.16176]],[[11.56031,47.16145],[11.55965,47.1612],[11.55915,47.16074],[11.55864,47.16066]],[[11.56031,47.16145],[11.56275,47.16145],[11.56577,47.16267]],[[11.52042,47.14935],[11.52051,47.14952]],[[11.52037,47.14932],[11.52042,47.14935]],[[11.51929,47.1477],[11.51948,47.14781],[11.51954,47.14864],[11.52037,47.14892],[11.52037,47.14932]],[[11.51761,47.14681],[11.51861,47.1472],[11.51929,47.1477]],[[11.51587,47.14561],[11.51597,47.14576],[11.51527,47.14619],[11.51534,47.14638],[11.51761,47.14681]],[[11.50973,47.14213],[11.51119,47.14288],[11.51232,47.14374],[11.5143,47.14431],[11.51413,47.14466],[11.51444,47.14484],[11.51412,47.14516],[11.51447,47.14556],[11.5154,47.14538],[11.51587,47.14561]],[[11.50083,47.1407],[11.50387,47.14124],[11.50503,47.14105],[11.50636,47.14127],[11.50686,47.14154],[11.50744,47.14147],[11.50869,47.1417],[11.50973,47.14213]]]}},{"type":"Feature","properties":{"name":"Neißweg","ref":"5084","network":"rcn","operator":"Tirol","from":"Parkplatz Bogner Aste","to":"Parkplatz Walderalm, Gnadenwald","website":"https://radrouting.tirol/","distance":"6.37","route":"mtb","ascent":"140","descent":"70","roundtrip":"no","osm":"relation/16236802","length_km_in_region":6.3},"geometry":{"type":"MultiLineString","coordinates":[[[11.53012,47.3117],[11.53184,47.31117],[11.53326,47.31101]],[[11.53326,47.31101],[11.53701,47.31075],[11.53795,47.31086]],[[11.53795,47.31086],[11.53916,47.3105],[11.54124,47.31097],[11.54321,47.31077],[11.5459,47.31123],[11.54765,47.31132]],[[11.54765,47.31132],[11.54969,47.31145]],[[11.55322,47.3125],[11.55222,47.31179],[11.54969,47.31145]],[[11.55322,47.3125],[11.55228,47.313],[11.55103,47.31286],[11.55063,47.31318],[11.5498,47.31344]],[[11.55295,47.31428],[11.5498,47.31344]],[[11.553,47.31431],[11.55295,47.31428]],[[11.55313,47.31523],[11.55336,47.31461],[11.553,47.31431]],[[11.55253,47.31674],[11.55313,47.31523]],[[11.55672,47.31733],[11.55532,47.3168],[11.55253,47.31674]],[[11.55673,47.31777],[11.55672,47.31733]],[[11.55568,47.32049],[11.55589,47.31964],[11.55676,47.3187],[11.55673,47.31777]],[[11.55568,47.32049],[11.55795,47.32128]],[[11.55795,47.32128],[11.55843,47.32158],[11.55974,47.32149],[11.56196,47.32188],[11.56504,47.32159],[11.56963,47.32152],[11.571,47.32187]],[[11.571,47.32187],[11.5721,47.32253],[11.57323,47.32271]],[[11.57323,47.32271],[11.57338,47.32273]],[[11.57338,47.32273],[11.5758,47.3234],[11.57878,47.32373],[11.5801,47.32405],[11.58134,47.32405],[11.58198,47.32363]],[[11.58198,47.32363],[11.58206,47.32353]],[[11.58206,47.32353],[11.58263,47.32285]],[[11.58263,47.32285],[11.58394,47.32236],[11.58511,47.32237]],[[11.58511,47.32237],[11.58553,47.32233]],[[11.58553,47.32233],[11.58562,47.32238]],[[11.58562,47.32238],[11.58853,47.32275],[11.59157,47.32353]],[[11.59157,47.32353],[11.5914,47.32377]]]}},{"type":"Feature","properties":{"name":"Neuleutasch - Wildmoos","ref":"5070","network":"rcn","operator":"Tirol","from":"Gasthof Neuleutasch (Bundesstraße)","to":"Wildmoosalm","website":"https://radrouting.tirol/","distance":"3.7","route":"mtb","ascent":"120","descent":"30","roundtrip":"no","osm":"relation/16238589","length_km_in_region":3.7},"geometry":{"type":"MultiLineString","coordinates":[[[11.15998,47.33548],[11.16105,47.33561]],[[11.15824,47.33566],[11.15998,47.33548]],[[11.1569,47.33639],[11.15824,47.33566]],[[11.1569,47.33639],[11.15866,47.33754],[11.15929,47.33824],[11.16077,47.33886]],[[11.16404,47.34151],[11.16369,47.33977],[11.16337,47.33936],[11.16254,47.33887],[11.1615,47.33926],[11.16077,47.33886]],[[11.16404,47.34151],[11.16464,47.34179],[11.16531,47.34166],[11.16681,47.34336]],[[11.16681,47.34336],[11.16876,47.34498],[11.16964,47.34526],[11.17059,47.34593],[11.17063,47.34616],[11.17005,47.34627],[11.17008,47.34654],[11.17149,47.34762],[11.17198,47.34766],[11.17322,47.34721],[11.17329,47.3469],[11.17398,47.34638],[11.17393,47.34597],[11.17424,47.34584],[11.17547,47.34647],[11.1762,47.34648],[11.17725,47.34684],[11.17934,47.34713],[11.1807,47.34756],[11.18152,47.34808],[11.18213,47.34803]],[[11.18187,47.34836],[11.18213,47.34803]],[[11.18184,47.34842],[11.18187,47.34836]],[[11.18183,47.35228],[11.18184,47.34842]]]}},{"type":"Feature","properties":{"name":"Oberhofer Melkalm","ref":"5054","network":"rcn","operator":"Tirol","from":"Oberhofen, PP M-Preis","to":"Melkalm","website":"https://radrouting.tirol/","distance":"9.37","route":"mtb","ascent":"1040","descent":"0","roundtrip":"no","osm":"relation/11800224","length_km_in_region":9.1},"geometry":{"type":"MultiLineString","coordinates":[[[11.09701,47.29661],[11.09834,47.29587],[11.09892,47.29473]],[[11.10097,47.29443],[11.09892,47.29473]],[[11.1015,47.29144],[11.1012,47.2924],[11.10072,47.29258],[11.1,47.29248],[11.09913,47.29289],[11.1003,47.29311],[11.10114,47.29372],[11.09973,47.29415],[11.0997,47.29434],[11.10097,47.29443]],[[11.1015,47.29144],[11.1021,47.29105],[11.10444,47.29057],[11.10501,47.29005],[11.10629,47.28968],[11.10653,47.28919],[11.10726,47.28887],[11.10898,47.28751],[11.10991,47.28728],[11.11064,47.28659],[11.11072,47.28642],[11.1097,47.28633],[11.10716,47.28642],[11.10754,47.28559],[11.10943,47.28428],[11.10881,47.28367],[11.10909,47.28297],[11.10834,47.28267]],[[11.09364,47.27313],[11.0917,47.27313],[11.09358,47.27406],[11.09445,47.27425],[11.09567,47.27408],[11.09672,47.27355],[11.09612,47.27463],[11.0956,47.27506],[11.09458,47.27545],[11.09313,47.27537],[11.09451,47.27624],[11.09543,47.27637],[11.09739,47.27627],[11.09999,47.27567],[11.09885,47.27686],[11.09648,47.27792],[11.09375,47.27823],[11.09446,47.27855],[11.09662,47.27897],[11.09849,47.27901],[11.10045,47.27874],[11.09953,47.27945],[11.09575,47.28053],[11.09253,47.2808],[11.09459,47.28137],[11.10053,47.2818],[11.10183,47.28165],[11.10381,47.28086],[11.10194,47.28301],[11.09938,47.28384],[11.10395,47.28408],[11.104,47.28459],[11.10562,47.28413],[11.10601,47.28384],[11.10741,47.28364],[11.10787,47.28295],[11.10834,47.28267]],[[11.0964,47.30001],[11.09687,47.2967]],[[11.0964,47.30001],[11.09258,47.29987]],[[11.09258,47.29987],[11.09087,47.29974]]]}},{"type":"Feature","properties":{"name":"Oberissalm","ref":"568","network":"rcn","operator":"Tirol","from":"Neustift i.St. - Milders","to":"Oberissalm","website":"https://radrouting.tirol/","distance":"8.99","route":"mtb","ascent":"710","descent":"0","roundtrip":"no","osm":"relation/2981023","length_km_in_region":8.9},"geometry":{"type":"MultiLineString","coordinates":[[[11.28348,47.09919],[11.28172,47.10016],[11.28084,47.10039],[11.28023,47.10095]],[[11.28023,47.10095],[11.27965,47.10176],[11.27942,47.10259],[11.27886,47.1032],[11.27869,47.10384]],[[11.27869,47.10384],[11.27842,47.10446],[11.27758,47.10515],[11.27729,47.10636],[11.27622,47.10776]],[[11.27622,47.10776],[11.27436,47.10991],[11.27415,47.11045]],[[11.27415,47.11045],[11.27418,47.1105]],[[11.27418,47.1105],[11.27424,47.11057]],[[11.27445,47.11073],[11.27424,47.11057]],[[11.27226,47.11267],[11.27408,47.11143],[11.27444,47.1111],[11.27445,47.11073]],[[11.26661,47.115],[11.26951,47.11431],[11.26992,47.1132],[11.27226,47.11267]],[[11.26648,47.11494],[11.26661,47.115]],[[11.26633,47.11484],[11.26648,47.11494]],[[11.26617,47.11478],[11.26633,47.11484]],[[11.25014,47.11632],[11.25277,47.11682],[11.25357,47.1168],[11.2578,47.11638],[11.26412,47.11481],[11.26537,47.11499],[11.26617,47.11478]],[[11.23431,47.11411],[11.23627,47.11406],[11.2373,47.11474],[11.23828,47.11483],[11.2399,47.11553],[11.24229,47.116],[11.24383,47.1166],[11.24754,47.11606],[11.24887,47.11606],[11.25014,47.11632]],[[11.23389,47.1141],[11.23431,47.11411]],[[11.22383,47.10898],[11.22463,47.10939],[11.22481,47.10979],[11.22635,47.1105],[11.2277,47.11054],[11.23109,47.11174],[11.23232,47.11367],[11.23389,47.1141]],[[11.21737,47.10479],[11.21795,47.10543],[11.22179,47.10687],[11.22383,47.10898]],[[11.21277,47.10237],[11.21697,47.10431],[11.21737,47.10479]],[[11.20744,47.09989],[11.20903,47.10044],[11.21025,47.10122],[11.21243,47.10205],[11.21277,47.10237]],[[11.20717,47.09993],[11.20744,47.09989]],[[11.20148,47.09879],[11.20185,47.09907],[11.20403,47.09945],[11.20624,47.10039],[11.20667,47.10003],[11.20717,47.09993]],[[11.20137,47.09864],[11.20148,47.09879]],[[11.19593,47.09513],[11.19764,47.0964],[11.20002,47.0976],[11.20137,47.09864]],[[11.19385,47.09482],[11.19557,47.09495],[11.19593,47.09513]]]}},{"type":"Feature","properties":{"name":"Obernberger Panoramatour","ref":"528","network":"rcn","operator":"Tirol","from":"Bahnhof Steinach a.Br.","to":"Bahnhof Steinach a.Br.","website":"https://radrouting.tirol/","distance":"34.53","route":"mtb","ascent":"1130","descent":"1130","roundtrip":"yes","osm":"relation/2963653","length_km_in_region":1.7},"geometry":{"type":"MultiLineString","coordinates":[[[11.46877,47.07998],[11.46883,47.0808],[11.46757,47.08162],[11.46749,47.08185],[11.468,47.08212],[11.46858,47.08192],[11.46952,47.08193],[11.46882,47.0822],[11.46818,47.08316]],[[11.46818,47.08316],[11.46804,47.08477],[11.46753,47.08571]],[[11.46753,47.08571],[11.46714,47.08681],[11.46585,47.08873]],[[11.46585,47.08873],[11.46581,47.08899]],[[11.46581,47.08899],[11.46758,47.08928]],[[11.46758,47.08928],[11.46796,47.08859]],[[11.46838,47.08863],[11.46796,47.08859]],[[11.46863,47.08865],[11.46838,47.08863]],[[11.46946,47.08869],[11.46863,47.08865]],[[11.46948,47.08906],[11.46946,47.08869]],[[11.4693,47.0896],[11.46948,47.08906]]]}},{"type":"Feature","properties":{"name":"Oberperfuss","ref":"509","network":"rcn","operator":"Tirol","from":"Oberperfuss-Liftparkplatz","to":"Roßkogelhütte","website":"https://radrouting.tirol/","distance":"8.46","route":"mtb","ascent":"930","descent":"0","roundtrip":"no","osm":"relation/1434058","length_km_in_region":8.3},"geometry":{"type":"MultiLineString","coordinates":[[[11.23274,47.24682],[11.23538,47.24632]],[[11.23274,47.24682],[11.23187,47.24689],[11.22928,47.24664]],[[11.22881,47.24666],[11.22928,47.24664]],[[11.22772,47.24665],[11.22881,47.24666]],[[11.2309,47.24497],[11.23035,47.2451],[11.22987,47.24559],[11.22831,47.24601],[11.2273,47.2466],[11.22772,47.24665]],[[11.22348,47.23806],[11.22367,47.23909],[11.22312,47.23992],[11.21949,47.24107],[11.214,47.24347],[11.2183,47.2431],[11.21615,47.24396],[11.22276,47.2438],[11.22893,47.24292],[11.23247,47.24297],[11.23507,47.24245],[11.2321,47.24452],[11.2309,47.24497]],[[11.22348,47.23806],[11.22319,47.23773]],[[11.22319,47.23773],[11.22246,47.23741],[11.22028,47.23717],[11.22013,47.23726],[11.22059,47.23769],[11.21894,47.23756]],[[11.21894,47.23756],[11.21813,47.23749]],[[11.21813,47.23749],[11.21479,47.2371],[11.21236,47.23735],[11.21154,47.23729],[11.20692,47.23806],[11.20591,47.23796],[11.20304,47.23712]],[[11.2032,47.23842],[11.20357,47.23792],[11.20304,47.23712]],[[11.19831,47.23904],[11.1984,47.23876],[11.19976,47.23774],[11.20095,47.23782],[11.2032,47.23842]],[[11.19811,47.23989],[11.19834,47.2396],[11.19831,47.23904]],[[11.18927,47.23961],[11.1886,47.23901],[11.18793,47.23893],[11.18693,47.23827],[11.19062,47.23858],[11.19165,47.23971],[11.19256,47.24005],[11.19357,47.23953],[11.19422,47.23966],[11.19397,47.23906],[11.19534,47.23945],[11.19619,47.24001],[11.1966,47.24069],[11.19777,47.24022],[11.19811,47.23989]],[[11.19015,47.24052],[11.18927,47.23961]]]}},{"type":"Feature","properties":{"name":"Padasterjochhaus","ref":"577","network":"rcn","from":"Bahnhof Steinach a.Br.","to":"Padasterjochhaus","website":"https://radrouting.tirol/","distance":"16.58","route":"mtb","ascent":"1280","descent":"90","osm":"relation/2963656","length_km_in_region":21.0},"geometry":{"type":"MultiLineString","coordinates":[[[11.3633,47.08139],[11.36358,47.08113]],[[11.36469,47.08153],[11.36395,47.08124],[11.3633,47.08139]],[[11.37326,47.0804],[11.37281,47.08037],[11.37217,47.07998],[11.36853,47.07995],[11.36825,47.08044],[11.36725,47.08016],[11.36654,47.08064],[11.36628,47.08114],[11.36569,47.08091],[11.36534,47.08102],[11.36544,47.08064],[11.36477,47.08085],[11.36477,47.08127],[11.36509,47.08152],[11.36469,47.08153]],[[11.37542,47.08166],[11.37437,47.08177],[11.37458,47.08139],[11.37441,47.08103],[11.37386,47.08093],[11.37366,47.08055],[11.37326,47.0804]],[[11.37619,47.08212],[11.37542,47.08166]],[[11.37696,47.08254],[11.37671,47.08165],[11.37599,47.08139],[11.37619,47.08212]],[[11.37697,47.08225],[11.37696,47.08254]],[[11.37855,47.08305],[11.3779,47.08405],[11.37794,47.08438],[11.37761,47.08309],[11.37808,47.08247],[11.37808,47.08167],[11.37777,47.08127],[11.37728,47.08109],[11.37745,47.08171],[11.37697,47.08225]],[[11.37893,47.08282],[11.37855,47.08305]],[[11.38328,47.08567],[11.38286,47.08545],[11.38301,47.08475],[11.38268,47.08428],[11.3825,47.08464],[11.38128,47.08545],[11.38039,47.08691],[11.38002,47.08667],[11.37997,47.08581],[11.37909,47.08709],[11.37915,47.0878],[11.37888,47.08769],[11.37857,47.08741],[11.37878,47.08547],[11.37933,47.08459],[11.37918,47.08309],[11.37967,47.08224],[11.37893,47.08282]],[[11.38392,47.08605],[11.38328,47.08567]],[[11.39064,47.08612],[11.38392,47.08605]],[[11.39389,47.08709],[11.39258,47.08619],[11.39179,47.08604],[11.39064,47.08612]],[[11.39396,47.08716],[11.39389,47.08709]],[[11.39843,47.0833],[11.39745,47.08368],[11.39726,47.08404],[11.39565,47.08491],[11.39517,47.08502],[11.39467,47.08491],[11.3941,47.08539],[11.39478,47.08528],[11.3954,47.08551],[11.39445,47.08583],[11.39448,47.08687],[11.39396,47.08716]],[[11.39801,47.08307],[11.39843,47.0833]],[[11.4116,47.08372],[11.40347,47.0819],[11.40144,47.08203],[11.39801,47.08307]],[[11.4116,47.08372],[11.41064,47.08333],[11.40998,47.08267],[11.4091,47.08235],[11.4086,47.08189]],[[11.4086,47.08189],[11.40977,47.08181]],[[11.40977,47.08181],[11.41049,47.08169]],[[11.41049,47.08169],[11.40876,47.08085],[11.4083,47.08034]],[[11.4083,47.08034],[11.40741,47.07997]],[[11.41194,47.07974],[11.41246,47.08002],[11.41371,47.08027]],[[11.41371,47.08031],[11.41371,47.08027]],[[11.41373,47.08037],[11.41371,47.08031]],[[11.41373,47.08037],[11.41482,47.08111]],[[11.42145,47.08182],[11.42041,47.08174],[11.4193,47.08142],[11.41724,47.0815],[11.41482,47.08111]],[[11.42855,47.08267],[11.42711,47.08189],[11.4266,47.08182],[11.42513,47.08114],[11.42413,47.08112],[11.42385,47.08174],[11.42361,47.08182],[11.42145,47.08182]],[[11.42872,47.08269],[11.42855,47.08267]],[[11.45586,47.08697],[11.45486,47.0867],[11.44994,47.08614],[11.44779,47.08627],[11.44505,47.08577],[11.44386,47.0858],[11.44127,47.08512],[11.43836,47.08563],[11.43642,47.08561],[11.43576,47.08505],[11.43425,47.08492],[11.43239,47.08387],[11.42924,47.08358],[11.42872,47.08269]],[[11.45755,47.08702],[11.45586,47.08697]],[[11.45988,47.08756],[11.45755,47.08702]],[[11.46028,47.08752],[11.45988,47.08756]],[[11.46576,47.09046],[11.46439,47.08994],[11.46181,47.088],[11.46028,47.08752]],[[11.46591,47.09034],[11.46576,47.09046]],[[11.46581,47.08899],[11.46605,47.0899],[11.46591,47.09034]],[[11.46581,47.08899],[11.46758,47.08928]],[[11.46758,47.08928],[11.46796,47.08859]],[[11.46838,47.08863],[11.46796,47.08859]],[[11.46863,47.08865],[11.46838,47.08863]],[[11.46946,47.08869],[11.46863,47.08865]],[[11.46948,47.08906],[11.46946,47.08869]],[[11.4693,47.0896],[11.46948,47.08906]],[[11.41267,47.08415],[11.4116,47.08372]],[[11.41282,47.08424],[11.4144,47.08394],[11.4168,47.08435],[11.41932,47.08407],[11.41954,47.08374]],[[11.41954,47.08374],[11.42101,47.08402]],[[11.42855,47.08267],[11.42726,47.08271],[11.42635,47.0834],[11.42283,47.08313],[11.42147,47.08351],[11.42101,47.08402]],[[11.39064,47.08612],[11.3921,47.08646],[11.39215,47.08673],[11.39149,47.08756],[11.39191,47.08886],[11.39254,47.08929],[11.39122,47.08903],[11.39178,47.09003],[11.39229,47.09016],[11.39249,47.09084],[11.39294,47.09119],[11.39036,47.09156],[11.391,47.09203],[11.39256,47.09255]],[[11.39256,47.09255],[11.39042,47.09321],[11.39087,47.09345],[11.39227,47.09368],[11.38936,47.09503],[11.38807,47.09477],[11.38699,47.09415]],[[11.38699,47.09415],[11.38709,47.09068]],[[11.38692,47.09006],[11.38709,47.09068]],[[11.37917,47.08778],[11.38139,47.08765],[11.383,47.08832],[11.38398,47.08842],[11.38557,47.08917],[11.38689,47.08944],[11.38692,47.09006]],[[11.3869,47.0895],[11.38447,47.08958],[11.38358,47.08935],[11.38174,47.08948],[11.37974,47.08995],[11.37935,47.09027],[11.37776,47.09052],[11.37879,47.09074],[11.37653,47.09134],[11.37492,47.09074]],[[11.37351,47.09045],[11.37404,47.09037],[11.37492,47.09074]],[[11.37076,47.09044],[11.3715,47.09067],[11.37322,47.09068],[11.37391,47.09092],[11.37377,47.0905],[11.37351,47.09045]],[[11.37076,47.09044],[11.37064,47.09023],[11.37101,47.08957],[11.37078,47.08913],[11.37105,47.08879],[11.37053,47.08903],[11.37033,47.08955],[11.3697,47.08996],[11.36994,47.08875],[11.36936,47.08923],[11.36923,47.08973],[11.36911,47.08923],[11.36927,47.08856],[11.3695,47.08845]],[[11.37419,47.08096],[11.37368,47.08171],[11.37377,47.08249],[11.37289,47.08188],[11.37288,47.08237],[11.37348,47.08292],[11.37373,47.08336],[11.37369,47.0839],[11.37404,47.08435],[11.37408,47.08549],[11.37376,47.08636],[11.37308,47.08652],[11.37293,47.08684],[11.3718,47.08734],[11.37108,47.08803],[11.3702,47.0881],[11.3695,47.08845]]]}},{"type":"Feature","properties":{"name":"Panoramarunde Kolsassberg","ref":"586","network":"rcn","operator":"Tirol","from":"Kolsass Bundesstraße beim Rinser","to":"Kolsass Bundesstraße beim Rinser","website":"https://radrouting.tirol/","distance":"13","route":"mtb","ascent":"590","descent":"590","roundtrip":"yes","osm":"relation/2962978","length_km_in_region":1.9},"geometry":{"type":"MultiLineString","coordinates":[[[11.62006,47.29222],[11.61714,47.29112],[11.61853,47.29231],[11.62023,47.29296],[11.62009,47.29335],[11.61957,47.29349],[11.61632,47.29329],[11.61726,47.29414],[11.61874,47.29462]],[[11.61874,47.29462],[11.61634,47.29468],[11.61629,47.29484],[11.61714,47.29548]],[[11.61714,47.29548],[11.61823,47.29608],[11.61765,47.29723]],[[11.61806,47.29733],[11.61765,47.29723]],[[11.62009,47.2978],[11.61806,47.29733]]]}},{"type":"Feature","properties":{"name":"Patscherkofel","ref":"501","network":"rcn","operator":"Tirol","from":"Igls, Talstation alte Patscherkofelbahn","to":"Patscherkofel","website":"https://radrouting.tirol/","distance":"14.08","route":"mtb","ascent":"1370","descent":"10","roundtrip":"no","osm":"relation/952415","length_km_in_region":13.7},"geometry":{"type":"MultiLineString","coordinates":[[[11.41394,47.22995],[11.41577,47.22868],[11.41816,47.22785]],[[11.41816,47.22785],[11.41958,47.22661],[11.42003,47.22563]],[[11.42003,47.22563],[11.42029,47.22531],[11.4236,47.22343],[11.42482,47.22209]],[[11.42482,47.22209],[11.42392,47.22179]],[[11.42392,47.22179],[11.42274,47.22116]],[[11.42274,47.22116],[11.42157,47.21982],[11.42034,47.2159],[11.41889,47.21451]],[[11.41889,47.21451],[11.4177,47.21288]],[[11.4174,47.21235],[11.4177,47.21288]],[[11.4174,47.21235],[11.4171,47.21139],[11.4181,47.2101],[11.41806,47.20939]],[[11.41806,47.20939],[11.41762,47.20877]],[[11.41762,47.20877],[11.41755,47.20849]],[[11.41755,47.20849],[11.41729,47.20794],[11.41741,47.20676]],[[11.41741,47.20676],[11.4175,47.20658]],[[11.4175,47.20658],[11.41768,47.20663]],[[11.41768,47.20663],[11.41789,47.20721]],[[11.41789,47.20721],[11.41784,47.20783]],[[11.41784,47.20783],[11.41821,47.20808],[11.41852,47.20894],[11.41911,47.20962],[11.41917,47.21046],[11.41976,47.21099],[11.42,47.21157],[11.42072,47.21208],[11.42111,47.21205]],[[11.42111,47.21205],[11.42215,47.21025],[11.42224,47.20915],[11.42184,47.2085],[11.42195,47.2082],[11.42299,47.20791],[11.4228,47.20748],[11.42377,47.2068],[11.42594,47.20732],[11.4259,47.20633],[11.42661,47.20529],[11.42874,47.20353],[11.43052,47.20237],[11.43019,47.20398],[11.43039,47.20606],[11.43091,47.20749],[11.43118,47.20783],[11.43271,47.20825],[11.43284,47.20895],[11.43376,47.21071]],[[11.43376,47.21071],[11.43383,47.21075]],[[11.43383,47.21075],[11.43413,47.2113],[11.43486,47.21179],[11.43595,47.21312]],[[11.43595,47.21312],[11.43624,47.21257],[11.43603,47.21078],[11.43658,47.20968],[11.43725,47.209],[11.4378,47.20795],[11.44,47.20678],[11.44019,47.20691],[11.4399,47.2082],[11.44015,47.20905]],[[11.44015,47.20905],[11.44092,47.20863]],[[11.44092,47.20863],[11.44265,47.20683],[11.44354,47.20647],[11.44498,47.20396],[11.44642,47.20327],[11.44661,47.20259],[11.44816,47.20094],[11.4487,47.20086],[11.44868,47.20202],[11.45044,47.20094],[11.45393,47.20018],[11.45328,47.20069],[11.45171,47.20276],[11.45297,47.20229],[11.45221,47.20303],[11.45182,47.20431],[11.45189,47.20505],[11.45117,47.20665],[11.45181,47.20889],[11.45173,47.20933],[11.45218,47.21023]],[[11.45218,47.21023],[11.45234,47.21029]],[[11.45234,47.21029],[11.45252,47.21014],[11.45237,47.20906],[11.45255,47.20757],[11.45411,47.20572],[11.45406,47.20445],[11.45503,47.20414],[11.45608,47.20337],[11.45819,47.20353],[11.45906,47.20342],[11.46015,47.20365],[11.45918,47.20371],[11.45805,47.20418],[11.45729,47.20426],[11.45818,47.2044],[11.45909,47.20428],[11.46022,47.20459],[11.45869,47.20483],[11.45774,47.20533],[11.45717,47.20618],[11.45739,47.208],[11.45785,47.20863],[11.45853,47.20894],[11.45823,47.20805],[11.45883,47.20753],[11.45974,47.20725],[11.46029,47.20737],[11.46133,47.20824]],[[11.46133,47.20824],[11.46135,47.20838]]]}},{"type":"Feature","properties":{"name":"Patscherkofel - Rundkurs","ref":"500","network":"rcn","operator":"Tirol","from":"Igls, Talstation alte Patscherkofelbahn","to":"Igls, Talstation alte Patscherkofelbahn","website":"https://radrouting.tirol/","distance":"9.04","route":"mtb","ascent":"360","descent":"360","roundtrip":"yes","osm":"relation/952406","length_km_in_region":8.9},"geometry":{"type":"MultiLineString","coordinates":[[[11.42914,47.21829],[11.43056,47.21897],[11.43128,47.21962],[11.4319,47.21963],[11.43268,47.22051],[11.43362,47.22102]],[[11.43362,47.22102],[11.43389,47.22135],[11.43439,47.22144],[11.4344,47.22161],[11.42979,47.22084],[11.4292,47.22108],[11.4302,47.22175],[11.42853,47.22154]],[[11.42853,47.22154],[11.42858,47.2217]],[[11.42858,47.2217],[11.42845,47.22179]],[[11.42845,47.22179],[11.42793,47.22193]],[[11.42793,47.22193],[11.42784,47.22196]],[[11.42784,47.22196],[11.42863,47.22258],[11.4279,47.22299]],[[11.42709,47.22299],[11.4279,47.22299]],[[11.42917,47.22468],[11.42709,47.22299]],[[11.42378,47.22748],[11.42434,47.22688],[11.42682,47.22653],[11.42917,47.22468]],[[11.42373,47.22754],[11.42378,47.22748]],[[11.41914,47.22846],[11.42139,47.22856],[11.42373,47.22754]],[[11.41921,47.22957],[11.4186,47.22904],[11.41868,47.22862],[11.41914,47.22846]],[[11.41384,47.23001],[11.41643,47.23055],[11.41905,47.22983],[11.41921,47.22957]],[[11.41394,47.22995],[11.41384,47.23001]],[[11.41394,47.22995],[11.41577,47.22868],[11.41816,47.22785]],[[11.41816,47.22785],[11.41958,47.22661],[11.42003,47.22563]],[[11.42003,47.22563],[11.42029,47.22531],[11.4236,47.22343],[11.42482,47.22209]],[[11.42482,47.22209],[11.42392,47.22179]],[[11.42392,47.22179],[11.42274,47.22116]],[[11.42274,47.22116],[11.42157,47.21982],[11.42034,47.2159],[11.41889,47.21451]],[[11.41889,47.21451],[11.4177,47.21288]],[[11.4174,47.21235],[11.4177,47.21288]],[[11.4174,47.21235],[11.4171,47.21139],[11.4181,47.2101],[11.41806,47.20939]],[[11.41806,47.20939],[11.41762,47.20877]],[[11.41762,47.20877],[11.41755,47.20849]],[[11.41755,47.20849],[11.41729,47.20794],[11.41741,47.20676]],[[11.41741,47.20676],[11.4175,47.20658]],[[11.4175,47.20658],[11.41768,47.20663]],[[11.41768,47.20663],[11.41789,47.20721]],[[11.41789,47.20721],[11.41784,47.20783]],[[11.41784,47.20783],[11.41821,47.20808],[11.41852,47.20894],[11.41911,47.20962],[11.41917,47.21046],[11.41976,47.21099],[11.42,47.21157],[11.42072,47.21208],[11.42111,47.21205]],[[11.42111,47.21205],[11.42236,47.2139],[11.42342,47.21474],[11.42454,47.21522],[11.42508,47.21524],[11.42555,47.21555],[11.42686,47.21579],[11.42717,47.21573],[11.42784,47.21509],[11.42835,47.21552]],[[11.43022,47.21672],[11.42883,47.21566],[11.42835,47.21552]],[[11.43099,47.21731],[11.43022,47.21672]],[[11.43099,47.21731],[11.43243,47.21833],[11.43356,47.21887],[11.43111,47.21872],[11.42914,47.21829]]]}},{"type":"Feature","properties":{"name":"Pfaffenhofer Alm","ref":"507","network":"rcn","operator":"Tirol","from":"Pfaffenhofen","to":"Pfaffenhofer Alm","website":"https://radrouting.tirol/","distance":"8.22","route":"mtb","ascent":"1050","descent":"0","roundtrip":"no","osm":"relation/1434019","length_km_in_region":8.1},"geometry":{"type":"MultiLineString","coordinates":[[[11.08379,47.297],[11.0826,47.29884]],[[11.08389,47.29663],[11.08379,47.297]],[[11.08382,47.29657],[11.08389,47.29663]],[[11.08336,47.2965],[11.08382,47.29657]],[[11.08591,47.29278],[11.08643,47.29288],[11.08557,47.29391],[11.08485,47.29439],[11.0841,47.29439],[11.08344,47.29477],[11.08336,47.2965]],[[11.08029,47.29195],[11.08208,47.29226],[11.08338,47.29208],[11.08446,47.29292],[11.08591,47.29278]],[[11.08029,47.29195],[11.08068,47.2917],[11.08141,47.29179],[11.08263,47.2907],[11.08401,47.29013],[11.08462,47.28943],[11.08414,47.28921],[11.08206,47.28944],[11.07927,47.28908]],[[11.07927,47.28908],[11.07805,47.28895],[11.08014,47.28792],[11.08213,47.28661],[11.08173,47.28645],[11.07842,47.28713],[11.07742,47.28717],[11.07686,47.28702],[11.08001,47.28562],[11.08151,47.28434],[11.0815,47.28422],[11.08115,47.28425],[11.07982,47.28461],[11.08165,47.2824],[11.08233,47.28109],[11.08312,47.2809],[11.08363,47.28051],[11.08379,47.27996],[11.08444,47.27925],[11.08296,47.27985],[11.0819,47.27991],[11.0803,47.28075],[11.07911,47.28112],[11.07813,47.28183],[11.07799,47.28172],[11.07897,47.28017],[11.08023,47.27911],[11.08056,47.27857],[11.0827,47.27706],[11.0842,47.27624],[11.0819,47.27665],[11.08049,47.27729],[11.07838,47.27776],[11.0776,47.27818],[11.0769,47.27816],[11.07646,47.27767],[11.0744,47.27644],[11.0761,47.27693],[11.07868,47.27604],[11.07711,47.27615],[11.07624,47.27583],[11.07338,47.27305],[11.07277,47.27289],[11.07156,47.272],[11.07151,47.27163],[11.07121,47.27145],[11.07174,47.27156],[11.07217,47.27193],[11.07207,47.2711],[11.07166,47.27099]]]}},{"type":"Feature","properties":{"name":"Pfarrachalm","ref":"564","network":"rcn","operator":"Tirol","from":"Telfes - Stubay, Parkplatz 4","to":"Pfarrachalm","website":"https://radrouting.tirol/","distance":"6.97","route":"mtb","ascent":"770","descent":"0","roundtrip":"no","osm":"relation/2980887","length_km_in_region":6.8},"geometry":{"type":"MultiLineString","coordinates":[[[11.35632,47.16173],[11.35826,47.16341]],[[11.35826,47.16341],[11.35855,47.16399]],[[11.35855,47.16399],[11.35862,47.1644]],[[11.35862,47.1644],[11.35867,47.16444]],[[11.35867,47.16444],[11.35889,47.16565]],[[11.35889,47.16565],[11.35985,47.17008],[11.36028,47.17047]],[[11.36004,47.17054],[11.36028,47.17047]],[[11.35933,47.17059],[11.36004,47.17054]],[[11.35872,47.1706],[11.35933,47.17059]],[[11.35838,47.17059],[11.35872,47.1706]],[[11.35695,47.17042],[11.35838,47.17059]],[[11.35538,47.16964],[11.35614,47.16988],[11.35695,47.17042]],[[11.35487,47.16944],[11.35538,47.16964]],[[11.35318,47.1688],[11.35487,47.16944]],[[11.34627,47.1737],[11.34595,47.17327],[11.34603,47.17287],[11.34672,47.17239],[11.3469,47.17169],[11.34682,47.17095],[11.34656,47.17065],[11.3466,47.16913],[11.34603,47.16848],[11.34471,47.16598],[11.34403,47.16536],[11.34496,47.16558],[11.34726,47.16667],[11.34804,47.16757],[11.34929,47.16782],[11.35104,47.16848],[11.3525,47.16829],[11.35318,47.1688]],[[11.35366,47.1753],[11.35195,47.17514],[11.35128,47.17491],[11.35088,47.17502],[11.34881,47.17392],[11.34735,47.17349],[11.34655,47.1738],[11.34627,47.1737]],[[11.35366,47.1753],[11.35198,47.17565],[11.35107,47.17558],[11.35049,47.17583],[11.35022,47.17561],[11.3496,47.1755],[11.34649,47.17539],[11.34575,47.17598],[11.34383,47.17605],[11.343,47.17584],[11.34297,47.17504],[11.34155,47.1746],[11.3417,47.1714],[11.34141,47.17114]],[[11.34141,47.17114],[11.34069,47.17129],[11.34093,47.17177],[11.3406,47.17257],[11.33937,47.17416],[11.33895,47.17436]],[[11.33895,47.17436],[11.33823,47.1742],[11.33779,47.17439],[11.33813,47.17435],[11.33845,47.17478],[11.33762,47.17604],[11.33816,47.17673],[11.33902,47.17706],[11.33799,47.177],[11.33689,47.17655],[11.33643,47.17604]],[[11.33643,47.17604],[11.3359,47.17653]]]}},{"type":"Feature","properties":{"name":"Pfoner Almenrunde","ref":"521","network":"rcn","operator":"Tirol","from":"Bahnhof Matrei a.Br.","to":"Pfoner Ochsenalm","website":"https://radrouting.tirol/","distance":"13.6","route":"mtb","ascent":"1200","descent":"330","roundtrip":"no","osm":"relation/2965364","length_km_in_region":15.8},"geometry":{"type":"MultiLineString","coordinates":[[[11.45297,47.12961],[11.45248,47.1275]],[[11.45297,47.12961],[11.45384,47.12949]],[[11.45384,47.12949],[11.45433,47.13106],[11.45345,47.1318]],[[11.45345,47.1318],[11.45346,47.13181]],[[11.45346,47.13181],[11.45372,47.13192]],[[11.45372,47.13192],[11.45421,47.13219]],[[11.45421,47.13219],[11.45404,47.13283]],[[11.45404,47.13283],[11.45416,47.13306]],[[11.45416,47.13306],[11.45443,47.13323],[11.45422,47.13421]],[[11.45333,47.13532],[11.45422,47.13421]],[[11.45321,47.13624],[11.45299,47.13609],[11.45333,47.13532]],[[11.45321,47.13624],[11.45316,47.13649]],[[11.4533,47.13689],[11.45316,47.13649]],[[11.4533,47.13689],[11.45359,47.13701]],[[11.45382,47.13721],[11.45359,47.13701]],[[11.45503,47.13779],[11.45382,47.13721]],[[11.45503,47.13779],[11.45685,47.13768],[11.45757,47.13804],[11.4581,47.13864]],[[11.4581,47.13864],[11.45886,47.13874]],[[11.4599,47.13913],[11.45961,47.13883],[11.45886,47.13874]],[[11.46033,47.14108],[11.46048,47.14031],[11.4599,47.13913]],[[11.46029,47.14129],[11.46033,47.14108]],[[11.46028,47.14177],[11.46029,47.14129]],[[11.46046,47.14223],[11.46028,47.14177]],[[11.46046,47.14223],[11.46107,47.1421],[11.4618,47.14244]],[[11.4618,47.14244],[11.46191,47.14176],[11.46226,47.14178],[11.46251,47.14216]],[[11.46251,47.14216],[11.46262,47.14254],[11.46238,47.14302],[11.46265,47.14285]],[[11.46265,47.14285],[11.46355,47.1425],[11.4625,47.14384],[11.46262,47.14393],[11.46318,47.1436],[11.46532,47.14307],[11.46664,47.14216],[11.46624,47.1445],[11.4674,47.14404],[11.46841,47.14327],[11.46885,47.14315],[11.46917,47.14409],[11.46881,47.14453],[11.46865,47.14559],[11.46771,47.14641],[11.46746,47.14711],[11.46783,47.14772],[11.46758,47.14832],[11.46769,47.14885],[11.46826,47.14949]],[[11.46826,47.14949],[11.46869,47.14963],[11.46861,47.14906],[11.47002,47.14798],[11.47092,47.14771],[11.47382,47.14598],[11.47497,47.14549],[11.47435,47.14637],[11.47434,47.14712],[11.47366,47.14825],[11.47353,47.14959],[11.47393,47.15047],[11.4743,47.14942],[11.47516,47.14834],[11.47956,47.14599],[11.47792,47.1483],[11.47769,47.14926],[11.48066,47.14744],[11.48231,47.14702],[11.48138,47.14788],[11.48107,47.1487],[11.48176,47.14848],[11.48425,47.14828],[11.48521,47.14859],[11.4871,47.14789],[11.4883,47.14788],[11.48911,47.14808],[11.48744,47.14869],[11.48702,47.14917],[11.48981,47.14913],[11.49177,47.14985],[11.49034,47.1499],[11.48852,47.15072]],[[11.48852,47.15072],[11.48789,47.1514],[11.48948,47.15108],[11.49054,47.15116],[11.49,47.15142],[11.4886,47.15288],[11.48845,47.15373],[11.48781,47.15455],[11.49037,47.15353],[11.49156,47.15344],[11.49232,47.15358],[11.49437,47.15436],[11.49328,47.15444],[11.49243,47.15494],[11.49197,47.1555],[11.49174,47.15649],[11.49198,47.15687],[11.49214,47.15666],[11.49377,47.15618],[11.49544,47.15632],[11.49651,47.15677],[11.49705,47.15724],[11.49705,47.15784],[11.49751,47.15805]],[[11.49751,47.15805],[11.49847,47.15821],[11.49863,47.15793]],[[11.49863,47.15793],[11.49928,47.15768],[11.50014,47.15771],[11.50075,47.1579],[11.50087,47.15821]],[[11.50087,47.15821],[11.50176,47.15821]],[[11.50326,47.15575],[11.50309,47.15649],[11.50342,47.15691],[11.50437,47.15715],[11.50484,47.15778],[11.5056,47.15823],[11.50517,47.15868],[11.50411,47.15885],[11.50176,47.15821]],[[11.49845,47.15239],[11.50004,47.15319],[11.50027,47.1538],[11.50122,47.15379],[11.50156,47.1533],[11.50254,47.15428],[11.5028,47.15492],[11.50329,47.1547],[11.50351,47.15431],[11.50444,47.15539],[11.50326,47.15575]],[[11.49845,47.15239],[11.49915,47.15232],[11.49923,47.15191],[11.49751,47.15013],[11.49932,47.15077],[11.50125,47.15116],[11.50129,47.15173],[11.5018,47.15234],[11.50188,47.15164]],[[11.49845,47.15239],[11.49915,47.15232],[11.49923,47.15191],[11.49751,47.15013],[11.49932,47.15077],[11.50125,47.15116],[11.50129,47.15173],[11.5018,47.15234],[11.50188,47.15164]],[[11.49176,47.14987],[11.49445,47.15175],[11.49628,47.1522],[11.49663,47.15183],[11.4962,47.15126],[11.49809,47.15201],[11.49765,47.15223],[11.49751,47.15258],[11.49845,47.15239]]]}},{"type":"Feature","properties":{"name":"Pfriemes Köpfl","ref":"5012","network":"rcn","operator":"Tirol","from":"Bergstation Mutterer Almbahn","to":"Pfriemes Köpfl","website":"https://radrouting.tirol/","distance":"0","route":"mtb","ascent":"190","descent":"1.07","roundtrip":"no","osm":"relation/11800256","length_km_in_region":1.1},"geometry":{"type":"MultiLineString","coordinates":[[[11.32849,47.20744],[11.32874,47.20733],[11.32808,47.20682],[11.32961,47.20587],[11.33038,47.20632],[11.33122,47.20756],[11.33159,47.2102],[11.33249,47.20997],[11.333,47.21064],[11.33266,47.21127]],[[11.33266,47.21127],[11.33241,47.21171]]]}},{"type":"Feature","properties":{"name":"Pinnistal - Karalm","ref":"571","network":"rcn","operator":"Tirol","from":"Freizeitzentrum Neustift i.St.","to":"Karalm","website":"https://radrouting.tirol/","distance":"9.11","route":"mtb","ascent":"780","descent":"20","roundtrip":"no","osm":"relation/2981118","length_km_in_region":8.0},"geometry":{"type":"MultiLineString","coordinates":[[[11.30489,47.10805],[11.3047,47.10792]],[[11.3047,47.10792],[11.30443,47.1076]],[[11.30443,47.1076],[11.3043,47.1074]],[[11.3043,47.1074],[11.30474,47.1073]],[[11.30474,47.1073],[11.30541,47.10797],[11.3069,47.10855]],[[11.31195,47.1095],[11.3104,47.10896],[11.30926,47.10919],[11.3069,47.10855]],[[11.31195,47.1095],[11.3154,47.11011],[11.31799,47.11134],[11.31966,47.11167],[11.32253,47.11296],[11.32821,47.11432],[11.32905,47.11511],[11.32954,47.11519]],[[11.33098,47.11466],[11.32954,47.11519]],[[11.33254,47.11355],[11.33253,47.11358]],[[11.33254,47.11355],[11.33254,47.11361]],[[11.33254,47.11361],[11.33224,47.1144],[11.33127,47.11502],[11.33113,47.11548]],[[11.33113,47.11548],[11.33071,47.11553]],[[11.33071,47.11553],[11.33053,47.11543]],[[11.33053,47.11543],[11.33105,47.11484]],[[11.33105,47.11484],[11.33095,47.11471]],[[11.33095,47.11471],[11.3309,47.11469]],[[11.33467,47.1111],[11.33267,47.1125],[11.33254,47.11355]],[[11.33571,47.1098],[11.33518,47.1107],[11.33467,47.1111]],[[11.33574,47.10966],[11.33571,47.1098]],[[11.33729,47.10714],[11.33658,47.10764],[11.33605,47.10843],[11.33574,47.10966]],[[11.33729,47.10714],[11.33658,47.10764],[11.33605,47.10843],[11.33571,47.1098],[11.33518,47.1107],[11.33259,47.11261],[11.33254,47.11361]],[[11.33254,47.11361],[11.33224,47.1144],[11.33127,47.11502],[11.33113,47.11548]],[[11.33749,47.10025],[11.33786,47.10093],[11.337,47.10177],[11.33687,47.10333],[11.33778,47.10629],[11.33836,47.10676],[11.33805,47.10709],[11.33729,47.10714]],[[11.33668,47.09688],[11.33718,47.0973],[11.33749,47.10025]],[[11.33659,47.09375],[11.33677,47.09521],[11.33648,47.09575],[11.33668,47.09688]],[[11.3366,47.09029],[11.33576,47.09102],[11.3357,47.09143],[11.33659,47.09375]],[[11.33675,47.09021],[11.3366,47.09029]],[[11.33227,47.0799],[11.33248,47.08105],[11.333,47.08213],[11.33304,47.08346],[11.3338,47.08433],[11.33386,47.08515],[11.33699,47.08891],[11.33675,47.09021]],[[11.30486,47.10808],[11.30512,47.10818],[11.30486,47.10808]],[[11.30449,47.10797],[11.30485,47.10814]]]}},{"type":"Feature","properties":{"name":"Profeglalm","ref":"5020","network":"rcn","operator":"Tirol","from":"Parkplatz Oberellbögen","to":"Profeglalm","website":"https://radrouting.tirol/","distance":"8.43","route":"mtb","ascent":"730","descent":"0","roundtrip":"no","osm":"relation/9807618","length_km_in_region":8.3},"geometry":{"type":"MultiLineString","coordinates":[[[11.43501,47.18237],[11.43618,47.18315],[11.43692,47.18298],[11.43801,47.18204],[11.43845,47.18088],[11.43961,47.18054],[11.43986,47.17994],[11.44057,47.17955],[11.44172,47.1785],[11.44325,47.17681],[11.44392,47.17661],[11.44432,47.17553],[11.44516,47.17498],[11.44653,47.17448],[11.44665,47.17397]],[[11.44638,47.17487],[11.44683,47.17445],[11.44665,47.17397]],[[11.44551,47.17611],[11.44584,47.17524],[11.44638,47.17487]],[[11.44551,47.17611],[11.4458,47.17672],[11.44528,47.17719],[11.4447,47.17901],[11.4444,47.17932],[11.44425,47.18159],[11.44455,47.18187],[11.44473,47.18283]],[[11.44473,47.18283],[11.44516,47.18377],[11.44587,47.1844],[11.44813,47.18542],[11.44753,47.18492],[11.44749,47.18453],[11.44702,47.18426],[11.44691,47.18374],[11.44706,47.18242],[11.44749,47.18164],[11.44833,47.18084]],[[11.44833,47.18084],[11.44925,47.17932],[11.45043,47.17813],[11.45319,47.17716],[11.45513,47.17581]],[[11.45513,47.17581],[11.45466,47.17657],[11.45421,47.17684],[11.45299,47.17901],[11.45309,47.18017],[11.4542,47.18128],[11.45442,47.18249],[11.45551,47.18418],[11.45666,47.18487],[11.4577,47.18607],[11.4589,47.18679],[11.45986,47.18702],[11.46084,47.18804],[11.46281,47.18859],[11.46504,47.19018],[11.46893,47.19119],[11.46977,47.19103]],[[11.47622,47.19165],[11.47585,47.19111],[11.47442,47.19061],[11.47431,47.1903],[11.47329,47.18979],[11.47328,47.18909],[11.47105,47.18809],[11.47002,47.18839],[11.46693,47.18742],[11.46626,47.18697],[11.46728,47.18849],[11.46778,47.18876],[11.46787,47.18919],[11.46919,47.19002],[11.46915,47.19087],[11.46977,47.19103]]]}},{"type":"Feature","properties":{"name":"Radroute 19 \"Stubai Radweg\"","ref":"19","network":"lcn","operator":"TVB Stubai","route":"bicycle","osm":"relation/15792873","length_km_in_region":18.1},"geometry":{"type":"MultiLineString","coordinates":[[[11.26589,47.07997],[11.27004,47.08165]],[[11.27004,47.08165],[11.27007,47.08161]],[[11.27007,47.08161],[11.27194,47.08237]],[[11.27203,47.08238],[11.27194,47.08237]],[[11.27775,47.08806],[11.27743,47.08738],[11.27646,47.08706],[11.27583,47.08662],[11.27566,47.08597],[11.27599,47.08508],[11.27559,47.0844],[11.27393,47.08298],[11.27203,47.08238]],[[11.27827,47.08924],[11.2777,47.08876],[11.27775,47.08806]],[[11.27999,47.09132],[11.27969,47.09029],[11.27827,47.08924]],[[11.27999,47.09132],[11.28195,47.09213]],[[11.28548,47.0954],[11.28495,47.09502],[11.28416,47.09368],[11.28315,47.09348],[11.28268,47.09243],[11.28236,47.09217],[11.28195,47.09213]],[[11.28594,47.09605],[11.28586,47.09566],[11.28548,47.0954]],[[11.2899,47.09891],[11.28907,47.09803],[11.28861,47.097],[11.28786,47.09664],[11.28648,47.09656],[11.28594,47.09605]],[[11.29543,47.10061],[11.29402,47.10025],[11.29127,47.09996],[11.29058,47.0996],[11.2899,47.09891]],[[11.29543,47.10061],[11.29656,47.10107],[11.29861,47.10256]],[[11.29861,47.10256],[11.29885,47.10279]],[[11.29903,47.10308],[11.29885,47.10279]],[[11.29897,47.10314],[11.29903,47.10308]],[[11.30073,47.10421],[11.29897,47.10314]],[[11.30105,47.10443],[11.30073,47.10421]],[[11.3043,47.1074],[11.30157,47.10498]],[[11.30443,47.1076],[11.3043,47.1074]],[[11.3047,47.10792],[11.30443,47.1076]],[[11.30489,47.10805],[11.3047,47.10792]],[[11.30486,47.10808],[11.30512,47.10818],[11.30486,47.10808]],[[11.30504,47.10822],[11.30487,47.10856]],[[11.30453,47.10909],[11.30487,47.10856]],[[11.30437,47.10916],[11.30453,47.10909]],[[11.30449,47.10922],[11.30437,47.10916]],[[11.30458,47.10925],[11.30449,47.10922]],[[11.30579,47.10979],[11.30458,47.10925]],[[11.30615,47.11005],[11.30579,47.10979]],[[11.3063,47.11062],[11.30615,47.11005]],[[11.30649,47.11058],[11.3063,47.11062]],[[11.30753,47.11039],[11.30649,47.11058]],[[11.30768,47.11039],[11.30753,47.11039]],[[11.30786,47.11039],[11.30768,47.11039]],[[11.30796,47.11052],[11.30786,47.11039]],[[11.30887,47.11125],[11.30796,47.11052]],[[11.30887,47.11125],[11.31025,47.11099],[11.31198,47.11143]],[[11.31198,47.11143],[11.31211,47.11145]],[[11.31211,47.11145],[11.31465,47.11194]],[[11.31465,47.11194],[11.31607,47.11244],[11.3175,47.11327]],[[11.3175,47.11327],[11.31994,47.11446],[11.32151,47.11601],[11.3222,47.11744],[11.32308,47.11855],[11.32305,47.11964]],[[11.32305,47.11964],[11.32309,47.12002]],[[11.32309,47.12002],[11.32335,47.11997]],[[11.32335,47.11997],[11.32342,47.12003]],[[11.32342,47.12003],[11.3241,47.12112],[11.32504,47.12179],[11.32563,47.1218]],[[11.32563,47.1218],[11.32566,47.12192]],[[11.32566,47.12192],[11.32662,47.12208],[11.32705,47.12234]],[[11.32705,47.12234],[11.32812,47.12287],[11.32887,47.1243],[11.33027,47.12511]],[[11.33027,47.12511],[11.33022,47.12514]],[[11.33022,47.12514],[11.32996,47.12523]],[[11.32996,47.12523],[11.32883,47.12576]],[[11.33117,47.12795],[11.32883,47.12576]],[[11.33171,47.12902],[11.33117,47.12795]],[[11.33367,47.13216],[11.33171,47.12902]],[[11.33386,47.13241],[11.33367,47.13216]],[[11.33392,47.1325],[11.33386,47.13241]],[[11.33392,47.1325],[11.33453,47.13291],[11.33528,47.13426],[11.33547,47.13616],[11.33619,47.137],[11.33778,47.1376],[11.3379,47.13838],[11.33745,47.13901],[11.33747,47.13986],[11.3386,47.14106]],[[11.3386,47.14106],[11.33942,47.14204],[11.34051,47.14269]],[[11.34259,47.14328],[11.34051,47.14269]],[[11.34259,47.14328],[11.34254,47.14318]],[[11.34254,47.14318],[11.34232,47.14283]],[[11.34232,47.14283],[11.34215,47.1426]],[[11.34215,47.1426],[11.34313,47.14281],[11.34406,47.14346],[11.34582,47.14405],[11.34659,47.1439]],[[11.34659,47.1439],[11.34817,47.14532],[11.35111,47.14749]],[[11.35111,47.14749],[11.35071,47.1476]],[[11.35071,47.1476],[11.3506,47.14779]],[[11.3506,47.14779],[11.35041,47.14789]],[[11.35041,47.14789],[11.35019,47.14808]],[[11.35019,47.14808],[11.35104,47.14867]],[[11.35029,47.14924],[11.35104,47.14867]],[[11.35178,47.15012],[11.35029,47.14924]],[[11.35178,47.15012],[11.35244,47.15017]],[[11.35314,47.15112],[11.35244,47.15017]],[[11.35312,47.1512],[11.35314,47.15112]],[[11.35315,47.15189],[11.35312,47.1512]],[[11.35144,47.15244],[11.35315,47.15189]],[[11.35144,47.15244],[11.35178,47.15265]],[[11.35178,47.15265],[11.35207,47.15305]],[[11.35207,47.15305],[11.35276,47.15444]],[[11.35276,47.15444],[11.35336,47.15528]],[[11.35336,47.15528],[11.35439,47.15609]],[[11.35439,47.15609],[11.35496,47.15705],[11.35581,47.1575],[11.35625,47.15798],[11.35618,47.15866],[11.35643,47.15907],[11.3574,47.15923],[11.35888,47.15905]],[[11.35888,47.15905],[11.35988,47.1586],[11.36052,47.15917],[11.36124,47.16038],[11.36192,47.1605],[11.36283,47.16028]],[[11.36283,47.16028],[11.36445,47.1607],[11.36517,47.16127],[11.36564,47.16291]],[[11.36564,47.16291],[11.36603,47.16363]],[[11.36603,47.16363],[11.36612,47.16361]],[[11.36612,47.16361],[11.36646,47.16361]],[[11.36646,47.16361],[11.36664,47.16361]],[[11.36664,47.16361],[11.36762,47.16396],[11.36941,47.16346],[11.36992,47.16314]],[[11.37003,47.16319],[11.36992,47.16314]],[[11.37013,47.16325],[11.37003,47.16319]],[[11.37189,47.16418],[11.37128,47.16361],[11.37013,47.16325]],[[11.37189,47.16424],[11.37189,47.16418]],[[11.37195,47.1648],[11.37189,47.16424]],[[11.37195,47.1648],[11.37179,47.16636],[11.37239,47.16591]],[[11.3752,47.16786],[11.37373,47.1665],[11.37239,47.16591]],[[11.37721,47.16844],[11.3752,47.16786]],[[11.37708,47.16845],[11.37721,47.16844]],[[11.37708,47.16845],[11.37683,47.16877],[11.37736,47.16967],[11.37876,47.17086]],[[11.37876,47.17086],[11.38012,47.17129],[11.3823,47.17135],[11.38409,47.17169]],[[11.38409,47.17169],[11.38351,47.17214],[11.38455,47.17309],[11.38495,47.17304],[11.38559,47.17372]],[[11.38559,47.17372],[11.38526,47.17401],[11.38589,47.17473]],[[11.38589,47.17473],[11.38703,47.1741]],[[11.38703,47.1741],[11.38751,47.17372]],[[11.38751,47.17372],[11.3876,47.17362]],[[11.3876,47.17362],[11.38746,47.17347]],[[11.38746,47.17347],[11.38687,47.17301]],[[11.38687,47.17301],[11.38713,47.17319]],[[11.38713,47.17319],[11.3878,47.17359]],[[11.3878,47.17359],[11.38962,47.17445],[11.39013,47.1757],[11.39169,47.17689]],[[11.39411,47.17976],[11.39318,47.17797],[11.39169,47.17689]],[[11.30098,47.10447],[11.30148,47.10395]],[[11.3043,47.1074],[11.30098,47.10447]]]}},{"type":"Feature","properties":{"name":"Radweg Mieming","ref":"23","network":"rcn","route":"bicycle","osm":"relation/939148","length_km_in_region":15.6},"geometry":{"type":"MultiLineString","coordinates":[[[10.94984,47.31006],[10.95202,47.31083],[10.9526,47.31149],[10.95326,47.31176]],[[10.95326,47.31176],[10.95331,47.31179]],[[10.95331,47.31179],[10.95502,47.31161],[10.95587,47.31184],[10.95784,47.31192],[10.95904,47.31154],[10.95962,47.31153]],[[10.96123,47.31221],[10.96095,47.3117],[10.95962,47.31153]],[[10.96343,47.31067],[10.96366,47.31135],[10.96341,47.31175],[10.96251,47.31208],[10.96123,47.31221]],[[10.96343,47.31067],[10.96359,47.30952]],[[10.97972,47.31063],[10.9764,47.3102],[10.97037,47.30976],[10.96999,47.30989],[10.96654,47.30986],[10.96359,47.30952]],[[10.98176,47.31086],[10.97972,47.31063]],[[10.98176,47.31086],[10.98193,47.31118],[10.98246,47.31054]],[[10.98246,47.31054],[10.98266,47.31053]],[[10.98266,47.31053],[10.98327,47.31043],[10.98369,47.30987]],[[10.98513,47.3069],[10.9841,47.30853],[10.98369,47.30987]],[[10.98539,47.30624],[10.98513,47.3069]],[[10.98539,47.30624],[10.98641,47.30696]],[[10.98641,47.30696],[10.98687,47.30748]],[[10.98687,47.30748],[10.98794,47.30861]],[[10.99516,47.31225],[10.99201,47.31142],[10.98794,47.30861]],[[10.99626,47.31343],[10.99516,47.31225]],[[10.99697,47.31405],[10.99626,47.31343]],[[10.99697,47.31405],[10.99744,47.31468]],[[10.99744,47.31468],[10.99873,47.31565]],[[10.99967,47.31503],[10.99873,47.31565]],[[11.00225,47.31623],[10.99967,47.31503]],[[11.00532,47.31778],[11.00225,47.31623]],[[11.00816,47.31847],[11.01006,47.31756],[11.01025,47.31697]],[[11.01025,47.31697],[11.00748,47.31544],[11.00691,47.31655]],[[11.00691,47.31655],[11.00532,47.31778],[11.005,47.31833],[11.00591,47.31851],[11.00816,47.31847]],[[11.01472,47.31571],[11.01324,47.31617],[11.01142,47.31633],[11.01036,47.3169]],[[11.01036,47.3169],[11.01025,47.31697]],[[11.01525,47.31565],[11.01472,47.31571]],[[11.01725,47.31501],[11.01525,47.31565]],[[11.01894,47.31371],[11.01797,47.31486],[11.01725,47.31501]],[[11.01967,47.31276],[11.01894,47.31371]],[[11.02541,47.31147],[11.02077,47.31219],[11.01967,47.31276]],[[11.02541,47.31147],[11.02781,47.31226],[11.03215,47.3128],[11.03263,47.31361],[11.03493,47.3143]],[[11.05678,47.31474],[11.05465,47.31435],[11.05178,47.31438],[11.04827,47.31355],[11.04738,47.31268],[11.04773,47.31144],[11.04736,47.31035],[11.04679,47.31003],[11.04567,47.30981],[11.04334,47.31014],[11.04214,47.31062],[11.04017,47.3108],[11.03918,47.31133],[11.03772,47.31253],[11.03431,47.31331],[11.0335,47.31397]],[[11.05678,47.31474],[11.05701,47.31483]],[[11.05701,47.31483],[11.05732,47.31501],[11.05779,47.31477],[11.05917,47.31375]],[[11.05917,47.31375],[11.0603,47.31134],[11.06018,47.31098],[11.06088,47.31023],[11.06135,47.31005]],[[11.06135,47.31005],[11.06066,47.30996]],[[11.06066,47.30996],[11.06034,47.30968]],[[11.06034,47.30968],[11.05984,47.30941],[11.05968,47.30901],[11.05889,47.3087],[11.05868,47.3077]],[[11.05868,47.3077],[11.0587,47.30759]],[[11.0587,47.30759],[11.05695,47.30743]],[[11.05214,47.29924],[11.05174,47.29947],[11.05187,47.29991],[11.05276,47.30046],[11.05365,47.30071],[11.05297,47.30102],[11.05293,47.30218],[11.05258,47.30258],[11.05285,47.30551],[11.05341,47.30587],[11.05535,47.30644],[11.05695,47.30743]],[[11.05214,47.29924],[11.05089,47.29875],[11.05091,47.29843],[11.05614,47.29842],[11.05717,47.29877]],[[11.05724,47.29868],[11.05717,47.29877]],[[11.05743,47.29845],[11.05724,47.29868]],[[11.07158,47.30174],[11.06997,47.30153],[11.06817,47.30097],[11.06565,47.30053],[11.06383,47.30041],[11.06134,47.29974],[11.05782,47.29844],[11.05743,47.29845]],[[11.07397,47.30193],[11.07158,47.30174]]]}},{"type":"Feature","properties":{"name":"Radweg Mötz","ref":"25","network":"rcn","website":"https://www.tirol.gv.at/sport/radfahren/mountainbike/routen/mtb/routen/ansicht/details/route/25/","route":"bicycle","osm":"relation/11480293","length_km_in_region":5.0},"geometry":{"type":"MultiLineString","coordinates":[[[10.96359,47.30952],[10.96331,47.30704],[10.96376,47.30621],[10.9654,47.30533],[10.9654,47.30507]],[[10.96597,47.30507],[10.9654,47.30507]],[[10.96597,47.30507],[10.96604,47.30468],[10.96681,47.3046],[10.96756,47.30426]],[[10.96756,47.30426],[10.96791,47.3026],[10.96861,47.30204]],[[10.96861,47.30204],[10.96886,47.30108],[10.96827,47.29909],[10.96836,47.29826],[10.96946,47.29732],[10.96996,47.29627]],[[10.96857,47.29726],[10.96996,47.29627]],[[10.96843,47.29732],[10.96857,47.29726]],[[10.96349,47.29736],[10.96402,47.29744],[10.965,47.29807],[10.96581,47.2981],[10.96691,47.29762],[10.96843,47.29732]],[[10.96349,47.29736],[10.96362,47.29633]],[[10.96362,47.29633],[10.96372,47.29543]],[[10.96372,47.29543],[10.96293,47.29491],[10.96237,47.29399],[10.96223,47.29302],[10.96154,47.29273],[10.96092,47.2919],[10.96043,47.2916],[10.95924,47.28982],[10.95768,47.2885]],[[10.95762,47.28845],[10.95768,47.2885]],[[10.95731,47.28867],[10.95768,47.2885]],[[10.95731,47.28867],[10.95634,47.28854]],[[10.95444,47.28784],[10.95634,47.28854]],[[10.95428,47.28776],[10.95444,47.28784]],[[10.95424,47.28774],[10.95428,47.28776]],[[10.95424,47.28774],[10.95471,47.28658],[10.95457,47.28561],[10.95557,47.28146]],[[10.95557,47.28146],[10.95602,47.28076]],[[10.95602,47.28076],[10.95672,47.27934],[10.9565,47.27631]]]}},{"type":"Feature","properties":{"name":"Radweg Seefeld","ref":"31","network":"rcn","route":"bicycle","osm":"relation/9938359","length_km_in_region":11.4},"geometry":{"type":"MultiLineString","coordinates":[[[11.19851,47.31534],[11.19844,47.31533]],[[11.19844,47.31533],[11.19605,47.31638]],[[11.19605,47.31638],[11.19552,47.31658]],[[11.19552,47.31658],[11.19269,47.31692],[11.1912,47.31733],[11.19035,47.31863],[11.18987,47.31896],[11.19039,47.32067]],[[11.19024,47.32116],[11.19039,47.32067]],[[11.19024,47.32116],[11.18904,47.32247]],[[11.18904,47.32247],[11.18734,47.32455]],[[11.18734,47.32455],[11.18681,47.32538]],[[11.18727,47.3257],[11.18681,47.32538]],[[11.18749,47.32599],[11.18727,47.3257]],[[11.18765,47.32615],[11.18749,47.32599]],[[11.18838,47.3264],[11.18765,47.32615]],[[11.18838,47.3264],[11.18817,47.32677]],[[11.18817,47.32677],[11.18821,47.32689]],[[11.18821,47.32689],[11.18857,47.32758],[11.18913,47.32753]],[[11.18911,47.32848],[11.18913,47.32753]],[[11.18903,47.32892],[11.18911,47.32848]],[[11.18901,47.32933],[11.18903,47.32892]],[[11.18895,47.32991],[11.18901,47.32933]],[[11.18738,47.32992],[11.18895,47.32991]],[[11.18738,47.32992],[11.18698,47.32988]],[[11.18698,47.32988],[11.18688,47.32987]],[[11.18688,47.32987],[11.1855,47.32979]],[[11.1855,47.32979],[11.18526,47.32977]],[[11.18526,47.32977],[11.18211,47.32953]],[[11.18211,47.32953],[11.18071,47.33045],[11.18037,47.33171],[11.17947,47.33311]],[[11.17947,47.33311],[11.17944,47.33314]],[[11.17944,47.33314],[11.17681,47.33476]],[[11.17687,47.33477],[11.17681,47.33476]],[[11.17687,47.33477],[11.1779,47.33644],[11.17876,47.33714],[11.17992,47.33766]],[[11.17992,47.33766],[11.18147,47.33853],[11.18217,47.33959],[11.18451,47.34056],[11.18496,47.34126],[11.1871,47.34278],[11.18948,47.34378]],[[11.18948,47.34378],[11.18959,47.34383]],[[11.18959,47.34383],[11.19042,47.34434]],[[11.19042,47.34434],[11.19088,47.34491]],[[11.19088,47.34491],[11.1908,47.34527]],[[11.19844,47.31533],[11.1985,47.31506]],[[11.1985,47.31506],[11.19855,47.31468],[11.19906,47.31411]],[[11.19906,47.31411],[11.19916,47.31364]],[[11.19916,47.31364],[11.19929,47.31328]],[[11.19929,47.31328],[11.20028,47.31363]],[[11.20028,47.31363],[11.20088,47.31385]],[[11.20078,47.31511],[11.20123,47.31409],[11.20088,47.31385]],[[11.20066,47.31507],[11.20078,47.31511]],[[11.20078,47.31511],[11.20066,47.31591],[11.20159,47.31692]],[[11.20174,47.31689],[11.20159,47.31692]],[[11.20183,47.31686],[11.20174,47.31689]],[[11.20186,47.31685],[11.20183,47.31686]],[[11.20378,47.31266],[11.20141,47.315],[11.20151,47.3158],[11.20201,47.3163],[11.20186,47.31685]],[[11.20383,47.3126],[11.20378,47.31266]],[[11.20384,47.31258],[11.20383,47.3126]],[[11.20296,47.31014],[11.2028,47.31068],[11.20323,47.31149],[11.20313,47.3123],[11.20384,47.31258]],[[11.20291,47.30923],[11.20317,47.30959],[11.20296,47.31014]],[[11.20282,47.30823],[11.20291,47.30923]],[[11.20032,47.30337],[11.19998,47.30446],[11.20025,47.30538],[11.20059,47.30584],[11.20176,47.30658],[11.20282,47.30823]],[[11.20037,47.30282],[11.20032,47.30337]],[[11.20222,47.30001],[11.20083,47.30157],[11.2007,47.30241],[11.20037,47.30282]],[[11.20316,47.29939],[11.20222,47.30001]],[[11.20393,47.29884],[11.20316,47.29939]],[[11.20459,47.29854],[11.20393,47.29884]],[[11.19039,47.32067],[11.19051,47.32059]],[[11.22292,47.36018],[11.22265,47.35937]],[[11.22265,47.35937],[11.2209,47.35756],[11.21937,47.35705],[11.2193,47.35645],[11.21878,47.35601],[11.21655,47.35517],[11.2159,47.35431],[11.21439,47.35331],[11.21301,47.35193]],[[11.21301,47.35193],[11.20832,47.34939],[11.20613,47.34893]],[[11.20613,47.34893],[11.20494,47.34904],[11.20464,47.34928],[11.20388,47.34945],[11.20159,47.34914],[11.19935,47.34787],[11.19814,47.34768],[11.19775,47.34716],[11.19658,47.34641],[11.19501,47.346],[11.19453,47.34555],[11.19286,47.34509],[11.19136,47.34511],[11.19088,47.34491]]]}},{"type":"Feature","properties":{"name":"Raitiseralmweg","ref":"512","network":"rcn","operator":"Tirol","from":"Mutters-Raitis","to":"Raitiseralm","website":"https://radrouting.tirol/","distance":"4.81","route":"mtb","ascent":"660","descent":"0","roundtrip":"no","osm":"relation/1435461","length_km_in_region":4.7},"geometry":{"type":"MultiLineString","coordinates":[[[11.37332,47.21887],[11.37372,47.21891]],[[11.37372,47.21891],[11.37556,47.21819],[11.37654,47.21851]],[[11.37195,47.2179],[11.37332,47.21887]],[[11.3724,47.21693],[11.37195,47.2179]],[[11.37232,47.21631],[11.3724,47.21693]],[[11.36771,47.21245],[11.36867,47.21353],[11.36895,47.21373],[11.36956,47.21379],[11.37072,47.21489],[11.37284,47.21571],[11.3734,47.21571],[11.37336,47.21604],[11.37232,47.21631]],[[11.3673,47.2105],[11.36844,47.21131],[11.36926,47.21114],[11.37071,47.21123],[11.36941,47.21176],[11.36933,47.21225],[11.36905,47.21245],[11.36771,47.21245]],[[11.36407,47.21072],[11.36487,47.21064],[11.36507,47.21031],[11.36614,47.21063],[11.3669,47.21039],[11.3673,47.2105]],[[11.35231,47.2034],[11.35236,47.20406],[11.35173,47.20435],[11.35102,47.20436],[11.35181,47.20503],[11.35237,47.20513],[11.3547,47.20492],[11.35678,47.20552],[11.35889,47.20564],[11.36003,47.20549],[11.36239,47.20368],[11.36241,47.20601],[11.36175,47.20744],[11.35982,47.20951],[11.3584,47.21026],[11.35933,47.21046],[11.35975,47.21037],[11.36036,47.21058],[11.36078,47.21034],[11.36116,47.21067],[11.36248,47.21075],[11.36321,47.21037],[11.36407,47.21072]]]}},{"type":"Feature","properties":{"name":"Rauschbrunnen","ref":"5014","network":"rcn","operator":"Tirol","from":"Planötzenhof","to":"Innsbruck - Rauschbrunnen","website":"https://radrouting.tirol/","distance":"3.17","route":"mtb","ascent":"260","descent":"60","roundtrip":"no","osm":"relation/13264770","length_km_in_region":3.1},"geometry":{"type":"MultiLineString","coordinates":[[[11.37516,47.27506],[11.37513,47.27518]],[[11.37513,47.27518],[11.37481,47.27675]],[[11.37481,47.27675],[11.37486,47.27714],[11.37317,47.27876],[11.37298,47.27943],[11.37313,47.27995],[11.37177,47.28132],[11.37177,47.28196],[11.37074,47.28204],[11.37101,47.28261],[11.36987,47.28254]],[[11.36987,47.28254],[11.37021,47.28376],[11.3693,47.28347],[11.36922,47.2833],[11.36798,47.28319]],[[11.36798,47.28319],[11.36805,47.28259]],[[11.36805,47.28259],[11.36719,47.28237],[11.36697,47.282],[11.36614,47.28215],[11.36577,47.28185],[11.36532,47.28195],[11.36285,47.28086],[11.36033,47.2803],[11.35893,47.27952]],[[11.35893,47.27952],[11.35562,47.27898]],[[11.35562,47.27898],[11.35174,47.27774],[11.35023,47.27845]],[[11.35023,47.27845],[11.34954,47.27934]]]}},{"type":"Feature","properties":{"name":"Rauthhütte","ref":"5080","network":"rcn","operator":"Tirol","from":"Leutasch - Moos","to":"Rauthütte","website":"https://radrouting.tirol/","distance":"2.58","route":"mtb","ascent":"430","descent":"0","roundtrip":"no","osm":"relation/16236032","length_km_in_region":2.5},"geometry":{"type":"MultiLineString","coordinates":[[[11.1182,47.35013],[11.11843,47.34943]],[[11.10957,47.35471],[11.11002,47.35461],[11.11041,47.35426],[11.11137,47.35444],[11.11292,47.35414],[11.1143,47.35352],[11.11556,47.35266],[11.11631,47.35257],[11.11682,47.35207],[11.11692,47.35125],[11.11795,47.3507],[11.1182,47.35013]],[[11.10492,47.34621],[11.10535,47.34663],[11.10468,47.34763],[11.10481,47.34806],[11.10392,47.34915],[11.1035,47.35054],[11.10237,47.35282],[11.10357,47.35283],[11.10482,47.35307],[11.10667,47.35357],[11.10748,47.35408],[11.10833,47.35414],[11.10957,47.35471]],[[11.10451,47.34539],[11.10507,47.34551],[11.1051,47.34574],[11.10474,47.34601],[11.10492,47.34621]]]}},{"type":"Feature","properties":{"name":"Reith b. Seefeld - Eigenhofen (Zirl)","ref":"588","operator":"Tirol","distance":"5","route":"mtb","mtb:type":"crosscountry","ascent":"570","osm":"relation/9516903","length_km_in_region":5.0},"geometry":{"type":"MultiLineString","coordinates":[[[11.19906,47.31411],[11.19916,47.31364]],[[11.19916,47.31364],[11.19929,47.31328]],[[11.19929,47.31328],[11.19996,47.31167],[11.19988,47.3093]],[[11.19708,47.30678],[11.19862,47.30874],[11.19988,47.3093]],[[11.19708,47.30678],[11.19772,47.30572]],[[11.19787,47.30557],[11.19772,47.30572]],[[11.19791,47.30554],[11.19787,47.30557]],[[11.19782,47.30508],[11.19791,47.30554]],[[11.19699,47.30443],[11.19782,47.30508]],[[11.20089,47.28966],[11.20222,47.29151],[11.20223,47.29233],[11.20253,47.29288],[11.20217,47.29325],[11.2024,47.29369],[11.20153,47.294],[11.19979,47.29533],[11.19849,47.29676],[11.19752,47.29897],[11.19586,47.30065],[11.19582,47.30128],[11.19638,47.30244],[11.19626,47.30344],[11.19646,47.304],[11.19699,47.30443]],[[11.19877,47.28813],[11.19934,47.28843],[11.19971,47.289],[11.20089,47.28966]],[[11.20639,47.28267],[11.20773,47.2827],[11.20537,47.28377],[11.20456,47.28436],[11.19875,47.28468],[11.1975,47.28511],[11.19686,47.286],[11.19735,47.28612],[11.1979,47.28659],[11.19758,47.28721],[11.1977,47.28757],[11.19877,47.28813]],[[11.20497,47.28187],[11.20524,47.28189],[11.20535,47.28211],[11.20509,47.28255],[11.20639,47.28267]],[[11.20498,47.28119],[11.20497,47.28187]]]}},{"type":"Feature","properties":{"name":"Reith b.S.- Kaiserstandrunde","ref":"5049","network":"rcn","operator":"Tirol","from":"Infobüro Reith b.S.","to":"Infobüro Reith b.S.","website":"https://radrouting.tirol/","distance":"6.38","route":"mtb","ascent":"260","descent":"260","roundtrip":"yes","osm":"relation/16238594","length_km_in_region":5.6},"geometry":{"type":"MultiLineString","coordinates":[[[11.22144,47.29464],[11.22274,47.29462],[11.2232,47.29478]],[[11.2149,47.29656],[11.21742,47.2955],[11.22144,47.29464]],[[11.21205,47.295],[11.2174,47.29416],[11.21594,47.29519],[11.2149,47.29656]],[[11.2088,47.29599],[11.20927,47.29609],[11.21019,47.29556],[11.21205,47.295]],[[11.20761,47.29672],[11.2088,47.29599]],[[11.20594,47.2978],[11.20657,47.29772],[11.20744,47.29787],[11.20761,47.29672]],[[11.20459,47.29854],[11.20594,47.2978]],[[11.20459,47.29854],[11.20393,47.29884]],[[11.20393,47.29884],[11.20316,47.29939]],[[11.20316,47.29939],[11.20222,47.30001]],[[11.20222,47.30001],[11.20083,47.30157],[11.2007,47.30241],[11.20037,47.30282]],[[11.20037,47.30282],[11.20032,47.30337]],[[11.20032,47.30337],[11.19998,47.30446],[11.20025,47.30538],[11.20059,47.30584],[11.20176,47.30658],[11.20282,47.30823]],[[11.20282,47.30823],[11.20274,47.30771],[11.20383,47.30549],[11.20359,47.30436],[11.20405,47.30381],[11.20461,47.30378],[11.20508,47.30326],[11.20739,47.30186]],[[11.2149,47.29656],[11.21349,47.299],[11.21356,47.30019],[11.21296,47.30055],[11.21418,47.30194],[11.21415,47.30215],[11.21303,47.30143],[11.21211,47.30111],[11.21038,47.30096],[11.20739,47.30186]]]}},{"type":"Feature","properties":{"name":"Reither Wiesenwegrunde","ref":"5031","network":"rcn","operator":"Tirol","from":"Infobüro Reith b.S.","to":"Infobüro Reith b.S.","website":"https://radrouting.tirol/","distance":"4.61","route":"mtb","ascent":"130","descent":"130","roundtrip":"yes","osm":"relation/16238593","length_km_in_region":4.5},"geometry":{"type":"MultiLineString","coordinates":[[[11.21983,47.2898],[11.21947,47.28965]],[[11.21947,47.28965],[11.21698,47.28969],[11.21585,47.29004]],[[11.21427,47.29049],[11.21585,47.29004]],[[11.21427,47.29049],[11.21306,47.2908],[11.21273,47.29121],[11.20883,47.29287],[11.20766,47.2931],[11.20711,47.29378],[11.2074,47.29441],[11.20513,47.29511],[11.20447,47.29597]],[[11.20447,47.29597],[11.20436,47.29617]],[[11.20436,47.29617],[11.20422,47.29634],[11.20446,47.29661],[11.20401,47.2966]],[[11.20401,47.2966],[11.20192,47.29763],[11.20178,47.2984]],[[11.20178,47.2984],[11.20169,47.29849]],[[11.20169,47.29849],[11.20175,47.29853]],[[11.20175,47.29853],[11.2019,47.29861]],[[11.2019,47.29861],[11.20229,47.29883]],[[11.20229,47.29883],[11.20252,47.299]],[[11.20252,47.299],[11.20278,47.29926]],[[11.20316,47.29939],[11.20278,47.29926]],[[11.20393,47.29884],[11.20316,47.29939]],[[11.20459,47.29854],[11.20393,47.29884]],[[11.20459,47.29854],[11.20594,47.2978]],[[11.20594,47.2978],[11.20657,47.29772],[11.20744,47.29787],[11.20761,47.29672]],[[11.20761,47.29672],[11.20765,47.29663]],[[11.20765,47.29663],[11.20867,47.29528]],[[11.20867,47.29528],[11.20922,47.29509],[11.20954,47.29464]],[[11.20954,47.29464],[11.21093,47.29399],[11.21305,47.2934],[11.21315,47.29317],[11.21439,47.29249],[11.21702,47.29211],[11.2186,47.29165],[11.22109,47.2915],[11.22223,47.29102]],[[11.22223,47.29102],[11.22362,47.29064],[11.22404,47.29019]],[[11.22404,47.29019],[11.22312,47.29041]],[[11.22312,47.29041],[11.22296,47.29035]],[[11.22296,47.29035],[11.22283,47.2903]],[[11.22283,47.2903],[11.22137,47.29022],[11.22041,47.28983],[11.21944,47.28999]],[[11.21944,47.28999],[11.21983,47.2898]]]}},{"type":"Feature","properties":{"name":"Reitherjoch Alm","ref":"5032","network":"rcn","operator":"Tirol","from":"Infobüro Reith b.S.","to":"Reitherjoch Alm","website":"https://radrouting.tirol/","distance":"6.36","route":"mtb","ascent":"380","descent":"10","roundtrip":"no","osm":"relation/16238596","length_km_in_region":6.2},"geometry":{"type":"MultiLineString","coordinates":[[[11.20316,47.29939],[11.20222,47.30001]],[[11.20222,47.30001],[11.20083,47.30157],[11.2007,47.30241],[11.20037,47.30282]],[[11.20037,47.30282],[11.20032,47.30337]],[[11.20032,47.30337],[11.19998,47.30446],[11.20025,47.30538],[11.20059,47.30584],[11.20176,47.30658],[11.20282,47.30823]],[[11.20282,47.30823],[11.20291,47.30923]],[[11.20291,47.30923],[11.20317,47.30959],[11.20296,47.31014]],[[11.20296,47.31014],[11.2028,47.31068],[11.20323,47.31149],[11.20313,47.3123],[11.20384,47.31258]],[[11.20384,47.31258],[11.20383,47.3126]],[[11.20383,47.3126],[11.20378,47.31266]],[[11.20378,47.31266],[11.20141,47.315],[11.20151,47.3158],[11.20201,47.3163],[11.20186,47.31685]],[[11.20186,47.31685],[11.20183,47.31686]],[[11.20183,47.31686],[11.20174,47.31689]],[[11.20174,47.31689],[11.20159,47.31692]],[[11.20159,47.31692],[11.20078,47.31659],[11.20039,47.31678]],[[11.20039,47.31678],[11.20119,47.31794],[11.20222,47.31875]],[[11.20802,47.33207],[11.20807,47.33121],[11.20677,47.33009],[11.20685,47.32925],[11.20586,47.32757],[11.20555,47.32638],[11.20486,47.32542],[11.20495,47.32501],[11.20375,47.32368],[11.20288,47.32354],[11.20254,47.32311],[11.20315,47.32212],[11.20284,47.32119],[11.20302,47.32069],[11.20291,47.31969],[11.20222,47.31875]],[[11.20806,47.33245],[11.20802,47.33207]],[[11.20806,47.33245],[11.20834,47.33319],[11.20937,47.33361],[11.20996,47.33418],[11.21082,47.33286]],[[11.21199,47.33242],[11.21136,47.33229],[11.21082,47.33286]],[[11.21236,47.32362],[11.21423,47.32319],[11.2136,47.32299],[11.21237,47.32309],[11.21144,47.32353],[11.21104,47.32418],[11.21032,47.32448],[11.21098,47.32569],[11.21072,47.32781],[11.2116,47.32932],[11.2117,47.32985],[11.21148,47.33024],[11.2121,47.33178],[11.21199,47.33242]]]}},{"type":"Feature","properties":{"name":"Rinner Alm","ref":"5061","network":"rcn","operator":"Tirol","from":"Tulfes, Stiegele","to":"Rinner Alm","website":"https://radrouting.tirol/","distance":"5.62","route":"mtb","ascent":"510","descent":"50","roundtrip":"no","osm":"relation/16180757","length_km_in_region":5.6},"geometry":{"type":"MultiLineString","coordinates":[[[11.50318,47.23693],[11.50317,47.23701]],[[11.50317,47.23701],[11.50236,47.23656],[11.50085,47.23667],[11.49942,47.23722]],[[11.53005,47.24515],[11.52852,47.24539],[11.5307,47.24685],[11.53153,47.24702],[11.5337,47.24806],[11.53424,47.24844],[11.53438,47.24895],[11.535,47.24924],[11.53442,47.24939],[11.53194,47.24917],[11.53281,47.25046],[11.53469,47.25108],[11.53546,47.25098],[11.53587,47.25117],[11.53481,47.25175],[11.53338,47.25202],[11.53149,47.25209],[11.52925,47.25173]],[[11.53005,47.24515],[11.5287,47.24453],[11.52841,47.2442],[11.52762,47.24412],[11.52703,47.24383]],[[11.52579,47.24349],[11.52703,47.24383]],[[11.50723,47.2393],[11.50791,47.23891],[11.50867,47.23877],[11.51141,47.24051],[11.51403,47.24123],[11.51754,47.24148],[11.51946,47.24202],[11.52119,47.2415],[11.52183,47.24147],[11.52248,47.24258],[11.52382,47.24289],[11.5247,47.24335],[11.52579,47.24349]],[[11.50317,47.23701],[11.50453,47.23848],[11.50723,47.2393]],[[11.52915,47.25173],[11.52719,47.25147],[11.52808,47.25229],[11.52928,47.25294]],[[11.52928,47.25294],[11.52938,47.25295]],[[11.52938,47.25295],[11.53085,47.25375]],[[11.53085,47.25375],[11.53096,47.2538]],[[11.53085,47.25375],[11.53096,47.2538]],[[11.52938,47.25295],[11.53085,47.25375]],[[11.52928,47.25294],[11.52938,47.25295]],[[11.53056,47.25541],[11.53117,47.25443],[11.53103,47.25387]],[[11.53096,47.2538],[11.53103,47.25387]]]}},{"type":"Feature","properties":{"name":"Rinner-Alm","ref":"518","network":"rcn","operator":"Tirol","from":"Wanderparkplatz Rinner Alm","to":"Rinner Alm","website":"https://radrouting.tirol/","distance":"3.73","route":"mtb","ascent":"450","descent":"0","roundtrip":"no","osm":"relation/1438091","length_km_in_region":3.7},"geometry":{"type":"MultiLineString","coordinates":[[[11.49913,47.23712],[11.49823,47.2369]],[[11.49823,47.2369],[11.49668,47.23637],[11.49394,47.23707]],[[11.49394,47.23707],[11.49332,47.23709],[11.49502,47.23777],[11.49638,47.23776],[11.49728,47.23861],[11.49928,47.23914]],[[11.49928,47.23914],[11.49758,47.23952],[11.49574,47.23916],[11.49344,47.23951],[11.49285,47.23931],[11.4915,47.23943],[11.49085,47.23929],[11.49128,47.23969],[11.49335,47.24052],[11.49466,47.24049],[11.49625,47.24165],[11.49756,47.24195],[11.497,47.24213],[11.49424,47.24193],[11.49364,47.24229],[11.49372,47.24279],[11.49702,47.24338],[11.49869,47.24412]],[[11.49869,47.24412],[11.49924,47.24467],[11.5025,47.24642]],[[11.5025,47.24642],[11.50396,47.24814]]]}},{"type":"Feature","properties":{"name":"Rosshütte","ref":"5027","network":"rcn","operator":"Tirol","from":"Infobüro Seefeld","to":"Rosshütte","website":"https://radrouting.tirol/","distance":"5.36","route":"mtb","mtb:scale":"3","ascent":"570","descent":"0","roundtrip":"no","osm":"relation/16238597","length_km_in_region":5.2},"geometry":{"type":"MultiLineString","coordinates":[[[11.212,47.33975],[11.21459,47.33974],[11.21801,47.34045],[11.21874,47.34007],[11.21979,47.3409],[11.22009,47.34005],[11.22102,47.33941],[11.22369,47.33946],[11.2247,47.33873],[11.22525,47.33886],[11.22507,47.33923],[11.22565,47.34039],[11.22574,47.34141],[11.22606,47.34096],[11.22649,47.34128],[11.22798,47.34033],[11.22862,47.34039],[11.22872,47.34091]],[[11.2025,47.33777],[11.20275,47.33818],[11.2046,47.33824],[11.2051,47.33878],[11.20651,47.3393],[11.20647,47.33963],[11.20692,47.33927],[11.2074,47.33999],[11.20781,47.34008],[11.2082,47.33981],[11.20947,47.34078],[11.20992,47.34074],[11.20974,47.34029],[11.21059,47.34052],[11.21075,47.34017],[11.21131,47.34046],[11.212,47.33975]],[[11.19962,47.33255],[11.19866,47.33339],[11.19901,47.33389],[11.19871,47.33424],[11.19952,47.33378],[11.20047,47.3341],[11.20142,47.33396],[11.20246,47.33417],[11.20141,47.33449],[11.20191,47.33461],[11.20274,47.33517],[11.20031,47.33701],[11.20072,47.33703],[11.20136,47.3375],[11.2025,47.33777]],[[11.19992,47.33218],[11.19962,47.33255]],[[11.19992,47.33218],[11.19937,47.332]],[[11.19937,47.332],[11.19904,47.33183]],[[11.19904,47.33183],[11.1989,47.33175]],[[11.1989,47.33175],[11.19865,47.33159]],[[11.19865,47.33159],[11.19744,47.33083],[11.19732,47.33053]],[[11.19727,47.33053],[11.19732,47.33053]],[[11.19732,47.33031],[11.19727,47.33053]],[[11.19727,47.3303],[11.19737,47.33018],[11.19727,47.3303]],[[11.19708,47.33036],[11.19725,47.33029]],[[11.19195,47.32996],[11.19332,47.33019],[11.19539,47.33005],[11.19708,47.33036]],[[11.19025,47.33003],[11.19195,47.32996]],[[11.18966,47.33002],[11.19025,47.33003]]]}},{"type":"Feature","properties":{"name":"Route Zirl 1","ref":"1","network":"lcn","route":"bicycle","osm":"relation/13044508","length_km_in_region":1.4},"geometry":{"type":"MultiLineString","coordinates":[[[11.23595,47.27657],[11.23727,47.27578],[11.24054,47.2749]],[[11.24054,47.2749],[11.24005,47.2744]],[[11.24086,47.27433],[11.24005,47.2744]],[[11.24086,47.27433],[11.24144,47.27427]],[[11.24143,47.27397],[11.24153,47.27396]],[[11.24153,47.27396],[11.24173,47.27393]],[[11.24173,47.27393],[11.24193,47.27392]],[[11.24193,47.27392],[11.24196,47.27362]],[[11.24196,47.27362],[11.24196,47.27341]],[[11.24222,47.27325],[11.24218,47.27203]],[[11.24218,47.27203],[11.24204,47.27189]],[[11.24204,47.27189],[11.24195,47.27176]],[[11.24195,47.27176],[11.24193,47.27169]],[[11.24193,47.27169],[11.24169,47.27088]],[[11.24169,47.27088],[11.2409,47.27028]],[[11.2409,47.27028],[11.24054,47.27028]],[[11.24054,47.27028],[11.23972,47.26748],[11.23957,47.2672],[11.23922,47.26717]],[[11.23922,47.26717],[11.23917,47.26712]],[[11.23917,47.26712],[11.23915,47.26709]]]}},{"type":"Feature","properties":{"name":"Route Zirl 2","ref":"2","network":"lcn","route":"bicycle","osm":"relation/13044505","length_km_in_region":1.3},"geometry":{"type":"MultiLineString","coordinates":[[[11.25578,47.2641],[11.2556,47.26427]],[[11.2556,47.26427],[11.2548,47.26503]],[[11.2548,47.26503],[11.25427,47.26508]],[[11.25336,47.26654],[11.25427,47.26508]],[[11.25114,47.26918],[11.25221,47.26837],[11.25262,47.26737],[11.25336,47.26654]],[[11.25114,47.26918],[11.25109,47.26917]],[[11.25109,47.26917],[11.25094,47.26912]],[[11.25094,47.26912],[11.25086,47.26909]],[[11.24964,47.26874],[11.25086,47.26909]],[[11.24552,47.27221],[11.24771,47.27065],[11.24874,47.26943],[11.24964,47.26874]],[[11.24552,47.27221],[11.24574,47.27248]]]}},{"type":"Feature","properties":{"name":"Route Zirl 3","ref":"3","network":"lcn","route":"bicycle","osm":"relation/13044509","length_km_in_region":1.6},"geometry":{"type":"MultiLineString","coordinates":[[[11.23092,47.26698],[11.2314,47.26727]],[[11.2314,47.26727],[11.23225,47.26734],[11.2343,47.26793]],[[11.2343,47.26793],[11.23484,47.26808]],[[11.23484,47.26808],[11.23514,47.26817]],[[11.23514,47.26817],[11.23531,47.26822]],[[11.23531,47.26822],[11.23632,47.2685]],[[11.23632,47.2685],[11.23745,47.26883]],[[11.23745,47.26883],[11.23878,47.26941],[11.23961,47.27011]],[[11.24044,47.27062],[11.23961,47.27011]],[[11.24126,47.27163],[11.24044,47.27062]],[[11.24126,47.27163],[11.24204,47.27189]],[[11.24218,47.27203],[11.24204,47.27189]],[[11.24222,47.27325],[11.24218,47.27203]],[[11.24206,47.27335],[11.24196,47.27341]],[[11.24196,47.27362],[11.24196,47.27341]],[[11.24193,47.27392],[11.24196,47.27362]],[[11.24193,47.27392],[11.24225,47.27662]]]}},{"type":"Feature","properties":{"name":"Route Zirl 4","ref":"4","network":"lcn","osmc:symbol":":orange::4:white","route":"bicycle","osm":"relation/13044506","length_km_in_region":1.9},"geometry":{"type":"MultiLineString","coordinates":[[[11.23465,47.27557],[11.23595,47.27657]],[[11.23536,47.27514],[11.2337,47.27335]],[[11.2337,47.27335],[11.23672,47.27244]],[[11.23882,47.27201],[11.23672,47.27244]],[[11.23882,47.27201],[11.23861,47.27146]],[[11.23994,47.2718],[11.2392,47.27141],[11.23861,47.27146]],[[11.24026,47.27166],[11.23994,47.2718]],[[11.24037,47.27162],[11.24026,47.27166]],[[11.24078,47.27142],[11.24037,47.27162]],[[11.24078,47.27142],[11.24126,47.27163]],[[11.24126,47.27163],[11.24204,47.27189]],[[11.24204,47.27189],[11.24195,47.27176]],[[11.24195,47.27176],[11.24193,47.27169]],[[11.24193,47.27169],[11.24169,47.27088]],[[11.24169,47.27088],[11.242,47.26975],[11.24302,47.26885]],[[11.24716,47.2667],[11.24697,47.26706],[11.24477,47.26783],[11.24302,47.26885]]]}},{"type":"Feature","properties":{"name":"Route Zirl 5","ref":"5","network":"lcn","route":"bicycle","osm":"relation/13044507","length_km_in_region":1.4},"geometry":{"type":"MultiLineString","coordinates":[[[11.23745,47.26883],[11.23749,47.26843],[11.23797,47.26785],[11.23915,47.26709]],[[11.23915,47.26709],[11.24133,47.2665],[11.24263,47.26641],[11.24568,47.26647],[11.24702,47.26669]],[[11.24702,47.26669],[11.24708,47.2667]],[[11.24708,47.2667],[11.24716,47.2667]],[[11.24776,47.26662],[11.24716,47.2667]],[[11.25032,47.26656],[11.24776,47.26662]],[[11.25032,47.26656],[11.25031,47.26611],[11.25193,47.2661]],[[11.25193,47.2661],[11.25274,47.26633]],[[11.25274,47.26633],[11.25294,47.26641]],[[11.25294,47.26641],[11.25336,47.26654]]]}},{"type":"Feature","properties":{"name":"Route Zirl 6","ref":"6","network":"lcn","osmc:symbol":":green::6:white","route":"bicycle","osm":"relation/16204281","length_km_in_region":5.1},"geometry":{"type":"MultiLineString","coordinates":[[[11.25342,47.27095],[11.25314,47.271]],[[11.25314,47.271],[11.25024,47.27154]],[[11.25024,47.27154],[11.25005,47.27158]],[[11.25005,47.27158],[11.24574,47.27248]],[[11.24574,47.27248],[11.24481,47.2727]],[[11.24481,47.2727],[11.24222,47.27325]],[[11.24222,47.27325],[11.24206,47.27335]],[[11.24206,47.27335],[11.24196,47.27341]],[[11.24196,47.27341],[11.24153,47.27358]],[[11.24153,47.27358],[11.24138,47.27364]],[[11.24138,47.27364],[11.24134,47.27364]],[[11.24134,47.27364],[11.24038,47.27382]],[[11.23925,47.27415],[11.24038,47.27382]],[[11.23214,47.27708],[11.23596,47.27485],[11.23925,47.27415]],[[11.23214,47.27708],[11.2311,47.27738]],[[11.2311,47.27738],[11.22834,47.2779],[11.22516,47.27825],[11.22065,47.27968],[11.21679,47.28015],[11.21488,47.28017],[11.21318,47.28048],[11.20908,47.28008],[11.20718,47.28069]],[[11.20718,47.28069],[11.20552,47.28119]],[[11.20552,47.28119],[11.20408,47.28116]],[[11.20408,47.28116],[11.20085,47.28104]],[[11.20085,47.28104],[11.1997,47.281]],[[11.1997,47.281],[11.19825,47.28112]],[[11.19825,47.28112],[11.19602,47.28155],[11.19077,47.28377]],[[11.19077,47.28377],[11.1906,47.28387]]]}},{"type":"Feature","properties":{"name":"Rumer Alm","ref":"513","network":"rcn","from":"Rum-Parkplatz Alpenpark Karwendel","to":"Rumer Alm","website":"https://radrouting.tirol/","distance":"4.07","route":"mtb","ascent":"490","descent":"0","osm":"relation/935991","length_km_in_region":4.6},"geometry":{"type":"MultiLineString","coordinates":[[[11.43616,47.29621],[11.4381,47.29517],[11.43972,47.29477],[11.44269,47.29205]],[[11.43541,47.29696],[11.43616,47.29621]],[[11.42368,47.29858],[11.42452,47.29923],[11.42619,47.2995],[11.42859,47.29935],[11.43306,47.29958],[11.43436,47.29943],[11.43497,47.29914],[11.43653,47.29767],[11.43616,47.29735],[11.43535,47.29717],[11.43541,47.29696]],[[11.42328,47.29852],[11.42368,47.29858]],[[11.42243,47.29845],[11.42328,47.29852]],[[11.41781,47.30155],[11.41945,47.30081],[11.42211,47.3009],[11.42126,47.30029],[11.41924,47.30001],[11.41812,47.29926],[11.41881,47.29881],[11.42007,47.29844],[11.42243,47.29845]],[[11.41765,47.30247],[11.4176,47.30179],[11.41781,47.30155]],[[11.41868,47.30209],[11.41765,47.30247]],[[11.42116,47.30293],[11.41963,47.30357],[11.41866,47.30377],[11.41907,47.3033],[11.41959,47.30314],[11.4206,47.30209],[11.41986,47.3022],[11.4192,47.30194],[11.41868,47.30209]],[[11.43195,47.29548],[11.43417,47.29557],[11.43616,47.29621]],[[11.4312,47.2955],[11.43195,47.29548]],[[11.42007,47.29844],[11.4187,47.29831],[11.41786,47.29786]],[[11.41786,47.29786],[11.41771,47.29776]]]}},{"type":"Feature","properties":{"name":"Rundroute Rumer Alm","ref":"5016","network":"rcn","operator":"Tirol","from":"Innsbruck - Arzl, Schießstand","to":"Innsbruck - Arzl, Schießstand","website":"https://radrouting.tirol/","distance":"10.92","route":"mtb","ascent":"530","descent":"530","roundtrip":"yes","osm":"relation/13311640","length_km_in_region":10.6},"geometry":{"type":"MultiLineString","coordinates":[[[11.42116,47.30293],[11.41963,47.30357],[11.41866,47.30377],[11.41907,47.3033],[11.41959,47.30314],[11.4206,47.30209],[11.41986,47.3022],[11.4192,47.30194],[11.41868,47.30209]],[[11.41868,47.30209],[11.41765,47.30247]],[[11.4136,47.30388],[11.41419,47.304],[11.41591,47.30372],[11.41638,47.30322],[11.41737,47.30304],[11.41765,47.30247]],[[11.40975,47.30063],[11.41047,47.30112],[11.41069,47.30176],[11.41233,47.3021],[11.41162,47.30386],[11.41264,47.30419],[11.4136,47.30388]],[[11.40609,47.29748],[11.40691,47.298],[11.40698,47.29874],[11.40744,47.29883],[11.40818,47.29937],[11.40802,47.29987],[11.4088,47.30007],[11.40975,47.30063]],[[11.41076,47.29742],[11.40848,47.29795],[11.40609,47.29748]],[[11.40922,47.29397],[11.40955,47.29447],[11.41162,47.29591],[11.41237,47.2977],[11.4116,47.29752],[11.4111,47.29773],[11.41076,47.29742]],[[11.40939,47.29388],[11.40922,47.29397]],[[11.40939,47.29388],[11.40991,47.29417],[11.41141,47.29448],[11.41166,47.29473],[11.41303,47.29408],[11.41278,47.2948],[11.41383,47.29484],[11.41385,47.29616]],[[11.41385,47.29616],[11.41397,47.2962]],[[11.41397,47.2962],[11.41477,47.29559]],[[11.41477,47.29559],[11.41604,47.29424],[11.41637,47.29314],[11.41697,47.29267],[11.41826,47.29261],[11.41916,47.29278],[11.42113,47.29203],[11.42219,47.2922],[11.42251,47.29171]],[[11.42251,47.29171],[11.42189,47.29158],[11.42201,47.29133]],[[11.42611,47.28953],[11.42336,47.29049],[11.42241,47.29125],[11.42201,47.29133]],[[11.42611,47.28953],[11.42336,47.29049],[11.42241,47.29125],[11.42201,47.29133]],[[11.42201,47.29133],[11.42237,47.29145],[11.42336,47.29102],[11.42465,47.29099],[11.42506,47.29072],[11.42503,47.29166],[11.42551,47.29236],[11.4266,47.29199],[11.42728,47.2923],[11.42737,47.29267],[11.42767,47.29279],[11.42893,47.29217],[11.42904,47.29277],[11.4294,47.29304],[11.43037,47.29299]],[[11.43037,47.29299],[11.43126,47.29365],[11.43103,47.2944]],[[11.43103,47.2944],[11.43092,47.29479],[11.4312,47.2955]],[[11.4312,47.2955],[11.43195,47.29548]],[[11.43195,47.29548],[11.43417,47.29557],[11.43616,47.29621]],[[11.43541,47.29696],[11.43616,47.29621]],[[11.42368,47.29858],[11.42452,47.29923],[11.42619,47.2995],[11.42859,47.29935],[11.43306,47.29958],[11.43436,47.29943],[11.43497,47.29914],[11.43653,47.29767],[11.43616,47.29735],[11.43535,47.29717],[11.43541,47.29696]],[[11.42328,47.29852],[11.42368,47.29858]],[[11.42243,47.29845],[11.42328,47.29852]],[[11.41781,47.30155],[11.41945,47.30081],[11.42211,47.3009],[11.42126,47.30029],[11.41924,47.30001],[11.41812,47.29926],[11.41881,47.29881],[11.42007,47.29844],[11.42243,47.29845]],[[11.41765,47.30247],[11.4176,47.30179],[11.41781,47.30155]],[[11.41868,47.30209],[11.41765,47.30247]],[[11.42116,47.30293],[11.41963,47.30357],[11.41866,47.30377],[11.41907,47.3033],[11.41959,47.30314],[11.4206,47.30209],[11.41986,47.3022],[11.4192,47.30194],[11.41868,47.30209]]]}},{"type":"Feature","properties":{"name":"Rundweg Mösern-Wildmoos","ref":"544","network":"rcn","operator":"Tirol","from":"Infobüro Mösern","to":"Infobüro Mösern","website":"https://radrouting.tirol/","distance":"11.74","route":"mtb","ascent":"320","descent":"320","roundtrip":"yes","osm":"relation/16238591","length_km_in_region":11.1},"geometry":{"type":"MultiLineString","coordinates":[[[11.1475,47.31783],[11.14826,47.31816],[11.14864,47.31895],[11.1494,47.31919],[11.15023,47.32036],[11.15125,47.32047],[11.15247,47.32034],[11.15323,47.32059],[11.15488,47.32154],[11.15594,47.32189],[11.15617,47.32249],[11.15849,47.32292],[11.15956,47.32363],[11.15945,47.32409],[11.15976,47.32444]],[[11.15976,47.32444],[11.16072,47.32438],[11.1619,47.32521],[11.16301,47.32535],[11.16613,47.32737],[11.16632,47.32769],[11.16618,47.32835],[11.16699,47.32852],[11.1684,47.32936],[11.16888,47.33174]],[[11.16554,47.33422],[11.16611,47.3337],[11.16829,47.33305],[11.16873,47.33272],[11.16888,47.33174]],[[11.16161,47.33563],[11.16283,47.33537],[11.16377,47.33459],[11.16554,47.33422]],[[11.16105,47.33561],[11.16161,47.33563]],[[11.15998,47.33548],[11.16105,47.33561]],[[11.15824,47.33566],[11.15998,47.33548]],[[11.1569,47.33639],[11.15824,47.33566]],[[11.15009,47.33446],[11.15329,47.33552],[11.15512,47.33557],[11.1569,47.33639]],[[11.13657,47.3269],[11.13786,47.32648],[11.1399,47.32715],[11.1409,47.3284],[11.14213,47.32902],[11.14234,47.33016],[11.14287,47.33079],[11.14353,47.33119],[11.14484,47.33149],[11.14624,47.33252],[11.14879,47.333],[11.15009,47.33446]],[[11.13657,47.3269],[11.13602,47.32703],[11.1353,47.32668]],[[11.1353,47.32668],[11.13517,47.3266]],[[11.13517,47.3266],[11.135,47.32639],[11.13361,47.32601],[11.13224,47.32528],[11.13204,47.32458],[11.13149,47.32415],[11.12995,47.32409],[11.12867,47.32341]],[[11.13321,47.31952],[11.13155,47.31934],[11.13091,47.31944],[11.1295,47.32034],[11.1287,47.32052],[11.12802,47.32104],[11.1278,47.32186],[11.12813,47.32257],[11.12792,47.32314],[11.12812,47.32339],[11.12867,47.32341]],[[11.13321,47.31952],[11.13365,47.31988],[11.13466,47.32015],[11.13602,47.31967],[11.13626,47.31933],[11.13756,47.31924],[11.13935,47.31707],[11.13964,47.31741],[11.13979,47.31832],[11.14034,47.3191],[11.14102,47.31944],[11.14152,47.31935]],[[11.14152,47.31935],[11.14238,47.31886],[11.14326,47.31909],[11.14402,47.31903],[11.14645,47.31841],[11.14736,47.3179]],[[11.14736,47.3179],[11.14879,47.31622],[11.14912,47.3154],[11.14906,47.31486],[11.14962,47.31428]],[[11.15018,47.31365],[11.14962,47.31428]],[[11.1505,47.31325],[11.15018,47.31365]],[[11.15086,47.31138],[11.151,47.3118],[11.15044,47.31293],[11.15107,47.3127],[11.1505,47.31325]],[[11.15086,47.31138],[11.14967,47.31147],[11.14756,47.31107],[11.14618,47.31144]],[[11.1569,47.33639],[11.15866,47.33754],[11.15929,47.33824],[11.16077,47.33886]],[[11.16077,47.33886],[11.16147,47.33955],[11.16137,47.34067],[11.16165,47.34112],[11.16128,47.34283],[11.16047,47.34305],[11.16067,47.34334],[11.16039,47.34378],[11.16073,47.34427]]]}},{"type":"Feature","properties":{"name":"Salzbach - Ropferstube","ref":"5067","network":"rcn","operator":"Tirol","from":"Parkplatz Salzbach, Leutasch","to":"Buchen - Ropferstubn","website":"https://radrouting.tirol/","distance":"8.14","route":"mtb","ascent":"240","descent":"270","roundtrip":"no","osm":"relation/16236033","length_km_in_region":7.8},"geometry":{"type":"MultiLineString","coordinates":[[[11.10957,47.35471],[11.11212,47.35566],[11.11284,47.35684],[11.11324,47.35709],[11.11531,47.35694]],[[11.10957,47.35471],[11.11002,47.35461],[11.11041,47.35426],[11.11137,47.35444],[11.11292,47.35414],[11.1143,47.35352],[11.11556,47.35266],[11.11631,47.35257],[11.11682,47.35207],[11.11692,47.35125],[11.11795,47.3507],[11.1182,47.35013]],[[11.1182,47.35013],[11.11843,47.34943]],[[11.11843,47.34943],[11.12009,47.34947],[11.12125,47.34891]],[[11.12125,47.34891],[11.12351,47.34896]],[[11.12318,47.35],[11.12351,47.34896]],[[11.12278,47.35226],[11.12318,47.35]],[[11.12248,47.3529],[11.12278,47.35226]],[[11.12332,47.35646],[11.12248,47.3529]],[[11.12339,47.35711],[11.12332,47.35646]],[[11.1232,47.35703],[11.12339,47.35711]],[[11.11941,47.35624],[11.1203,47.35595],[11.1211,47.35597],[11.12198,47.3566],[11.1232,47.35703]],[[11.11582,47.35677],[11.11941,47.35624]],[[11.10244,47.36003],[11.10278,47.3592],[11.10404,47.35874],[11.1048,47.35883],[11.10551,47.35938],[11.10669,47.35938],[11.10715,47.36],[11.11099,47.36011],[11.11276,47.35926],[11.11301,47.35866],[11.11371,47.3583],[11.11437,47.35733],[11.11582,47.35677]],[[11.12351,47.34896],[11.12475,47.34712]],[[11.12475,47.34712],[11.12531,47.34609],[11.1251,47.34516],[11.12523,47.34439],[11.12371,47.34263],[11.12331,47.34179],[11.12231,47.34106],[11.12111,47.34074],[11.12015,47.34067],[11.11933,47.34112]],[[11.11933,47.34112],[11.11849,47.34072],[11.11741,47.33949],[11.11382,47.33851],[11.11296,47.33772]],[[11.11272,47.33747],[11.11226,47.33751],[11.10933,47.33623],[11.1082,47.3361],[11.10746,47.33559],[11.10741,47.33499]],[[11.10688,47.33482],[11.1069,47.33532],[11.10741,47.33499]],[[11.10688,47.33482],[11.10864,47.33362],[11.10963,47.33262],[11.11012,47.33246],[11.11012,47.33188]],[[11.11012,47.33188],[11.11007,47.33165]]]}},{"type":"Feature","properties":{"name":"Schmirntalradweg","ref":"5094","network":"rcn","from":"Bahnhof St. Jodok a.Br.","to":"Schmirn / Kasern","website":"https://radrouting.tirol/","distance":"12.67","route":"mtb","ascent":"670","descent":"10","osm":"relation/19164068","length_km_in_region":6.2},"geometry":{"type":"MultiLineString","coordinates":[[[11.56467,47.0796],[11.56559,47.08048]],[[11.56559,47.08048],[11.56611,47.0811],[11.56616,47.08179]],[[11.56616,47.08179],[11.56733,47.08307],[11.56969,47.0842]],[[11.56969,47.0842],[11.56985,47.08426]],[[11.56985,47.08426],[11.57158,47.08471],[11.57391,47.08604]],[[11.57391,47.08604],[11.57418,47.08617]],[[11.57418,47.08617],[11.57424,47.0862]],[[11.57424,47.0862],[11.57736,47.08742]],[[11.57736,47.08742],[11.57915,47.08794],[11.57954,47.08845]],[[11.57954,47.08845],[11.58046,47.08935],[11.58216,47.09011],[11.58341,47.09135],[11.58494,47.09225]],[[11.58494,47.09225],[11.58595,47.0927],[11.58723,47.0942],[11.58772,47.09533],[11.5894,47.09687]],[[11.5894,47.09687],[11.59238,47.09945]],[[11.5924,47.09947],[11.59501,47.10138],[11.59602,47.10237],[11.59768,47.10316],[11.6001,47.10478],[11.60128,47.10535]],[[11.60128,47.10535],[11.60217,47.10587],[11.60272,47.10688]],[[11.60272,47.10688],[11.60289,47.10699]],[[11.60289,47.10699],[11.60303,47.10708]],[[11.60318,47.10722],[11.603,47.1071],[11.60318,47.10722]],[[11.60877,47.10683],[11.60754,47.10715],[11.60321,47.10715]],[[11.60893,47.10677],[11.60877,47.10683]],[[11.6112,47.1061],[11.61055,47.10646],[11.60893,47.10677]],[[11.61383,47.10387],[11.61196,47.10545],[11.61167,47.10604],[11.6112,47.1061]],[[11.61534,47.10218],[11.61383,47.10387]],[[11.62026,47.0975],[11.61894,47.09852],[11.61745,47.10063],[11.61534,47.10218]]]}},{"type":"Feature","properties":{"name":"Schwarzmoos","ref":"6035","network":"rcn","from":"Talstation Hochalterbahn","to":"Bergstation Kaiserbahn","website":"https://radrouting.tirol/","distance":"4.52","route":"mtb","ascent":"430","osm":"relation/21168970","length_km_in_region":4.6},"geometry":{"type":"MultiLineString","coordinates":[[[11.02615,47.21527],[11.02629,47.21566]],[[11.02641,47.21569],[11.02629,47.21566]],[[11.02641,47.21569],[11.02684,47.21632],[11.02816,47.21715]],[[11.02816,47.21715],[11.03157,47.21913],[11.02754,47.21848],[11.02917,47.21988],[11.0327,47.22155],[11.03393,47.22274],[11.03167,47.22275],[11.02907,47.22239],[11.02642,47.22234],[11.02514,47.22102],[11.02334,47.22093],[11.02209,47.22063],[11.02041,47.22083]],[[11.02275,47.22083],[11.02238,47.22109],[11.02448,47.22407],[11.02438,47.22422],[11.02407,47.22418],[11.02321,47.22387]],[[11.01696,47.22615],[11.01929,47.22662],[11.02006,47.22658],[11.02122,47.22536],[11.02171,47.22514],[11.02234,47.22417],[11.02321,47.22387]],[[11.01696,47.22615],[11.01679,47.22604],[11.01645,47.22633],[11.01569,47.22629],[11.01545,47.22599],[11.01489,47.22624],[11.01436,47.22609],[11.0138,47.22626],[11.01307,47.2268],[11.01302,47.22762],[11.01181,47.2274],[11.0111,47.22691],[11.01057,47.22686],[11.01044,47.22613]]]}},{"type":"Feature","properties":{"name":"Schweinfurter Hütte","ref":"601","network":"rcn","operator":"Tirol","from":"Parkplatz Sennhof, Niederthai","to":"Parkplatz Sennhof, Niederthai","website":"https://radrouting.tirol/","distance":"12.78","route":"mtb","ascent":"540","descent":"530","roundtrip":"yes","osm":"relation/8449787","length_km_in_region":9.0},"geometry":{"type":"MultiLineString","coordinates":[[[10.96931,47.12893],[10.96762,47.12835]],[[10.96997,47.1291],[10.96931,47.12893]],[[10.98434,47.13683],[10.98179,47.13643],[10.97948,47.13472],[10.97793,47.13443],[10.97718,47.13343],[10.97535,47.13242],[10.97374,47.13097],[10.96997,47.1291]],[[10.9844,47.13685],[10.98434,47.13683]],[[10.9927,47.14077],[10.9923,47.14022],[10.99094,47.14024],[10.98937,47.13977],[10.98784,47.13795],[10.98657,47.13764],[10.98563,47.1376],[10.9844,47.13685]],[[10.9927,47.14077],[10.9926,47.14074]],[[10.9926,47.14074],[10.99246,47.14074]],[[10.96358,47.12802],[10.96693,47.13035],[10.96864,47.13092],[10.97012,47.13197],[10.97212,47.13235],[10.97454,47.13451],[10.97881,47.13702],[10.97981,47.13798],[10.98057,47.13801],[10.98114,47.13844],[10.98167,47.13838],[10.984,47.13931],[10.9859,47.13956],[10.98963,47.14098],[10.9908,47.14107],[10.99179,47.14056],[10.99246,47.14074]],[[10.96358,47.12802],[10.96557,47.12883],[10.96707,47.12882],[10.96732,47.12864]],[[10.96732,47.12864],[10.96749,47.12848]],[[10.96749,47.12848],[10.96758,47.12838]],[[10.96758,47.12838],[10.96762,47.12835]],[[10.99293,47.141],[10.9927,47.14077]],[[10.9945,47.14138],[10.99293,47.141]],[[10.99524,47.14154],[10.9945,47.14138]],[[11.00032,47.1437],[10.99912,47.14277],[10.99524,47.14154]],[[11.00105,47.14387],[11.00032,47.1437]],[[11.00121,47.14394],[11.00105,47.14387]],[[11.00431,47.14695],[11.00418,47.14627],[11.00329,47.14491],[11.00189,47.14411],[11.00121,47.14394]],[[11.0092,47.1543],[11.00752,47.15095],[11.00431,47.14695]],[[11.00912,47.15438],[11.0092,47.1543]],[[11.009,47.15449],[11.00912,47.15438]],[[11.01247,47.15888],[11.01174,47.15859],[11.01148,47.15825],[11.01238,47.15793],[11.01236,47.15755],[11.01128,47.15728],[11.00998,47.15558],[11.00919,47.15517],[11.009,47.15449]],[[11.01255,47.15891],[11.01247,47.15888]],[[11.01929,47.15947],[11.01746,47.15969],[11.0145,47.15881],[11.01255,47.15891]],[[11.01935,47.15947],[11.01929,47.15947]],[[11.01952,47.1594],[11.01935,47.15947]],[[11.01956,47.15938],[11.01952,47.1594]],[[11.01989,47.15906],[11.01956,47.15938]],[[11.01994,47.15851],[11.01989,47.15906]]]}},{"type":"Feature","properties":{"name":"Seapenalm","ref":"533","network":"rcn","operator":"Tirol","from":"Parkplatz Schranzberg","to":"Seapenalm","website":"https://radrouting.tirol/","distance":"8.31","route":"mtb","ascent":"720","descent":"10","roundtrip":"no","osm":"relation/2965369","length_km_in_region":8.1},"geometry":{"type":"MultiLineString","coordinates":[[[11.55186,47.13619],[11.55292,47.13654],[11.55365,47.13716]],[[11.55365,47.13716],[11.5549,47.13831],[11.55465,47.13904],[11.55517,47.14055],[11.55706,47.14241],[11.55719,47.14295],[11.55843,47.1447],[11.55949,47.14587],[11.56083,47.14655],[11.56125,47.14718],[11.56282,47.14751]],[[11.5628,47.14757],[11.56282,47.14751]],[[11.56279,47.14771],[11.5628,47.14757]],[[11.56279,47.14771],[11.56282,47.14811],[11.56252,47.14824],[11.56067,47.14769]],[[11.56067,47.14769],[11.56059,47.14763]],[[11.56059,47.14763],[11.55931,47.1465],[11.55727,47.14407],[11.55505,47.14285],[11.55444,47.1427],[11.55408,47.14202],[11.55324,47.14162]],[[11.55282,47.14106],[11.55324,47.14162]],[[11.55673,47.14873],[11.55758,47.14776],[11.55761,47.14732],[11.5559,47.14523],[11.55474,47.14487],[11.55397,47.14399],[11.55372,47.1424],[11.55282,47.14106]],[[11.54857,47.14503],[11.55062,47.14571],[11.55209,47.14582],[11.55274,47.14634],[11.55448,47.14632],[11.55569,47.14659],[11.55707,47.1475],[11.55673,47.14873]],[[11.54857,47.14503],[11.5503,47.14638],[11.55111,47.14663],[11.55174,47.14735],[11.55239,47.1476],[11.55274,47.14803]],[[11.55274,47.14803],[11.5528,47.14846],[11.55194,47.14879],[11.55134,47.14974],[11.55112,47.15045],[11.55134,47.15179],[11.5506,47.15088],[11.55019,47.14866],[11.54956,47.14827],[11.54714,47.14829],[11.54583,47.1479],[11.54586,47.14814],[11.54637,47.14838],[11.54584,47.14844],[11.54552,47.14837],[11.54518,47.14793],[11.54403,47.14791],[11.54458,47.14831],[11.54474,47.14884],[11.54356,47.14834],[11.54291,47.14846],[11.54242,47.14825],[11.54345,47.14934],[11.54419,47.1495],[11.54455,47.14994],[11.54629,47.15003],[11.54692,47.15094]],[[11.54692,47.15094],[11.54694,47.15189]],[[11.54694,47.15189],[11.54638,47.15305],[11.5455,47.1536],[11.5439,47.15547],[11.54388,47.15613],[11.54307,47.15623]]]}},{"type":"Feature","properties":{"name":"Seefeld - Leutasch","ref":"5052","network":"rcn","operator":"Tirol","from":"Infobüro Seefeld","to":"Infobüro Leutasch","website":"https://radrouting.tirol/","distance":"7.48","route":"mtb","ascent":"120","descent":"190","roundtrip":"no","osm":"relation/16238588","length_km_in_region":5.3},"geometry":{"type":"MultiLineString","coordinates":[[[11.18688,47.32987],[11.1855,47.32979]],[[11.1855,47.32979],[11.18526,47.32977]],[[11.18526,47.32977],[11.18211,47.32953]],[[11.18211,47.32953],[11.18071,47.33045],[11.18037,47.33171],[11.17947,47.33311]],[[11.17947,47.33311],[11.17944,47.33314]],[[11.17944,47.33314],[11.17681,47.33476]],[[11.17687,47.33477],[11.17681,47.33476]],[[11.18948,47.34378],[11.18959,47.34383]],[[11.17992,47.33766],[11.18147,47.33853],[11.18217,47.33959],[11.18451,47.34056],[11.18496,47.34126],[11.1871,47.34278],[11.18948,47.34378]],[[11.17987,47.33768],[11.17992,47.33766]],[[11.17875,47.33723],[11.17987,47.33768]],[[11.1768,47.33485],[11.17776,47.33639],[11.17875,47.33723]],[[11.18738,47.32992],[11.18698,47.32988]],[[11.18738,47.32992],[11.18895,47.32991]],[[11.18895,47.32991],[11.18901,47.32933]],[[11.18901,47.32933],[11.18903,47.32892]],[[11.18322,47.34636],[11.18372,47.34584],[11.18631,47.34442],[11.18772,47.34424],[11.18802,47.34402],[11.18871,47.34408],[11.18948,47.34378]],[[11.18213,47.34803],[11.18322,47.34636]],[[11.18184,47.34842],[11.18187,47.34836]],[[11.18183,47.35228],[11.18184,47.34842]],[[11.18187,47.35253],[11.18183,47.35228]],[[11.17591,47.35804],[11.17859,47.35729],[11.18056,47.35609],[11.18127,47.35534],[11.18177,47.35431],[11.18187,47.35253]],[[11.17458,47.35798],[11.17591,47.35804]],[[11.17222,47.36011],[11.17237,47.35991],[11.17408,47.35942],[11.1742,47.35818],[11.17458,47.35798]]]}},{"type":"Feature","properties":{"name":"Seefeld - Wildmoos","ref":"5069","network":"rcn","operator":"Tirol","from":"Bahnhof Seefeld","to":"Wildmoos","website":"https://radrouting.tirol/","distance":"2.85","route":"mtb","ascent":"130","descent":"10","roundtrip":"no","osm":"relation/18150514","length_km_in_region":2.8},"geometry":{"type":"MultiLineString","coordinates":[[[11.18901,47.32933],[11.18903,47.32892]],[[11.18895,47.32991],[11.18901,47.32933]],[[11.18738,47.32992],[11.18895,47.32991]],[[11.18738,47.32992],[11.18698,47.32988]],[[11.18698,47.32988],[11.18688,47.32987]],[[11.18688,47.32987],[11.1855,47.32979]],[[11.1855,47.32979],[11.18526,47.32977]],[[11.18526,47.32977],[11.18211,47.32953]],[[11.18211,47.32953],[11.18071,47.33045],[11.18037,47.33171],[11.17947,47.33311]],[[11.17947,47.33311],[11.17944,47.33314]],[[11.17944,47.33314],[11.17681,47.33476]],[[11.17681,47.33476],[11.1768,47.33485]],[[11.17648,47.3355],[11.17675,47.33532],[11.1768,47.33485]],[[11.16973,47.3341],[11.17018,47.33404],[11.16989,47.33449],[11.17082,47.3355],[11.1724,47.33604],[11.1754,47.33581],[11.17648,47.3355]],[[11.16963,47.33409],[11.16973,47.3341]],[[11.16554,47.33422],[11.16674,47.33432],[11.16963,47.33409]],[[11.16161,47.33563],[11.16283,47.33537],[11.16377,47.33459],[11.16554,47.33422]],[[11.16105,47.33561],[11.16161,47.33563]]]}},{"type":"Feature","properties":{"name":"Seegrube","ref":"506","network":"rcn","operator":"Tirol","from":"Hungerburg - öffentlicher Parkplatz Höhenstraße","to":"Seegrube","description":"variable routing possible","website":"https://radrouting.tirol/","distance":"10.22","route":"mtb","ascent":"1070","descent":"10","roundtrip":"no","osm":"relation/950579","length_km_in_region":16.6},"geometry":{"type":"MultiLineString","coordinates":[[[11.37888,47.29257],[11.38046,47.29291],[11.38167,47.29279],[11.38245,47.29305],[11.38386,47.2941],[11.38473,47.29388],[11.38552,47.29451],[11.38621,47.29463],[11.38648,47.29506]],[[11.3781,47.29177],[11.37853,47.29201],[11.37888,47.29257]],[[11.37635,47.29158],[11.3781,47.29177]],[[11.36838,47.29141],[11.36926,47.29142],[11.37005,47.29073],[11.37149,47.29016],[11.37306,47.28982],[11.37427,47.29003],[11.37515,47.29045],[11.37523,47.29169],[11.37635,47.29158]],[[11.36804,47.28635],[11.36844,47.28647],[11.36861,47.28691],[11.36768,47.28775],[11.36762,47.28811],[11.36883,47.28833],[11.3688,47.28942],[11.36816,47.29093],[11.36833,47.29138]],[[11.36798,47.28319],[11.36798,47.28335],[11.36871,47.28361],[11.36875,47.28503],[11.36844,47.28506],[11.36791,47.28451],[11.36791,47.28405],[11.36755,47.2845],[11.36765,47.2851],[11.36741,47.28536],[11.36752,47.28563],[11.36817,47.28587],[11.36804,47.28635]],[[11.36987,47.28254],[11.37021,47.28376],[11.3693,47.28347],[11.36922,47.2833],[11.36798,47.28319]],[[11.37481,47.27675],[11.37486,47.27714],[11.37317,47.27876],[11.37298,47.27943],[11.37313,47.27995],[11.37177,47.28132],[11.37177,47.28196],[11.37074,47.28204],[11.37101,47.28261],[11.36987,47.28254]],[[11.37513,47.27518],[11.37481,47.27675]],[[11.40902,47.29375],[11.40939,47.29388]],[[11.40939,47.29388],[11.40991,47.29417],[11.41141,47.29448],[11.41166,47.29473],[11.41303,47.29408],[11.41278,47.2948],[11.41383,47.29484],[11.41385,47.29616]],[[11.41385,47.29616],[11.41397,47.2962]],[[11.41397,47.2962],[11.41477,47.29559]],[[11.41477,47.29559],[11.41604,47.29424],[11.41637,47.29314],[11.41697,47.29267],[11.41826,47.29261],[11.41916,47.29278],[11.42113,47.29203],[11.42219,47.2922],[11.42251,47.29171]],[[11.42251,47.29171],[11.42189,47.29158],[11.42201,47.29133]],[[11.42611,47.28953],[11.42336,47.29049],[11.42241,47.29125],[11.42201,47.29133]],[[11.3959,47.28458],[11.3972,47.28503]],[[11.3972,47.28503],[11.39814,47.2856]],[[11.39712,47.28609],[11.39814,47.2856]],[[11.39653,47.28632],[11.39712,47.28609]],[[11.39653,47.28632],[11.3964,47.28662],[11.39726,47.28714]],[[11.39726,47.28714],[11.3988,47.28787]],[[11.3988,47.28787],[11.39934,47.28846],[11.39987,47.28852],[11.39994,47.289]],[[11.39994,47.289],[11.40039,47.28932]],[[11.40039,47.28932],[11.40193,47.2903],[11.40269,47.29112]],[[11.40269,47.29112],[11.40395,47.2915],[11.40431,47.29204],[11.40512,47.29214]],[[11.40512,47.29214],[11.4054,47.29254],[11.40521,47.2929],[11.40538,47.29307],[11.40788,47.29368],[11.40842,47.29358],[11.40902,47.29375]],[[11.40902,47.29375],[11.40922,47.29397]],[[11.40922,47.29397],[11.40955,47.29447],[11.41162,47.29591],[11.41237,47.2977],[11.4116,47.29752],[11.4111,47.29773],[11.41076,47.29742]],[[11.41076,47.29742],[11.40848,47.29795],[11.40609,47.29748]],[[11.40303,47.29634],[11.4033,47.29645],[11.40333,47.29699],[11.4043,47.29712],[11.40479,47.29778],[11.40609,47.29748]],[[11.40249,47.29616],[11.40303,47.29634]],[[11.38648,47.29506],[11.38686,47.29539],[11.38885,47.29512],[11.38926,47.29495],[11.38941,47.29422],[11.38973,47.29413],[11.39358,47.29461],[11.3978,47.29547],[11.4018,47.2959],[11.40249,47.29616]],[[11.38646,47.29524],[11.38648,47.29506]],[[11.38976,47.2961],[11.38878,47.29572],[11.38672,47.29559],[11.38646,47.29524]],[[11.39115,47.29617],[11.38976,47.2961]],[[11.39115,47.29617],[11.39279,47.29672],[11.39372,47.2976],[11.39266,47.29723],[11.39188,47.29716],[11.39075,47.29763],[11.39006,47.29841],[11.38896,47.29855],[11.38749,47.29839]],[[11.38749,47.29839],[11.38709,47.29839]],[[11.37506,47.29735],[11.3778,47.29691],[11.37935,47.29713],[11.3803,47.29753],[11.38124,47.29711],[11.3825,47.29688],[11.38412,47.29704],[11.38578,47.29832],[11.38709,47.29839]],[[11.3827,47.3005],[11.38247,47.30002],[11.38278,47.29899],[11.38257,47.29867],[11.38135,47.29843],[11.38057,47.29862],[11.37993,47.29852],[11.37921,47.29785],[11.37794,47.29739],[11.37506,47.29735]],[[11.38443,47.30141],[11.3827,47.3005]],[[11.38457,47.30149],[11.38443,47.30141]],[[11.38527,47.30204],[11.38457,47.30149]],[[11.38527,47.30204],[11.38575,47.30205],[11.38531,47.30227],[11.38464,47.30203]],[[11.38464,47.30203],[11.38521,47.30265],[11.38602,47.30266]],[[11.38602,47.30266],[11.38655,47.30323],[11.38575,47.30355],[11.38504,47.30341]],[[11.38504,47.30341],[11.3845,47.3032]],[[11.38353,47.30246],[11.3845,47.3032]],[[11.38353,47.30246],[11.38267,47.30236],[11.38268,47.3027],[11.38207,47.30287],[11.38238,47.30345],[11.38149,47.30346],[11.38112,47.30324],[11.38106,47.30356],[11.38138,47.3039],[11.3804,47.30356],[11.38045,47.30387],[11.38095,47.30428],[11.38006,47.30424],[11.37967,47.304],[11.38027,47.3048]],[[11.38219,47.30543],[11.38202,47.30502],[11.3807,47.30509],[11.38027,47.3048]],[[11.38219,47.30543],[11.38193,47.30591],[11.38099,47.3058]],[[11.38172,47.30664],[11.38049,47.30588],[11.38099,47.3058]],[[11.37904,47.3065],[11.38038,47.30704],[11.38172,47.30664]]]}},{"type":"Feature","properties":{"name":"Sendersweg","ref":"555","network":"rcn","operator":"Tirol","from":"Grinzens-Pafnitz","to":"Kemater Alm","website":"https://radrouting.tirol/","distance":"5.78","route":"mtb","ascent":"680","descent":"0","roundtrip":"no","osm":"relation/2980782","length_km_in_region":5.7},"geometry":{"type":"MultiLineString","coordinates":[[[11.26554,47.177],[11.26505,47.17731]],[[11.26505,47.17731],[11.26455,47.17779],[11.26389,47.17798],[11.26301,47.17919],[11.26281,47.18018],[11.26321,47.1806],[11.2634,47.18145],[11.26305,47.18206],[11.26345,47.18274],[11.26239,47.18415],[11.26233,47.18477]],[[11.26233,47.18477],[11.26246,47.18589]],[[11.26246,47.18589],[11.26229,47.18765],[11.26249,47.18824],[11.26215,47.18901],[11.26193,47.19071],[11.26075,47.19206]],[[11.26075,47.19206],[11.26079,47.19636],[11.26008,47.19839],[11.26029,47.19979],[11.26002,47.20046],[11.2598,47.20412]],[[11.2598,47.20412],[11.25971,47.20418]],[[11.25971,47.20418],[11.25945,47.2045],[11.25929,47.20577],[11.25955,47.20618],[11.25932,47.20723],[11.25955,47.20822],[11.2579,47.20958],[11.25767,47.21015],[11.25776,47.21143],[11.25678,47.2133],[11.25589,47.21413],[11.25545,47.21528],[11.25592,47.21622],[11.25499,47.21748]],[[11.25499,47.21748],[11.2544,47.21818],[11.25407,47.21984]],[[11.25407,47.21984],[11.25359,47.22104],[11.25294,47.22481]],[[11.25294,47.22481],[11.25319,47.22521]],[[11.25319,47.22521],[11.25337,47.22549]],[[11.25337,47.22549],[11.25354,47.22574]]]}},{"type":"Feature","properties":{"name":"Serlesblick","ref":"556","network":"mtb","operator":"Tirol","from":"Parkplatz Schönberg","to":"Parkplatz Schönberg","website":"https://radrouting.tirol/","distance":"17.68","route":"mtb","ascent":"680","descent":"680","roundtrip":"yes","osm":"relation/939594","length_km_in_region":17.3},"geometry":{"type":"MultiLineString","coordinates":[[[11.39123,47.15046],[11.3922,47.15044]],[[11.39433,47.14983],[11.39384,47.15066],[11.3922,47.15044]],[[11.39409,47.14975],[11.39433,47.14983]],[[11.39409,47.14975],[11.3936,47.14951],[11.39316,47.14825],[11.39325,47.14793],[11.39372,47.14766]],[[11.39372,47.14766],[11.39478,47.1481],[11.39591,47.14825]],[[11.39591,47.14825],[11.39615,47.14831]],[[11.39615,47.14831],[11.39812,47.14891],[11.40026,47.15003],[11.40121,47.14992]],[[11.40121,47.14992],[11.40169,47.14989],[11.40213,47.15031],[11.40274,47.15053]],[[11.40274,47.15053],[11.40325,47.15016],[11.40392,47.15004],[11.404,47.14903],[11.40375,47.14873],[11.40541,47.14829],[11.40591,47.14855],[11.40643,47.14855],[11.40686,47.14921],[11.40696,47.14996],[11.4074,47.15006],[11.40769,47.15066]],[[11.40769,47.15066],[11.40804,47.15087],[11.40868,47.15086],[11.4096,47.15132],[11.40935,47.15229],[11.40985,47.15245],[11.41034,47.15299],[11.40951,47.15355],[11.41021,47.15495],[11.41049,47.15516],[11.41096,47.1552]],[[11.41096,47.1552],[11.41254,47.15584],[11.4122,47.15652],[11.4125,47.15736],[11.41113,47.1594],[11.41028,47.16009],[11.41017,47.1606],[11.40901,47.16187],[11.40904,47.16215],[11.40848,47.16249],[11.40848,47.16287],[11.40808,47.16307],[11.40745,47.16392],[11.40775,47.16511],[11.40726,47.16597],[11.4058,47.16758]],[[11.40416,47.16952],[11.4058,47.16758]],[[11.40416,47.16952],[11.40384,47.17073],[11.4031,47.172],[11.40312,47.17303],[11.40331,47.17339],[11.40358,47.17345]],[[11.4114,47.17831],[11.41251,47.17718],[11.41353,47.17521],[11.41434,47.17431],[11.41472,47.17366],[11.41473,47.17308],[11.41533,47.17276],[11.41619,47.17162],[11.41552,47.17207],[11.41477,47.17223],[11.41109,47.17394],[11.41256,47.17237],[11.40949,47.17349],[11.40662,47.17421],[11.40645,47.17412],[11.40782,47.17302],[11.40539,47.17384],[11.40455,47.17349],[11.40358,47.17345]],[[11.40914,47.18095],[11.40945,47.18078],[11.40994,47.17969],[11.4114,47.17831]],[[11.40914,47.18095],[11.40787,47.18222]],[[11.40787,47.18222],[11.40704,47.18258],[11.40749,47.18332]],[[11.40749,47.18332],[11.40658,47.18352],[11.40449,47.18337]],[[11.40449,47.18337],[11.40325,47.18343]],[[11.4023,47.1833],[11.40325,47.18343]],[[11.40243,47.18378],[11.402,47.1836],[11.4023,47.1833]],[[11.40261,47.18419],[11.40271,47.18391],[11.40243,47.18378]],[[11.40329,47.18561],[11.40316,47.18474],[11.40261,47.18419]],[[11.40323,47.18563],[11.40329,47.18561]],[[11.40304,47.18569],[11.40323,47.18563]],[[11.40304,47.18569],[11.40233,47.18533],[11.40083,47.18401]],[[11.40083,47.18401],[11.39991,47.18333],[11.39858,47.18271]],[[11.39858,47.18271],[11.39813,47.18252]],[[11.39813,47.18252],[11.39769,47.18228]],[[11.39769,47.18228],[11.39721,47.18203]],[[11.39721,47.18203],[11.39685,47.18182]],[[11.39685,47.18182],[11.39631,47.18147]],[[11.39631,47.18147],[11.396,47.18127]],[[11.396,47.18127],[11.39585,47.18116]],[[11.39585,47.18116],[11.3958,47.18114]],[[11.3958,47.18114],[11.39524,47.18076]],[[11.39524,47.18076],[11.39503,47.18062]],[[11.39503,47.18062],[11.39461,47.18031]],[[11.39461,47.18031],[11.39395,47.17963],[11.39296,47.17787]],[[11.39296,47.17787],[11.3928,47.17771]],[[11.3928,47.17771],[11.39164,47.17692]],[[11.39164,47.17692],[11.39169,47.17689]],[[11.3878,47.17359],[11.38962,47.17445],[11.39013,47.1757],[11.39169,47.17689]],[[11.38713,47.17319],[11.3878,47.17359]],[[11.38687,47.17301],[11.38713,47.17319]],[[11.38409,47.17129],[11.38687,47.17301]],[[11.38385,47.17113],[11.38409,47.17129]],[[11.38385,47.17113],[11.38351,47.16994],[11.38247,47.16933]],[[11.3814,47.16961],[11.38247,47.16933]],[[11.38108,47.16964],[11.3814,47.16961]],[[11.38108,47.16964],[11.38043,47.1691]],[[11.38043,47.1691],[11.3795,47.16728]],[[11.3795,47.16728],[11.37935,47.16649]],[[11.37935,47.16649],[11.37972,47.16481]],[[11.37972,47.16481],[11.37972,47.16474]],[[11.37972,47.16474],[11.37971,47.16462]],[[11.37971,47.16462],[11.37921,47.16402]],[[11.37921,47.16402],[11.37897,47.16388]],[[11.37903,47.16378],[11.37897,47.16388]],[[11.37767,47.16],[11.37792,47.16207],[11.37886,47.1625],[11.37937,47.16306],[11.37903,47.16378]],[[11.37726,47.15882],[11.37767,47.16]],[[11.37803,47.15804],[11.37769,47.15808],[11.37666,47.15774],[11.37726,47.15882]],[[11.38052,47.15115],[11.38017,47.15235],[11.38048,47.15298],[11.38051,47.15388],[11.38097,47.15422],[11.3811,47.15464],[11.38204,47.15506],[11.38235,47.15566],[11.38407,47.15667],[11.38377,47.15837],[11.38355,47.15832],[11.3831,47.15721],[11.38222,47.15705],[11.38108,47.15736],[11.38073,47.15706],[11.37977,47.15712],[11.37946,47.1566],[11.37859,47.15671],[11.37767,47.15622],[11.37627,47.15623],[11.3774,47.15709],[11.37803,47.15804]],[[11.38502,47.15296],[11.38464,47.15264],[11.38438,47.15195],[11.38349,47.15171],[11.38279,47.15087],[11.3828,47.15046],[11.38318,47.15009],[11.38292,47.14975],[11.38315,47.14887],[11.38301,47.1482],[11.38246,47.14864],[11.38052,47.15115]],[[11.38889,47.1482],[11.38826,47.14855],[11.38719,47.14867],[11.38565,47.14973],[11.38559,47.15032],[11.38502,47.15087],[11.38477,47.15262],[11.38502,47.15296]],[[11.39017,47.15073],[11.38968,47.15045],[11.38939,47.14943],[11.3884,47.14944],[11.38889,47.1482]],[[11.39123,47.15046],[11.39017,47.15073]]]}},{"type":"Feature","properties":{"name":"Singletrail Alter Möserer Weg","ref":"592","operator":"Land Tirol","route":"mtb","osm":"relation/16245223","length_km_in_region":4.0},"geometry":{"type":"MultiLineString","coordinates":[[[11.135,47.31276],[11.13669,47.31202]],[[11.13669,47.31202],[11.1367,47.31202]],[[11.1367,47.31202],[11.13673,47.31201]],[[11.13673,47.31201],[11.13705,47.31188],[11.13749,47.31115],[11.13743,47.31093],[11.13653,47.31095],[11.13671,47.31035],[11.13725,47.30982],[11.13675,47.30967],[11.13588,47.30971],[11.13393,47.31101],[11.13292,47.31107],[11.131,47.31212],[11.12993,47.3121]],[[11.12993,47.3121],[11.12941,47.31207],[11.1271,47.31255],[11.12618,47.31301],[11.125,47.31412],[11.12433,47.31431],[11.12391,47.31423],[11.12367,47.31395],[11.12401,47.3131],[11.12394,47.31276],[11.12353,47.31272],[11.12131,47.31391],[11.11965,47.31443],[11.11889,47.31438],[11.11291,47.31544],[11.10589,47.31783],[11.10462,47.31809],[11.0999,47.31792]],[[11.0999,47.31792],[11.09814,47.31778]]]}},{"type":"Feature","properties":{"name":"Sistranser Alm - Isshütte","ref":"515","network":"rcn","operator":"Tirol","from":"Aldrans","to":"Isshütte","website":"https://radrouting.tirol/","distance":"7.7","route":"mtb","ascent":"890","descent":"0","roundtrip":"no","osm":"relation/1438042","length_km_in_region":8.3},"geometry":{"type":"MultiLineString","coordinates":[[[11.4831,47.22629],[11.48273,47.22497],[11.48235,47.22494]],[[11.46699,47.22173],[11.46871,47.22256],[11.4692,47.22309],[11.4712,47.22404]],[[11.4712,47.22404],[11.46941,47.22414],[11.46914,47.22435]],[[11.46914,47.22435],[11.46857,47.22472],[11.46776,47.22448],[11.46703,47.22471],[11.46651,47.22441],[11.46605,47.22438],[11.46684,47.22512],[11.46757,47.22516],[11.46812,47.22612],[11.47088,47.2269],[11.47124,47.22803]],[[11.47124,47.22803],[11.47169,47.22854],[11.47281,47.22875],[11.47297,47.22928],[11.47358,47.2297],[11.47489,47.23022],[11.47584,47.23027],[11.47601,47.23086],[11.47659,47.23131],[11.47615,47.23138],[11.47554,47.23115],[11.47518,47.23132],[11.4731,47.23155],[11.47091,47.23149],[11.47038,47.23172],[11.46985,47.23166],[11.46903,47.23115],[11.46704,47.23065],[11.46658,47.23072],[11.46594,47.23116],[11.46546,47.23077],[11.46459,47.23159],[11.46391,47.23143],[11.46341,47.23162],[11.4623,47.23135],[11.46178,47.23211],[11.46041,47.23205],[11.45971,47.23175]],[[11.45971,47.23175],[11.45869,47.23165],[11.45819,47.23234],[11.45819,47.23299],[11.45796,47.23312],[11.45684,47.23256],[11.45385,47.23227],[11.45303,47.23253],[11.45189,47.2326],[11.45173,47.23305]],[[11.45173,47.23305],[11.45092,47.23365]],[[11.4712,47.22404],[11.47328,47.22449],[11.47641,47.22486],[11.47764,47.22534],[11.47839,47.2252],[11.48065,47.22552],[11.48235,47.22494]],[[11.48235,47.22494],[11.48198,47.2249],[11.48074,47.22399],[11.47575,47.22295],[11.47463,47.22304],[11.47236,47.22198]],[[11.47236,47.22198],[11.47126,47.2216],[11.46991,47.22039],[11.46841,47.21955],[11.46771,47.21881],[11.46937,47.21942],[11.47166,47.21939],[11.4731,47.22005],[11.47414,47.21993],[11.47469,47.22012],[11.47598,47.2195],[11.47746,47.21934],[11.47961,47.21878],[11.48058,47.21803]],[[11.48058,47.21803],[11.48184,47.21799],[11.48343,47.2184],[11.48394,47.21826],[11.48484,47.21867]]]}},{"type":"Feature","properties":{"name":"Sonnensteinrunde","ref":"560","network":"rcn","operator":"Tirol","from":"Serlesbahn Mieders","to":"Serlesbahn Mieders","website":"https://radrouting.tirol/","distance":"11.37","route":"mtb","ascent":"470","descent":"470","roundtrip":"yes","osm":"relation/2981119","length_km_in_region":11.1},"geometry":{"type":"MultiLineString","coordinates":[[[11.38052,47.15115],[11.38034,47.15111],[11.38043,47.15067],[11.38121,47.14831],[11.38413,47.14596]],[[11.38052,47.15115],[11.38017,47.15235],[11.38048,47.15298],[11.38051,47.15388],[11.38097,47.15422],[11.3811,47.15464],[11.38204,47.15506],[11.38235,47.15566],[11.38407,47.15667],[11.38377,47.15837],[11.38355,47.15832],[11.3831,47.15721],[11.38222,47.15705],[11.38108,47.15736],[11.38073,47.15706],[11.37977,47.15712],[11.37946,47.1566],[11.37859,47.15671],[11.37767,47.15622],[11.37627,47.15623],[11.3774,47.15709],[11.37803,47.15804]],[[11.37803,47.15804],[11.37769,47.15808],[11.37666,47.15774],[11.37726,47.15882]],[[11.37726,47.15882],[11.37767,47.16]],[[11.37767,47.16],[11.37792,47.16207],[11.37886,47.1625],[11.37937,47.16306],[11.37903,47.16378]],[[11.37924,47.16399],[11.37903,47.16378]],[[11.37924,47.16399],[11.37921,47.16402]],[[11.37921,47.16402],[11.37897,47.16388]],[[11.37897,47.16388],[11.37698,47.16277],[11.37627,47.1617]],[[11.37627,47.1617],[11.37541,47.16118],[11.37531,47.1609]],[[11.37531,47.1609],[11.37549,47.16023],[11.3751,47.15975],[11.37471,47.15964]],[[11.37471,47.15964],[11.37409,47.16031],[11.37141,47.16016],[11.3674,47.15769],[11.36309,47.1568]],[[11.36309,47.1568],[11.36286,47.15674]],[[11.36286,47.15674],[11.36067,47.15604],[11.35827,47.15442]],[[11.35827,47.15442],[11.35858,47.15427],[11.35916,47.15435]],[[11.35916,47.15435],[11.35635,47.1511],[11.35592,47.15096],[11.35454,47.1491],[11.35367,47.14851],[11.35198,47.14664],[11.35106,47.14523],[11.34978,47.1423]],[[11.34956,47.14102],[11.34978,47.1423]],[[11.3785,47.14566],[11.37757,47.1457],[11.37649,47.14657],[11.37542,47.14667],[11.37465,47.14735],[11.3739,47.14745],[11.37321,47.14819],[11.37239,47.14799],[11.37214,47.1494],[11.37126,47.14942],[11.3702,47.14832],[11.36995,47.14829],[11.36961,47.14926],[11.36891,47.14994],[11.36841,47.15008],[11.3677,47.14992],[11.36695,47.15049],[11.36543,47.15014],[11.36332,47.15027],[11.36232,47.14973],[11.361,47.14941],[11.3602,47.14877],[11.35934,47.14838],[11.35827,47.14826],[11.35815,47.14797],[11.35766,47.14776],[11.357,47.14709],[11.35691,47.1466],[11.35573,47.14619],[11.35413,47.14467],[11.3532,47.14406],[11.35283,47.14353],[11.35227,47.14366],[11.35213,47.14335],[11.3516,47.14316],[11.3517,47.14248],[11.35107,47.14206],[11.35059,47.14202],[11.35056,47.14164],[11.34956,47.14102]],[[11.37951,47.1453],[11.37891,47.14536],[11.3785,47.14566]],[[11.38413,47.14596],[11.38338,47.14574],[11.38222,47.14593],[11.38203,47.14576],[11.38168,47.14603],[11.38082,47.14569],[11.38052,47.14529],[11.37992,47.14518],[11.37951,47.1453]]]}},{"type":"Feature","properties":{"name":"Stadtwaldtrail","ref":"5078","network":"lcn","operator":"Stadt Innsbruck","distance":"2.2","route":"mtb","ascent":"15","descent":"148","osm":"relation/14116411","length_km_in_region":1.6},"geometry":{"type":"MultiLineString","coordinates":[[[11.40119,47.28531],[11.40249,47.28623],[11.40334,47.28651],[11.40393,47.28648],[11.40413,47.28671],[11.40417,47.28636],[11.40359,47.28627],[11.40432,47.28622],[11.40483,47.2868]],[[11.40483,47.2868],[11.40492,47.28687]],[[11.40492,47.28687],[11.40633,47.28682]],[[11.40663,47.28672],[11.40525,47.28673],[11.40478,47.28586],[11.40382,47.28576],[11.40328,47.28514],[11.40345,47.28493],[11.40347,47.28527],[11.40358,47.28509],[11.40374,47.2853],[11.40396,47.28484]],[[11.40363,47.28398],[11.40311,47.28326],[11.4027,47.28317],[11.40246,47.28275],[11.40178,47.28229],[11.40274,47.28251],[11.40181,47.28193],[11.40263,47.28214]]]}},{"type":"Feature","properties":{"name":"Starkenburger Hütte","ref":"5006","network":"rcn","operator":"Tirol","from":"Talstation Schlick 2000, Fulpmes","to":"Starkenburger Hütte","website":"https://radrouting.tirol/","distance":"10.96","route":"mtb","ascent":"1230","descent":"0","roundtrip":"no","osm":"relation/2981026","length_km_in_region":18.5},"geometry":{"type":"MultiLineString","coordinates":[[[11.34334,47.15446],[11.34353,47.15483]],[[11.3378,47.15036],[11.33876,47.15096],[11.3398,47.15242],[11.34108,47.15328],[11.34099,47.15365],[11.34207,47.1538],[11.34224,47.15438],[11.34262,47.1538],[11.34277,47.1543],[11.34334,47.15446]],[[11.3396,47.15893],[11.33927,47.15755],[11.33861,47.15699],[11.33908,47.15634],[11.33845,47.15454],[11.33882,47.15351],[11.33847,47.15131],[11.3378,47.15036]],[[11.33918,47.15963],[11.3396,47.15893]],[[11.33911,47.15976],[11.33918,47.15963]],[[11.3392,47.16072],[11.33962,47.16064],[11.33911,47.15976]],[[11.33836,47.16045],[11.3392,47.16072]],[[11.33727,47.15967],[11.33836,47.16045]],[[11.3371,47.15934],[11.33727,47.15967]],[[11.33665,47.1586],[11.3371,47.15934]],[[11.33585,47.15818],[11.33665,47.1586]],[[11.33539,47.15779],[11.33585,47.15818]],[[11.332,47.15756],[11.33295,47.15754],[11.33438,47.15791],[11.33539,47.15779]],[[11.33227,47.15721],[11.332,47.15756]],[[11.32662,47.15157],[11.32755,47.15291],[11.32773,47.15235],[11.32811,47.15211],[11.32795,47.15094],[11.32978,47.1523],[11.33001,47.15284],[11.33071,47.15348],[11.33052,47.15428],[11.33108,47.15488],[11.33114,47.15614],[11.33227,47.15721]],[[11.32205,47.14831],[11.32387,47.1499],[11.32579,47.15077],[11.32662,47.15157]],[[11.32153,47.1479],[11.32205,47.14831]],[[11.32153,47.1479],[11.32086,47.14759],[11.32057,47.14709],[11.31786,47.14526],[11.31682,47.14493],[11.31537,47.14402],[11.31527,47.14319],[11.31483,47.14278],[11.31548,47.14163],[11.31495,47.14071],[11.31277,47.13977],[11.31034,47.13833],[11.30995,47.1383],[11.30855,47.1374],[11.30837,47.13708],[11.30677,47.13614],[11.30619,47.13605]],[[11.30619,47.13605],[11.30573,47.13556],[11.30372,47.13486],[11.30254,47.13409]],[[11.30254,47.13409],[11.30295,47.13289]],[[11.30295,47.13289],[11.30469,47.13245],[11.30563,47.13152]],[[11.30563,47.13152],[11.30598,47.13065],[11.30341,47.12913],[11.30218,47.12815]],[[11.30218,47.12815],[11.29984,47.12721]],[[11.27921,47.12747],[11.2788,47.12684],[11.27914,47.12614],[11.27924,47.1251],[11.28034,47.12443],[11.28117,47.12481],[11.28085,47.12574],[11.28117,47.12729],[11.28154,47.12739],[11.28213,47.1273],[11.28435,47.12772],[11.28491,47.12756],[11.28614,47.12765],[11.28784,47.12728],[11.28854,47.12731],[11.2901,47.12688],[11.29085,47.12713],[11.29215,47.12691],[11.29485,47.12742],[11.29259,47.12617],[11.29433,47.12655],[11.29496,47.12646],[11.29684,47.12701],[11.29815,47.12705],[11.30009,47.1275],[11.29984,47.12721]],[[11.27938,47.12716],[11.27921,47.12747]],[[11.27948,47.12702],[11.27938,47.12716]],[[11.28348,47.09919],[11.28172,47.10016],[11.28084,47.10039],[11.28023,47.10095]],[[11.28023,47.10095],[11.27965,47.10176],[11.27942,47.10259],[11.27886,47.1032],[11.27869,47.10384]],[[11.27869,47.10384],[11.27842,47.10446],[11.27758,47.10515],[11.27729,47.10636],[11.27622,47.10776]],[[11.27622,47.10776],[11.27436,47.10991],[11.27415,47.11045]],[[11.27415,47.11045],[11.27418,47.1105]],[[11.27418,47.1105],[11.27424,47.11057]],[[11.27445,47.11073],[11.27424,47.11057]],[[11.27226,47.11267],[11.27408,47.11143],[11.27444,47.1111],[11.27445,47.11073]],[[11.27226,47.11267],[11.27347,47.11244],[11.27483,47.11191],[11.2765,47.11072]],[[11.2765,47.11072],[11.27687,47.11062],[11.28182,47.10644]],[[11.28182,47.10644],[11.28345,47.10649],[11.28414,47.10677]],[[11.28414,47.10677],[11.28664,47.1078]],[[11.29204,47.12294],[11.29133,47.1226],[11.29001,47.12241],[11.28829,47.12248],[11.28767,47.12267],[11.2872,47.12262],[11.287,47.12241],[11.28735,47.12071],[11.28688,47.12031],[11.28739,47.11956],[11.28796,47.11942],[11.28917,47.11843],[11.28851,47.11687],[11.2888,47.11549],[11.28664,47.11411],[11.2853,47.113],[11.28941,47.11442],[11.29104,47.11473],[11.29122,47.11512],[11.29198,47.11556],[11.29228,47.11625],[11.29216,47.11762],[11.29354,47.11565],[11.29321,47.11538],[11.29308,47.11456],[11.29209,47.1137],[11.29081,47.11295],[11.29077,47.1123],[11.28978,47.11207],[11.28961,47.11106],[11.28873,47.11],[11.28868,47.10961],[11.28664,47.1078]],[[11.29984,47.12721],[11.29818,47.12625],[11.29697,47.12595],[11.29627,47.12507],[11.29543,47.12456],[11.29468,47.1245],[11.29302,47.12355],[11.29245,47.12355],[11.29204,47.12294]]]}},{"type":"Feature","properties":{"name":"Steinkasernalm","ref":"5079","network":"rcn","operator":"Tirol","from":"Karlskirche Volders","to":"Steinkasernalm","website":"https://radrouting.tirol/","distance":"15.76","route":"mtb","ascent":"1470","descent":"30","roundtrip":"no","osm":"relation/16180759","length_km_in_region":21.7},"geometry":{"type":"MultiLineString","coordinates":[[[11.56047,47.25031],[11.56066,47.2507],[11.56037,47.25208],[11.56106,47.25388],[11.56012,47.25439],[11.55996,47.25501]],[[11.55996,47.25501],[11.55981,47.25557]],[[11.55981,47.25557],[11.55967,47.25735],[11.55931,47.25766],[11.55938,47.25822],[11.55887,47.25935]],[[11.56123,47.26644],[11.56124,47.26555],[11.5602,47.26457],[11.55959,47.26216],[11.55878,47.26098],[11.55916,47.25958],[11.55887,47.25935]],[[11.56232,47.26836],[11.56197,47.26794],[11.56164,47.26673],[11.56123,47.26644]],[[11.55777,47.2719],[11.55974,47.27175],[11.56039,47.27122],[11.56177,47.27124],[11.56143,47.27095],[11.55979,47.27093],[11.55805,47.27],[11.55822,47.26992],[11.55885,47.27024],[11.55958,47.27031],[11.56214,47.26966],[11.56251,47.26868],[11.56232,47.26836]],[[11.56117,47.28052],[11.56073,47.27955],[11.5595,47.27849],[11.55709,47.27776],[11.55895,47.27742],[11.55738,47.27706],[11.55665,47.27647],[11.55835,47.27639],[11.55634,47.27501],[11.55724,47.275],[11.55726,47.27487],[11.55498,47.2732],[11.55355,47.27256],[11.55495,47.27249],[11.55715,47.2728],[11.55786,47.27249],[11.55777,47.2719]],[[11.56443,47.28308],[11.56254,47.28301],[11.5619,47.28279],[11.56115,47.28199],[11.56135,47.28123],[11.56117,47.28052]],[[11.5649,47.28306],[11.56443,47.28308]],[[11.5649,47.28306],[11.56443,47.28308]],[[11.56443,47.28308],[11.56254,47.28301],[11.5619,47.28279],[11.56115,47.28199],[11.56135,47.28123],[11.56117,47.28052]],[[11.56117,47.28052],[11.56073,47.27955],[11.5595,47.27849],[11.55709,47.27776],[11.55895,47.27742],[11.55738,47.27706],[11.55665,47.27647],[11.55835,47.27639],[11.55634,47.27501],[11.55724,47.275],[11.55726,47.27487],[11.55498,47.2732],[11.55355,47.27256],[11.55495,47.27249],[11.55715,47.2728],[11.55786,47.27249],[11.55777,47.2719]],[[11.55777,47.2719],[11.55974,47.27175],[11.56039,47.27122],[11.56177,47.27124],[11.56143,47.27095],[11.55979,47.27093],[11.55805,47.27],[11.55822,47.26992],[11.55885,47.27024],[11.55958,47.27031],[11.56214,47.26966],[11.56251,47.26868],[11.56232,47.26836]],[[11.56232,47.26836],[11.56197,47.26794],[11.56164,47.26673],[11.56123,47.26644]],[[11.56123,47.26644],[11.56124,47.26555],[11.5602,47.26457],[11.55959,47.26216],[11.55878,47.26098],[11.55916,47.25958],[11.55887,47.25935]],[[11.55981,47.25557],[11.55967,47.25735],[11.55931,47.25766],[11.55938,47.25822],[11.55887,47.25935]],[[11.55996,47.25501],[11.55981,47.25557]],[[11.56047,47.25031],[11.56066,47.2507],[11.56037,47.25208],[11.56106,47.25388],[11.56012,47.25439],[11.55996,47.25501]],[[11.55752,47.24504],[11.55734,47.24612],[11.55876,47.24893],[11.55924,47.24951],[11.56047,47.25031]],[[11.55461,47.24191],[11.55513,47.2429],[11.55609,47.24334],[11.55648,47.24454],[11.55752,47.24504]],[[11.5531,47.23535],[11.55437,47.23721],[11.5541,47.23958],[11.55461,47.24191]],[[11.5531,47.23535],[11.55288,47.23433],[11.55304,47.23356],[11.55256,47.23222],[11.55257,47.23138]],[[11.5528,47.23007],[11.55286,47.23067],[11.55257,47.23138]],[[11.55287,47.22999],[11.5528,47.23007]],[[11.5529,47.22996],[11.55287,47.22999]],[[11.5529,47.22996],[11.55301,47.22869],[11.55198,47.22619]],[[11.5529,47.22996],[11.55301,47.22869],[11.55198,47.22619]],[[11.56501,47.28306],[11.5649,47.28306]],[[11.56619,47.28346],[11.56576,47.28309],[11.56501,47.28306]],[[11.56619,47.28346],[11.56602,47.28383]],[[11.56526,47.28411],[11.56602,47.28383]],[[11.56092,47.28409],[11.56282,47.28422],[11.56468,47.2839],[11.56526,47.28411]],[[11.56092,47.28409],[11.5606,47.28387]],[[11.5606,47.28387],[11.55989,47.28354],[11.55933,47.28355]],[[11.55933,47.28355],[11.55782,47.28366],[11.55548,47.28339]],[[11.55548,47.28339],[11.55543,47.28345]],[[11.55484,47.28312],[11.55543,47.28345]],[[11.55198,47.22619],[11.55201,47.22421],[11.55291,47.22157],[11.55269,47.22089]],[[11.55269,47.22089],[11.55288,47.22002],[11.55265,47.21814],[11.55208,47.21701],[11.55259,47.21621]],[[11.55259,47.21621],[11.55294,47.21589],[11.55291,47.21541],[11.55321,47.21495],[11.55281,47.2146],[11.55307,47.21423],[11.553,47.21372],[11.55268,47.21324],[11.55217,47.213],[11.55205,47.21213],[11.55228,47.2114],[11.55291,47.21075],[11.55381,47.20875],[11.55379,47.20975],[11.55413,47.21015],[11.55471,47.21037],[11.55475,47.21076],[11.55564,47.21084],[11.55612,47.21053],[11.55578,47.20891],[11.55667,47.20707],[11.55692,47.20556],[11.55807,47.20435],[11.55887,47.20287],[11.55874,47.2019],[11.55901,47.20065],[11.56023,47.19818],[11.55977,47.1969],[11.56103,47.19509],[11.56121,47.1942],[11.56094,47.1933],[11.56131,47.19286],[11.56186,47.19109],[11.5614,47.19039],[11.56157,47.1896],[11.56057,47.18977],[11.55981,47.19076],[11.55963,47.18948],[11.56063,47.18791],[11.56181,47.18732],[11.56195,47.18667],[11.5624,47.18631],[11.56193,47.18571],[11.56162,47.18571]]]}},{"type":"Feature","properties":{"name":"Stockerhof","ref":"5071","network":"rcn","operator":"Tirol","from":"Telfes - Stubay, Parkplatz 4","to":"Telfes - Stubay, Parkplatz 4","website":"https://radrouting.tirol/","distance":"13.18","route":"mtb","ascent":"430","descent":"430","roundtrip":"yes","osm":"relation/16236184","length_km_in_region":10.6},"geometry":{"type":"MultiLineString","coordinates":[[[11.36657,47.17639],[11.36768,47.17653],[11.37019,47.17846],[11.37082,47.17918],[11.37194,47.17979],[11.3733,47.18115],[11.37625,47.18268],[11.37946,47.18388],[11.38236,47.18539],[11.38296,47.18584],[11.38352,47.18672],[11.38543,47.18832]],[[11.38543,47.18832],[11.38583,47.18979],[11.38489,47.19224],[11.38337,47.19432],[11.38251,47.195],[11.38309,47.1961],[11.38258,47.19701],[11.38222,47.1972],[11.38044,47.19702],[11.37965,47.19805],[11.37912,47.19828]],[[11.37912,47.19828],[11.37892,47.19846]],[[11.37892,47.19846],[11.37864,47.19863],[11.37668,47.19875]],[[11.37668,47.19875],[11.37657,47.19883]],[[11.37657,47.19883],[11.37839,47.19967]],[[11.37839,47.19967],[11.37953,47.20021],[11.38008,47.20096]],[[11.38008,47.20096],[11.37941,47.20047],[11.37759,47.19999]],[[11.36556,47.19662],[11.36713,47.19719],[11.36835,47.19723],[11.36958,47.19758],[11.37001,47.19794],[11.37081,47.19812],[11.37113,47.19857],[11.37179,47.19856],[11.37259,47.19926],[11.3736,47.19893],[11.37436,47.19933],[11.37498,47.19934],[11.37595,47.19974],[11.37759,47.19999]],[[11.36432,47.19642],[11.36556,47.19662]],[[11.36426,47.19632],[11.36432,47.19642]],[[11.36757,47.19512],[11.36711,47.19555],[11.36507,47.19584],[11.36426,47.19632]],[[11.36757,47.19512],[11.36751,47.19481]],[[11.36751,47.19481],[11.36841,47.19364],[11.36912,47.19313],[11.36964,47.19312],[11.37053,47.19216],[11.37368,47.19082],[11.37441,47.18933]],[[11.37419,47.18608],[11.37462,47.18755],[11.37441,47.18933]],[[11.37419,47.18608],[11.37241,47.18405],[11.37189,47.18297],[11.37107,47.18226],[11.37098,47.18171],[11.37017,47.18113],[11.369,47.18066],[11.36848,47.17958],[11.36837,47.17829],[11.368,47.17798],[11.36737,47.17664],[11.36657,47.17639]],[[11.36344,47.17284],[11.3656,47.17446],[11.36544,47.17529],[11.36609,47.17557],[11.36657,47.17639]],[[11.36224,47.17203],[11.36344,47.17284]],[[11.36028,47.17047],[11.36138,47.17103],[11.36224,47.17203]],[[11.35889,47.16565],[11.35985,47.17008],[11.36028,47.17047]],[[11.35867,47.16444],[11.35889,47.16565]],[[11.35862,47.1644],[11.35867,47.16444]],[[11.35855,47.16399],[11.35862,47.1644]],[[11.35826,47.16341],[11.35855,47.16399]],[[11.35632,47.16173],[11.35826,47.16341]],[[11.36757,47.19512],[11.3688,47.19426],[11.36947,47.19438],[11.3711,47.19375],[11.37374,47.19476]]]}},{"type":"Feature","properties":{"name":"Telfer Berg","ref":"565","network":"rcn","operator":"Tirol","from":"Telfes - Stubay, Parkplatz 4","to":"Telfes - Stubay, Parkplatz 4","website":"https://radrouting.tirol/","distance":"16.03","route":"mtb","ascent":"710","descent":"710","roundtrip":"yes","osm":"relation/2980841","length_km_in_region":14.7},"geometry":{"type":"MultiLineString","coordinates":[[[11.35632,47.16173],[11.35826,47.16341]],[[11.35826,47.16341],[11.35855,47.16399]],[[11.35855,47.16399],[11.35862,47.1644]],[[11.35862,47.1644],[11.35867,47.16444]],[[11.35867,47.16444],[11.35889,47.16565]],[[11.35889,47.16565],[11.35985,47.17008],[11.36028,47.17047]],[[11.36028,47.17047],[11.36138,47.17103],[11.36224,47.17203]],[[11.36224,47.17203],[11.36344,47.17284]],[[11.36344,47.17284],[11.3656,47.17446],[11.36544,47.17529],[11.36609,47.17557],[11.36657,47.17639]],[[11.37419,47.18608],[11.37241,47.18405],[11.37189,47.18297],[11.37107,47.18226],[11.37098,47.18171],[11.37017,47.18113],[11.369,47.18066],[11.36848,47.17958],[11.36837,47.17829],[11.368,47.17798],[11.36737,47.17664],[11.36657,47.17639]],[[11.37419,47.18608],[11.37462,47.18755],[11.37441,47.18933]],[[11.36751,47.19481],[11.36841,47.19364],[11.36912,47.19313],[11.36964,47.19312],[11.37053,47.19216],[11.37368,47.19082],[11.37441,47.18933]],[[11.36751,47.19481],[11.36661,47.19516],[11.36516,47.19437],[11.36459,47.19456],[11.36453,47.19499],[11.36433,47.19503],[11.36412,47.19429],[11.36447,47.19374],[11.36568,47.19332],[11.36592,47.19287],[11.36671,47.19232],[11.3692,47.19102],[11.36914,47.1909],[11.36543,47.19206],[11.36308,47.19234],[11.36267,47.19254],[11.36168,47.19261],[11.36071,47.19302],[11.3599,47.19307],[11.35922,47.19299],[11.35891,47.19272],[11.35824,47.19274],[11.35868,47.19256],[11.35956,47.19269],[11.36036,47.19236],[11.3596,47.19246],[11.35878,47.19219],[11.3567,47.19203],[11.35574,47.19177],[11.35498,47.19188],[11.35433,47.19224],[11.35345,47.19202],[11.35294,47.19238],[11.35199,47.19184],[11.35044,47.19201]],[[11.35044,47.19201],[11.35,47.19168],[11.34782,47.19167]],[[11.34782,47.19167],[11.34573,47.19139],[11.34748,47.19113],[11.34892,47.19068],[11.35281,47.19012],[11.35413,47.18977],[11.35497,47.18925],[11.35727,47.18955],[11.35804,47.18936],[11.35866,47.18948],[11.36052,47.18891],[11.36116,47.18841]],[[11.36116,47.18841],[11.3616,47.18809]],[[11.3616,47.18809],[11.36192,47.18776],[11.36197,47.1866],[11.36176,47.18599],[11.3611,47.18544],[11.36115,47.18486],[11.36147,47.18546],[11.36232,47.18565],[11.36337,47.18724],[11.36448,47.18816],[11.3653,47.18664],[11.36451,47.18561],[11.36427,47.18487],[11.36343,47.18434],[11.36361,47.18322],[11.36297,47.18264],[11.36229,47.18242],[11.3623,47.18198],[11.36038,47.18093],[11.36003,47.18025],[11.35725,47.17772],[11.35628,47.17753],[11.3563,47.17688],[11.35501,47.17572],[11.35447,47.17539],[11.35366,47.1753]],[[11.35366,47.1753],[11.35195,47.17514],[11.35128,47.17491],[11.35088,47.17502],[11.34881,47.17392],[11.34735,47.17349],[11.34655,47.1738],[11.34627,47.1737]],[[11.34627,47.1737],[11.34595,47.17327],[11.34603,47.17287],[11.34672,47.17239],[11.3469,47.17169],[11.34682,47.17095],[11.34656,47.17065],[11.3466,47.16913],[11.34603,47.16848],[11.34471,47.16598],[11.34403,47.16536],[11.34496,47.16558],[11.34726,47.16667],[11.34804,47.16757],[11.34929,47.16782],[11.35104,47.16848],[11.3525,47.16829],[11.35318,47.1688]],[[11.35318,47.1688],[11.35487,47.16944]],[[11.35487,47.16944],[11.35538,47.16964]],[[11.35538,47.16964],[11.35614,47.16988],[11.35695,47.17042]],[[11.35695,47.17042],[11.35838,47.17059]],[[11.35838,47.17059],[11.35872,47.1706]],[[11.35872,47.1706],[11.35933,47.17059]],[[11.35933,47.17059],[11.36004,47.17054]],[[11.36004,47.17054],[11.36028,47.17047]]]}},{"type":"Feature","properties":{"name":"Telfer Wiesen","ref":"563","network":"rcn","operator":"Tirol","from":"Telfes - Stubay, Parkplatz 4","to":"Telfes - Stubay, Parkplatz 4","website":"https://radrouting.tirol/","distance":"9.56","route":"mtb","ascent":"280","descent":"280","roundtrip":"yes","osm":"relation/2980842","length_km_in_region":9.2},"geometry":{"type":"MultiLineString","coordinates":[[[11.35632,47.16173],[11.35826,47.16341]],[[11.35826,47.16341],[11.35855,47.16399]],[[11.35855,47.16399],[11.35862,47.1644]],[[11.35862,47.1644],[11.35867,47.16444]],[[11.35867,47.16444],[11.35889,47.16565]],[[11.35889,47.16565],[11.35985,47.17008],[11.36028,47.17047]],[[11.36028,47.17047],[11.36138,47.17103],[11.36224,47.17203]],[[11.36224,47.17203],[11.36344,47.17284]],[[11.36344,47.17284],[11.3656,47.17446],[11.36544,47.17529],[11.36609,47.17557],[11.36657,47.17639]],[[11.36657,47.17639],[11.36768,47.17653],[11.37019,47.17846],[11.37082,47.17918],[11.37194,47.17979],[11.3733,47.18115],[11.37625,47.18268],[11.37946,47.18388],[11.38236,47.18539],[11.38296,47.18584],[11.38352,47.18672],[11.38543,47.18832]],[[11.38543,47.18832],[11.38633,47.18874],[11.38673,47.18873],[11.38798,47.18789],[11.38817,47.18739],[11.38911,47.18768],[11.38956,47.18763]],[[11.38956,47.18763],[11.39138,47.18759],[11.39143,47.18716]],[[11.39143,47.18716],[11.39064,47.18635],[11.38905,47.18567],[11.38832,47.18476],[11.38865,47.18439],[11.38876,47.18372],[11.38715,47.18215]],[[11.38666,47.18156],[11.38715,47.18215]],[[11.38356,47.17986],[11.38469,47.18077],[11.38638,47.1815]],[[11.37585,47.17274],[11.37673,47.17407],[11.37736,47.17454],[11.37848,47.17496],[11.37935,47.17624],[11.37985,47.17746],[11.38041,47.17792],[11.38127,47.17818],[11.38141,47.17866],[11.382,47.17918],[11.38322,47.1795],[11.38356,47.17986]],[[11.36603,47.16363],[11.3665,47.16442],[11.36817,47.16521],[11.36827,47.16678],[11.36883,47.16811],[11.37132,47.16965],[11.37198,47.17131],[11.37279,47.17186],[11.37585,47.17274]],[[11.36564,47.16291],[11.36603,47.16363]],[[11.36288,47.16177],[11.36327,47.16104],[11.36362,47.1609],[11.36356,47.16151],[11.36564,47.16291]],[[11.3627,47.1641],[11.36278,47.1633],[11.36252,47.16262],[11.36288,47.16177]],[[11.36193,47.16427],[11.3627,47.1641]],[[11.36193,47.16427],[11.36176,47.16332],[11.35996,47.16211],[11.35798,47.16257],[11.35776,47.16297]]]}},{"type":"Feature","properties":{"name":"Thaurer Almweg","ref":"5063","network":"rcn","operator":"Tirol","from":"Thaur, Dorfbrunnen","to":"Thaurer Alm","website":"https://radrouting.tirol/","distance":"7.3","route":"mtb","ascent":"830","descent":"0","roundtrip":"no","osm":"relation/16236803","length_km_in_region":7.1},"geometry":{"type":"MultiLineString","coordinates":[[[11.45178,47.31388],[11.45252,47.31418],[11.45318,47.31406]],[[11.45318,47.31406],[11.45233,47.31352],[11.45185,47.31258],[11.451,47.31222],[11.45002,47.31214],[11.44975,47.31163],[11.45059,47.3104],[11.45236,47.30992],[11.4537,47.30881]],[[11.4537,47.30881],[11.45337,47.30848],[11.45205,47.30792],[11.45058,47.30757],[11.45295,47.30717],[11.45491,47.30746],[11.45572,47.30731],[11.45551,47.30756],[11.45677,47.30843],[11.45657,47.30944],[11.4571,47.30983],[11.4572,47.31024],[11.45711,47.30893],[11.45778,47.30851],[11.45757,47.30794],[11.45856,47.30675],[11.45842,47.30648],[11.45791,47.30625],[11.45895,47.3063],[11.4595,47.30682],[11.45953,47.30705],[11.459,47.30764],[11.45943,47.30814],[11.45939,47.30866],[11.45964,47.3085],[11.45993,47.30757],[11.46183,47.30632],[11.46144,47.30572],[11.46261,47.30616],[11.46231,47.30675],[11.46316,47.30628],[11.46306,47.30595],[11.46198,47.3052],[11.45953,47.30455],[11.45395,47.30202],[11.45724,47.30119],[11.45755,47.30096],[11.45875,47.30097],[11.45904,47.30078]],[[11.4582,47.29944],[11.45904,47.30078]],[[11.45857,47.29898],[11.4582,47.29944]],[[11.4589,47.29739],[11.46095,47.29855],[11.46087,47.29868],[11.45857,47.29898]],[[11.46234,47.2951],[11.46138,47.29516],[11.4597,47.2949],[11.45868,47.29507],[11.45813,47.29489],[11.45587,47.29475],[11.45649,47.29533],[11.4572,47.29548],[11.45697,47.29577],[11.4571,47.29599],[11.45847,47.29625],[11.45901,47.29691],[11.4589,47.29739]],[[11.47064,47.2939],[11.4668,47.29511],[11.46567,47.29522],[11.46396,47.29488],[11.46234,47.2951]],[[11.4714,47.29364],[11.47064,47.2939]]]}},{"type":"Feature","properties":{"name":"The First One","route":"mtb","osm":"relation/8075212","length_km_in_region":1.8},"geometry":{"type":"MultiLineString","coordinates":[[[11.33424,47.21165],[11.33512,47.21214],[11.336,47.21207],[11.33688,47.21237],[11.33728,47.21277],[11.33805,47.21298],[11.33832,47.21326],[11.3382,47.2128],[11.33888,47.21322],[11.33903,47.21311],[11.33988,47.21393]],[[11.3392,47.21442],[11.33968,47.21413]],[[11.33968,47.21413],[11.33988,47.21393]],[[11.33988,47.21393],[11.34022,47.214],[11.34027,47.21358]],[[11.33988,47.21393],[11.3402,47.21405],[11.34028,47.2138],[11.34058,47.21386],[11.34097,47.21459],[11.34151,47.21418],[11.34184,47.21487],[11.34205,47.2147],[11.34236,47.21495],[11.34279,47.21487],[11.34406,47.21538],[11.34429,47.21569],[11.34488,47.21566],[11.34528,47.21608],[11.34562,47.216],[11.34633,47.21659],[11.34684,47.21633],[11.347,47.21662],[11.34703,47.21644],[11.34734,47.21647],[11.3485,47.21709]],[[11.3485,47.21709],[11.34865,47.21741]]]}},{"type":"Feature","properties":{"name":"Triendlweg-Bauernwald","ref":"535","network":"rcn","operator":"Tirol","from":"Triendlweg","to":"Bauernwald","website":"https://radrouting.tirol/","distance":"8.18","route":"mtb","ascent":"200","descent":"200","roundtrip":"yes","osm":"relation/9893593","length_km_in_region":8.0},"geometry":{"type":"MultiLineString","coordinates":[[[11.18959,47.34383],[11.19042,47.34434]],[[11.19042,47.34434],[11.19088,47.34491]],[[11.20613,47.34893],[11.20494,47.34904],[11.20464,47.34928],[11.20388,47.34945],[11.20159,47.34914],[11.19935,47.34787],[11.19814,47.34768],[11.19775,47.34716],[11.19658,47.34641],[11.19501,47.346],[11.19453,47.34555],[11.19286,47.34509],[11.19136,47.34511],[11.19088,47.34491]],[[11.21301,47.35193],[11.20832,47.34939],[11.20613,47.34893]],[[11.22265,47.35937],[11.2209,47.35756],[11.21937,47.35705],[11.2193,47.35645],[11.21878,47.35601],[11.21655,47.35517],[11.2159,47.35431],[11.21439,47.35331],[11.21301,47.35193]],[[11.22292,47.36018],[11.22265,47.35937]],[[11.22257,47.3601],[11.22101,47.35821],[11.22025,47.35794],[11.21932,47.35779],[11.21906,47.35793],[11.21971,47.35903],[11.21671,47.35744],[11.21357,47.35625],[11.21115,47.35592],[11.21001,47.35605],[11.20931,47.35578],[11.20881,47.35511],[11.20747,47.35464],[11.20601,47.35367],[11.20473,47.35319],[11.2033,47.35309],[11.20129,47.3524],[11.20058,47.35238],[11.19736,47.35109]],[[11.19736,47.35109],[11.1943,47.35007],[11.19286,47.3498],[11.19162,47.3492],[11.19119,47.34938],[11.18978,47.34943],[11.18958,47.3497],[11.18869,47.35003],[11.18769,47.34999]],[[11.18441,47.34863],[11.18608,47.35011],[11.18769,47.34999]],[[11.18432,47.34856],[11.18441,47.34863]],[[11.18214,47.34816],[11.18329,47.34818],[11.18432,47.34856]],[[11.18322,47.34636],[11.18214,47.34816]],[[11.18322,47.34636],[11.18372,47.34584],[11.18631,47.34442],[11.18772,47.34424],[11.18802,47.34402],[11.18871,47.34408],[11.18948,47.34378]],[[11.18948,47.34378],[11.18959,47.34383]]]}},{"type":"Feature","properties":{"name":"Trunahütte","ref":"525","network":"rcn","operator":"Tirol","from":"Bahnhof Steinach a.Br.","to":"Trunahütte","website":"https://radrouting.tirol/","distance":"11.75","route":"mtb","ascent":"690","descent":"20","roundtrip":"no","osm":"relation/2963652","length_km_in_region":5.1},"geometry":{"type":"MultiLineString","coordinates":[[[11.41371,47.08027],[11.414,47.07996]],[[11.41371,47.08031],[11.41371,47.08027]],[[11.41373,47.08037],[11.41482,47.08111]],[[11.42145,47.08182],[11.42041,47.08174],[11.4193,47.08142],[11.41724,47.0815],[11.41482,47.08111]],[[11.42855,47.08267],[11.42711,47.08189],[11.4266,47.08182],[11.42513,47.08114],[11.42413,47.08112],[11.42385,47.08174],[11.42361,47.08182],[11.42145,47.08182]],[[11.42872,47.08269],[11.42855,47.08267]],[[11.45586,47.08697],[11.45486,47.0867],[11.44994,47.08614],[11.44779,47.08627],[11.44505,47.08577],[11.44386,47.0858],[11.44127,47.08512],[11.43836,47.08563],[11.43642,47.08561],[11.43576,47.08505],[11.43425,47.08492],[11.43239,47.08387],[11.42924,47.08358],[11.42872,47.08269]],[[11.45755,47.08702],[11.45586,47.08697]],[[11.45988,47.08756],[11.45755,47.08702]],[[11.46028,47.08752],[11.45988,47.08756]],[[11.46576,47.09046],[11.46439,47.08994],[11.46181,47.088],[11.46028,47.08752]],[[11.46591,47.09034],[11.46576,47.09046]],[[11.46581,47.08899],[11.46605,47.0899],[11.46591,47.09034]],[[11.46581,47.08899],[11.46758,47.08928]],[[11.46758,47.08928],[11.46796,47.08859]],[[11.46838,47.08863],[11.46796,47.08859]],[[11.46863,47.08865],[11.46838,47.08863]],[[11.46946,47.08869],[11.46863,47.08865]],[[11.46948,47.08906],[11.46946,47.08869]],[[11.4693,47.0896],[11.46948,47.08906]]]}},{"type":"Feature","properties":{"name":"Tschirgantrunde","ref":"T3","network":"lcn","website":"https://www.imst.at/tour/tschirgantrunde","distance":"55","route":"bicycle","roundtrip":"yes","osm":"relation/11491179","length_km_in_region":7.1},"geometry":{"type":"MultiLineString","coordinates":[[[10.94984,47.31006],[10.95202,47.31083],[10.9526,47.31149],[10.95326,47.31176]],[[10.95326,47.31176],[10.95331,47.31179]],[[10.95331,47.31179],[10.95502,47.31161],[10.95587,47.31184],[10.95784,47.31192],[10.95904,47.31154],[10.95962,47.31153]],[[10.96123,47.31221],[10.96095,47.3117],[10.95962,47.31153]],[[10.96343,47.31067],[10.96366,47.31135],[10.96341,47.31175],[10.96251,47.31208],[10.96123,47.31221]],[[10.96343,47.31067],[10.96359,47.30952]],[[10.96359,47.30952],[10.96331,47.30704],[10.96376,47.30621],[10.9654,47.30533],[10.9654,47.30507]],[[10.96597,47.30507],[10.9654,47.30507]],[[10.96597,47.30507],[10.96604,47.30468],[10.96681,47.3046],[10.96756,47.30426]],[[10.96756,47.30426],[10.96791,47.3026],[10.96861,47.30204]],[[10.96861,47.30204],[10.96886,47.30108],[10.96827,47.29909],[10.96836,47.29826],[10.96946,47.29732],[10.96996,47.29627]],[[10.96857,47.29726],[10.96996,47.29627]],[[10.96843,47.29732],[10.96857,47.29726]],[[10.96349,47.29736],[10.96402,47.29744],[10.965,47.29807],[10.96581,47.2981],[10.96691,47.29762],[10.96843,47.29732]],[[10.96349,47.29736],[10.96362,47.29633]],[[10.96362,47.29633],[10.96372,47.29543]],[[10.96372,47.29543],[10.96293,47.29491],[10.96237,47.29399],[10.96223,47.29302],[10.96154,47.29273],[10.96092,47.2919],[10.96043,47.2916],[10.95924,47.28982],[10.95768,47.2885]],[[10.95731,47.28867],[10.95768,47.2885]],[[10.95731,47.28867],[10.95634,47.28854]],[[10.95444,47.28784],[10.95634,47.28854]],[[10.95428,47.28776],[10.95444,47.28784]],[[10.95424,47.28774],[10.95428,47.28776]],[[10.95424,47.28774],[10.95471,47.28658],[10.95457,47.28561],[10.95557,47.28146]],[[10.95557,47.28146],[10.95602,47.28076]],[[10.95602,47.28076],[10.95672,47.27934],[10.9565,47.27631]],[[10.95625,47.27558],[10.9565,47.27631]],[[10.95625,47.27558],[10.95597,47.27492],[10.95429,47.27408],[10.95286,47.27364],[10.9511,47.27337]],[[10.9511,47.27337],[10.94962,47.27341]]]}},{"type":"Feature","properties":{"name":"Tulfeinalm - Zirbensee","ref":"517","network":"rcn","from":"Tulfes - Stiegele","to":"Zirbensee","website":"https://radrouting.tirol/","distance":"8.18","route":"mtb","ascent":"1160","descent":"0","osm":"relation/1438061","length_km_in_region":8.9},"geometry":{"type":"MultiLineString","coordinates":[[[11.53056,47.25541],[11.53117,47.25443],[11.53103,47.25387]],[[11.53096,47.2538],[11.53103,47.25387]],[[11.53085,47.25375],[11.53096,47.2538]],[[11.52938,47.25295],[11.53085,47.25375]],[[11.52928,47.25294],[11.52938,47.25295]],[[11.52915,47.25173],[11.52719,47.25147],[11.52808,47.25229],[11.52928,47.25294]],[[11.52925,47.25173],[11.52915,47.25173]],[[11.53005,47.24515],[11.52852,47.24539],[11.5307,47.24685],[11.53153,47.24702],[11.5337,47.24806],[11.53424,47.24844],[11.53438,47.24895],[11.535,47.24924],[11.53442,47.24939],[11.53194,47.24917],[11.53281,47.25046],[11.53469,47.25108],[11.53546,47.25098],[11.53587,47.25117],[11.53481,47.25175],[11.53338,47.25202],[11.53149,47.25209],[11.52925,47.25173]],[[11.53639,47.24396],[11.53652,47.24407],[11.53605,47.24412],[11.53495,47.24386],[11.53409,47.24457],[11.53233,47.24503],[11.53157,47.24489],[11.53005,47.24515]],[[11.53639,47.24396],[11.53607,47.24353],[11.53536,47.24327],[11.53494,47.24276],[11.5345,47.24257],[11.53415,47.24189],[11.53094,47.24092],[11.53028,47.24034],[11.53146,47.24012],[11.53382,47.2401],[11.5352,47.2395],[11.536,47.23959],[11.53687,47.2393],[11.53692,47.23909]],[[11.53557,47.2349],[11.53562,47.23562],[11.53457,47.23642],[11.53323,47.23638],[11.53258,47.23673],[11.53194,47.23673],[11.53692,47.23909]],[[11.53533,47.23343],[11.53451,47.23375],[11.53399,47.23367],[11.53368,47.23398],[11.53281,47.23398],[11.5339,47.23485],[11.53557,47.2349]],[[11.53397,47.2318],[11.53258,47.23186],[11.53533,47.23343]],[[11.52998,47.22747],[11.53129,47.22844],[11.53223,47.22945]],[[11.52765,47.22481],[11.52814,47.22534],[11.5286,47.22645],[11.52998,47.22747]],[[11.52765,47.22481],[11.52741,47.22452],[11.52765,47.22334]],[[11.52765,47.22334],[11.52793,47.2231]],[[11.52793,47.2231],[11.52824,47.22276],[11.52799,47.2221],[11.52751,47.22126],[11.527,47.22089],[11.52886,47.22133]],[[11.54389,47.24182],[11.54371,47.24143]],[[11.54417,47.24246],[11.54389,47.24182]],[[11.54295,47.24257],[11.54417,47.24246]],[[11.5352,47.24316],[11.53679,47.24315],[11.53941,47.24243],[11.54077,47.24269],[11.54158,47.24239],[11.54332,47.24298],[11.54295,47.24257]],[[11.53223,47.22945],[11.53219,47.22956],[11.53103,47.22914],[11.53307,47.23086],[11.5324,47.2308],[11.53397,47.2318]]]}},{"type":"Feature","properties":{"name":"Umbrüggler Alm","ref":"5015","network":"rcn","operator":"Tirol","from":"Hungerburg - öffentlicher Parkplatz Höhenstraße","to":"Umbrüggler Alm","website":"https://radrouting.tirol/","distance":"3.08","route":"mtb","ascent":"280","descent":"0","roundtrip":"no","osm":"relation/13264769","length_km_in_region":6.6},"geometry":{"type":"MultiLineString","coordinates":[[[11.37513,47.27518],[11.37481,47.27675]],[[11.37481,47.27675],[11.37486,47.27714],[11.37317,47.27876],[11.37298,47.27943],[11.37313,47.27995],[11.37177,47.28132],[11.37177,47.28196],[11.37074,47.28204],[11.37101,47.28261],[11.36987,47.28254]],[[11.36987,47.28254],[11.37021,47.28376],[11.3693,47.28347],[11.36922,47.2833],[11.36798,47.28319]],[[11.36798,47.28319],[11.36798,47.28335],[11.36871,47.28361],[11.36875,47.28503],[11.36844,47.28506],[11.36791,47.28451],[11.36791,47.28405],[11.36755,47.2845],[11.36765,47.2851],[11.36741,47.28536],[11.36752,47.28563],[11.36817,47.28587],[11.36804,47.28635]],[[11.36804,47.28635],[11.36844,47.28647],[11.36861,47.28691],[11.36768,47.28775],[11.36762,47.28811],[11.36883,47.28833],[11.3688,47.28942],[11.36816,47.29093],[11.36833,47.29138]],[[11.36833,47.29138],[11.36838,47.29141]],[[11.36838,47.29141],[11.36926,47.29142],[11.37005,47.29073],[11.37149,47.29016],[11.37306,47.28982],[11.37427,47.29003],[11.37515,47.29045],[11.37523,47.29169],[11.37635,47.29158]],[[11.37635,47.29158],[11.3781,47.29177]],[[11.3781,47.29177],[11.37853,47.29201],[11.37888,47.29257]],[[11.3855,47.28901],[11.38653,47.2895],[11.38555,47.29004],[11.38527,47.28994],[11.38479,47.29009],[11.38351,47.28975],[11.38178,47.28957],[11.38126,47.28971],[11.38176,47.29025],[11.38037,47.29031],[11.37994,47.29101],[11.37948,47.29099],[11.37902,47.29047],[11.37848,47.29033],[11.37724,47.29089],[11.37801,47.29097],[11.3784,47.2913],[11.37635,47.29158]],[[11.38674,47.28796],[11.38596,47.28832],[11.38586,47.28877],[11.3855,47.28901]],[[11.38672,47.28789],[11.38674,47.28796]],[[11.38885,47.28604],[11.38807,47.2867],[11.38753,47.28686],[11.38672,47.28789]],[[11.38995,47.28504],[11.38885,47.28604]],[[11.38995,47.28504],[11.39063,47.28484]],[[11.39063,47.28484],[11.39302,47.28524]],[[11.39302,47.28524],[11.39498,47.28602],[11.39653,47.28632]],[[11.39653,47.28632],[11.39712,47.28609]],[[11.39712,47.28609],[11.39814,47.2856]],[[11.3972,47.28503],[11.39814,47.2856]],[[11.3959,47.28458],[11.3972,47.28503]]]}},{"type":"Feature","properties":{"name":"Unterer Hofwald","ref":"5001","network":"rcn","operator":"Tirol","from":"Sadrach","to":"Planötzenhof","website":"https://radrouting.tirol/","distance":"1.05","route":"mtb","ascent":"80","descent":"0","roundtrip":"no","osm":"relation/12669649","length_km_in_region":1.0},"geometry":{"type":"MultiLineString","coordinates":[[[11.37513,47.27518],[11.37486,47.27513]],[[11.3704,47.27412],[11.3708,47.27354],[11.37138,47.2734],[11.37233,47.27384],[11.37271,47.27384],[11.37348,47.27431],[11.37436,47.27447],[11.37486,47.27513]],[[11.3704,47.27412],[11.37018,47.27416],[11.36978,47.27355],[11.36898,47.27345],[11.36841,47.27264],[11.36698,47.27171],[11.36652,47.27113],[11.36581,47.27102]]]}},{"type":"Feature","properties":{"name":"V1 Hall - Thaur","ref":"V1","network":"lcn","osmc:symbol":"black:brown","route":"bicycle","osm":"relation/17717488","length_km_in_region":0.3},"geometry":{"type":"MultiLineString","coordinates":[[[11.47444,47.28],[11.47444,47.2797]],[[11.47444,47.2797],[11.47447,47.27727]]]}},{"type":"Feature","properties":{"name":"V2 Hall - Thaur","ref":"V2","network":"lcn","osmc:symbol":"black:blue","route":"bicycle","osm":"relation/12991413","length_km_in_region":0.6},"geometry":{"type":"MultiLineString","coordinates":[[[11.4838,47.2842],[11.48493,47.28435]],[[11.48493,47.28435],[11.48562,47.28381],[11.4872,47.28316],[11.48972,47.28258],[11.49017,47.28215]]]}},{"type":"Feature","properties":{"name":"V3 Hall - Eichat","ref":"V3","network":"lcn","osmc:symbol":"black:blue","route":"bicycle","osm":"relation/12991415","length_km_in_region":4.9},"geometry":{"type":"MultiLineString","coordinates":[[[11.51388,47.30189],[11.51567,47.30479]],[[11.50682,47.29839],[11.50817,47.29912],[11.51175,47.30027],[11.51297,47.30101],[11.51388,47.30189]],[[11.50653,47.2981],[11.50682,47.29839]],[[11.50653,47.2981],[11.50654,47.2976],[11.50546,47.29606],[11.5054,47.29526]],[[11.50366,47.29545],[11.5054,47.29526]],[[11.50314,47.29557],[11.50366,47.29545]],[[11.50189,47.29581],[11.50314,47.29557]],[[11.50189,47.29581],[11.50171,47.29553],[11.50128,47.29539]],[[11.50128,47.29539],[11.50075,47.2947]],[[11.49886,47.29442],[11.49957,47.29468],[11.50075,47.2947]],[[11.49886,47.29442],[11.49607,47.29358],[11.49651,47.29049]],[[11.49651,47.29049],[11.49634,47.29021]],[[11.49535,47.28854],[11.49634,47.29021]],[[11.4952,47.28857],[11.49414,47.28706]],[[11.49414,47.28706],[11.49416,47.28693]],[[11.49309,47.28659],[11.49372,47.28677],[11.49394,47.28701]],[[11.49094,47.28258],[11.49119,47.28409],[11.49309,47.28659]],[[11.49094,47.28258],[11.49017,47.28215]],[[11.49017,47.28215],[11.48911,47.28151],[11.48941,47.28036]],[[11.48941,47.28036],[11.48965,47.27744]],[[11.48653,47.27726],[11.48963,47.27768]],[[11.48645,47.27719],[11.48653,47.27726]],[[11.48515,47.27716],[11.4863,47.27713]],[[11.48515,47.27706],[11.48515,47.27716]],[[11.48514,47.27689],[11.48515,47.27706]],[[11.48515,47.27677],[11.48514,47.27689]],[[11.48515,47.27677],[11.48484,47.27662]],[[11.48484,47.27662],[11.48483,47.27651]],[[11.48483,47.27651],[11.48483,47.27643]],[[11.48483,47.27643],[11.48484,47.27635]],[[11.48484,47.27635],[11.48526,47.27632]],[[11.48529,47.27494],[11.48526,47.27632]],[[11.48549,47.27385],[11.48529,47.27494]]]}},{"type":"Feature","properties":{"name":"V4 Hall - Eichat","ref":"V4","network":"lcn","osmc:symbol":"black:red","route":"bicycle","osm":"relation/13044502","length_km_in_region":3.0},"geometry":{"type":"MultiLineString","coordinates":[[[11.50973,47.28287],[11.50975,47.28365],[11.51075,47.28481]],[[11.51075,47.28481],[11.51206,47.28638]],[[11.51475,47.28594],[11.51206,47.28638]],[[11.51475,47.28594],[11.51474,47.28759]],[[11.51474,47.28759],[11.51482,47.28869]],[[11.51482,47.28869],[11.51542,47.29129]],[[11.51542,47.29129],[11.51555,47.29221]],[[11.51555,47.29221],[11.51491,47.29241]],[[11.51649,47.29463],[11.51491,47.29241]],[[11.5183,47.29928],[11.51649,47.29463]],[[11.51846,47.29974],[11.5183,47.29928]],[[11.5185,47.29988],[11.51846,47.29974]],[[11.51857,47.3001],[11.5185,47.29988]],[[11.52,47.30607],[11.52038,47.30571],[11.52045,47.30525],[11.51857,47.3001]]]}},{"type":"Feature","properties":{"name":"V5 Mils - Walderkapelle","ref":"V5","network":"lcn","osmc:symbol":"black:green","route":"bicycle","osm":"relation/13044504","length_km_in_region":2.9},"geometry":{"type":"MultiLineString","coordinates":[[[11.52565,47.29406],[11.52638,47.29061],[11.52792,47.28668]],[[11.52787,47.29453],[11.52565,47.29406]],[[11.52774,47.29813],[11.52761,47.29638],[11.52787,47.29453]],[[11.52771,47.30396],[11.52712,47.30244],[11.52788,47.30007],[11.52774,47.29813]],[[11.52788,47.30826],[11.52754,47.3065],[11.52793,47.30483],[11.52771,47.30396]],[[11.52788,47.30839],[11.52788,47.30826]],[[11.52783,47.30873],[11.52788,47.30839]],[[11.52783,47.30873],[11.52789,47.3097],[11.52703,47.31085]],[[11.52703,47.31085],[11.52702,47.31106]],[[11.52702,47.31106],[11.52708,47.31144]]]}},{"type":"Feature","properties":{"name":"Vallmeritzalm","ref":"5091","network":"rcn","operator":"Tirol","from":"Bahnhof Steinach a.Br.","to":"Vallmeritzalm","website":"https://radrouting.tirol/","distance":"10.45","route":"mtb","ascent":"960","descent":"20","roundtrip":"no","osm":"relation/17930152","length_km_in_region":3.4},"geometry":{"type":"MultiLineString","coordinates":[[[11.44346,47.07974],[11.44407,47.08049],[11.44485,47.08095],[11.4467,47.08141],[11.44664,47.08161],[11.4453,47.08146],[11.44475,47.08156],[11.44559,47.08162],[11.44678,47.08214],[11.44675,47.0823],[11.44465,47.08232],[11.44728,47.08317],[11.44912,47.08409],[11.45035,47.08433]],[[11.45189,47.08488],[11.45035,47.08433]],[[11.452,47.08489],[11.45189,47.08488]],[[11.45588,47.08652],[11.4531,47.08548],[11.45242,47.08503]],[[11.45588,47.08652],[11.45588,47.08662]],[[11.45588,47.08662],[11.45586,47.08697]],[[11.45755,47.08702],[11.45586,47.08697]],[[11.45988,47.08756],[11.45755,47.08702]],[[11.46028,47.08752],[11.45988,47.08756]],[[11.46576,47.09046],[11.46439,47.08994],[11.46181,47.088],[11.46028,47.08752]],[[11.46601,47.09061],[11.46576,47.09046]],[[11.46591,47.09034],[11.46601,47.09061]],[[11.46581,47.08899],[11.46605,47.0899],[11.46591,47.09034]],[[11.46581,47.08899],[11.46758,47.08928]],[[11.46758,47.08928],[11.46796,47.08859]],[[11.46838,47.08863],[11.46796,47.08859]],[[11.46863,47.08865],[11.46838,47.08863]],[[11.46946,47.08869],[11.46863,47.08865]],[[11.46948,47.08906],[11.46946,47.08869]],[[11.4693,47.0896],[11.46948,47.08906]]]}},{"type":"Feature","properties":{"name":"Vergör","ref":"514","network":"rcn","operator":"Tirol","from":"Talstation Schlick 2000, Fulpmes","to":"Vergör","website":"https://radrouting.tirol/","distance":"2.39","route":"mtb","ascent":"280","descent":"0","roundtrip":"no","osm":"relation/1436544","length_km_in_region":2.3},"geometry":{"type":"MultiLineString","coordinates":[[[11.34334,47.15446],[11.34353,47.15483]],[[11.3378,47.15036],[11.33876,47.15096],[11.3398,47.15242],[11.34108,47.15328],[11.34099,47.15365],[11.34207,47.1538],[11.34224,47.15438],[11.34262,47.1538],[11.34277,47.1543],[11.34334,47.15446]],[[11.32956,47.14209],[11.33077,47.14338],[11.33006,47.14464],[11.33061,47.14538],[11.33036,47.14579],[11.3314,47.14629],[11.33385,47.14619],[11.33434,47.14676],[11.3342,47.14771],[11.33616,47.14855],[11.33736,47.14954],[11.3374,47.14999],[11.3378,47.15036]],[[11.32821,47.14098],[11.32956,47.14209]]]}},{"type":"Feature","properties":{"name":"Vital Radweg","network":"lcn","distance":"23","route":"bicycle","osm":"relation/10413295","length_km_in_region":23.0},"geometry":{"type":"MultiLineString","coordinates":[[[11.41034,47.23084],[11.41066,47.23082]],[[11.41066,47.23082],[11.41206,47.23043],[11.41319,47.22988]],[[11.41384,47.23001],[11.41319,47.22988]],[[11.41384,47.23001],[11.41643,47.23055],[11.41905,47.22983],[11.41921,47.22957]],[[11.41921,47.22957],[11.4186,47.22904],[11.41868,47.22862],[11.41914,47.22846]],[[11.41914,47.22846],[11.42139,47.22856],[11.42373,47.22754]],[[11.42373,47.22754],[11.42378,47.22748]],[[11.42378,47.22748],[11.42434,47.22688],[11.42682,47.22653],[11.42917,47.22468]],[[11.4294,47.22497],[11.42917,47.22468]],[[11.4294,47.22497],[11.43045,47.22558]],[[11.43045,47.22558],[11.43219,47.22647]],[[11.43418,47.22909],[11.43383,47.2287],[11.43259,47.2281],[11.4321,47.22704],[11.43219,47.22647]],[[11.43532,47.22989],[11.43418,47.22909]],[[11.43523,47.23012],[11.43532,47.22989]],[[11.43523,47.23012],[11.43704,47.23142],[11.44208,47.23332]],[[11.44484,47.23431],[11.44208,47.23332]],[[11.44674,47.23625],[11.44649,47.2358],[11.44529,47.23497],[11.44484,47.23431]],[[11.44674,47.23625],[11.44768,47.23665]],[[11.44768,47.23665],[11.44848,47.23689]],[[11.44848,47.23689],[11.44883,47.2371]],[[11.44874,47.23732],[11.44883,47.2371]],[[11.45584,47.23726],[11.45492,47.23717],[11.4523,47.23757],[11.44874,47.23732]],[[11.45666,47.23745],[11.45584,47.23726]],[[11.46812,47.24193],[11.4642,47.24076],[11.46347,47.24015],[11.45829,47.23836],[11.45666,47.23745]],[[11.4688,47.24215],[11.46812,47.24193]],[[11.4688,47.24215],[11.4672,47.24225]],[[11.4672,47.24225],[11.46564,47.24344]],[[11.46532,47.24387],[11.46564,47.24344]],[[11.46532,47.24387],[11.46602,47.2444],[11.46869,47.24518],[11.46931,47.24521],[11.47021,47.24478],[11.47093,47.24474]],[[11.47093,47.24474],[11.47307,47.24566]],[[11.47324,47.24573],[11.47307,47.24566]],[[11.47593,47.24545],[11.47525,47.24564],[11.47414,47.24557],[11.47324,47.24573]],[[11.48211,47.2471],[11.48003,47.24677],[11.47746,47.24566],[11.47593,47.24545]],[[11.48211,47.2471],[11.48211,47.24712]],[[11.48211,47.24712],[11.48211,47.24717]],[[11.48211,47.24717],[11.48158,47.24811]],[[11.48158,47.24811],[11.48129,47.24869]],[[11.48129,47.24869],[11.48355,47.24898]],[[11.48355,47.24898],[11.48511,47.24886]],[[11.48511,47.24886],[11.48551,47.24886]],[[11.48551,47.24886],[11.48755,47.24864],[11.49027,47.24807],[11.494,47.24843],[11.49459,47.24839],[11.49537,47.24805],[11.49616,47.24806]],[[11.49615,47.24811],[11.49616,47.24806]],[[11.49615,47.24811],[11.49639,47.24818]],[[11.49639,47.24818],[11.49671,47.24832]],[[11.49671,47.24832],[11.49693,47.24842]],[[11.49693,47.24842],[11.49804,47.24875],[11.50071,47.24871],[11.50232,47.24913]],[[11.50232,47.24913],[11.50244,47.24915]],[[11.50244,47.24915],[11.50486,47.24977]],[[11.50456,47.25012],[11.50486,47.24977]],[[11.50465,47.25033],[11.50456,47.25012]],[[11.50465,47.25033],[11.50471,47.25057]],[[11.50471,47.25057],[11.50453,47.25143],[11.50324,47.25239]],[[11.50324,47.25239],[11.50449,47.25313],[11.5052,47.25333]],[[11.5052,47.25333],[11.50559,47.25384]],[[11.50559,47.25384],[11.506,47.2547]],[[11.50704,47.25579],[11.506,47.2547]],[[11.50706,47.25587],[11.50704,47.25579]],[[11.50714,47.25636],[11.50706,47.25587]],[[11.50706,47.25813],[11.50714,47.25636]],[[11.50706,47.25813],[11.50696,47.25825]],[[11.50696,47.25825],[11.50665,47.25906],[11.5068,47.25993]],[[11.5068,47.25993],[11.50658,47.2602]],[[11.50658,47.2602],[11.50618,47.26063]],[[11.50618,47.26063],[11.50557,47.2604]],[[11.50557,47.2604],[11.50417,47.25958]],[[11.50417,47.25958],[11.50252,47.25827]],[[11.50252,47.25827],[11.50068,47.25743]],[[11.49913,47.25724],[11.50068,47.25743]],[[11.48917,47.25268],[11.49169,47.25437],[11.49398,47.25518],[11.4946,47.25586],[11.49913,47.25724]],[[11.48773,47.25156],[11.48877,47.25212],[11.48917,47.25268]],[[11.48511,47.24886],[11.48507,47.24937],[11.48753,47.25063],[11.48773,47.25156]],[[11.48355,47.24898],[11.48511,47.24886]],[[11.48129,47.24869],[11.48355,47.24898]],[[11.48158,47.24811],[11.48129,47.24869]],[[11.48211,47.24717],[11.48158,47.24811]],[[11.48211,47.24712],[11.48211,47.24717]],[[11.48211,47.2471],[11.48211,47.24712]],[[11.48211,47.2471],[11.48003,47.24677],[11.47746,47.24566],[11.47593,47.24545]],[[11.47593,47.24545],[11.47525,47.24564],[11.47414,47.24557],[11.47324,47.24573]],[[11.47324,47.24573],[11.47307,47.24566]],[[11.472,47.24651],[11.47307,47.24566]],[[11.47043,47.24565],[11.47122,47.2459],[11.472,47.24651]],[[11.4702,47.24654],[11.47043,47.24565]],[[11.4702,47.24654],[11.47102,47.2469]],[[11.47191,47.25195],[11.47116,47.2513],[11.47059,47.25041],[11.47066,47.24982],[11.47183,47.24914],[11.47225,47.24861],[11.47209,47.24806],[11.47102,47.2469]],[[11.47198,47.25216],[11.47191,47.25195]],[[11.47196,47.25225],[11.47198,47.25216]],[[11.47046,47.2525],[11.47144,47.25247],[11.47196,47.25225]],[[11.4703,47.25245],[11.47046,47.2525]],[[11.45807,47.24797],[11.45897,47.24797],[11.45963,47.24823],[11.46016,47.24903],[11.46171,47.25004],[11.46597,47.25152],[11.46722,47.25171],[11.4692,47.25238],[11.4703,47.25245]],[[11.45431,47.2488],[11.45704,47.24859],[11.45807,47.24797]],[[11.45197,47.24898],[11.45431,47.2488]],[[11.45139,47.24763],[11.45217,47.24815],[11.45197,47.24898]],[[11.44923,47.24683],[11.45067,47.24764],[11.45139,47.24763]],[[11.44525,47.24601],[11.44754,47.24624],[11.4484,47.24669],[11.44923,47.24683]],[[11.44335,47.24449],[11.44356,47.24535],[11.44525,47.24601]],[[11.44335,47.24449],[11.44334,47.24399],[11.44173,47.24395]],[[11.44194,47.24464],[11.44173,47.24395]],[[11.44293,47.24568],[11.44267,47.24547],[11.44255,47.24465],[11.44194,47.24464]],[[11.4427,47.24673],[11.44301,47.24619],[11.44293,47.24568]],[[11.4427,47.24673],[11.44297,47.24663]],[[11.44297,47.24663],[11.44354,47.24653],[11.44403,47.2475]],[[11.44403,47.2475],[11.44413,47.24812],[11.44392,47.2484]],[[11.44542,47.2499],[11.44516,47.24927],[11.44392,47.2484]],[[11.44411,47.2511],[11.44443,47.2506],[11.44542,47.2499]],[[11.44411,47.2511],[11.443,47.25126],[11.44244,47.2508],[11.44195,47.24968]],[[11.44195,47.24968],[11.43943,47.2488],[11.43865,47.24779],[11.43754,47.2475]],[[11.43754,47.2475],[11.437,47.24769],[11.43647,47.24819],[11.43612,47.24814]],[[11.43612,47.24814],[11.43517,47.24777]],[[11.43517,47.24777],[11.43226,47.24688],[11.43174,47.24631]],[[11.43174,47.24631],[11.43195,47.2458],[11.43162,47.24549],[11.43059,47.24485],[11.42906,47.24448]],[[11.42906,47.24448],[11.42787,47.24434],[11.42677,47.24348]],[[11.42677,47.24348],[11.4261,47.24325]],[[11.4261,47.24325],[11.42517,47.24264],[11.42491,47.2419],[11.42407,47.24126]],[[11.42021,47.23904],[11.42116,47.23944],[11.42338,47.24106],[11.42407,47.24126]],[[11.41899,47.23852],[11.42021,47.23904]],[[11.41697,47.23684],[11.41776,47.23723],[11.41899,47.23852]],[[11.41697,47.23684],[11.4151,47.23619],[11.4142,47.23521]],[[11.41178,47.23328],[11.4142,47.23521]],[[11.41199,47.23315],[11.41178,47.23328]],[[11.41014,47.23186],[11.41059,47.23234],[11.41199,47.23315]],[[11.41008,47.2318],[11.41014,47.23186]],[[11.41005,47.23177],[11.41008,47.2318]],[[11.40985,47.23152],[11.41005,47.23177]],[[11.40985,47.23152],[11.41034,47.23084]]]}},{"type":"Feature","properties":{"name":"Walder Trail","ref":"5101","route":"mtb","osm":"relation/19266916","length_km_in_region":0.2},"geometry":{"type":"MultiLineString","coordinates":[[[11.5386,47.31307],[11.53841,47.3125],[11.53863,47.31161]],[[11.53863,47.31161],[11.53848,47.31124],[11.53802,47.31107]]]}},{"type":"Feature","properties":{"name":"Waldweg Hungerburg","ref":"5005","network":"rcn","operator":"Tirol","from":"Alpenzoo","to":"Hungerburg Siedlung","website":"https://radrouting.tirol/","distance":"2.27","route":"mtb","ascent":"210","descent":"0","roundtrip":"no","osm":"relation/9518196","length_km_in_region":2.9},"geometry":{"type":"MultiLineString","coordinates":[[[11.40583,47.28573],[11.40481,47.28498],[11.40519,47.28425],[11.40405,47.28281],[11.40263,47.2819],[11.40104,47.28164]],[[11.40583,47.28573],[11.40527,47.28543],[11.40403,47.28522],[11.40394,47.28418],[11.40297,47.28356],[11.40208,47.28373],[11.40181,47.28328],[11.40185,47.28464],[11.40245,47.28488],[11.40017,47.2849]],[[11.40017,47.2849],[11.39935,47.28469]],[[11.39671,47.28378],[11.39935,47.28469]],[[11.3955,47.28353],[11.39671,47.28378]],[[11.39589,47.28435],[11.3955,47.28353]],[[11.39589,47.28435],[11.3972,47.28503]],[[11.3959,47.28458],[11.3972,47.28503]],[[11.40948,47.28805],[11.40796,47.2869],[11.40775,47.28608],[11.40583,47.28573]],[[11.40989,47.28796],[11.40948,47.28805]],[[11.4126,47.28866],[11.40989,47.28796]]]}},{"type":"Feature","properties":{"name":"Wattenberg","ref":"519","network":"rcn","operator":"Tirol","from":"Wattenberg - Feuerwehr","to":"Wattenberg - Feuerwehr","website":"https://radrouting.tirol/","distance":"21.53","route":"mtb","ascent":"960","descent":"960","roundtrip":"yes","osm":"relation/2962956","length_km_in_region":7.9},"geometry":{"type":"MultiLineString","coordinates":[[[11.61623,47.22522],[11.61802,47.22362],[11.61829,47.22257],[11.62001,47.22177]],[[11.62016,47.2677],[11.61955,47.26817],[11.61925,47.2688]],[[11.61925,47.2688],[11.61866,47.26942]],[[11.61161,47.26341],[11.61191,47.26442],[11.61116,47.26699],[11.61165,47.26854],[11.61089,47.26946],[11.61175,47.2693],[11.61214,47.26898],[11.6123,47.2691],[11.61124,47.27032],[11.61057,47.27185],[11.61095,47.2748],[11.61188,47.27623],[11.61359,47.2727],[11.61451,47.27198],[11.61646,47.2713],[11.6176,47.27065],[11.61866,47.26942]],[[11.61302,47.2623],[11.61228,47.26258],[11.61161,47.26341]],[[11.61308,47.26226],[11.61302,47.2623]],[[11.61349,47.26173],[11.61308,47.26226]],[[11.61343,47.26163],[11.61349,47.26173]],[[11.61382,47.25889],[11.61334,47.26003],[11.61354,47.26071],[11.61343,47.26163]],[[11.61801,47.24713],[11.61814,47.24821],[11.6175,47.25109],[11.61748,47.25224],[11.61624,47.25386],[11.61624,47.25478],[11.61522,47.25748],[11.61382,47.25889]],[[11.61668,47.23948],[11.6166,47.23997],[11.61716,47.24035],[11.61761,47.24132],[11.61766,47.24254],[11.61825,47.2431],[11.61814,47.24351],[11.61894,47.2443],[11.61897,47.24512],[11.61838,47.24588],[11.61801,47.24713]],[[11.61623,47.22522],[11.61632,47.22609],[11.61561,47.22722],[11.61548,47.2285],[11.61603,47.22902],[11.61611,47.22983],[11.61674,47.23056],[11.61653,47.23146],[11.61698,47.23226],[11.6159,47.23338],[11.61502,47.23371],[11.61513,47.23422],[11.61479,47.23456],[11.61474,47.23504],[11.61508,47.23585],[11.61501,47.23687],[11.61565,47.2375],[11.61581,47.23861],[11.61668,47.23948]]]}},{"type":"Feature","properties":{"name":"Wattenberg GH Säge - Brantach","ref":"589","operator":"Tirol","distance":"4.2","route":"mtb","mtb:type":"crosscountry","ascent":"70","osm":"relation/2962955","length_km_in_region":4.1},"geometry":{"type":"MultiLineString","coordinates":[[[11.61435,47.25568],[11.61481,47.25524]],[[11.60547,47.26454],[11.60609,47.26377],[11.60654,47.26375],[11.60813,47.26302],[11.60916,47.26231],[11.61035,47.26022],[11.61154,47.25896],[11.61274,47.25839],[11.61385,47.25737],[11.61435,47.25568]],[[11.60512,47.26474],[11.60547,47.26454]],[[11.60262,47.26615],[11.60472,47.26512],[11.60512,47.26474]],[[11.60222,47.26683],[11.60262,47.26615]],[[11.60168,47.26709],[11.60222,47.26683]],[[11.60135,47.26703],[11.60148,47.26701]],[[11.60148,47.26701],[11.60168,47.26709]],[[11.5862,47.27555],[11.58651,47.2754],[11.58631,47.27476],[11.58665,47.27424],[11.58831,47.27356],[11.5897,47.27183],[11.59293,47.2704],[11.59396,47.27028],[11.59564,47.26948],[11.59625,47.26942],[11.59743,47.26843],[11.59871,47.26787],[11.59945,47.26707],[11.60031,47.26717],[11.60135,47.26703]],[[11.5781,47.27421],[11.57836,47.27446],[11.57831,47.27507],[11.57926,47.27581],[11.58249,47.27561],[11.58446,47.27579],[11.5862,47.27555]]]}},{"type":"Feature","properties":{"name":"Wattens - Gartlach","ref":"590","network":"rcn","operator":"Tirol","from":"Kolsassberg-Haslacher Hof in Wattens","to":"Jausenstation Gartlach Kolsassberg","website":"https://radrouting.tirol/","distance":"4.05","route":"mtb","ascent":"300","descent":"0","roundtrip":"no","osm":"relation/2962981","length_km_in_region":3.9},"geometry":{"type":"MultiLineString","coordinates":[[[11.60786,47.28829],[11.6084,47.2882],[11.61107,47.28846],[11.61309,47.28813],[11.61688,47.28808],[11.61845,47.28868],[11.62015,47.2889]],[[11.60364,47.28776],[11.60537,47.28807],[11.6055,47.28796],[11.60503,47.28772],[11.60655,47.28772],[11.60691,47.28804],[11.60786,47.28829]],[[11.59966,47.28748],[11.60243,47.28766],[11.6032,47.28786],[11.60364,47.28776]],[[11.59904,47.28747],[11.59966,47.28748]],[[11.59514,47.28722],[11.59602,47.2874],[11.59699,47.28727],[11.59904,47.28747]],[[11.59459,47.28817],[11.59463,47.28771],[11.59514,47.28722]],[[11.59463,47.28853],[11.59459,47.28817]],[[11.59451,47.28925],[11.59463,47.28853]],[[11.59333,47.29132],[11.59451,47.28925]],[[11.59328,47.29142],[11.59333,47.29132]],[[11.59328,47.29142],[11.59314,47.29138]],[[11.59314,47.29138],[11.59294,47.29131]],[[11.59287,47.29149],[11.59294,47.29131]],[[11.59282,47.29169],[11.59287,47.29149]],[[11.59282,47.29169],[11.59256,47.29242]],[[11.59256,47.29242],[11.59252,47.29259]],[[11.59252,47.29259],[11.59259,47.293]],[[11.59259,47.293],[11.59187,47.29303],[11.5909,47.29278]],[[11.5909,47.29278],[11.5908,47.29275]],[[11.5908,47.29275],[11.5905,47.29266]],[[11.5905,47.29266],[11.58712,47.29258],[11.58557,47.29227]],[[11.58557,47.29227],[11.58457,47.29471]],[[11.58351,47.2947],[11.58457,47.29471]],[[11.58351,47.2947],[11.58269,47.2965]]]}},{"type":"Feature","properties":{"name":"Wildmoos-Buchen","ref":"547","network":"rcn","operator":"Tirol","from":"Wildmoosalm","to":"GH Ropferstubn","website":"https://radrouting.tirol/","distance":"4.63","route":"mtb","ascent":"50","descent":"150","roundtrip":"no","osm":"relation/16238599","length_km_in_region":4.5},"geometry":{"type":"MultiLineString","coordinates":[[[11.11007,47.33165],[11.11051,47.33184],[11.11042,47.33149]],[[11.11042,47.33149],[11.11158,47.33222],[11.11347,47.33298],[11.11484,47.33395]],[[11.11484,47.33395],[11.1153,47.3336]],[[11.1153,47.3336],[11.11591,47.33389],[11.11733,47.33411],[11.119,47.33495],[11.12111,47.33475],[11.12278,47.33528],[11.1243,47.33471],[11.12494,47.33428]],[[11.12631,47.33408],[11.12494,47.33428]],[[11.12817,47.33095],[11.12811,47.33171],[11.12595,47.33325],[11.12634,47.33368],[11.12631,47.33408]],[[11.13191,47.33062],[11.12817,47.33095]],[[11.13191,47.33062],[11.13431,47.33181],[11.13675,47.33181],[11.14163,47.33329]],[[11.14163,47.33329],[11.14326,47.33388],[11.14691,47.33409],[11.14843,47.33472],[11.14915,47.33475],[11.14955,47.33449],[11.15009,47.33446]],[[11.15009,47.33446],[11.15329,47.33552],[11.15512,47.33557],[11.1569,47.33639]],[[11.1569,47.33639],[11.15824,47.33566]],[[11.15824,47.33566],[11.15998,47.33548]]]}},{"type":"Feature","properties":{"name":"Wipptalradweg","ref":"R30","network":"rcn","operator":"Land Tirol","route":"bicycle","osm":"relation/15892765","length_km_in_region":16.3},"geometry":{"type":"MultiLineString","coordinates":[[[11.41047,47.17932],[11.41214,47.17863],[11.41455,47.17724],[11.41474,47.17689],[11.41511,47.1768],[11.41559,47.17614],[11.41621,47.17573],[11.41622,47.17538],[11.41698,47.17508],[11.41716,47.1747],[11.41727,47.17523],[11.41674,47.1755],[11.41761,47.17527]],[[11.41761,47.17527],[11.41774,47.17502],[11.41832,47.17503],[11.41886,47.17473],[11.41961,47.17481],[11.42072,47.17448],[11.42093,47.17393],[11.42182,47.174],[11.42283,47.17377],[11.42305,47.1736],[11.42305,47.17297],[11.42369,47.17282],[11.42391,47.17247],[11.42458,47.17226],[11.42658,47.17094],[11.42769,47.16971],[11.42862,47.16774],[11.43066,47.16601],[11.43088,47.16555],[11.43146,47.16532],[11.43191,47.16397]],[[11.43549,47.16025],[11.43519,47.16072],[11.43398,47.16103],[11.4338,47.16173],[11.43422,47.16215],[11.43331,47.16349],[11.43191,47.16397]],[[11.43549,47.16025],[11.43552,47.15994],[11.43518,47.16034],[11.4349,47.15986],[11.43545,47.15966],[11.43556,47.15942],[11.43493,47.15872],[11.43591,47.15857],[11.43579,47.15807],[11.43619,47.15756],[11.43523,47.15784],[11.43488,47.15815],[11.43388,47.158],[11.43314,47.15825],[11.43269,47.15869],[11.43272,47.15806],[11.43419,47.15704],[11.43532,47.15513],[11.43616,47.15424],[11.43823,47.15297],[11.43985,47.15093],[11.44067,47.1489]],[[11.44067,47.1489],[11.44249,47.14406]],[[11.44249,47.14406],[11.44269,47.14285],[11.44192,47.1421],[11.44322,47.14274],[11.44283,47.14175],[11.44363,47.13996]],[[11.44363,47.13996],[11.44593,47.13958],[11.44661,47.13906],[11.44588,47.13858],[11.44363,47.1381]],[[11.44363,47.1381],[11.44333,47.1378],[11.44477,47.13746],[11.44642,47.13652],[11.44958,47.13579]],[[11.44958,47.13579],[11.45,47.13575]],[[11.45,47.13575],[11.4508,47.13547],[11.45192,47.13401]],[[11.45192,47.13401],[11.45231,47.13373]],[[11.45245,47.13394],[11.45231,47.13373]],[[11.45253,47.13612],[11.45303,47.13482],[11.45245,47.13394]],[[11.4526,47.1366],[11.45253,47.13612]],[[11.4526,47.1366],[11.45265,47.13665]],[[11.45265,47.13665],[11.45279,47.13675]],[[11.45279,47.13675],[11.45322,47.13687]],[[11.45322,47.13687],[11.4533,47.13689]],[[11.4533,47.13689],[11.45316,47.13649]],[[11.45321,47.13624],[11.45316,47.13649]],[[11.45321,47.13624],[11.45299,47.13609],[11.45333,47.13532]],[[11.45333,47.13532],[11.45422,47.13421]],[[11.45416,47.13306],[11.45443,47.13323],[11.45422,47.13421]],[[11.45404,47.13283],[11.45416,47.13306]],[[11.45421,47.13219],[11.45404,47.13283]],[[11.45372,47.13192],[11.45421,47.13219]],[[11.45346,47.13181],[11.45372,47.13192]],[[11.45345,47.1318],[11.45346,47.13181]],[[11.45384,47.12949],[11.45433,47.13106],[11.45345,47.1318]],[[11.45384,47.12949],[11.45393,47.12947]],[[11.45393,47.12947],[11.45425,47.12938]],[[11.45425,47.12938],[11.45437,47.12933]],[[11.45437,47.12933],[11.45406,47.12856]],[[11.45406,47.12856],[11.45467,47.12851]],[[11.45467,47.12851],[11.45499,47.1285]],[[11.45499,47.1285],[11.4549,47.12712],[11.45308,47.12601],[11.45271,47.12556]],[[11.45271,47.12556],[11.45211,47.12442],[11.45187,47.12311],[11.45259,47.12258],[11.4541,47.12192],[11.45465,47.12084],[11.45443,47.11985],[11.45363,47.11932]],[[11.45357,47.11935],[11.45363,47.11932]],[[11.45357,47.11935],[11.45328,47.11952]],[[11.45328,47.11952],[11.45176,47.11962]],[[11.45722,47.10828],[11.45478,47.1103],[11.45303,47.1112],[11.45248,47.11205],[11.45229,47.11367],[11.4525,47.1149],[11.45153,47.11822],[11.45176,47.11962]],[[11.45983,47.10541],[11.4588,47.10595],[11.45819,47.10729],[11.45722,47.10828]],[[11.45988,47.10552],[11.45983,47.10541]],[[11.45986,47.10566],[11.45988,47.10552]],[[11.46152,47.10618],[11.46054,47.10603],[11.45986,47.10566]],[[11.46344,47.10499],[11.46242,47.10595],[11.46152,47.10618]],[[11.46719,47.0979],[11.46678,47.09846],[11.46558,47.09932],[11.46519,47.10111],[11.46397,47.10182],[11.46395,47.10323],[11.46344,47.10499]],[[11.46818,47.09381],[11.46848,47.09426],[11.46847,47.09501],[11.46719,47.0979]],[[11.4681,47.09376],[11.46818,47.09381]],[[11.46946,47.09132],[11.46969,47.09138],[11.46963,47.09246],[11.46864,47.09289],[11.4681,47.09376]],[[11.47256,47.08557],[11.47028,47.0883],[11.46946,47.09132]],[[11.47256,47.08557],[11.47325,47.08472],[11.47417,47.08433]],[[11.47631,47.08252],[11.47495,47.08415],[11.47469,47.08434],[11.47417,47.08433]],[[11.4768,47.08103],[11.47654,47.08155],[11.4766,47.08221],[11.47631,47.08252]],[[11.4763,47.08084],[11.4768,47.08103]],[[11.47616,47.08078],[11.4763,47.08084]],[[11.47689,47.08015],[11.47611,47.08045],[11.47597,47.08065],[11.47616,47.08078]],[[11.47695,47.08012],[11.47689,47.08015]],[[11.47725,47.07994],[11.47695,47.08012]]]}},{"type":"Feature","properties":{"name":"Wipptalradweg","ref":"R30a","network":"rcn","operator":"Land Tirol","route":"bicycle","osm":"relation/19608101","length_km_in_region":0.9},"geometry":{"type":"MultiLineString","coordinates":[[[11.4533,47.13689],[11.45359,47.13701]],[[11.45382,47.13721],[11.45359,47.13701]],[[11.45503,47.13779],[11.45382,47.13721]],[[11.45503,47.13779],[11.45685,47.13768],[11.45757,47.13804],[11.4581,47.13864]],[[11.4581,47.13864],[11.45886,47.13874]],[[11.4599,47.13913],[11.45961,47.13883],[11.45886,47.13874]],[[11.46033,47.14108],[11.46048,47.14031],[11.4599,47.13913]],[[11.46029,47.14129],[11.46033,47.14108]],[[11.46028,47.14177],[11.46029,47.14129]]]}},{"type":"Feature","properties":{"name":"Wurzbergrunde","ref":"695","network":"rcn","operator":"Tirol","from":"Umhausen, Parkplatz Mure","to":"Umhausen, Parkplatz Mure","website":"https://radrouting.tirol/","distance":"20.85","route":"mtb","ascent":"680","descent":"680","roundtrip":"yes","osm":"relation/18165156","length_km_in_region":1.3},"geometry":{"type":"MultiLineString","coordinates":[[[10.95023,47.10057],[10.94982,47.10055]],[[10.95087,47.10056],[10.95023,47.10057]],[[10.95117,47.10055],[10.95087,47.10056]],[[10.95279,47.10056],[10.95117,47.10055]],[[10.9531,47.10057],[10.95279,47.10056]],[[10.9531,47.10057],[10.95212,47.1035]],[[10.95212,47.1035],[10.9522,47.10422],[10.95261,47.10483]],[[10.95261,47.10483],[10.95306,47.10526]],[[10.95306,47.10526],[10.95322,47.10532]],[[10.95322,47.10532],[10.95342,47.10533]],[[10.95342,47.10533],[10.95374,47.10577]],[[10.95385,47.10628],[10.95374,47.10577]],[[10.95385,47.10628],[10.95393,47.10643],[10.95348,47.10673]],[[10.95348,47.10673],[10.95242,47.10728],[10.94978,47.1078]]]}},{"type":"Feature","properties":{"name":"Zauberwald Runde","ref":"557","network":"rcn","from":"PP Schönberg","to":"PP Schönberg","website":"https://radrouting.tirol/","distance":"6.7","route":"mtb","ascent":"180","descent":"180","osm":"relation/2981120","length_km_in_region":6.4},"geometry":{"type":"MultiLineString","coordinates":[[[11.40304,47.18569],[11.40323,47.18563]],[[11.40304,47.18569],[11.40233,47.18533],[11.40083,47.18401]],[[11.40083,47.18401],[11.39991,47.18333],[11.39858,47.18271]],[[11.39858,47.18271],[11.39813,47.18252]],[[11.39813,47.18252],[11.39769,47.18228]],[[11.39769,47.18228],[11.39721,47.18203]],[[11.39721,47.18203],[11.39685,47.18182]],[[11.39685,47.18182],[11.39631,47.18147]],[[11.39631,47.18147],[11.396,47.18127]],[[11.396,47.18127],[11.39585,47.18116]],[[11.39585,47.18116],[11.3958,47.18114]],[[11.3958,47.18114],[11.39524,47.18076]],[[11.39524,47.18076],[11.39503,47.18062]],[[11.39503,47.18062],[11.39461,47.18031]],[[11.39461,47.18031],[11.39395,47.17963],[11.39296,47.17787]],[[11.39296,47.17787],[11.3928,47.17771]],[[11.3928,47.17771],[11.39164,47.17692]],[[11.38713,47.17319],[11.3878,47.17359]],[[11.38687,47.17301],[11.38713,47.17319]],[[11.38409,47.17129],[11.38687,47.17301]],[[11.38385,47.17113],[11.38409,47.17129]],[[11.38385,47.17113],[11.38351,47.16994],[11.38247,47.16933]],[[11.38247,47.16933],[11.3827,47.16861]],[[11.38528,47.16799],[11.38428,47.16839],[11.3827,47.16861]],[[11.38528,47.16799],[11.38642,47.16813],[11.38806,47.16789]],[[11.38806,47.16789],[11.38893,47.16789],[11.38962,47.16809]],[[11.38962,47.16809],[11.3909,47.16862],[11.39131,47.16919],[11.39284,47.1684],[11.39359,47.16823],[11.39372,47.16963]],[[11.39372,47.16963],[11.39415,47.17078],[11.39492,47.17122],[11.39563,47.17281],[11.3961,47.17317],[11.39575,47.17451],[11.3959,47.17765],[11.39639,47.17899],[11.39695,47.17935]],[[11.39695,47.17935],[11.3985,47.1798],[11.40025,47.18075],[11.4014,47.18091],[11.40186,47.18072],[11.40209,47.18096],[11.40312,47.18119]],[[11.40449,47.18337],[11.40524,47.18286],[11.40529,47.18244],[11.40312,47.18119]],[[11.40449,47.18337],[11.40325,47.18343]],[[11.4023,47.1833],[11.40325,47.18343]],[[11.40243,47.18378],[11.402,47.1836],[11.4023,47.1833]],[[11.40261,47.18419],[11.40271,47.18391],[11.40243,47.18378]],[[11.40329,47.18561],[11.40316,47.18474],[11.40261,47.18419]],[[11.40749,47.18332],[11.40658,47.18352],[11.40449,47.18337]],[[11.39164,47.17692],[11.39169,47.17689]],[[11.3878,47.17359],[11.38962,47.17445],[11.39013,47.1757],[11.39169,47.17689]]]}},{"type":"Feature","properties":{"name":"Zentrum - Baggersee","network":"lcn","route":"bicycle","osm":"relation/9964522","length_km_in_region":4.0},"geometry":{"type":"MultiLineString","coordinates":[[[11.40552,47.26673],[11.40611,47.26683]],[[11.40611,47.26683],[11.40613,47.26724]],[[11.40699,47.26748],[11.40613,47.26724]],[[11.40807,47.26778],[11.40699,47.26748]],[[11.40804,47.26798],[11.40807,47.26778]],[[11.40804,47.26798],[11.40886,47.26821]],[[11.40886,47.26821],[11.41036,47.26831]],[[11.41036,47.26831],[11.41176,47.26851]],[[11.41176,47.26851],[11.41273,47.26862]],[[11.41273,47.26862],[11.41282,47.26863]],[[11.41282,47.26863],[11.4132,47.26867]],[[11.4132,47.26867],[11.41548,47.26899]],[[11.41548,47.26899],[11.41652,47.26916]],[[11.41652,47.26916],[11.41744,47.26954]],[[11.41744,47.26954],[11.41853,47.2702]],[[11.41853,47.2702],[11.42161,47.27235]],[[11.42219,47.27179],[11.42161,47.27235]],[[11.42219,47.27179],[11.42242,47.27155]],[[11.42249,47.27158],[11.42242,47.27155]],[[11.42249,47.27158],[11.42219,47.27179]],[[11.42297,47.2717],[11.42249,47.27158]],[[11.42777,47.27264],[11.42648,47.27262],[11.42297,47.2717]],[[11.42815,47.27306],[11.42777,47.27264]],[[11.42833,47.27329],[11.42825,47.27328]],[[11.4284,47.2733],[11.42833,47.27329]],[[11.42847,47.27335],[11.4284,47.2733]],[[11.42853,47.27342],[11.42847,47.27335]],[[11.42855,47.27345],[11.42853,47.27342]],[[11.42858,47.27349],[11.42855,47.27345]],[[11.42864,47.27357],[11.42858,47.27349]],[[11.42866,47.27358],[11.42864,47.27357]],[[11.42866,47.27358],[11.4286,47.27358]],[[11.4286,47.27358],[11.42833,47.27363]],[[11.42867,47.27436],[11.42981,47.27396]],[[11.42981,47.27396],[11.43003,47.27385]],[[11.43003,47.27385],[11.43622,47.27125]],[[11.43622,47.27125],[11.43967,47.26979],[11.44567,47.26788]],[[11.44567,47.26788],[11.4469,47.2675]],[[11.45015,47.2667],[11.4469,47.2675]]]}},{"type":"Feature","properties":{"name":"Zimmerberg 2","ref":"5002","network":"rcn","operator":"Tirol","from":"Telfs - Bereich Minzi","to":"Wildermieming","website":"https://radrouting.tirol/","distance":"3.74","route":"mtb","ascent":"80","descent":"0","roundtrip":"no","osm":"relation/16245219","length_km_in_region":3.7},"geometry":{"type":"MultiLineString","coordinates":[[[11.03678,47.31965],[11.04039,47.31801],[11.0416,47.31593],[11.04338,47.31487],[11.04443,47.31384]],[[11.04443,47.31384],[11.04488,47.31329],[11.04455,47.31268]],[[11.01429,47.32061],[11.01515,47.32049],[11.01819,47.32135],[11.01869,47.3217],[11.01922,47.32265],[11.02174,47.32271],[11.02277,47.32227],[11.02368,47.32225],[11.0248,47.32193],[11.02895,47.32132],[11.03034,47.32056],[11.03364,47.3204],[11.03492,47.3198],[11.03587,47.31987],[11.03678,47.31965]],[[11.01429,47.32061],[11.01339,47.32035],[11.01131,47.31927],[11.00918,47.31895]],[[11.00918,47.31895],[11.00816,47.31847]],[[11.00816,47.31847],[11.01006,47.31756],[11.01025,47.31697]]]}},{"type":"Feature","properties":{"name":"Zimmerbergweg","ref":"580","network":"rcn","operator":"Tirol","from":"Telfs-Südtiroler Sdlg.","to":"Wildermieming, Einmündung in Route 5003 \"\"Alplhaus\"\"","website":"https://radrouting.tirol/","distance":"5.19","route":"mtb","ascent":"260","descent":"0","roundtrip":"no","osm":"relation/16245220","length_km_in_region":5.1},"geometry":{"type":"MultiLineString","coordinates":[[[11.04455,47.31268],[11.04591,47.31245],[11.04613,47.31273],[11.04593,47.31318],[11.04648,47.31325],[11.04669,47.3136],[11.04808,47.31419],[11.05087,47.31461],[11.05448,47.31452],[11.05701,47.31483]],[[11.04443,47.31384],[11.04488,47.31329],[11.04455,47.31268]],[[11.01588,47.32438],[11.02271,47.32495],[11.02539,47.32483],[11.02666,47.32495],[11.02775,47.32471],[11.02855,47.32482],[11.03156,47.32432],[11.03441,47.32455],[11.03582,47.32406],[11.03789,47.32394],[11.03986,47.32337],[11.04073,47.32293],[11.04356,47.32256],[11.04549,47.32166],[11.04693,47.32163],[11.04785,47.32097],[11.0483,47.31976],[11.04824,47.31837],[11.04746,47.3171],[11.04601,47.31634],[11.04509,47.31445],[11.04443,47.31384]],[[11.01588,47.32438],[11.01665,47.32471],[11.01992,47.32542],[11.0215,47.32626]]]}},{"type":"Feature","properties":{"name":"Zunter Line","ref":"5097","route":"mtb","osm":"relation/19244410","length_km_in_region":0.1},"geometry":{"type":"MultiLineString","coordinates":[[[11.53823,47.31313],[11.53769,47.31312],[11.53774,47.31294]]]}},{"type":"Feature","properties":{"name":"Zwei Zweier Trail","ref":"5026","network":"lcn","route":"mtb","osm":"relation/10909843","length_km_in_region":2.7},"geometry":{"type":"MultiLineString","coordinates":[[[11.31893,47.10268],[11.31896,47.10289],[11.3186,47.10283],[11.31869,47.10301],[11.31791,47.10274],[11.31774,47.10285],[11.31868,47.10349],[11.31909,47.10407],[11.3188,47.10405],[11.31902,47.10431],[11.31743,47.10386],[11.31776,47.10424],[11.31716,47.10409],[11.31696,47.10433],[11.31728,47.10456],[11.31687,47.10464],[11.31734,47.10488],[11.31716,47.10495],[11.3173,47.10533],[11.31685,47.10529],[11.31828,47.10633],[11.31732,47.10608],[11.31573,47.10612],[11.31473,47.10558]],[[11.3204,47.10269],[11.32001,47.10287],[11.31893,47.10268]],[[11.32345,47.09896],[11.32311,47.09907],[11.32245,47.09894],[11.32304,47.09928],[11.32237,47.09919],[11.32284,47.09952],[11.32241,47.09949],[11.32257,47.09963],[11.32225,47.09959],[11.32232,47.09977],[11.32188,47.09969],[11.32273,47.10036],[11.32031,47.09966],[11.32157,47.10063],[11.32104,47.10109],[11.32183,47.10154],[11.32121,47.10161],[11.32161,47.10183],[11.321,47.1019],[11.32112,47.10205],[11.32047,47.10226],[11.32065,47.10252],[11.32028,47.10248],[11.3204,47.10269]]]}},{"type":"Feature","properties":{"name":"Zwieselmähder - Loosjoch","ref":"524","operator":"Tirol","distance":"7.2","route":"mtb","mtb:type":"crosscountry","ascent":"872","osm":"relation/2963657","length_km_in_region":7.1},"geometry":{"type":"MultiLineString","coordinates":[[[11.40754,47.10367],[11.4073,47.10352]],[[11.4025,47.10097],[11.40263,47.10069],[11.40318,47.10189],[11.404,47.10168],[11.40441,47.10238],[11.40509,47.10169],[11.4054,47.1025],[11.40586,47.10202],[11.40642,47.10324],[11.4073,47.10352]],[[11.39256,47.09255],[11.39324,47.09268],[11.39418,47.09258],[11.39497,47.09206],[11.3961,47.09178],[11.39679,47.09122],[11.39812,47.09076],[11.39909,47.0899],[11.3999,47.08864],[11.40119,47.08891],[11.4014,47.08923],[11.40065,47.08906],[11.40041,47.08917],[11.39994,47.09144],[11.3996,47.09168],[11.40045,47.09133],[11.40071,47.09139],[11.40066,47.09241],[11.40002,47.09282],[11.39927,47.09371],[11.39907,47.09481],[11.39814,47.09534],[11.39704,47.09721],[11.39726,47.09847],[11.39818,47.09832],[11.39958,47.09845],[11.40093,47.09945],[11.40173,47.10057],[11.4025,47.10097]],[[11.39064,47.08612],[11.3921,47.08646],[11.39215,47.08673],[11.39149,47.08756],[11.39191,47.08886],[11.39254,47.08929],[11.39122,47.08903],[11.39178,47.09003],[11.39229,47.09016],[11.39249,47.09084],[11.39294,47.09119],[11.39036,47.09156],[11.391,47.09203],[11.39256,47.09255]],[[11.39389,47.08709],[11.39258,47.08619],[11.39179,47.08604],[11.39064,47.08612]],[[11.39396,47.08716],[11.39389,47.08709]],[[11.39843,47.0833],[11.39745,47.08368],[11.39726,47.08404],[11.39565,47.08491],[11.39517,47.08502],[11.39467,47.08491],[11.3941,47.08539],[11.39478,47.08528],[11.3954,47.08551],[11.39445,47.08583],[11.39448,47.08687],[11.39396,47.08716]],[[11.39801,47.08307],[11.39843,47.0833]],[[11.4116,47.08372],[11.40347,47.0819],[11.40144,47.08203],[11.39801,47.08307]]]}},{"type":"Feature","properties":{"name":"Ötztal Mountainbike Trail","network":"lcn","from":"Haiming","to":"Langtalereckhütte","website":"https://www.tirol.at/reisefuehrer/sport/radfahren/biketouren/a-oetztal-mountainbike-trail","distance":"81","route":"mtb","osm":"relation/957559","length_km_in_region":2.4},"geometry":{"type":"MultiLineString","coordinates":[[[10.95348,47.10673],[10.95242,47.10728],[10.94978,47.1078]],[[10.95385,47.10628],[10.95393,47.10643],[10.95348,47.10673]],[[10.95385,47.10628],[10.95374,47.10577]],[[10.95342,47.10533],[10.95374,47.10577]],[[10.95322,47.10532],[10.95342,47.10533]],[[10.95306,47.10526],[10.95322,47.10532]],[[10.95261,47.10483],[10.95306,47.10526]],[[10.95212,47.1035],[10.9522,47.10422],[10.95261,47.10483]],[[10.9531,47.10057],[10.95212,47.1035]],[[10.9531,47.10057],[10.95279,47.10056]],[[10.95279,47.10056],[10.95117,47.10055]],[[10.95117,47.10055],[10.95087,47.10056]],[[10.95087,47.10056],[10.95023,47.10057]],[[10.95023,47.10057],[10.94982,47.10055]],[[10.95183,47.08659],[10.94997,47.08839]],[[10.95361,47.08486],[10.95183,47.08659]],[[10.95386,47.08444],[10.95361,47.08486]],[[10.95385,47.08436],[10.95386,47.08444]],[[10.95385,47.08436],[10.95396,47.0841]],[[10.95396,47.0841],[10.95397,47.08409]],[[10.95397,47.08409],[10.95402,47.08401]],[[10.95402,47.08401],[10.95487,47.08243],[10.95562,47.07983]]]}},{"type":"Feature","properties":{"name":"Ötztalradweg","ref":"11","network":"rcn","from":"Haiming","to":"Sölden","website":"https://www.oetztal.com/de/sommer/biken-radfahren/radtouren/radweg.html","distance":"57","route":"bicycle","osm":"relation/11493554","length_km_in_region":1.4},"geometry":{"type":"MultiLineString","coordinates":[[[10.95348,47.10673],[10.95242,47.10728],[10.94978,47.1078]],[[10.95385,47.10628],[10.95393,47.10643],[10.95348,47.10673]],[[10.95385,47.10628],[10.95374,47.10577]],[[10.95342,47.10533],[10.95374,47.10577]],[[10.95322,47.10532],[10.95342,47.10533]],[[10.95306,47.10526],[10.95322,47.10532]],[[10.95261,47.10483],[10.95306,47.10526]],[[10.95212,47.1035],[10.9522,47.10422],[10.95261,47.10483]],[[10.9531,47.10057],[10.95212,47.1035]],[[10.9531,47.10057],[10.95279,47.10056]],[[10.95279,47.10056],[10.95117,47.10055]],[[10.95117,47.10055],[10.95087,47.10056]],[[10.95087,47.10056],[10.95023,47.10057]],[[10.95018,47.10034],[10.95023,47.10057]],[[10.94998,47.09973],[10.95018,47.10034]]]}}]}